[{"path":"README.md","fileType":"md","lines":[{"lineNumber":1,"author":{"gitId":"Michael-Low"},"content":"# AsciiAnything project template","lastModifiedDate":"2025-08-18T13:48:47","isFullCredit":false},{"lineNumber":2,"author":{"gitId":"-"},"content":"","lastModifiedDate":"2020-05-25T00:03:55","isFullCredit":false},{"lineNumber":3,"author":{"gitId":"-"},"content":"This is a project template for a greenfield Java project. It\u0027s named after the Java mascot _Duke_. Given below are instructions on how to use it.","lastModifiedDate":"2020-05-25T00:03:55","isFullCredit":false},{"lineNumber":4,"author":{"gitId":"-"},"content":"","lastModifiedDate":"2020-05-25T00:03:55","isFullCredit":false},{"lineNumber":5,"author":{"gitId":"-"},"content":"## Setting up in Intellij","lastModifiedDate":"2020-05-25T00:03:55","isFullCredit":false},{"lineNumber":6,"author":{"gitId":"-"},"content":"","lastModifiedDate":"2020-05-25T00:03:55","isFullCredit":false},{"lineNumber":7,"author":{"gitId":"-"},"content":"Prerequisites: JDK 17, update Intellij to the most recent version.","lastModifiedDate":"2024-07-11T16:50:14","isFullCredit":false},{"lineNumber":8,"author":{"gitId":"-"},"content":"","lastModifiedDate":"2020-05-25T00:03:55","isFullCredit":false},{"lineNumber":9,"author":{"gitId":"-"},"content":"1. Open Intellij (if you are not in the welcome screen, click `File` \u003e `Close Project` to close the existing project first)","lastModifiedDate":"2021-01-17T12:25:53","isFullCredit":false},{"lineNumber":10,"author":{"gitId":"-"},"content":"1. Open the project into Intellij as follows:","lastModifiedDate":"2021-01-17T12:25:53","isFullCredit":false},{"lineNumber":11,"author":{"gitId":"-"},"content":"   1. Click `Open`.","lastModifiedDate":"2021-01-17T12:25:53","isFullCredit":false},{"lineNumber":12,"author":{"gitId":"-"},"content":"   1. Select the project directory, and click `OK`.","lastModifiedDate":"2021-01-17T12:25:53","isFullCredit":false},{"lineNumber":13,"author":{"gitId":"-"},"content":"   1. If there are any further prompts, accept the defaults.","lastModifiedDate":"2020-05-25T00:03:55","isFullCredit":false},{"lineNumber":14,"author":{"gitId":"-"},"content":"1. Configure the project to use **JDK 17** (not other versions) as explained in [here](https://www.jetbrains.com/help/idea/sdk.html#set-up-jdk).\u003cbr\u003e","lastModifiedDate":"2024-07-11T16:50:14","isFullCredit":false},{"lineNumber":15,"author":{"gitId":"-"},"content":"   In the same dialog, set the **Project language level** field to the `SDK default` option.","lastModifiedDate":"2021-07-29T20:29:39","isFullCredit":false},{"lineNumber":16,"author":{"gitId":"Michael-Low"},"content":"1. After that, locate the `src/main/java/AsciiAnything.java` file, right-click it, and choose `Run AsciiAnything.main()` (if the code editor is showing compile errors, try restarting the IDE). If the setup is correct, you should see something like the below as the output:","lastModifiedDate":"2025-08-18T13:48:47","isFullCredit":false},{"lineNumber":17,"author":{"gitId":"-"},"content":"   ```","lastModifiedDate":"2020-05-25T00:03:55","isFullCredit":false},{"lineNumber":18,"author":{"gitId":"-"},"content":"   Hello from","lastModifiedDate":"2020-05-25T00:03:55","isFullCredit":false},{"lineNumber":19,"author":{"gitId":"-"},"content":"    ____        _        ","lastModifiedDate":"2020-05-25T00:03:55","isFullCredit":false},{"lineNumber":20,"author":{"gitId":"-"},"content":"   |  _ \\ _   _| | _____ ","lastModifiedDate":"2020-05-25T00:03:55","isFullCredit":false},{"lineNumber":21,"author":{"gitId":"-"},"content":"   | | | | | | | |/ / _ \\","lastModifiedDate":"2020-05-25T00:03:55","isFullCredit":false},{"lineNumber":22,"author":{"gitId":"-"},"content":"   | |_| | |_| |   \u003c  __/","lastModifiedDate":"2020-05-25T00:03:55","isFullCredit":false},{"lineNumber":23,"author":{"gitId":"-"},"content":"   |____/ \\__,_|_|\\_\\___|","lastModifiedDate":"2020-05-25T00:03:55","isFullCredit":false},{"lineNumber":24,"author":{"gitId":"-"},"content":"   ```","lastModifiedDate":"2020-05-25T00:03:55","isFullCredit":false},{"lineNumber":25,"author":{"gitId":"-"},"content":"","lastModifiedDate":"2025-01-04T21:44:28","isFullCredit":false},{"lineNumber":26,"author":{"gitId":"-"},"content":"**Warning:** Keep the `src\\main\\java` folder as the root folder for Java files (i.e., don\u0027t rename those folders or move Java files to another folder outside of this folder path), as this is the default location some tools (e.g., Gradle) expect to find Java files.","lastModifiedDate":"2025-01-04T21:44:28","isFullCredit":false}],"authorContributionMap":{"Michael-Low":2,"-":24}},{"path":"docs/README.md","fileType":"md","lines":[{"lineNumber":1,"author":{"gitId":"Michael-Low"},"content":"# AsciiAnything User Guide","lastModifiedDate":"2025-08-18T13:48:47","isFullCredit":false},{"lineNumber":2,"author":{"gitId":"-"},"content":"","lastModifiedDate":"2019-07-29T17:14:46","isFullCredit":false},{"lineNumber":3,"author":{"gitId":"-"},"content":"// Update the title above to match the actual product name","lastModifiedDate":"2024-01-07T18:33:52","isFullCredit":false},{"lineNumber":4,"author":{"gitId":"-"},"content":"","lastModifiedDate":"2019-07-29T17:14:46","isFullCredit":false},{"lineNumber":5,"author":{"gitId":"-"},"content":"// Product screenshot goes here","lastModifiedDate":"2024-01-07T18:33:52","isFullCredit":false},{"lineNumber":6,"author":{"gitId":"-"},"content":"","lastModifiedDate":"2021-07-17T16:49:07","isFullCredit":false},{"lineNumber":7,"author":{"gitId":"-"},"content":"// Product intro goes here","lastModifiedDate":"2024-01-07T18:33:52","isFullCredit":false},{"lineNumber":8,"author":{"gitId":"-"},"content":"","lastModifiedDate":"2021-07-17T16:49:07","isFullCredit":false},{"lineNumber":9,"author":{"gitId":"-"},"content":"## Adding deadlines","lastModifiedDate":"2024-01-07T18:33:52","isFullCredit":false},{"lineNumber":10,"author":{"gitId":"-"},"content":"","lastModifiedDate":"2021-07-17T16:49:07","isFullCredit":false},{"lineNumber":11,"author":{"gitId":"-"},"content":"// Describe the action and its outcome.","lastModifiedDate":"2024-01-07T18:33:52","isFullCredit":false},{"lineNumber":12,"author":{"gitId":"-"},"content":"","lastModifiedDate":"2019-07-29T17:14:46","isFullCredit":false},{"lineNumber":13,"author":{"gitId":"-"},"content":"// Give examples of usage","lastModifiedDate":"2024-01-07T18:33:52","isFullCredit":false},{"lineNumber":14,"author":{"gitId":"-"},"content":"","lastModifiedDate":"2019-07-29T17:14:46","isFullCredit":false},{"lineNumber":15,"author":{"gitId":"-"},"content":"Example: `keyword (optional arguments)`","lastModifiedDate":"2024-01-07T18:33:52","isFullCredit":false},{"lineNumber":16,"author":{"gitId":"-"},"content":"","lastModifiedDate":"2019-07-29T17:14:46","isFullCredit":false},{"lineNumber":17,"author":{"gitId":"-"},"content":"// A description of the expected outcome goes here","lastModifiedDate":"2024-01-07T18:33:52","isFullCredit":false},{"lineNumber":18,"author":{"gitId":"-"},"content":"","lastModifiedDate":"2019-07-29T17:14:46","isFullCredit":false},{"lineNumber":19,"author":{"gitId":"-"},"content":"```","lastModifiedDate":"2024-01-07T18:33:52","isFullCredit":false},{"lineNumber":20,"author":{"gitId":"-"},"content":"expected output","lastModifiedDate":"2024-01-07T18:33:52","isFullCredit":false},{"lineNumber":21,"author":{"gitId":"-"},"content":"```","lastModifiedDate":"2024-01-07T18:33:52","isFullCredit":false},{"lineNumber":22,"author":{"gitId":"-"},"content":"","lastModifiedDate":"2019-07-29T17:14:46","isFullCredit":false},{"lineNumber":23,"author":{"gitId":"-"},"content":"## Feature ABC","lastModifiedDate":"2024-01-07T18:33:52","isFullCredit":false},{"lineNumber":24,"author":{"gitId":"-"},"content":"","lastModifiedDate":"2019-07-29T17:14:46","isFullCredit":false},{"lineNumber":25,"author":{"gitId":"-"},"content":"// Feature details","lastModifiedDate":"2024-01-07T18:33:52","isFullCredit":false},{"lineNumber":26,"author":{"gitId":"-"},"content":"","lastModifiedDate":"2019-07-29T17:14:46","isFullCredit":false},{"lineNumber":27,"author":{"gitId":"-"},"content":"","lastModifiedDate":"2021-07-17T16:49:07","isFullCredit":false},{"lineNumber":28,"author":{"gitId":"-"},"content":"## Feature XYZ","lastModifiedDate":"2024-01-07T18:33:52","isFullCredit":false},{"lineNumber":29,"author":{"gitId":"-"},"content":"","lastModifiedDate":"2024-01-07T18:33:52","isFullCredit":false},{"lineNumber":30,"author":{"gitId":"-"},"content":"// Feature details","lastModifiedDate":"2024-01-07T18:33:52","isFullCredit":false}],"authorContributionMap":{"Michael-Low":1,"-":29}},{"path":"src/main/java/AsciiAnything.java","fileType":"java","lines":[{"lineNumber":1,"author":{"gitId":"Michael-Low"},"content":"import java.util.Scanner;","lastModifiedDate":"2025-09-03T13:27:56","isFullCredit":false},{"lineNumber":2,"author":{"gitId":"Michael-Low"},"content":"","lastModifiedDate":"2025-09-03T13:27:56","isFullCredit":false},{"lineNumber":3,"author":{"gitId":"Michael-Low"},"content":"public class AsciiAnything {","lastModifiedDate":"2025-08-18T13:48:47","isFullCredit":false},{"lineNumber":4,"author":{"gitId":"Michael-Low"},"content":"    public static void main(String[] args) {","lastModifiedDate":"2025-08-18T13:48:47","isFullCredit":false},{"lineNumber":5,"author":{"gitId":"Michael-Low"},"content":"        String welcomeText \u003d \"Hello! I\u0027m AsciiAnything\\n\" +","lastModifiedDate":"2025-08-18T13:48:47","isFullCredit":false},{"lineNumber":6,"author":{"gitId":"Michael-Low"},"content":"                \"What can I do for you?\\n\";","lastModifiedDate":"2025-09-03T13:27:56","isFullCredit":false},{"lineNumber":7,"author":{"gitId":"Michael-Low"},"content":"        System.out.println(welcomeText);","lastModifiedDate":"2025-08-18T13:48:47","isFullCredit":false},{"lineNumber":8,"author":{"gitId":"Michael-Low"},"content":"        TaskList taskList \u003d new TaskList();","lastModifiedDate":"2025-09-03T13:27:56","isFullCredit":false},{"lineNumber":9,"author":{"gitId":"Michael-Low"},"content":"        boolean exit \u003d false;","lastModifiedDate":"2025-09-03T13:27:56","isFullCredit":false},{"lineNumber":10,"author":{"gitId":"Michael-Low"},"content":"        Scanner inputScanner \u003d new Scanner(System.in);","lastModifiedDate":"2025-09-03T13:27:56","isFullCredit":false},{"lineNumber":11,"author":{"gitId":"Michael-Low"},"content":"        while(!exit) {","lastModifiedDate":"2025-09-03T13:27:56","isFullCredit":false},{"lineNumber":12,"author":{"gitId":"Michael-Low"},"content":"            System.out.println(\"---------------------------------------------\");","lastModifiedDate":"2025-09-05T13:22:48","isFullCredit":false},{"lineNumber":13,"author":{"gitId":"Michael-Low"},"content":"            String input \u003d inputScanner.nextLine();","lastModifiedDate":"2025-09-03T13:27:56","isFullCredit":false},{"lineNumber":14,"author":{"gitId":"Michael-Low"},"content":"            if(input.startsWith(\"mark\")) {","lastModifiedDate":"2025-09-03T13:27:56","isFullCredit":false},{"lineNumber":15,"author":{"gitId":"Michael-Low"},"content":"                String taskToMark \u003d input.split(\" \")[1];","lastModifiedDate":"2025-09-03T13:27:56","isFullCredit":false},{"lineNumber":16,"author":{"gitId":"Michael-Low"},"content":"                int taskNumber \u003d Integer.parseInt(taskToMark) - 1;","lastModifiedDate":"2025-09-03T13:27:56","isFullCredit":false},{"lineNumber":17,"author":{"gitId":"Michael-Low"},"content":"                taskList.markTask(taskNumber);","lastModifiedDate":"2025-09-03T13:27:56","isFullCredit":false},{"lineNumber":18,"author":{"gitId":"Michael-Low"},"content":"                System.out.println(\"Finally it\u0027s over... I have marked that task as done.\");","lastModifiedDate":"2025-09-05T13:22:48","isFullCredit":false},{"lineNumber":19,"author":{"gitId":"Michael-Low"},"content":"                continue;","lastModifiedDate":"2025-09-03T13:27:56","isFullCredit":false},{"lineNumber":20,"author":{"gitId":"Michael-Low"},"content":"            }","lastModifiedDate":"2025-09-03T13:27:56","isFullCredit":false},{"lineNumber":21,"author":{"gitId":"Michael-Low"},"content":"            switch (input) {","lastModifiedDate":"2025-09-03T13:27:56","isFullCredit":false},{"lineNumber":22,"author":{"gitId":"Michael-Low"},"content":"                case \"list\":","lastModifiedDate":"2025-09-03T13:27:56","isFullCredit":false},{"lineNumber":23,"author":{"gitId":"Michael-Low"},"content":"                    System.out.println(\"Fine.... Here is your list of tasks:\");","lastModifiedDate":"2025-09-05T13:22:48","isFullCredit":false},{"lineNumber":24,"author":{"gitId":"Michael-Low"},"content":"                    taskList.printTasks();","lastModifiedDate":"2025-09-03T13:27:56","isFullCredit":false},{"lineNumber":25,"author":{"gitId":"Michael-Low"},"content":"                    break;","lastModifiedDate":"2025-09-03T13:27:56","isFullCredit":false},{"lineNumber":26,"author":{"gitId":"Michael-Low"},"content":"                case \"exit\":","lastModifiedDate":"2025-09-03T13:27:56","isFullCredit":false},{"lineNumber":27,"author":{"gitId":"Michael-Low"},"content":"                    System.out.println(\"Come back never.\");","lastModifiedDate":"2025-09-05T13:22:48","isFullCredit":false},{"lineNumber":28,"author":{"gitId":"Michael-Low"},"content":"                    exit \u003d true;","lastModifiedDate":"2025-09-03T13:27:56","isFullCredit":false},{"lineNumber":29,"author":{"gitId":"Michael-Low"},"content":"                    break;","lastModifiedDate":"2025-09-03T13:27:56","isFullCredit":false},{"lineNumber":30,"author":{"gitId":"Michael-Low"},"content":"                default:","lastModifiedDate":"2025-09-03T13:27:56","isFullCredit":false},{"lineNumber":31,"author":{"gitId":"Michael-Low"},"content":"                    taskList.handleInput(input);","lastModifiedDate":"2025-09-05T13:22:48","isFullCredit":false},{"lineNumber":32,"author":{"gitId":"Michael-Low"},"content":"            }","lastModifiedDate":"2025-09-03T13:27:56","isFullCredit":false},{"lineNumber":33,"author":{"gitId":"Michael-Low"},"content":"        }","lastModifiedDate":"2025-09-03T13:27:56","isFullCredit":false},{"lineNumber":34,"author":{"gitId":"Michael-Low"},"content":"    }","lastModifiedDate":"2025-08-18T13:48:47","isFullCredit":false},{"lineNumber":35,"author":{"gitId":"Michael-Low"},"content":"}","lastModifiedDate":"2025-08-18T13:48:47","isFullCredit":false}],"authorContributionMap":{"Michael-Low":35}},{"path":"src/main/java/Deadline.java","fileType":"java","lines":[{"lineNumber":1,"author":{"gitId":"Michael-Low"},"content":"public class Deadline extends Task {","lastModifiedDate":"2025-09-05T13:22:48","isFullCredit":false},{"lineNumber":2,"author":{"gitId":"Michael-Low"},"content":"    protected String by \u003d \"\";","lastModifiedDate":"2025-09-05T13:22:48","isFullCredit":false},{"lineNumber":3,"author":{"gitId":"Michael-Low"},"content":"","lastModifiedDate":"2025-09-05T13:22:48","isFullCredit":false},{"lineNumber":4,"author":{"gitId":"Michael-Low"},"content":"    public Deadline(String description, String by) {","lastModifiedDate":"2025-09-05T13:22:48","isFullCredit":false},{"lineNumber":5,"author":{"gitId":"Michael-Low"},"content":"        super(description);","lastModifiedDate":"2025-09-05T13:22:48","isFullCredit":false},{"lineNumber":6,"author":{"gitId":"Michael-Low"},"content":"        this.by \u003d by;","lastModifiedDate":"2025-09-05T13:22:48","isFullCredit":false},{"lineNumber":7,"author":{"gitId":"Michael-Low"},"content":"    }","lastModifiedDate":"2025-09-05T13:22:48","isFullCredit":false},{"lineNumber":8,"author":{"gitId":"Michael-Low"},"content":"","lastModifiedDate":"2025-09-05T13:22:48","isFullCredit":false},{"lineNumber":9,"author":{"gitId":"Michael-Low"},"content":"    public String getBy() {","lastModifiedDate":"2025-09-05T13:22:48","isFullCredit":false},{"lineNumber":10,"author":{"gitId":"Michael-Low"},"content":"        return by;","lastModifiedDate":"2025-09-05T13:22:48","isFullCredit":false},{"lineNumber":11,"author":{"gitId":"Michael-Low"},"content":"    }","lastModifiedDate":"2025-09-05T13:22:48","isFullCredit":false},{"lineNumber":12,"author":{"gitId":"Michael-Low"},"content":"","lastModifiedDate":"2025-09-05T13:22:48","isFullCredit":false},{"lineNumber":13,"author":{"gitId":"Michael-Low"},"content":"    public void setBy(String by) {","lastModifiedDate":"2025-09-05T13:22:48","isFullCredit":false},{"lineNumber":14,"author":{"gitId":"Michael-Low"},"content":"        this.by \u003d by;","lastModifiedDate":"2025-09-05T13:22:48","isFullCredit":false},{"lineNumber":15,"author":{"gitId":"Michael-Low"},"content":"    }","lastModifiedDate":"2025-09-05T13:22:48","isFullCredit":false},{"lineNumber":16,"author":{"gitId":"Michael-Low"},"content":"","lastModifiedDate":"2025-09-05T13:22:48","isFullCredit":false},{"lineNumber":17,"author":{"gitId":"Michael-Low"},"content":"    @Override","lastModifiedDate":"2025-09-05T13:22:48","isFullCredit":false},{"lineNumber":18,"author":{"gitId":"Michael-Low"},"content":"    public String toString() {","lastModifiedDate":"2025-09-05T13:22:48","isFullCredit":false},{"lineNumber":19,"author":{"gitId":"Michael-Low"},"content":"        return \"[D]\" + super.toString() +","lastModifiedDate":"2025-09-05T13:22:48","isFullCredit":false},{"lineNumber":20,"author":{"gitId":"Michael-Low"},"content":"                \"(by: \" + by + \")\";","lastModifiedDate":"2025-09-05T13:22:48","isFullCredit":false},{"lineNumber":21,"author":{"gitId":"Michael-Low"},"content":"    }","lastModifiedDate":"2025-09-05T13:22:48","isFullCredit":false},{"lineNumber":22,"author":{"gitId":"Michael-Low"},"content":"}","lastModifiedDate":"2025-09-05T13:22:48","isFullCredit":false}],"authorContributionMap":{"Michael-Low":22}},{"path":"src/main/java/Event.java","fileType":"java","lines":[{"lineNumber":1,"author":{"gitId":"Michael-Low"},"content":"public class Event extends Task{","lastModifiedDate":"2025-09-05T13:22:48","isFullCredit":false},{"lineNumber":2,"author":{"gitId":"Michael-Low"},"content":"    protected String from;","lastModifiedDate":"2025-09-05T13:22:48","isFullCredit":false},{"lineNumber":3,"author":{"gitId":"Michael-Low"},"content":"    protected String to;","lastModifiedDate":"2025-09-05T13:22:48","isFullCredit":false},{"lineNumber":4,"author":{"gitId":"Michael-Low"},"content":"","lastModifiedDate":"2025-09-05T13:22:48","isFullCredit":false},{"lineNumber":5,"author":{"gitId":"Michael-Low"},"content":"    public Event(String desc, String from, String to) {","lastModifiedDate":"2025-09-05T13:22:48","isFullCredit":false},{"lineNumber":6,"author":{"gitId":"Michael-Low"},"content":"        super(desc);","lastModifiedDate":"2025-09-05T13:22:48","isFullCredit":false},{"lineNumber":7,"author":{"gitId":"Michael-Low"},"content":"        this.from \u003d from;","lastModifiedDate":"2025-09-05T13:22:48","isFullCredit":false},{"lineNumber":8,"author":{"gitId":"Michael-Low"},"content":"        this.to \u003d to;","lastModifiedDate":"2025-09-05T13:22:48","isFullCredit":false},{"lineNumber":9,"author":{"gitId":"Michael-Low"},"content":"    }","lastModifiedDate":"2025-09-05T13:22:48","isFullCredit":false},{"lineNumber":10,"author":{"gitId":"Michael-Low"},"content":"","lastModifiedDate":"2025-09-05T13:22:48","isFullCredit":false},{"lineNumber":11,"author":{"gitId":"Michael-Low"},"content":"    @Override","lastModifiedDate":"2025-09-05T13:22:48","isFullCredit":false},{"lineNumber":12,"author":{"gitId":"Michael-Low"},"content":"    public String toString() {","lastModifiedDate":"2025-09-05T13:22:48","isFullCredit":false},{"lineNumber":13,"author":{"gitId":"Michael-Low"},"content":"        return \"[E]\" + super.toString() +","lastModifiedDate":"2025-09-05T13:22:48","isFullCredit":false},{"lineNumber":14,"author":{"gitId":"Michael-Low"},"content":"                \"(from: \" + from +","lastModifiedDate":"2025-09-05T13:22:48","isFullCredit":false},{"lineNumber":15,"author":{"gitId":"Michael-Low"},"content":"                \"to: \" + to + \")\";","lastModifiedDate":"2025-09-05T13:22:48","isFullCredit":false},{"lineNumber":16,"author":{"gitId":"Michael-Low"},"content":"    }","lastModifiedDate":"2025-09-05T13:22:48","isFullCredit":false},{"lineNumber":17,"author":{"gitId":"Michael-Low"},"content":"}","lastModifiedDate":"2025-09-05T13:22:48","isFullCredit":false}],"authorContributionMap":{"Michael-Low":17}},{"path":"src/main/java/Task.java","fileType":"java","lines":[{"lineNumber":1,"author":{"gitId":"Michael-Low"},"content":"public class Task {","lastModifiedDate":"2025-09-03T13:27:56","isFullCredit":false},{"lineNumber":2,"author":{"gitId":"Michael-Low"},"content":"    protected boolean isDone;","lastModifiedDate":"2025-09-05T13:22:48","isFullCredit":false},{"lineNumber":3,"author":{"gitId":"Michael-Low"},"content":"    protected String desc;","lastModifiedDate":"2025-09-05T13:22:48","isFullCredit":false},{"lineNumber":4,"author":{"gitId":"Michael-Low"},"content":"","lastModifiedDate":"2025-09-05T13:22:48","isFullCredit":false},{"lineNumber":5,"author":{"gitId":"Michael-Low"},"content":"    public Task(String desc) {","lastModifiedDate":"2025-09-05T13:22:48","isFullCredit":false},{"lineNumber":6,"author":{"gitId":"Michael-Low"},"content":"        this.desc \u003d desc;","lastModifiedDate":"2025-09-05T13:22:48","isFullCredit":false},{"lineNumber":7,"author":{"gitId":"Michael-Low"},"content":"        this.isDone \u003d false;","lastModifiedDate":"2025-09-03T13:27:56","isFullCredit":false},{"lineNumber":8,"author":{"gitId":"Michael-Low"},"content":"    }","lastModifiedDate":"2025-09-03T13:27:56","isFullCredit":false},{"lineNumber":9,"author":{"gitId":"Michael-Low"},"content":"","lastModifiedDate":"2025-09-05T13:22:48","isFullCredit":false},{"lineNumber":10,"author":{"gitId":"Michael-Low"},"content":"    @Override","lastModifiedDate":"2025-09-05T13:22:48","isFullCredit":false},{"lineNumber":11,"author":{"gitId":"Michael-Low"},"content":"    public String toString() {","lastModifiedDate":"2025-09-03T13:27:56","isFullCredit":false},{"lineNumber":12,"author":{"gitId":"Michael-Low"},"content":"        return \"[\" + (isDone ? \"X\" : \" \") + \"] \" + this.desc;","lastModifiedDate":"2025-09-05T13:22:48","isFullCredit":false},{"lineNumber":13,"author":{"gitId":"Michael-Low"},"content":"    }","lastModifiedDate":"2025-09-03T13:27:56","isFullCredit":false},{"lineNumber":14,"author":{"gitId":"Michael-Low"},"content":"","lastModifiedDate":"2025-09-05T13:22:48","isFullCredit":false},{"lineNumber":15,"author":{"gitId":"Michael-Low"},"content":"    public String getDesc() {","lastModifiedDate":"2025-09-05T13:22:48","isFullCredit":false},{"lineNumber":16,"author":{"gitId":"Michael-Low"},"content":"        return this.desc;","lastModifiedDate":"2025-09-05T13:22:48","isFullCredit":false},{"lineNumber":17,"author":{"gitId":"Michael-Low"},"content":"    }","lastModifiedDate":"2025-09-03T13:27:56","isFullCredit":false},{"lineNumber":18,"author":{"gitId":"Michael-Low"},"content":"","lastModifiedDate":"2025-09-05T13:22:48","isFullCredit":false},{"lineNumber":19,"author":{"gitId":"Michael-Low"},"content":"    public void setDone(boolean done) {","lastModifiedDate":"2025-09-03T13:27:56","isFullCredit":false},{"lineNumber":20,"author":{"gitId":"Michael-Low"},"content":"        isDone \u003d done;","lastModifiedDate":"2025-09-03T13:27:56","isFullCredit":false},{"lineNumber":21,"author":{"gitId":"Michael-Low"},"content":"    }","lastModifiedDate":"2025-09-03T13:27:56","isFullCredit":false},{"lineNumber":22,"author":{"gitId":"Michael-Low"},"content":"}","lastModifiedDate":"2025-09-03T13:27:56","isFullCredit":false}],"authorContributionMap":{"Michael-Low":22}},{"path":"src/main/java/TaskList.java","fileType":"java","lines":[{"lineNumber":1,"author":{"gitId":"Michael-Low"},"content":"import java.util.ArrayList;","lastModifiedDate":"2025-09-03T13:27:56","isFullCredit":false},{"lineNumber":2,"author":{"gitId":"Michael-Low"},"content":"","lastModifiedDate":"2025-09-03T13:27:56","isFullCredit":false},{"lineNumber":3,"author":{"gitId":"Michael-Low"},"content":"public class TaskList {","lastModifiedDate":"2025-09-03T13:27:56","isFullCredit":false},{"lineNumber":4,"author":{"gitId":"Michael-Low"},"content":"    private final ArrayList\u003cTask\u003e tasks \u003d new ArrayList\u003cTask\u003e();","lastModifiedDate":"2025-09-03T13:27:56","isFullCredit":false},{"lineNumber":5,"author":{"gitId":"Michael-Low"},"content":"    private final static String WRONG_FORMAT_MESSAGE \u003d \"Your format is wrong, dumbass!\";","lastModifiedDate":"2025-09-05T13:22:48","isFullCredit":false},{"lineNumber":6,"author":{"gitId":"Michael-Low"},"content":"","lastModifiedDate":"2025-09-03T13:27:56","isFullCredit":false},{"lineNumber":7,"author":{"gitId":"Michael-Low"},"content":"    @Override","lastModifiedDate":"2025-09-03T13:27:56","isFullCredit":false},{"lineNumber":8,"author":{"gitId":"Michael-Low"},"content":"    public String toString() {","lastModifiedDate":"2025-09-03T13:27:56","isFullCredit":false},{"lineNumber":9,"author":{"gitId":"Michael-Low"},"content":"        String output \u003d \"\";","lastModifiedDate":"2025-09-03T13:27:56","isFullCredit":false},{"lineNumber":10,"author":{"gitId":"Michael-Low"},"content":"        for(int i \u003d 0; i \u003c tasks.size(); i++) {","lastModifiedDate":"2025-09-03T13:27:56","isFullCredit":false},{"lineNumber":11,"author":{"gitId":"Michael-Low"},"content":"            output +\u003d (i + 1) + \": \" + tasks.get(i).toString() + \"\\n\";","lastModifiedDate":"2025-09-03T13:27:56","isFullCredit":false},{"lineNumber":12,"author":{"gitId":"Michael-Low"},"content":"        }","lastModifiedDate":"2025-09-03T13:27:56","isFullCredit":false},{"lineNumber":13,"author":{"gitId":"Michael-Low"},"content":"        return output;","lastModifiedDate":"2025-09-03T13:27:56","isFullCredit":false},{"lineNumber":14,"author":{"gitId":"Michael-Low"},"content":"    }","lastModifiedDate":"2025-09-03T13:27:56","isFullCredit":false},{"lineNumber":15,"author":{"gitId":"Michael-Low"},"content":"","lastModifiedDate":"2025-09-05T13:22:48","isFullCredit":false},{"lineNumber":16,"author":{"gitId":"Michael-Low"},"content":"    public void handleInput(String input) {","lastModifiedDate":"2025-09-05T13:22:48","isFullCredit":false},{"lineNumber":17,"author":{"gitId":"Michael-Low"},"content":"        if(input.startsWith(\"Deadline \")) {","lastModifiedDate":"2025-09-05T13:22:48","isFullCredit":false},{"lineNumber":18,"author":{"gitId":"Michael-Low"},"content":"            addDeadline(input.substring(\"Deadline \".length()));","lastModifiedDate":"2025-09-05T13:22:48","isFullCredit":false},{"lineNumber":19,"author":{"gitId":"Michael-Low"},"content":"            return;","lastModifiedDate":"2025-09-05T13:22:48","isFullCredit":false},{"lineNumber":20,"author":{"gitId":"Michael-Low"},"content":"        }","lastModifiedDate":"2025-09-05T13:22:48","isFullCredit":false},{"lineNumber":21,"author":{"gitId":"Michael-Low"},"content":"        if(input.startsWith(\"Event \")) {","lastModifiedDate":"2025-09-05T13:22:48","isFullCredit":false},{"lineNumber":22,"author":{"gitId":"Michael-Low"},"content":"            addEvent(input.substring(\"Event \".length()));","lastModifiedDate":"2025-09-05T13:22:48","isFullCredit":false},{"lineNumber":23,"author":{"gitId":"Michael-Low"},"content":"            return;","lastModifiedDate":"2025-09-05T13:22:48","isFullCredit":false},{"lineNumber":24,"author":{"gitId":"Michael-Low"},"content":"        }","lastModifiedDate":"2025-09-05T13:22:48","isFullCredit":false},{"lineNumber":25,"author":{"gitId":"Michael-Low"},"content":"        if(input.startsWith(\"Todo \")) {","lastModifiedDate":"2025-09-05T13:22:48","isFullCredit":false},{"lineNumber":26,"author":{"gitId":"Michael-Low"},"content":"            addTodo(input.substring(\"Todo \".length()));","lastModifiedDate":"2025-09-05T13:22:48","isFullCredit":false},{"lineNumber":27,"author":{"gitId":"Michael-Low"},"content":"            return;","lastModifiedDate":"2025-09-05T13:22:48","isFullCredit":false},{"lineNumber":28,"author":{"gitId":"Michael-Low"},"content":"        }","lastModifiedDate":"2025-09-05T13:22:48","isFullCredit":false},{"lineNumber":29,"author":{"gitId":"Michael-Low"},"content":"        System.out.println(WRONG_FORMAT_MESSAGE);","lastModifiedDate":"2025-09-05T13:22:48","isFullCredit":false},{"lineNumber":30,"author":{"gitId":"Michael-Low"},"content":"    }","lastModifiedDate":"2025-09-03T13:27:56","isFullCredit":false},{"lineNumber":31,"author":{"gitId":"Michael-Low"},"content":"","lastModifiedDate":"2025-09-05T13:22:48","isFullCredit":false},{"lineNumber":32,"author":{"gitId":"Michael-Low"},"content":"    public void addTodo(String taskDescription) {","lastModifiedDate":"2025-09-05T13:22:48","isFullCredit":false},{"lineNumber":33,"author":{"gitId":"Michael-Low"},"content":"        System.out.println(\"not another Todo...\");","lastModifiedDate":"2025-09-05T13:22:48","isFullCredit":false},{"lineNumber":34,"author":{"gitId":"Michael-Low"},"content":"        Todo newTodo \u003d new Todo(taskDescription);","lastModifiedDate":"2025-09-05T13:22:48","isFullCredit":false},{"lineNumber":35,"author":{"gitId":"Michael-Low"},"content":"        tasks.add(newTodo);","lastModifiedDate":"2025-09-05T13:22:48","isFullCredit":false},{"lineNumber":36,"author":{"gitId":"Michael-Low"},"content":"        System.out.println(\"Todo added.\");","lastModifiedDate":"2025-09-05T13:22:48","isFullCredit":false},{"lineNumber":37,"author":{"gitId":"Michael-Low"},"content":"    }","lastModifiedDate":"2025-09-05T13:22:48","isFullCredit":false},{"lineNumber":38,"author":{"gitId":"Michael-Low"},"content":"","lastModifiedDate":"2025-09-05T13:22:48","isFullCredit":false},{"lineNumber":39,"author":{"gitId":"Michael-Low"},"content":"    public void addDeadline(String taskDescription) {","lastModifiedDate":"2025-09-05T13:22:48","isFullCredit":false},{"lineNumber":40,"author":{"gitId":"Michael-Low"},"content":"        int indexOfBy \u003d taskDescription.indexOf(\"/by \");","lastModifiedDate":"2025-09-05T13:29:02","isFullCredit":false},{"lineNumber":41,"author":{"gitId":"Michael-Low"},"content":"        if(indexOfBy \u003d\u003d -1) {","lastModifiedDate":"2025-09-05T13:29:02","isFullCredit":false},{"lineNumber":42,"author":{"gitId":"Michael-Low"},"content":"            System.out.println(WRONG_FORMAT_MESSAGE);","lastModifiedDate":"2025-09-05T13:22:48","isFullCredit":false},{"lineNumber":43,"author":{"gitId":"Michael-Low"},"content":"            return;","lastModifiedDate":"2025-09-05T13:22:48","isFullCredit":false},{"lineNumber":44,"author":{"gitId":"Michael-Low"},"content":"        }","lastModifiedDate":"2025-09-05T13:22:48","isFullCredit":false},{"lineNumber":45,"author":{"gitId":"Michael-Low"},"content":"        System.out.println(\"not another Deadline...\");","lastModifiedDate":"2025-09-05T13:22:48","isFullCredit":false},{"lineNumber":46,"author":{"gitId":"Michael-Low"},"content":"        String desc \u003d taskDescription.substring(0, indexOfBy);","lastModifiedDate":"2025-09-05T13:29:02","isFullCredit":false},{"lineNumber":47,"author":{"gitId":"Michael-Low"},"content":"        String by \u003d taskDescription.substring(indexOfBy + 3);","lastModifiedDate":"2025-09-05T13:29:02","isFullCredit":false},{"lineNumber":48,"author":{"gitId":"Michael-Low"},"content":"        Deadline newDeadline \u003d new Deadline(desc, by);","lastModifiedDate":"2025-09-05T13:22:48","isFullCredit":false},{"lineNumber":49,"author":{"gitId":"Michael-Low"},"content":"        tasks.add(newDeadline);","lastModifiedDate":"2025-09-05T13:22:48","isFullCredit":false},{"lineNumber":50,"author":{"gitId":"Michael-Low"},"content":"        System.out.println(\"Deadline added.\");","lastModifiedDate":"2025-09-05T13:22:48","isFullCredit":false},{"lineNumber":51,"author":{"gitId":"Michael-Low"},"content":"    }","lastModifiedDate":"2025-09-05T13:22:48","isFullCredit":false},{"lineNumber":52,"author":{"gitId":"Michael-Low"},"content":"","lastModifiedDate":"2025-09-05T13:22:48","isFullCredit":false},{"lineNumber":53,"author":{"gitId":"Michael-Low"},"content":"    public void addEvent(String taskDescription) {","lastModifiedDate":"2025-09-05T13:22:48","isFullCredit":false},{"lineNumber":54,"author":{"gitId":"Michael-Low"},"content":"        int indexOfFrom \u003d taskDescription.indexOf(\"/from \");","lastModifiedDate":"2025-09-05T13:29:02","isFullCredit":false},{"lineNumber":55,"author":{"gitId":"Michael-Low"},"content":"        int indexOfTo \u003d taskDescription.indexOf(\"/to \");","lastModifiedDate":"2025-09-05T13:29:02","isFullCredit":false},{"lineNumber":56,"author":{"gitId":"Michael-Low"},"content":"        if(indexOfFrom \u003d\u003d -1 || indexOfTo \u003d\u003d -1 || indexOfFrom \u003e indexOfTo) {","lastModifiedDate":"2025-09-05T13:29:02","isFullCredit":false},{"lineNumber":57,"author":{"gitId":"Michael-Low"},"content":"            System.out.println(WRONG_FORMAT_MESSAGE);","lastModifiedDate":"2025-09-05T13:22:48","isFullCredit":false},{"lineNumber":58,"author":{"gitId":"Michael-Low"},"content":"            return;","lastModifiedDate":"2025-09-05T13:22:48","isFullCredit":false},{"lineNumber":59,"author":{"gitId":"Michael-Low"},"content":"        }","lastModifiedDate":"2025-09-05T13:22:48","isFullCredit":false},{"lineNumber":60,"author":{"gitId":"Michael-Low"},"content":"        System.out.println(\"not another Event...\");","lastModifiedDate":"2025-09-05T13:22:48","isFullCredit":false},{"lineNumber":61,"author":{"gitId":"Michael-Low"},"content":"        String desc \u003d taskDescription.substring(0, indexOfFrom);","lastModifiedDate":"2025-09-05T13:29:02","isFullCredit":false},{"lineNumber":62,"author":{"gitId":"Michael-Low"},"content":"        String from \u003d taskDescription.substring(indexOfFrom + 5, indexOfTo);","lastModifiedDate":"2025-09-05T13:29:02","isFullCredit":false},{"lineNumber":63,"author":{"gitId":"Michael-Low"},"content":"        String to \u003d taskDescription.substring(indexOfTo + 3);","lastModifiedDate":"2025-09-05T13:29:02","isFullCredit":false},{"lineNumber":64,"author":{"gitId":"Michael-Low"},"content":"        Event newEvent \u003d new Event(desc, from, to);","lastModifiedDate":"2025-09-05T13:22:48","isFullCredit":false},{"lineNumber":65,"author":{"gitId":"Michael-Low"},"content":"        tasks.add(newEvent);","lastModifiedDate":"2025-09-05T13:22:48","isFullCredit":false},{"lineNumber":66,"author":{"gitId":"Michael-Low"},"content":"    }","lastModifiedDate":"2025-09-05T13:22:48","isFullCredit":false},{"lineNumber":67,"author":{"gitId":"Michael-Low"},"content":"","lastModifiedDate":"2025-09-05T13:22:48","isFullCredit":false},{"lineNumber":68,"author":{"gitId":"Michael-Low"},"content":"    public void printTasks() {","lastModifiedDate":"2025-09-03T13:27:56","isFullCredit":false},{"lineNumber":69,"author":{"gitId":"Michael-Low"},"content":"        System.out.print(this.toString());","lastModifiedDate":"2025-09-05T13:22:48","isFullCredit":false},{"lineNumber":70,"author":{"gitId":"Michael-Low"},"content":"    }","lastModifiedDate":"2025-09-03T13:27:56","isFullCredit":false},{"lineNumber":71,"author":{"gitId":"Michael-Low"},"content":"","lastModifiedDate":"2025-09-03T13:27:56","isFullCredit":false},{"lineNumber":72,"author":{"gitId":"Michael-Low"},"content":"    public void markTask(int index) {","lastModifiedDate":"2025-09-03T13:27:56","isFullCredit":false},{"lineNumber":73,"author":{"gitId":"Michael-Low"},"content":"        tasks.get(index).setDone(true);","lastModifiedDate":"2025-09-03T13:27:56","isFullCredit":false},{"lineNumber":74,"author":{"gitId":"Michael-Low"},"content":"    }","lastModifiedDate":"2025-09-03T13:27:56","isFullCredit":false},{"lineNumber":75,"author":{"gitId":"Michael-Low"},"content":"}","lastModifiedDate":"2025-09-03T13:27:56","isFullCredit":false}],"authorContributionMap":{"Michael-Low":75}},{"path":"src/main/java/Todo.java","fileType":"java","lines":[{"lineNumber":1,"author":{"gitId":"Michael-Low"},"content":"public class Todo extends Task {","lastModifiedDate":"2025-09-05T13:22:48","isFullCredit":false},{"lineNumber":2,"author":{"gitId":"Michael-Low"},"content":"    Todo(String desc) {","lastModifiedDate":"2025-09-05T13:22:48","isFullCredit":false},{"lineNumber":3,"author":{"gitId":"Michael-Low"},"content":"        super(desc);","lastModifiedDate":"2025-09-05T13:22:48","isFullCredit":false},{"lineNumber":4,"author":{"gitId":"Michael-Low"},"content":"    }","lastModifiedDate":"2025-09-05T13:22:48","isFullCredit":false},{"lineNumber":5,"author":{"gitId":"Michael-Low"},"content":"    @Override","lastModifiedDate":"2025-09-05T13:22:48","isFullCredit":false},{"lineNumber":6,"author":{"gitId":"Michael-Low"},"content":"    public String toString() {","lastModifiedDate":"2025-09-05T13:22:48","isFullCredit":false},{"lineNumber":7,"author":{"gitId":"Michael-Low"},"content":"        return \"[T]\" + super.toString();","lastModifiedDate":"2025-09-05T13:22:48","isFullCredit":false},{"lineNumber":8,"author":{"gitId":"Michael-Low"},"content":"    }","lastModifiedDate":"2025-09-05T13:22:48","isFullCredit":false},{"lineNumber":9,"author":{"gitId":"Michael-Low"},"content":"}","lastModifiedDate":"2025-09-05T13:22:48","isFullCredit":false}],"authorContributionMap":{"Michael-Low":9}},{"path":"text-ui-test/runtest.bat","fileType":"bat","lines":[{"lineNumber":1,"author":{"gitId":"-"},"content":"@ECHO OFF","lastModifiedDate":"2020-05-25T00:03:55","isFullCredit":false},{"lineNumber":2,"author":{"gitId":"-"},"content":"","lastModifiedDate":"2020-05-25T00:03:55","isFullCredit":false},{"lineNumber":3,"author":{"gitId":"-"},"content":"REM create bin directory if it doesn\u0027t exist","lastModifiedDate":"2020-05-25T00:03:55","isFullCredit":false},{"lineNumber":4,"author":{"gitId":"-"},"content":"if not exist ..\\bin mkdir ..\\bin","lastModifiedDate":"2020-05-25T00:03:55","isFullCredit":false},{"lineNumber":5,"author":{"gitId":"-"},"content":"","lastModifiedDate":"2020-05-25T00:03:55","isFullCredit":false},{"lineNumber":6,"author":{"gitId":"-"},"content":"REM delete output from previous run","lastModifiedDate":"2020-05-25T00:03:55","isFullCredit":false},{"lineNumber":7,"author":{"gitId":"-"},"content":"if exist ACTUAL.TXT del ACTUAL.TXT","lastModifiedDate":"2020-08-25T17:23:26","isFullCredit":false},{"lineNumber":8,"author":{"gitId":"-"},"content":"","lastModifiedDate":"2020-05-25T00:03:55","isFullCredit":false},{"lineNumber":9,"author":{"gitId":"-"},"content":"REM compile the code into the bin folder","lastModifiedDate":"2020-05-25T00:03:55","isFullCredit":false},{"lineNumber":10,"author":{"gitId":"-"},"content":"javac  -cp ..\\src\\main\\java -Xlint:none -d ..\\bin ..\\src\\main\\java\\*.java","lastModifiedDate":"2020-08-25T17:23:26","isFullCredit":false},{"lineNumber":11,"author":{"gitId":"-"},"content":"IF ERRORLEVEL 1 (","lastModifiedDate":"2020-05-25T00:03:55","isFullCredit":false},{"lineNumber":12,"author":{"gitId":"-"},"content":"    echo ********** BUILD FAILURE **********","lastModifiedDate":"2020-05-25T00:03:55","isFullCredit":false},{"lineNumber":13,"author":{"gitId":"-"},"content":"    exit /b 1","lastModifiedDate":"2020-05-25T00:03:55","isFullCredit":false},{"lineNumber":14,"author":{"gitId":"-"},"content":")","lastModifiedDate":"2020-05-25T00:03:55","isFullCredit":false},{"lineNumber":15,"author":{"gitId":"-"},"content":"REM no error here, errorlevel \u003d\u003d 0","lastModifiedDate":"2020-05-25T00:03:55","isFullCredit":false},{"lineNumber":16,"author":{"gitId":"-"},"content":"","lastModifiedDate":"2020-05-25T00:03:55","isFullCredit":false},{"lineNumber":17,"author":{"gitId":"-"},"content":"REM run the program, feed commands from input.txt file and redirect the output to the ACTUAL.TXT","lastModifiedDate":"2020-05-25T00:03:55","isFullCredit":false},{"lineNumber":18,"author":{"gitId":"Michael-Low"},"content":"java -classpath ..\\bin AsciiAnything \u003c input.txt \u003e ACTUAL.TXT","lastModifiedDate":"2025-08-18T13:48:47","isFullCredit":false},{"lineNumber":19,"author":{"gitId":"-"},"content":"","lastModifiedDate":"2020-05-25T00:03:55","isFullCredit":false},{"lineNumber":20,"author":{"gitId":"-"},"content":"REM compare the output to the expected output","lastModifiedDate":"2020-05-25T00:03:55","isFullCredit":false},{"lineNumber":21,"author":{"gitId":"-"},"content":"FC ACTUAL.TXT EXPECTED.TXT","lastModifiedDate":"2020-05-25T00:03:55","isFullCredit":false}],"authorContributionMap":{"Michael-Low":1,"-":20}}]
