{"authorDailyContributionsMap":{"ChangIkJoong":[{"date":"2025-08-20T00:00:00","commitResults":[{"hash":"961fc6d3c561d638537d440e72f8bbb989e08834","isMergeCommit":false,"messageTitle":"Level-0","messageBody":"","tags":["level-0"],"fileTypesAndContributionMap":{"java":{"insertions":30,"deletions":10}}}]},{"date":"2025-08-22T00:00:00","commitResults":[{"hash":"9b2d449057eef28d8ae3517b033f576067f36128","isMergeCommit":false,"messageTitle":"Added base functionality","messageBody":"Added the base functionality per week 1 + tag to the project.\n","fileTypesAndContributionMap":{"java":{"insertions":15,"deletions":0}}}]},{"date":"2025-08-23T00:00:00","commitResults":[{"hash":"452221f6922e40d12b184a58119efb0b0215fb5d","isMergeCommit":false,"messageTitle":"Implement input management and exit prompt","messageBody":"Created a taskManager() to handle the input prompt from the user, and added a Scanner function for input itself from the user. Using input \"bye\" from the user will stop the program via the while loop utilizing isRunning boolean.\n","tags":["Level-1"],"fileTypesAndContributionMap":{"java":{"insertions":20,"deletions":15}}}]},{"date":"2025-08-27T00:00:00","commitResults":[{"hash":"7366fb403446c50bbfa2dae06b59ee3dce17ea1c","isMergeCommit":false,"messageTitle":"create add, list functionality","messageBody":"added the functionality to add new prompts to a list, as well as the ability to list items via taskManager().\n\nFuture functionality would be to not include blank lines in the item list.\n","tags":["level-2"],"fileTypesAndContributionMap":{"java":{"insertions":11,"deletions":5}}}]},{"date":"2025-08-29T00:00:00","commitResults":[{"hash":"2d10a349bfb7433ffb998de090a3d02bde8532a8","isMergeCommit":false,"messageTitle":"implement marking functionality","messageBody":"From previous input, created a method to handle blank input, and implemented markDone and unmarkDone for tasks in the Bruce program.\n\nFuture functionality would be to push for an response if task already has been marked done or undone.\n","tags":["level-3","A-CodingStandard"],"fileTypesAndContributionMap":{"java":{"insertions":101,"deletions":17}}}]},{"date":"2025-09-01T00:00:00","commitResults":[{"hash":"c207a7947cd7018a5e313b836dca80d88f15c942","isMergeCommit":false,"messageTitle":"remove mark bug","messageBody":"Quick update to recognize the isCompleted in outputInterface to match the assignemts\u0027.\n","fileTypesAndContributionMap":{"java":{"insertions":15,"deletions":15}}},{"hash":"e1fbcc6c6bc80036872d793314cc33f934b2f9a6","isMergeCommit":false,"messageTitle":"ABbstract and implement views and new Task classes","messageBody":"Updated the abstraction for a MVC (model view controller) to make it easier to understand and navigate.\n\nImplemented new Task classes and methods to handle these accordingly to Deadlines and Events and reflect in the UI.\n","fileTypesAndContributionMap":{"java":{"insertions":158,"deletions":33}}},{"hash":"47ccfdd33dd6d6be4309fd3bbb6ea4918c907849","isMergeCommit":false,"messageTitle":"Further abstraction and improve code readability","messageBody":"adjustments to abstraction lvls in the code, now it\u0027s seperated fully by MVC principle so far to make it easier for future development and abstraction according to instructions, now running instances passed to controller fr MV. Modified certain naming of methods and variables to fit conventions.\n\nFuture version, maybe add switch cases /enums to switch between taskManagement states?\n","fileTypesAndContributionMap":{"java":{"insertions":164,"deletions":125}}},{"hash":"f1f5e7f28deecaa2488daf06a3d76f9618b123f8","isMergeCommit":false,"messageTitle":"improve readability and naming conventions","messageBody":"adjustments to variables and naming conventions.\n\nFuture version, maybe add switch cases /enums to switch between taskManagement states?\n","fileTypesAndContributionMap":{"java":{"insertions":20,"deletions":21}}},{"hash":"7f9a15035e8144ddece91e3938c10eccfb141e30","isMergeCommit":false,"messageTitle":"change visibility for View constants","messageBody":"adjustments to visibility, package-private -\u003e public for static variables.\n\nFuture version, maybe add switch cases /enums to switch between taskManagement states?\n","tags":["Level-4","A-CodeQuality"],"fileTypesAndContributionMap":{"java":{"insertions":3,"deletions":3}}}]}]},"authorFileTypeContributionMap":{"ChangIkJoong":{"java":303,"md":0,"fxml":0,"sh":0,"bat":0,"gradle":0,"txt":0}},"authorContributionVariance":{"ChangIkJoong":12123.223},"authorDisplayNameMap":{"ChangIkJoong":"CS2113-W14-1 HANS..OONG"}}
