[{"path":"src/main/java/Deadline.java","fileType":"java","lines":[{"lineNumber":1,"author":{"gitId":"Emannuel-Tan"},"content":"public class Deadline extends ToDo{","lastModifiedDate":"2025-08-30T18:44:01","isFullCredit":false},{"lineNumber":2,"author":{"gitId":"Emannuel-Tan"},"content":"    protected String by;","lastModifiedDate":"2025-08-30T18:44:01","isFullCredit":false},{"lineNumber":3,"author":{"gitId":"Emannuel-Tan"},"content":"","lastModifiedDate":"2025-08-30T18:44:01","isFullCredit":false},{"lineNumber":4,"author":{"gitId":"Emannuel-Tan"},"content":"    // Constructor","lastModifiedDate":"2025-08-30T18:44:01","isFullCredit":false},{"lineNumber":5,"author":{"gitId":"Emannuel-Tan"},"content":"    public Deadline(String description, String by) {","lastModifiedDate":"2025-08-30T18:44:01","isFullCredit":false},{"lineNumber":6,"author":{"gitId":"Emannuel-Tan"},"content":"        super(description);","lastModifiedDate":"2025-08-30T18:44:01","isFullCredit":false},{"lineNumber":7,"author":{"gitId":"Emannuel-Tan"},"content":"        type \u003d TaskType.D;","lastModifiedDate":"2025-08-30T18:44:01","isFullCredit":false},{"lineNumber":8,"author":{"gitId":"Emannuel-Tan"},"content":"        this.by \u003d by;","lastModifiedDate":"2025-08-30T18:44:01","isFullCredit":false},{"lineNumber":9,"author":{"gitId":"Emannuel-Tan"},"content":"    }","lastModifiedDate":"2025-08-30T18:44:01","isFullCredit":false},{"lineNumber":10,"author":{"gitId":"Emannuel-Tan"},"content":"","lastModifiedDate":"2025-08-30T18:44:01","isFullCredit":false},{"lineNumber":11,"author":{"gitId":"Emannuel-Tan"},"content":"    @Override","lastModifiedDate":"2025-08-30T18:44:01","isFullCredit":false},{"lineNumber":12,"author":{"gitId":"Emannuel-Tan"},"content":"    public String getStatus() {","lastModifiedDate":"2025-08-30T18:44:01","isFullCredit":false},{"lineNumber":13,"author":{"gitId":"Emannuel-Tan"},"content":"        return super.getStatus() + \" (by: \" + by + \")\";","lastModifiedDate":"2025-08-30T18:44:01","isFullCredit":false},{"lineNumber":14,"author":{"gitId":"Emannuel-Tan"},"content":"    }","lastModifiedDate":"2025-08-30T18:44:01","isFullCredit":false},{"lineNumber":15,"author":{"gitId":"Emannuel-Tan"},"content":"}","lastModifiedDate":"2025-08-30T18:44:01","isFullCredit":false}],"authorContributionMap":{"Emannuel-Tan":15}},{"path":"src/main/java/Event.java","fileType":"java","lines":[{"lineNumber":1,"author":{"gitId":"Emannuel-Tan"},"content":"public class Event extends ToDo {","lastModifiedDate":"2025-08-30T19:20:12","isFullCredit":false},{"lineNumber":2,"author":{"gitId":"Emannuel-Tan"},"content":"    protected String from;","lastModifiedDate":"2025-08-30T19:20:12","isFullCredit":false},{"lineNumber":3,"author":{"gitId":"Emannuel-Tan"},"content":"    protected String to;","lastModifiedDate":"2025-08-30T19:20:12","isFullCredit":false},{"lineNumber":4,"author":{"gitId":"Emannuel-Tan"},"content":"","lastModifiedDate":"2025-08-30T19:20:12","isFullCredit":false},{"lineNumber":5,"author":{"gitId":"Emannuel-Tan"},"content":"    // Constructor","lastModifiedDate":"2025-08-30T19:20:12","isFullCredit":false},{"lineNumber":6,"author":{"gitId":"Emannuel-Tan"},"content":"    public Event(String desciption, String from, String to) {","lastModifiedDate":"2025-08-30T19:20:12","isFullCredit":false},{"lineNumber":7,"author":{"gitId":"Emannuel-Tan"},"content":"        super(desciption);","lastModifiedDate":"2025-08-30T19:20:12","isFullCredit":false},{"lineNumber":8,"author":{"gitId":"Emannuel-Tan"},"content":"        type \u003d TaskType.E;","lastModifiedDate":"2025-08-30T19:20:12","isFullCredit":false},{"lineNumber":9,"author":{"gitId":"Emannuel-Tan"},"content":"        this.from \u003d from;","lastModifiedDate":"2025-08-30T19:20:12","isFullCredit":false},{"lineNumber":10,"author":{"gitId":"Emannuel-Tan"},"content":"        this.to \u003d to;","lastModifiedDate":"2025-08-30T19:20:12","isFullCredit":false},{"lineNumber":11,"author":{"gitId":"Emannuel-Tan"},"content":"    }","lastModifiedDate":"2025-08-30T19:20:12","isFullCredit":false},{"lineNumber":12,"author":{"gitId":"Emannuel-Tan"},"content":"","lastModifiedDate":"2025-08-30T19:20:12","isFullCredit":false},{"lineNumber":13,"author":{"gitId":"Emannuel-Tan"},"content":"    @Override","lastModifiedDate":"2025-08-30T19:20:12","isFullCredit":false},{"lineNumber":14,"author":{"gitId":"Emannuel-Tan"},"content":"    public String getStatus() {","lastModifiedDate":"2025-08-30T19:20:12","isFullCredit":false},{"lineNumber":15,"author":{"gitId":"Emannuel-Tan"},"content":"        return super.getStatus() + \" (from: \" + from + \" to: \" + to + \")\";","lastModifiedDate":"2025-08-30T19:20:12","isFullCredit":false},{"lineNumber":16,"author":{"gitId":"Emannuel-Tan"},"content":"    }","lastModifiedDate":"2025-08-30T19:20:12","isFullCredit":false},{"lineNumber":17,"author":{"gitId":"Emannuel-Tan"},"content":"}","lastModifiedDate":"2025-08-30T19:20:12","isFullCredit":false}],"authorContributionMap":{"Emannuel-Tan":17}},{"path":"src/main/java/Task.java","fileType":"java","lines":[{"lineNumber":1,"author":{"gitId":"Emannuel-Tan"},"content":"public class Task {","lastModifiedDate":"2025-08-23T19:32:36","isFullCredit":false},{"lineNumber":2,"author":{"gitId":"Emannuel-Tan"},"content":"    protected String description;","lastModifiedDate":"2025-08-23T19:32:36","isFullCredit":false},{"lineNumber":3,"author":{"gitId":"Emannuel-Tan"},"content":"    protected boolean isDone;","lastModifiedDate":"2025-08-23T19:32:36","isFullCredit":false},{"lineNumber":4,"author":{"gitId":"Emannuel-Tan"},"content":"","lastModifiedDate":"2025-08-23T19:32:36","isFullCredit":false},{"lineNumber":5,"author":{"gitId":"Emannuel-Tan"},"content":"    protected static int numberOfTasks \u003d 0;","lastModifiedDate":"2025-08-23T19:32:36","isFullCredit":false},{"lineNumber":6,"author":{"gitId":"Emannuel-Tan"},"content":"","lastModifiedDate":"2025-08-23T19:32:36","isFullCredit":false},{"lineNumber":7,"author":{"gitId":"Emannuel-Tan"},"content":"    // Constructor defaults to not done","lastModifiedDate":"2025-08-23T19:32:36","isFullCredit":false},{"lineNumber":8,"author":{"gitId":"Emannuel-Tan"},"content":"    public Task(String description) {","lastModifiedDate":"2025-08-23T19:32:36","isFullCredit":false},{"lineNumber":9,"author":{"gitId":"Emannuel-Tan"},"content":"        this.description \u003d description;","lastModifiedDate":"2025-08-23T19:32:36","isFullCredit":false},{"lineNumber":10,"author":{"gitId":"Emannuel-Tan"},"content":"        this.isDone \u003d false;","lastModifiedDate":"2025-08-23T19:32:36","isFullCredit":false},{"lineNumber":11,"author":{"gitId":"Emannuel-Tan"},"content":"    }","lastModifiedDate":"2025-08-23T19:32:36","isFullCredit":false},{"lineNumber":12,"author":{"gitId":"Emannuel-Tan"},"content":"","lastModifiedDate":"2025-08-23T19:32:36","isFullCredit":false},{"lineNumber":13,"author":{"gitId":"Emannuel-Tan"},"content":"    // Returns String output of current status and task content","lastModifiedDate":"2025-08-23T19:32:36","isFullCredit":false},{"lineNumber":14,"author":{"gitId":"Emannuel-Tan"},"content":"    public String getStatus() {","lastModifiedDate":"2025-08-23T19:32:36","isFullCredit":false},{"lineNumber":15,"author":{"gitId":"Emannuel-Tan"},"content":"        String output \u003d \"[\";","lastModifiedDate":"2025-08-23T19:32:36","isFullCredit":false},{"lineNumber":16,"author":{"gitId":"Emannuel-Tan"},"content":"","lastModifiedDate":"2025-08-23T19:32:36","isFullCredit":false},{"lineNumber":17,"author":{"gitId":"Emannuel-Tan"},"content":"        if (isDone) {","lastModifiedDate":"2025-08-23T19:32:36","isFullCredit":false},{"lineNumber":18,"author":{"gitId":"Emannuel-Tan"},"content":"            output +\u003d \"X\";","lastModifiedDate":"2025-08-23T19:32:36","isFullCredit":false},{"lineNumber":19,"author":{"gitId":"Emannuel-Tan"},"content":"        } else {","lastModifiedDate":"2025-08-23T19:32:36","isFullCredit":false},{"lineNumber":20,"author":{"gitId":"Emannuel-Tan"},"content":"            output +\u003d \" \";","lastModifiedDate":"2025-08-23T19:32:36","isFullCredit":false},{"lineNumber":21,"author":{"gitId":"Emannuel-Tan"},"content":"        }","lastModifiedDate":"2025-08-23T19:32:36","isFullCredit":false},{"lineNumber":22,"author":{"gitId":"Emannuel-Tan"},"content":"","lastModifiedDate":"2025-08-23T19:32:36","isFullCredit":false},{"lineNumber":23,"author":{"gitId":"Emannuel-Tan"},"content":"        output +\u003d \"] \" + description;","lastModifiedDate":"2025-08-23T19:32:36","isFullCredit":false},{"lineNumber":24,"author":{"gitId":"Emannuel-Tan"},"content":"","lastModifiedDate":"2025-08-23T19:32:36","isFullCredit":false},{"lineNumber":25,"author":{"gitId":"Emannuel-Tan"},"content":"        return output;","lastModifiedDate":"2025-08-23T19:32:36","isFullCredit":false},{"lineNumber":26,"author":{"gitId":"Emannuel-Tan"},"content":"    }","lastModifiedDate":"2025-08-23T19:32:36","isFullCredit":false},{"lineNumber":27,"author":{"gitId":"Emannuel-Tan"},"content":"","lastModifiedDate":"2025-08-23T19:32:36","isFullCredit":false},{"lineNumber":28,"author":{"gitId":"Emannuel-Tan"},"content":"    // Set task to Done","lastModifiedDate":"2025-08-23T19:32:36","isFullCredit":false},{"lineNumber":29,"author":{"gitId":"Emannuel-Tan"},"content":"    public void setDone() {","lastModifiedDate":"2025-08-23T19:32:36","isFullCredit":false},{"lineNumber":30,"author":{"gitId":"Emannuel-Tan"},"content":"        isDone \u003d true;","lastModifiedDate":"2025-08-23T19:32:36","isFullCredit":false},{"lineNumber":31,"author":{"gitId":"Emannuel-Tan"},"content":"    }","lastModifiedDate":"2025-08-23T19:32:36","isFullCredit":false},{"lineNumber":32,"author":{"gitId":"Emannuel-Tan"},"content":"","lastModifiedDate":"2025-08-23T19:32:36","isFullCredit":false},{"lineNumber":33,"author":{"gitId":"Emannuel-Tan"},"content":"    // Reset task to Not Done","lastModifiedDate":"2025-08-23T19:32:36","isFullCredit":false},{"lineNumber":34,"author":{"gitId":"Emannuel-Tan"},"content":"    public void setUndone() {","lastModifiedDate":"2025-08-23T19:32:36","isFullCredit":false},{"lineNumber":35,"author":{"gitId":"Emannuel-Tan"},"content":"        isDone \u003d false;","lastModifiedDate":"2025-08-23T19:32:36","isFullCredit":false},{"lineNumber":36,"author":{"gitId":"Emannuel-Tan"},"content":"    }","lastModifiedDate":"2025-08-23T19:32:36","isFullCredit":false},{"lineNumber":37,"author":{"gitId":"Emannuel-Tan"},"content":"}","lastModifiedDate":"2025-08-23T19:32:36","isFullCredit":false}],"authorContributionMap":{"Emannuel-Tan":37}},{"path":"src/main/java/TaskMaster.java","fileType":"java","lines":[{"lineNumber":1,"author":{"gitId":"Emannuel-Tan"},"content":"import java.util.Scanner;","lastModifiedDate":"2025-08-23T18:15:06","isFullCredit":false},{"lineNumber":2,"author":{"gitId":"Emannuel-Tan"},"content":"","lastModifiedDate":"2025-08-23T18:15:06","isFullCredit":false},{"lineNumber":3,"author":{"gitId":"Emannuel-Tan"},"content":"public class TaskMaster {","lastModifiedDate":"2025-08-18T10:53:22","isFullCredit":false},{"lineNumber":4,"author":{"gitId":"Emannuel-Tan"},"content":"    // Display all saved tasks","lastModifiedDate":"2025-08-23T20:10:54","isFullCredit":false},{"lineNumber":5,"author":{"gitId":"Emannuel-Tan"},"content":"    public static void listTasks(Task[] tasks, String spacing) {","lastModifiedDate":"2025-08-30T20:03:54","isFullCredit":false},{"lineNumber":6,"author":{"gitId":"Emannuel-Tan"},"content":"        System.out.print(spacing);","lastModifiedDate":"2025-08-23T19:32:36","isFullCredit":false},{"lineNumber":7,"author":{"gitId":"Emannuel-Tan"},"content":"        for (int i \u003d 0; i \u003c Task.numberOfTasks; i +\u003d 1) {","lastModifiedDate":"2025-08-30T20:03:54","isFullCredit":false},{"lineNumber":8,"author":{"gitId":"Emannuel-Tan"},"content":"            System.out.println((i + 1) + \".\" + tasks[i].getStatus());","lastModifiedDate":"2025-08-23T19:32:36","isFullCredit":false},{"lineNumber":9,"author":{"gitId":"Emannuel-Tan"},"content":"        }","lastModifiedDate":"2025-08-23T19:04:30","isFullCredit":false},{"lineNumber":10,"author":{"gitId":"Emannuel-Tan"},"content":"        System.out.print(spacing);","lastModifiedDate":"2025-08-23T19:32:36","isFullCredit":false},{"lineNumber":11,"author":{"gitId":"Emannuel-Tan"},"content":"    }","lastModifiedDate":"2025-08-23T19:04:30","isFullCredit":false},{"lineNumber":12,"author":{"gitId":"Emannuel-Tan"},"content":"","lastModifiedDate":"2025-08-23T19:04:30","isFullCredit":false},{"lineNumber":13,"author":{"gitId":"Emannuel-Tan"},"content":"    // Mark a task","lastModifiedDate":"2025-08-23T20:10:54","isFullCredit":false},{"lineNumber":14,"author":{"gitId":"Emannuel-Tan"},"content":"    public static void markTask(Task[] tasks, String taskToMark, String spacing) {","lastModifiedDate":"2025-08-23T20:10:54","isFullCredit":false},{"lineNumber":15,"author":{"gitId":"Emannuel-Tan"},"content":"        final int LENGTH_OF_MARK \u003d 4;","lastModifiedDate":"2025-08-30T20:54:37","isFullCredit":false},{"lineNumber":16,"author":{"gitId":"Emannuel-Tan"},"content":"","lastModifiedDate":"2025-08-30T20:54:37","isFullCredit":false},{"lineNumber":17,"author":{"gitId":"Emannuel-Tan"},"content":"        // Separate task from command \u0026 Get index to mark in type int","lastModifiedDate":"2025-08-30T20:54:37","isFullCredit":false},{"lineNumber":18,"author":{"gitId":"Emannuel-Tan"},"content":"        taskToMark \u003d taskToMark.substring(LENGTH_OF_MARK);","lastModifiedDate":"2025-08-30T20:54:37","isFullCredit":false},{"lineNumber":19,"author":{"gitId":"Emannuel-Tan"},"content":"        taskToMark \u003d taskToMark.trim();","lastModifiedDate":"2025-08-30T20:54:37","isFullCredit":false},{"lineNumber":20,"author":{"gitId":"Emannuel-Tan"},"content":"        int taskToMarkIndex \u003d Integer.parseInt(taskToMark) - 1;","lastModifiedDate":"2025-08-23T20:10:54","isFullCredit":false},{"lineNumber":21,"author":{"gitId":"Emannuel-Tan"},"content":"","lastModifiedDate":"2025-08-30T20:54:37","isFullCredit":false},{"lineNumber":22,"author":{"gitId":"Emannuel-Tan"},"content":"        // Set Task to done \u0026 Output","lastModifiedDate":"2025-08-30T20:54:37","isFullCredit":false},{"lineNumber":23,"author":{"gitId":"Emannuel-Tan"},"content":"        tasks[taskToMarkIndex].setDone();","lastModifiedDate":"2025-08-23T20:10:54","isFullCredit":false},{"lineNumber":24,"author":{"gitId":"Emannuel-Tan"},"content":"        System.out.println(spacing + \"Nice! I\u0027ve marked this task as done:\");","lastModifiedDate":"2025-08-23T20:10:54","isFullCredit":false},{"lineNumber":25,"author":{"gitId":"Emannuel-Tan"},"content":"        System.out.print(tasks[taskToMarkIndex].getStatus() + \"\\n\" + spacing);","lastModifiedDate":"2025-08-23T20:10:54","isFullCredit":false},{"lineNumber":26,"author":{"gitId":"Emannuel-Tan"},"content":"    }","lastModifiedDate":"2025-08-23T20:10:54","isFullCredit":false},{"lineNumber":27,"author":{"gitId":"Emannuel-Tan"},"content":"","lastModifiedDate":"2025-08-23T20:10:54","isFullCredit":false},{"lineNumber":28,"author":{"gitId":"Emannuel-Tan"},"content":"    // Unmark a task","lastModifiedDate":"2025-08-23T20:10:54","isFullCredit":false},{"lineNumber":29,"author":{"gitId":"Emannuel-Tan"},"content":"    public static void unmarkTask(Task[] tasks, String taskToUnmark, String spacing) {","lastModifiedDate":"2025-08-23T20:10:54","isFullCredit":false},{"lineNumber":30,"author":{"gitId":"Emannuel-Tan"},"content":"        final int LENGTH_OF_UNMARK \u003d 6;","lastModifiedDate":"2025-08-30T20:54:37","isFullCredit":false},{"lineNumber":31,"author":{"gitId":"Emannuel-Tan"},"content":"","lastModifiedDate":"2025-08-30T20:54:37","isFullCredit":false},{"lineNumber":32,"author":{"gitId":"Emannuel-Tan"},"content":"        // Separate task from command \u0026 Get index to unmark in type int","lastModifiedDate":"2025-08-30T20:54:37","isFullCredit":false},{"lineNumber":33,"author":{"gitId":"Emannuel-Tan"},"content":"        taskToUnmark \u003d taskToUnmark.substring(LENGTH_OF_UNMARK);","lastModifiedDate":"2025-08-30T20:54:37","isFullCredit":false},{"lineNumber":34,"author":{"gitId":"Emannuel-Tan"},"content":"        taskToUnmark \u003d taskToUnmark.trim();","lastModifiedDate":"2025-08-30T20:54:37","isFullCredit":false},{"lineNumber":35,"author":{"gitId":"Emannuel-Tan"},"content":"        int taskToUnmarkIndex \u003d Integer.parseInt(taskToUnmark) - 1;","lastModifiedDate":"2025-08-23T20:10:54","isFullCredit":false},{"lineNumber":36,"author":{"gitId":"Emannuel-Tan"},"content":"","lastModifiedDate":"2025-08-30T20:54:37","isFullCredit":false},{"lineNumber":37,"author":{"gitId":"Emannuel-Tan"},"content":"        // Set Task to not done \u0026 Output","lastModifiedDate":"2025-08-30T20:54:37","isFullCredit":false},{"lineNumber":38,"author":{"gitId":"Emannuel-Tan"},"content":"        tasks[taskToUnmarkIndex].setUndone();","lastModifiedDate":"2025-08-23T20:10:54","isFullCredit":false},{"lineNumber":39,"author":{"gitId":"Emannuel-Tan"},"content":"        System.out.println(spacing + \"OK! I\u0027ve marked this task as not done yet:\");","lastModifiedDate":"2025-08-23T20:10:54","isFullCredit":false},{"lineNumber":40,"author":{"gitId":"Emannuel-Tan"},"content":"        System.out.print(tasks[taskToUnmarkIndex].getStatus() + \"\\n\" + spacing);","lastModifiedDate":"2025-08-23T20:10:54","isFullCredit":false},{"lineNumber":41,"author":{"gitId":"Emannuel-Tan"},"content":"    }","lastModifiedDate":"2025-08-23T20:10:54","isFullCredit":false},{"lineNumber":42,"author":{"gitId":"Emannuel-Tan"},"content":"","lastModifiedDate":"2025-08-23T20:10:54","isFullCredit":false},{"lineNumber":43,"author":{"gitId":"Emannuel-Tan"},"content":"    // Start Message","lastModifiedDate":"2025-08-30T16:04:19","isFullCredit":false},{"lineNumber":44,"author":{"gitId":"Emannuel-Tan"},"content":"    public static void startMessage(String spacing) {","lastModifiedDate":"2025-08-30T16:04:19","isFullCredit":false},{"lineNumber":45,"author":{"gitId":"Emannuel-Tan"},"content":"        final String LOGO \u003d \"\"\"","lastModifiedDate":"2025-08-30T20:43:38","isFullCredit":false},{"lineNumber":46,"author":{"gitId":"Emannuel-Tan"},"content":"                 _____   ___   ____  |  /   |\\\\  /|  ___   ____  _____   ____  ___  \\s","lastModifiedDate":"2025-08-30T20:43:38","isFullCredit":false},{"lineNumber":47,"author":{"gitId":"Emannuel-Tan"},"content":"                |__ __| |   | |      | /    | \\\\/ | |   | |     |__ __| |     |   \\\\\\s","lastModifiedDate":"2025-08-30T20:43:38","isFullCredit":false},{"lineNumber":48,"author":{"gitId":"Emannuel-Tan"},"content":"                  | |   |___| |___   |      |    | |___| |___    | |   |____ |___/  \\s","lastModifiedDate":"2025-08-30T20:43:38","isFullCredit":false},{"lineNumber":49,"author":{"gitId":"Emannuel-Tan"},"content":"                  | |   |   |     |  | \\\\    |    | |   |     |   | |   |     |   \\\\\\s","lastModifiedDate":"2025-08-30T20:43:38","isFullCredit":false},{"lineNumber":50,"author":{"gitId":"Emannuel-Tan"},"content":"                  |_|   |   | ____|  |  \\\\   |    | |   | ____|   |_|   |____ |    \\\\","lastModifiedDate":"2025-08-30T20:43:38","isFullCredit":false},{"lineNumber":51,"author":{"gitId":"Emannuel-Tan"},"content":"                \"\"\";","lastModifiedDate":"2025-08-30T20:43:38","isFullCredit":false},{"lineNumber":52,"author":{"gitId":"Emannuel-Tan"},"content":"","lastModifiedDate":"2025-08-30T16:04:19","isFullCredit":false},{"lineNumber":53,"author":{"gitId":"Emannuel-Tan"},"content":"        System.out.print(spacing + \"Hello I\u0027m\\n\" + LOGO + \"\\nWhat can I do for you?\\n\" + spacing);","lastModifiedDate":"2025-08-30T18:09:17","isFullCredit":false},{"lineNumber":54,"author":{"gitId":"Emannuel-Tan"},"content":"    }","lastModifiedDate":"2025-08-30T16:04:19","isFullCredit":false},{"lineNumber":55,"author":{"gitId":"Emannuel-Tan"},"content":"","lastModifiedDate":"2025-08-30T16:04:19","isFullCredit":false},{"lineNumber":56,"author":{"gitId":"Emannuel-Tan"},"content":"    // End Message","lastModifiedDate":"2025-08-30T16:04:19","isFullCredit":false},{"lineNumber":57,"author":{"gitId":"Emannuel-Tan"},"content":"    public static void endMessage(String spacing) {","lastModifiedDate":"2025-08-30T16:04:19","isFullCredit":false},{"lineNumber":58,"author":{"gitId":"Emannuel-Tan"},"content":"        System.out.print(spacing + \"Bye. Hope to see you again soon!\\n\" + spacing);","lastModifiedDate":"2025-08-31T14:13:17","isFullCredit":false},{"lineNumber":59,"author":{"gitId":"Emannuel-Tan"},"content":"    }","lastModifiedDate":"2025-08-30T16:04:19","isFullCredit":false},{"lineNumber":60,"author":{"gitId":"Emannuel-Tan"},"content":"","lastModifiedDate":"2025-08-30T16:04:19","isFullCredit":false},{"lineNumber":61,"author":{"gitId":"Emannuel-Tan"},"content":"    // Output Message after addition of a Task","lastModifiedDate":"2025-08-30T18:16:51","isFullCredit":false},{"lineNumber":62,"author":{"gitId":"Emannuel-Tan"},"content":"    public static void addTaskOutput(Task task, String spacing) {","lastModifiedDate":"2025-08-30T18:56:06","isFullCredit":false},{"lineNumber":63,"author":{"gitId":"Emannuel-Tan"},"content":"        System.out.print(spacing + \"Added Task:\\n  \" + task.getStatus() +","lastModifiedDate":"2025-08-30T18:56:06","isFullCredit":false},{"lineNumber":64,"author":{"gitId":"Emannuel-Tan"},"content":"                \"\\nNow you have \" + (Task.numberOfTasks + 1) + \" task(s) in the list\\n\" + spacing);","lastModifiedDate":"2025-08-30T19:13:54","isFullCredit":false},{"lineNumber":65,"author":{"gitId":"Emannuel-Tan"},"content":"    }","lastModifiedDate":"2025-08-30T18:16:51","isFullCredit":false},{"lineNumber":66,"author":{"gitId":"Emannuel-Tan"},"content":"","lastModifiedDate":"2025-08-30T18:16:51","isFullCredit":false},{"lineNumber":67,"author":{"gitId":"Emannuel-Tan"},"content":"    // Output Message if unknown command given","lastModifiedDate":"2025-08-30T18:31:31","isFullCredit":false},{"lineNumber":68,"author":{"gitId":"Emannuel-Tan"},"content":"    public static void unknownCommand(String spacing) {","lastModifiedDate":"2025-08-30T18:31:31","isFullCredit":false},{"lineNumber":69,"author":{"gitId":"Emannuel-Tan"},"content":"        System.out.println(spacing + \"Unknown command given, please use one of the following commands:\");","lastModifiedDate":"2025-08-30T18:31:31","isFullCredit":false},{"lineNumber":70,"author":{"gitId":"Emannuel-Tan"},"content":"        System.out.println(\"list: Lists all tasks\");","lastModifiedDate":"2025-08-30T19:12:19","isFullCredit":false},{"lineNumber":71,"author":{"gitId":"Emannuel-Tan"},"content":"        System.out.println(\"bye: Exit the program\");","lastModifiedDate":"2025-08-30T19:12:19","isFullCredit":false},{"lineNumber":72,"author":{"gitId":"Emannuel-Tan"},"content":"        System.out.println(\"todo \u003ctask\u003e : Add a task with no deadline\");","lastModifiedDate":"2025-08-30T19:12:19","isFullCredit":false},{"lineNumber":73,"author":{"gitId":"Emannuel-Tan"},"content":"        System.out.println(\"deadline \u003ctask\u003e /by \u003cdeadline\u003e: Add a task with deadline\");","lastModifiedDate":"2025-08-30T19:12:19","isFullCredit":false},{"lineNumber":74,"author":{"gitId":"Emannuel-Tan"},"content":"        System.out.println(\"event \u003cevent_name\u003e /from \u003cstart_time\u003e /to \u003cend_time\u003e: Add a event with a start \u0026 end time\");","lastModifiedDate":"2025-08-30T19:34:11","isFullCredit":false},{"lineNumber":75,"author":{"gitId":"Emannuel-Tan"},"content":"        System.out.println(\"mark \u003ctask_number\u003e: Mark the task at task_number as done\");","lastModifiedDate":"2025-08-30T19:12:19","isFullCredit":false},{"lineNumber":76,"author":{"gitId":"Emannuel-Tan"},"content":"        System.out.println(\"unmark \u003ctask_number\u003e: Mark the task at task_number as not done\");","lastModifiedDate":"2025-08-30T19:12:19","isFullCredit":false},{"lineNumber":77,"author":{"gitId":"Emannuel-Tan"},"content":"        System.out.print(spacing);","lastModifiedDate":"2025-08-30T18:31:31","isFullCredit":false},{"lineNumber":78,"author":{"gitId":"Emannuel-Tan"},"content":"    }","lastModifiedDate":"2025-08-30T18:31:31","isFullCredit":false},{"lineNumber":79,"author":{"gitId":"Emannuel-Tan"},"content":"","lastModifiedDate":"2025-08-30T18:31:31","isFullCredit":false},{"lineNumber":80,"author":{"gitId":"Emannuel-Tan"},"content":"    // Add ToDo","lastModifiedDate":"2025-08-30T18:16:51","isFullCredit":false},{"lineNumber":81,"author":{"gitId":"Emannuel-Tan"},"content":"    public static void addToDo(Task[] tasks, String userInput, String spacing) {","lastModifiedDate":"2025-08-30T20:43:38","isFullCredit":false},{"lineNumber":82,"author":{"gitId":"Emannuel-Tan"},"content":"        final int LENGTH_OF_TODO \u003d 4;","lastModifiedDate":"2025-08-30T18:16:51","isFullCredit":false},{"lineNumber":83,"author":{"gitId":"Emannuel-Tan"},"content":"","lastModifiedDate":"2025-08-30T18:16:51","isFullCredit":false},{"lineNumber":84,"author":{"gitId":"Emannuel-Tan"},"content":"        // Separate task from command","lastModifiedDate":"2025-08-30T18:16:51","isFullCredit":false},{"lineNumber":85,"author":{"gitId":"Emannuel-Tan"},"content":"        userInput \u003d userInput.substring(LENGTH_OF_TODO);","lastModifiedDate":"2025-08-30T20:43:38","isFullCredit":false},{"lineNumber":86,"author":{"gitId":"Emannuel-Tan"},"content":"        userInput \u003d userInput.trim();","lastModifiedDate":"2025-08-30T20:43:38","isFullCredit":false},{"lineNumber":87,"author":{"gitId":"Emannuel-Tan"},"content":"","lastModifiedDate":"2025-08-30T18:16:51","isFullCredit":false},{"lineNumber":88,"author":{"gitId":"Emannuel-Tan"},"content":"        // Add to task array","lastModifiedDate":"2025-08-30T18:56:06","isFullCredit":false},{"lineNumber":89,"author":{"gitId":"Emannuel-Tan"},"content":"        tasks[Task.numberOfTasks] \u003d new ToDo(userInput);","lastModifiedDate":"2025-08-30T20:43:38","isFullCredit":false},{"lineNumber":90,"author":{"gitId":"Emannuel-Tan"},"content":"","lastModifiedDate":"2025-08-30T18:16:51","isFullCredit":false},{"lineNumber":91,"author":{"gitId":"Emannuel-Tan"},"content":"        // Output","lastModifiedDate":"2025-08-30T18:16:51","isFullCredit":false},{"lineNumber":92,"author":{"gitId":"Emannuel-Tan"},"content":"        addTaskOutput(tasks[Task.numberOfTasks], spacing);","lastModifiedDate":"2025-08-30T18:56:06","isFullCredit":false},{"lineNumber":93,"author":{"gitId":"Emannuel-Tan"},"content":"","lastModifiedDate":"2025-08-30T18:56:06","isFullCredit":false},{"lineNumber":94,"author":{"gitId":"Emannuel-Tan"},"content":"        // Update number of tasks","lastModifiedDate":"2025-08-30T19:12:19","isFullCredit":false},{"lineNumber":95,"author":{"gitId":"Emannuel-Tan"},"content":"        Task.numberOfTasks++;","lastModifiedDate":"2025-08-30T18:56:06","isFullCredit":false},{"lineNumber":96,"author":{"gitId":"Emannuel-Tan"},"content":"    }","lastModifiedDate":"2025-08-30T18:56:06","isFullCredit":false},{"lineNumber":97,"author":{"gitId":"Emannuel-Tan"},"content":"","lastModifiedDate":"2025-08-30T19:12:19","isFullCredit":false},{"lineNumber":98,"author":{"gitId":"Emannuel-Tan"},"content":"    // Add Deadline","lastModifiedDate":"2025-08-30T19:12:19","isFullCredit":false},{"lineNumber":99,"author":{"gitId":"Emannuel-Tan"},"content":"    public static void addDeadline(Task[] tasks, String userInput, String spacing) {","lastModifiedDate":"2025-08-30T20:43:38","isFullCredit":false},{"lineNumber":100,"author":{"gitId":"Emannuel-Tan"},"content":"        final int LENGTH_OF_DEADLINE \u003d 8;","lastModifiedDate":"2025-08-30T19:12:19","isFullCredit":false},{"lineNumber":101,"author":{"gitId":"Emannuel-Tan"},"content":"        final int LENGTH_OF_BY \u003d 2;","lastModifiedDate":"2025-08-30T19:12:19","isFullCredit":false},{"lineNumber":102,"author":{"gitId":"Emannuel-Tan"},"content":"","lastModifiedDate":"2025-08-30T19:12:19","isFullCredit":false},{"lineNumber":103,"author":{"gitId":"Emannuel-Tan"},"content":"        // Separate task and deadline from command","lastModifiedDate":"2025-08-30T20:43:38","isFullCredit":false},{"lineNumber":104,"author":{"gitId":"Emannuel-Tan"},"content":"        // taskParameters[0]: Task","lastModifiedDate":"2025-08-30T20:43:38","isFullCredit":false},{"lineNumber":105,"author":{"gitId":"Emannuel-Tan"},"content":"        // taskParameters[1]: Deadline","lastModifiedDate":"2025-08-30T20:43:38","isFullCredit":false},{"lineNumber":106,"author":{"gitId":"Emannuel-Tan"},"content":"        userInput \u003d userInput.substring(LENGTH_OF_DEADLINE);","lastModifiedDate":"2025-08-30T20:43:38","isFullCredit":false},{"lineNumber":107,"author":{"gitId":"Emannuel-Tan"},"content":"        userInput \u003d userInput.trim();","lastModifiedDate":"2025-08-30T20:43:38","isFullCredit":false},{"lineNumber":108,"author":{"gitId":"Emannuel-Tan"},"content":"        String[] taskParameters \u003d userInput.split(\"/\");","lastModifiedDate":"2025-08-30T20:43:38","isFullCredit":false},{"lineNumber":109,"author":{"gitId":"Emannuel-Tan"},"content":"        taskParameters[1] \u003d taskParameters[1].substring(LENGTH_OF_BY);","lastModifiedDate":"2025-08-30T20:43:38","isFullCredit":false},{"lineNumber":110,"author":{"gitId":"Emannuel-Tan"},"content":"","lastModifiedDate":"2025-08-30T19:12:19","isFullCredit":false},{"lineNumber":111,"author":{"gitId":"Emannuel-Tan"},"content":"        // Add to task array","lastModifiedDate":"2025-08-30T19:12:19","isFullCredit":false},{"lineNumber":112,"author":{"gitId":"Emannuel-Tan"},"content":"        tasks[Task.numberOfTasks] \u003d new Deadline(taskParameters[0].trim(), taskParameters[1].trim());","lastModifiedDate":"2025-08-30T20:43:38","isFullCredit":false},{"lineNumber":113,"author":{"gitId":"Emannuel-Tan"},"content":"","lastModifiedDate":"2025-08-30T19:12:19","isFullCredit":false},{"lineNumber":114,"author":{"gitId":"Emannuel-Tan"},"content":"        // Output","lastModifiedDate":"2025-08-30T19:12:19","isFullCredit":false},{"lineNumber":115,"author":{"gitId":"Emannuel-Tan"},"content":"        addTaskOutput(tasks[Task.numberOfTasks], spacing);","lastModifiedDate":"2025-08-30T19:12:19","isFullCredit":false},{"lineNumber":116,"author":{"gitId":"Emannuel-Tan"},"content":"","lastModifiedDate":"2025-08-30T19:12:19","isFullCredit":false},{"lineNumber":117,"author":{"gitId":"Emannuel-Tan"},"content":"        // Update number of tasks","lastModifiedDate":"2025-08-30T19:12:19","isFullCredit":false},{"lineNumber":118,"author":{"gitId":"Emannuel-Tan"},"content":"        Task.numberOfTasks++;","lastModifiedDate":"2025-08-30T19:12:19","isFullCredit":false},{"lineNumber":119,"author":{"gitId":"Emannuel-Tan"},"content":"    }","lastModifiedDate":"2025-08-30T16:16:47","isFullCredit":false},{"lineNumber":120,"author":{"gitId":"Emannuel-Tan"},"content":"","lastModifiedDate":"2025-08-30T16:16:47","isFullCredit":false},{"lineNumber":121,"author":{"gitId":"Emannuel-Tan"},"content":"    // Add Event","lastModifiedDate":"2025-08-30T19:34:11","isFullCredit":false},{"lineNumber":122,"author":{"gitId":"Emannuel-Tan"},"content":"    public static void addEvent(Task[] tasks, String userInput, String spacing) {","lastModifiedDate":"2025-08-30T20:43:38","isFullCredit":false},{"lineNumber":123,"author":{"gitId":"Emannuel-Tan"},"content":"        final int LENGTH_OF_EVENT \u003d 5;","lastModifiedDate":"2025-08-30T19:34:11","isFullCredit":false},{"lineNumber":124,"author":{"gitId":"Emannuel-Tan"},"content":"        final int LENGTH_OF_FROM \u003d 4;","lastModifiedDate":"2025-08-30T19:34:11","isFullCredit":false},{"lineNumber":125,"author":{"gitId":"Emannuel-Tan"},"content":"        final int LENGTH_OF_TO \u003d 2;","lastModifiedDate":"2025-08-30T19:34:11","isFullCredit":false},{"lineNumber":126,"author":{"gitId":"Emannuel-Tan"},"content":"","lastModifiedDate":"2025-08-30T19:34:11","isFullCredit":false},{"lineNumber":127,"author":{"gitId":"Emannuel-Tan"},"content":"        // Separate task and from and to from command","lastModifiedDate":"2025-08-30T20:43:38","isFullCredit":false},{"lineNumber":128,"author":{"gitId":"Emannuel-Tan"},"content":"        // taskParameters[0]: Task","lastModifiedDate":"2025-08-30T20:43:38","isFullCredit":false},{"lineNumber":129,"author":{"gitId":"Emannuel-Tan"},"content":"        // taskParameters[1]: From","lastModifiedDate":"2025-08-30T20:43:38","isFullCredit":false},{"lineNumber":130,"author":{"gitId":"Emannuel-Tan"},"content":"        // taskParameters[2]: To","lastModifiedDate":"2025-08-30T20:43:38","isFullCredit":false},{"lineNumber":131,"author":{"gitId":"Emannuel-Tan"},"content":"        userInput \u003d userInput.substring(LENGTH_OF_EVENT);","lastModifiedDate":"2025-08-30T20:43:38","isFullCredit":false},{"lineNumber":132,"author":{"gitId":"Emannuel-Tan"},"content":"        userInput \u003d userInput.trim();","lastModifiedDate":"2025-08-30T20:43:38","isFullCredit":false},{"lineNumber":133,"author":{"gitId":"Emannuel-Tan"},"content":"        String[] taskParameters \u003d userInput.split(\"/\");","lastModifiedDate":"2025-08-30T20:43:38","isFullCredit":false},{"lineNumber":134,"author":{"gitId":"Emannuel-Tan"},"content":"        taskParameters[1] \u003d taskParameters[1].substring(LENGTH_OF_FROM);","lastModifiedDate":"2025-08-30T20:43:38","isFullCredit":false},{"lineNumber":135,"author":{"gitId":"Emannuel-Tan"},"content":"        taskParameters[2] \u003d taskParameters[2].substring(LENGTH_OF_TO);","lastModifiedDate":"2025-08-30T20:43:38","isFullCredit":false},{"lineNumber":136,"author":{"gitId":"Emannuel-Tan"},"content":"","lastModifiedDate":"2025-08-30T19:34:11","isFullCredit":false},{"lineNumber":137,"author":{"gitId":"Emannuel-Tan"},"content":"        // Add to task array","lastModifiedDate":"2025-08-30T19:34:11","isFullCredit":false},{"lineNumber":138,"author":{"gitId":"Emannuel-Tan"},"content":"        tasks[Task.numberOfTasks] \u003d new Event(taskParameters[0].trim(), taskParameters[1].trim(),","lastModifiedDate":"2025-08-30T20:43:38","isFullCredit":false},{"lineNumber":139,"author":{"gitId":"Emannuel-Tan"},"content":"                taskParameters[2].trim());","lastModifiedDate":"2025-08-30T20:43:38","isFullCredit":false},{"lineNumber":140,"author":{"gitId":"Emannuel-Tan"},"content":"","lastModifiedDate":"2025-08-30T19:34:11","isFullCredit":false},{"lineNumber":141,"author":{"gitId":"Emannuel-Tan"},"content":"        // Output","lastModifiedDate":"2025-08-30T19:34:11","isFullCredit":false},{"lineNumber":142,"author":{"gitId":"Emannuel-Tan"},"content":"        addTaskOutput(tasks[Task.numberOfTasks], spacing);","lastModifiedDate":"2025-08-30T19:34:11","isFullCredit":false},{"lineNumber":143,"author":{"gitId":"Emannuel-Tan"},"content":"","lastModifiedDate":"2025-08-30T19:34:11","isFullCredit":false},{"lineNumber":144,"author":{"gitId":"Emannuel-Tan"},"content":"        // Update number of tasks","lastModifiedDate":"2025-08-30T19:34:11","isFullCredit":false},{"lineNumber":145,"author":{"gitId":"Emannuel-Tan"},"content":"        Task.numberOfTasks++;","lastModifiedDate":"2025-08-30T19:34:11","isFullCredit":false},{"lineNumber":146,"author":{"gitId":"Emannuel-Tan"},"content":"    }","lastModifiedDate":"2025-08-30T19:34:11","isFullCredit":false},{"lineNumber":147,"author":{"gitId":"Emannuel-Tan"},"content":"","lastModifiedDate":"2025-08-30T19:34:11","isFullCredit":false},{"lineNumber":148,"author":{"gitId":"Emannuel-Tan"},"content":"    // Main Method","lastModifiedDate":"2025-08-30T16:04:19","isFullCredit":false},{"lineNumber":149,"author":{"gitId":"Emannuel-Tan"},"content":"    public static void main(String[] args) {","lastModifiedDate":"2025-08-30T16:04:19","isFullCredit":false},{"lineNumber":150,"author":{"gitId":"Emannuel-Tan"},"content":"        // Create Constants","lastModifiedDate":"2025-08-30T16:25:18","isFullCredit":false},{"lineNumber":151,"author":{"gitId":"Emannuel-Tan"},"content":"        final int LENGTH_OF_SPACING \u003d 70;","lastModifiedDate":"2025-08-30T16:25:18","isFullCredit":false},{"lineNumber":152,"author":{"gitId":"Emannuel-Tan"},"content":"        final int MAX_SIZE_OF_TASK_LIST \u003d 100;","lastModifiedDate":"2025-08-30T16:25:18","isFullCredit":false},{"lineNumber":153,"author":{"gitId":"Emannuel-Tan"},"content":"        final String SPACING \u003d \"⎯\".repeat(LENGTH_OF_SPACING) + \"\\n\";","lastModifiedDate":"2025-08-30T18:31:31","isFullCredit":false},{"lineNumber":154,"author":{"gitId":"Emannuel-Tan"},"content":"","lastModifiedDate":"2025-08-30T16:04:19","isFullCredit":false},{"lineNumber":155,"author":{"gitId":"Emannuel-Tan"},"content":"        // Create Task List","lastModifiedDate":"2025-08-30T16:04:19","isFullCredit":false},{"lineNumber":156,"author":{"gitId":"Emannuel-Tan"},"content":"        Task[] tasks \u003d new Task[MAX_SIZE_OF_TASK_LIST];","lastModifiedDate":"2025-08-30T16:25:18","isFullCredit":false},{"lineNumber":157,"author":{"gitId":"Emannuel-Tan"},"content":"","lastModifiedDate":"2025-08-23T18:15:06","isFullCredit":false},{"lineNumber":158,"author":{"gitId":"Emannuel-Tan"},"content":"        // Opening message output","lastModifiedDate":"2025-08-23T18:15:06","isFullCredit":false},{"lineNumber":159,"author":{"gitId":"Emannuel-Tan"},"content":"        startMessage(SPACING);","lastModifiedDate":"2025-08-30T18:31:31","isFullCredit":false},{"lineNumber":160,"author":{"gitId":"Emannuel-Tan"},"content":"","lastModifiedDate":"2025-08-23T18:15:06","isFullCredit":false},{"lineNumber":161,"author":{"gitId":"Emannuel-Tan"},"content":"        // Take Input","lastModifiedDate":"2025-08-30T16:04:19","isFullCredit":false},{"lineNumber":162,"author":{"gitId":"Emannuel-Tan"},"content":"        String userInput;","lastModifiedDate":"2025-08-30T20:43:38","isFullCredit":false},{"lineNumber":163,"author":{"gitId":"Emannuel-Tan"},"content":"        Scanner in \u003d new Scanner(System.in);","lastModifiedDate":"2025-08-23T18:16:56","isFullCredit":false},{"lineNumber":164,"author":{"gitId":"Emannuel-Tan"},"content":"        userInput \u003d in.nextLine();","lastModifiedDate":"2025-08-30T20:43:38","isFullCredit":false},{"lineNumber":165,"author":{"gitId":"Emannuel-Tan"},"content":"","lastModifiedDate":"2025-08-23T19:04:30","isFullCredit":false},{"lineNumber":166,"author":{"gitId":"Emannuel-Tan"},"content":"        // Main Loop (loop until \"bye\" command given)","lastModifiedDate":"2025-08-23T19:04:30","isFullCredit":false},{"lineNumber":167,"author":{"gitId":"Emannuel-Tan"},"content":"        while (!userInput.startsWith(\"bye\")) {","lastModifiedDate":"2025-08-30T20:43:38","isFullCredit":false},{"lineNumber":168,"author":{"gitId":"Emannuel-Tan"},"content":"","lastModifiedDate":"2025-08-23T19:04:30","isFullCredit":false},{"lineNumber":169,"author":{"gitId":"Emannuel-Tan"},"content":"            if (userInput.startsWith(\"list\")) {","lastModifiedDate":"2025-08-30T20:43:38","isFullCredit":false},{"lineNumber":170,"author":{"gitId":"Emannuel-Tan"},"content":"                // List all tasks","lastModifiedDate":"2025-08-23T19:04:30","isFullCredit":false},{"lineNumber":171,"author":{"gitId":"Emannuel-Tan"},"content":"                listTasks(tasks, SPACING);","lastModifiedDate":"2025-08-30T20:03:54","isFullCredit":false},{"lineNumber":172,"author":{"gitId":"Emannuel-Tan"},"content":"","lastModifiedDate":"2025-08-23T20:10:54","isFullCredit":false},{"lineNumber":173,"author":{"gitId":"Emannuel-Tan"},"content":"            } else if (userInput.startsWith(\"mark\")) {","lastModifiedDate":"2025-08-30T20:43:38","isFullCredit":false},{"lineNumber":174,"author":{"gitId":"Emannuel-Tan"},"content":"                // Set specified task to be done","lastModifiedDate":"2025-08-23T19:58:57","isFullCredit":false},{"lineNumber":175,"author":{"gitId":"Emannuel-Tan"},"content":"                markTask(tasks, userInput, SPACING);","lastModifiedDate":"2025-08-30T20:54:37","isFullCredit":false},{"lineNumber":176,"author":{"gitId":"Emannuel-Tan"},"content":"","lastModifiedDate":"2025-08-23T20:10:54","isFullCredit":false},{"lineNumber":177,"author":{"gitId":"Emannuel-Tan"},"content":"            } else if (userInput.startsWith(\"unmark\")) {","lastModifiedDate":"2025-08-30T20:43:38","isFullCredit":false},{"lineNumber":178,"author":{"gitId":"Emannuel-Tan"},"content":"                // Set specified task to be not done","lastModifiedDate":"2025-08-23T19:58:57","isFullCredit":false},{"lineNumber":179,"author":{"gitId":"Emannuel-Tan"},"content":"                unmarkTask(tasks, userInput, SPACING);","lastModifiedDate":"2025-08-30T20:54:37","isFullCredit":false},{"lineNumber":180,"author":{"gitId":"Emannuel-Tan"},"content":"","lastModifiedDate":"2025-08-23T20:10:54","isFullCredit":false},{"lineNumber":181,"author":{"gitId":"Emannuel-Tan"},"content":"            } else if (userInput.startsWith(\"todo\")) {","lastModifiedDate":"2025-08-30T20:43:38","isFullCredit":false},{"lineNumber":182,"author":{"gitId":"Emannuel-Tan"},"content":"                // Add ToDo","lastModifiedDate":"2025-08-30T18:16:51","isFullCredit":false},{"lineNumber":183,"author":{"gitId":"Emannuel-Tan"},"content":"                addToDo(tasks, userInput, SPACING);","lastModifiedDate":"2025-08-30T20:43:38","isFullCredit":false},{"lineNumber":184,"author":{"gitId":"Emannuel-Tan"},"content":"","lastModifiedDate":"2025-08-30T19:34:11","isFullCredit":false},{"lineNumber":185,"author":{"gitId":"Emannuel-Tan"},"content":"            } else if (userInput.startsWith(\"deadline\")) {","lastModifiedDate":"2025-08-30T20:43:38","isFullCredit":false},{"lineNumber":186,"author":{"gitId":"Emannuel-Tan"},"content":"                // Add Deadline","lastModifiedDate":"2025-08-30T19:12:19","isFullCredit":false},{"lineNumber":187,"author":{"gitId":"Emannuel-Tan"},"content":"                addDeadline(tasks, userInput, SPACING);","lastModifiedDate":"2025-08-30T20:43:38","isFullCredit":false},{"lineNumber":188,"author":{"gitId":"Emannuel-Tan"},"content":"","lastModifiedDate":"2025-08-30T19:34:11","isFullCredit":false},{"lineNumber":189,"author":{"gitId":"Emannuel-Tan"},"content":"            } else if (userInput.startsWith(\"event\")) {","lastModifiedDate":"2025-08-30T20:43:38","isFullCredit":false},{"lineNumber":190,"author":{"gitId":"Emannuel-Tan"},"content":"                // Add Event","lastModifiedDate":"2025-08-30T19:34:11","isFullCredit":false},{"lineNumber":191,"author":{"gitId":"Emannuel-Tan"},"content":"                addEvent(tasks, userInput, SPACING);","lastModifiedDate":"2025-08-30T20:43:38","isFullCredit":false},{"lineNumber":192,"author":{"gitId":"Emannuel-Tan"},"content":"","lastModifiedDate":"2025-08-30T19:34:11","isFullCredit":false},{"lineNumber":193,"author":{"gitId":"Emannuel-Tan"},"content":"            } else {","lastModifiedDate":"2025-08-30T18:31:31","isFullCredit":false},{"lineNumber":194,"author":{"gitId":"Emannuel-Tan"},"content":"                // Output possible commands","lastModifiedDate":"2025-08-30T20:54:37","isFullCredit":false},{"lineNumber":195,"author":{"gitId":"Emannuel-Tan"},"content":"                unknownCommand(SPACING);","lastModifiedDate":"2025-08-30T18:31:31","isFullCredit":false},{"lineNumber":196,"author":{"gitId":"Emannuel-Tan"},"content":"            }","lastModifiedDate":"2025-08-23T19:04:30","isFullCredit":false},{"lineNumber":197,"author":{"gitId":"Emannuel-Tan"},"content":"","lastModifiedDate":"2025-08-23T19:04:30","isFullCredit":false},{"lineNumber":198,"author":{"gitId":"Emannuel-Tan"},"content":"            // Get next input","lastModifiedDate":"2025-08-23T20:10:54","isFullCredit":false},{"lineNumber":199,"author":{"gitId":"Emannuel-Tan"},"content":"            userInput \u003d in.nextLine();","lastModifiedDate":"2025-08-30T20:43:38","isFullCredit":false},{"lineNumber":200,"author":{"gitId":"Emannuel-Tan"},"content":"        }","lastModifiedDate":"2025-08-23T18:16:56","isFullCredit":false},{"lineNumber":201,"author":{"gitId":"Emannuel-Tan"},"content":"","lastModifiedDate":"2025-08-23T18:16:56","isFullCredit":false},{"lineNumber":202,"author":{"gitId":"Emannuel-Tan"},"content":"        // Ending message output","lastModifiedDate":"2025-08-23T18:15:06","isFullCredit":false},{"lineNumber":203,"author":{"gitId":"Emannuel-Tan"},"content":"        endMessage(SPACING);","lastModifiedDate":"2025-08-30T18:31:31","isFullCredit":false},{"lineNumber":204,"author":{"gitId":"Emannuel-Tan"},"content":"    }","lastModifiedDate":"2025-08-18T10:53:22","isFullCredit":false},{"lineNumber":205,"author":{"gitId":"Emannuel-Tan"},"content":"}","lastModifiedDate":"2025-08-18T10:53:22","isFullCredit":false}],"authorContributionMap":{"Emannuel-Tan":205}},{"path":"src/main/java/TaskType.java","fileType":"java","lines":[{"lineNumber":1,"author":{"gitId":"Emannuel-Tan"},"content":"public enum TaskType {","lastModifiedDate":"2025-08-30T17:46:16","isFullCredit":false},{"lineNumber":2,"author":{"gitId":"Emannuel-Tan"},"content":"    T, D, E","lastModifiedDate":"2025-08-30T17:46:16","isFullCredit":false},{"lineNumber":3,"author":{"gitId":"Emannuel-Tan"},"content":"}","lastModifiedDate":"2025-08-30T17:46:16","isFullCredit":false}],"authorContributionMap":{"Emannuel-Tan":3}},{"path":"src/main/java/ToDo.java","fileType":"java","lines":[{"lineNumber":1,"author":{"gitId":"Emannuel-Tan"},"content":"public class ToDo extends Task {","lastModifiedDate":"2025-08-30T17:47:50","isFullCredit":false},{"lineNumber":2,"author":{"gitId":"Emannuel-Tan"},"content":"    protected TaskType type;","lastModifiedDate":"2025-08-30T18:39:35","isFullCredit":false},{"lineNumber":3,"author":{"gitId":"Emannuel-Tan"},"content":"","lastModifiedDate":"2025-08-30T17:47:50","isFullCredit":false},{"lineNumber":4,"author":{"gitId":"Emannuel-Tan"},"content":"    // Constructor","lastModifiedDate":"2025-08-30T17:47:50","isFullCredit":false},{"lineNumber":5,"author":{"gitId":"Emannuel-Tan"},"content":"    public ToDo(String description) {","lastModifiedDate":"2025-08-30T17:47:50","isFullCredit":false},{"lineNumber":6,"author":{"gitId":"Emannuel-Tan"},"content":"        super(description);","lastModifiedDate":"2025-08-30T17:47:50","isFullCredit":false},{"lineNumber":7,"author":{"gitId":"Emannuel-Tan"},"content":"        type \u003d TaskType.T;","lastModifiedDate":"2025-08-30T18:39:35","isFullCredit":false},{"lineNumber":8,"author":{"gitId":"Emannuel-Tan"},"content":"    }","lastModifiedDate":"2025-08-30T17:47:50","isFullCredit":false},{"lineNumber":9,"author":{"gitId":"Emannuel-Tan"},"content":"","lastModifiedDate":"2025-08-30T17:47:50","isFullCredit":false},{"lineNumber":10,"author":{"gitId":"Emannuel-Tan"},"content":"    @Override","lastModifiedDate":"2025-08-30T17:47:50","isFullCredit":false},{"lineNumber":11,"author":{"gitId":"Emannuel-Tan"},"content":"    public String getStatus() {","lastModifiedDate":"2025-08-30T17:47:50","isFullCredit":false},{"lineNumber":12,"author":{"gitId":"Emannuel-Tan"},"content":"        return \"[\" + type + \"]\" + super.getStatus();","lastModifiedDate":"2025-08-30T17:47:50","isFullCredit":false},{"lineNumber":13,"author":{"gitId":"Emannuel-Tan"},"content":"    }","lastModifiedDate":"2025-08-30T17:47:50","isFullCredit":false},{"lineNumber":14,"author":{"gitId":"Emannuel-Tan"},"content":"}","lastModifiedDate":"2025-08-30T17:47:50","isFullCredit":false}],"authorContributionMap":{"Emannuel-Tan":14}},{"path":"text-ui-test/input.txt","fileType":"txt","lines":[{"lineNumber":1,"author":{"gitId":"Emannuel-Tan"},"content":"abc","lastModifiedDate":"2025-08-31T14:12:01","isFullCredit":false},{"lineNumber":2,"author":{"gitId":"Emannuel-Tan"},"content":"todo read book","lastModifiedDate":"2025-08-31T13:58:31","isFullCredit":false},{"lineNumber":3,"author":{"gitId":"Emannuel-Tan"},"content":"list","lastModifiedDate":"2025-08-31T13:58:31","isFullCredit":false},{"lineNumber":4,"author":{"gitId":"Emannuel-Tan"},"content":"todo write book","lastModifiedDate":"2025-08-31T13:58:31","isFullCredit":false},{"lineNumber":5,"author":{"gitId":"Emannuel-Tan"},"content":"list","lastModifiedDate":"2025-08-31T13:58:31","isFullCredit":false},{"lineNumber":6,"author":{"gitId":"Emannuel-Tan"},"content":"deadline return book /by Sunday","lastModifiedDate":"2025-08-31T13:58:31","isFullCredit":false},{"lineNumber":7,"author":{"gitId":"Emannuel-Tan"},"content":"list","lastModifiedDate":"2025-08-31T13:58:31","isFullCredit":false},{"lineNumber":8,"author":{"gitId":"Emannuel-Tan"},"content":"event project meeting /from Mon 2pm /to 4pm","lastModifiedDate":"2025-08-31T13:58:31","isFullCredit":false},{"lineNumber":9,"author":{"gitId":"Emannuel-Tan"},"content":"list","lastModifiedDate":"2025-08-31T13:58:31","isFullCredit":false},{"lineNumber":10,"author":{"gitId":"Emannuel-Tan"},"content":"mark 1","lastModifiedDate":"2025-08-31T13:58:31","isFullCredit":false},{"lineNumber":11,"author":{"gitId":"Emannuel-Tan"},"content":"list","lastModifiedDate":"2025-08-31T13:58:31","isFullCredit":false},{"lineNumber":12,"author":{"gitId":"Emannuel-Tan"},"content":"mark 3","lastModifiedDate":"2025-08-31T13:58:31","isFullCredit":false},{"lineNumber":13,"author":{"gitId":"Emannuel-Tan"},"content":"list","lastModifiedDate":"2025-08-31T13:58:31","isFullCredit":false},{"lineNumber":14,"author":{"gitId":"Emannuel-Tan"},"content":"mark 4","lastModifiedDate":"2025-08-31T13:58:31","isFullCredit":false},{"lineNumber":15,"author":{"gitId":"Emannuel-Tan"},"content":"list","lastModifiedDate":"2025-08-31T13:58:31","isFullCredit":false},{"lineNumber":16,"author":{"gitId":"Emannuel-Tan"},"content":"unmark 1","lastModifiedDate":"2025-08-31T13:58:31","isFullCredit":false},{"lineNumber":17,"author":{"gitId":"Emannuel-Tan"},"content":"list","lastModifiedDate":"2025-08-31T13:58:31","isFullCredit":false},{"lineNumber":18,"author":{"gitId":"Emannuel-Tan"},"content":"unmark 4","lastModifiedDate":"2025-08-31T13:58:31","isFullCredit":false},{"lineNumber":19,"author":{"gitId":"Emannuel-Tan"},"content":"list","lastModifiedDate":"2025-08-31T13:58:31","isFullCredit":false},{"lineNumber":20,"author":{"gitId":"Emannuel-Tan"},"content":"bye","lastModifiedDate":"2025-08-31T14:12:01","isFullCredit":false}],"authorContributionMap":{"Emannuel-Tan":20}},{"path":"text-ui-test/runtest.bat","fileType":"bat","lines":[{"lineNumber":1,"author":{"gitId":"-"},"content":"@ECHO OFF","lastModifiedDate":"2020-05-25T00:03:55","isFullCredit":false},{"lineNumber":2,"author":{"gitId":"-"},"content":"","lastModifiedDate":"2020-05-25T00:03:55","isFullCredit":false},{"lineNumber":3,"author":{"gitId":"-"},"content":"REM create bin directory if it doesn\u0027t exist","lastModifiedDate":"2020-05-25T00:03:55","isFullCredit":false},{"lineNumber":4,"author":{"gitId":"-"},"content":"if not exist ..\\bin mkdir ..\\bin","lastModifiedDate":"2020-05-25T00:03:55","isFullCredit":false},{"lineNumber":5,"author":{"gitId":"-"},"content":"","lastModifiedDate":"2020-05-25T00:03:55","isFullCredit":false},{"lineNumber":6,"author":{"gitId":"-"},"content":"REM delete output from previous run","lastModifiedDate":"2020-05-25T00:03:55","isFullCredit":false},{"lineNumber":7,"author":{"gitId":"-"},"content":"if exist ACTUAL.TXT del ACTUAL.TXT","lastModifiedDate":"2020-08-25T17:23:26","isFullCredit":false},{"lineNumber":8,"author":{"gitId":"-"},"content":"","lastModifiedDate":"2020-05-25T00:03:55","isFullCredit":false},{"lineNumber":9,"author":{"gitId":"-"},"content":"REM compile the code into the bin folder","lastModifiedDate":"2020-05-25T00:03:55","isFullCredit":false},{"lineNumber":10,"author":{"gitId":"-"},"content":"javac  -cp ..\\src\\main\\java -Xlint:none -d ..\\bin ..\\src\\main\\java\\*.java","lastModifiedDate":"2020-08-25T17:23:26","isFullCredit":false},{"lineNumber":11,"author":{"gitId":"-"},"content":"IF ERRORLEVEL 1 (","lastModifiedDate":"2020-05-25T00:03:55","isFullCredit":false},{"lineNumber":12,"author":{"gitId":"-"},"content":"    echo ********** BUILD FAILURE **********","lastModifiedDate":"2020-05-25T00:03:55","isFullCredit":false},{"lineNumber":13,"author":{"gitId":"-"},"content":"    exit /b 1","lastModifiedDate":"2020-05-25T00:03:55","isFullCredit":false},{"lineNumber":14,"author":{"gitId":"-"},"content":")","lastModifiedDate":"2020-05-25T00:03:55","isFullCredit":false},{"lineNumber":15,"author":{"gitId":"-"},"content":"REM no error here, errorlevel \u003d\u003d 0","lastModifiedDate":"2020-05-25T00:03:55","isFullCredit":false},{"lineNumber":16,"author":{"gitId":"-"},"content":"","lastModifiedDate":"2020-05-25T00:03:55","isFullCredit":false},{"lineNumber":17,"author":{"gitId":"-"},"content":"REM run the program, feed commands from input.txt file and redirect the output to the ACTUAL.TXT","lastModifiedDate":"2020-05-25T00:03:55","isFullCredit":false},{"lineNumber":18,"author":{"gitId":"Emannuel-Tan"},"content":"java -classpath ..\\bin TaskMaster \u003c input.txt \u003e ACTUAL.TXT","lastModifiedDate":"2025-08-31T13:58:31","isFullCredit":false},{"lineNumber":19,"author":{"gitId":"-"},"content":"","lastModifiedDate":"2020-05-25T00:03:55","isFullCredit":false},{"lineNumber":20,"author":{"gitId":"-"},"content":"REM compare the output to the expected output","lastModifiedDate":"2020-05-25T00:03:55","isFullCredit":false},{"lineNumber":21,"author":{"gitId":"-"},"content":"FC ACTUAL.TXT EXPECTED.TXT","lastModifiedDate":"2020-05-25T00:03:55","isFullCredit":false}],"authorContributionMap":{"Emannuel-Tan":1,"-":20}}]
