{"authorDailyContributionsMap":{"Izen9835":[{"date":"2025-08-20T00:00:00","commitResults":[{"hash":"d75c339f504dfc8d613a96abcbc24fb6bc182775","isMergeCommit":false,"messageTitle":"removed Duke, added Bart","messageBody":"","fileTypesAndContributionMap":{"java":{"insertions":27,"deletions":10},"md":{"insertions":1,"deletions":1}}},{"hash":"a3dec0b40a1e2792c99921121ba8d5d07ecd2f99","isMergeCommit":false,"messageTitle":"Update README.md","messageBody":"","fileTypesAndContributionMap":{"md":{"insertions":8,"deletions":8}}}]},{"date":"2025-08-27T00:00:00","commitResults":[{"hash":"a8419ea45e579b4f6193d171edfd496a738d37c6","isMergeCommit":false,"messageTitle":"added echo (week3 lvl1)","messageBody":"","tags":["Level-1","Level-0"],"fileTypesAndContributionMap":{"java":{"insertions":27,"deletions":2}}},{"hash":"9b238c18eaaa61a7dd5aea3643d5e8aa4cecd5a7","isMergeCommit":true,"messageTitle":"Merge remote-tracking branch \u0027origin/master\u0027","messageBody":"","tags":["Level-3","Level-2"],"fileTypesAndContributionMap":{}}]},{"date":"2025-08-28T00:00:00","commitResults":[{"hash":"a07e3d31fed752f8cd41d2978822cf841e3cedcf","isMergeCommit":false,"messageTitle":"week3 lvl3 with tags","messageBody":"","tags":["A-CodingStandard"],"fileTypesAndContributionMap":{"java":{"insertions":110,"deletions":7}}},{"hash":"30b60b1cd5be59a316576188f0f9f80c6e9fd73e","isMergeCommit":false,"messageTitle":"fix java coding standards (according to CS2113 conventions)","messageBody":"","fileTypesAndContributionMap":{"java":{"insertions":69,"deletions":56}}}]},{"date":"2025-09-02T00:00:00","commitResults":[{"hash":"bcc5f30bef15442312023b075343efd02ceded5e","isMergeCommit":false,"messageTitle":"add Level-4, ListItem has three different subclasses","messageBody":"","tags":["Level-4"],"fileTypesAndContributionMap":{"java":{"insertions":168,"deletions":39}}}]},{"date":"2025-09-04T00:00:00","commitResults":[{"hash":"ef9b1c67d639a32fd25e2c2994c3da720141ac85","isMergeCommit":false,"messageTitle":"code quality improvements and folder restructuring","messageBody":"","tags":["A-CodeQuality"],"fileTypesAndContributionMap":{"txt":{"insertions":9,"deletions":0},"java":{"insertions":289,"deletions":197},"bat":{"insertions":3,"deletions":3},"sh":{"insertions":5,"deletions":5}}}]},{"date":"2025-09-08T00:00:00","commitResults":[{"hash":"630f94d4183ce29acfd182c3b7c53d165c6679b8","isMergeCommit":false,"messageTitle":"Add input error handling","messageBody":"","tags":["Level-5"],"fileTypesAndContributionMap":{"java":{"insertions":25,"deletions":25}}},{"hash":"d4d26e0a0bd488e2cfcfee0c15936a47398f3289","isMergeCommit":false,"messageTitle":"Add handleMark and handleUnmark try-catch exception handler","messageBody":"","tags":["A-Exceptions"],"fileTypesAndContributionMap":{"java":{"insertions":5,"deletions":0}}},{"hash":"9e3a21af318942cbc7f06946bfe0583a5b3c2c74","isMergeCommit":true,"messageTitle":"Merge branch \u0027branch-Level-5\u0027","messageBody":"","fileTypesAndContributionMap":{}},{"hash":"adbb32a9f6bde7a294bebf1d7dc14e6b0e03b468","isMergeCommit":false,"messageTitle":"Segregate files into packages","messageBody":"","tags":["A-Packages"],"fileTypesAndContributionMap":{"java":{"insertions":21,"deletions":19},"bat":{"insertions":2,"deletions":2},"md":{"insertions":2,"deletions":2}}},{"hash":"0156be67ede0c67fb4fec69a309fdcde751774af","isMergeCommit":true,"messageTitle":"Merge branch \u0027branch-A-Packages\u0027","messageBody":"","fileTypesAndContributionMap":{}}]},{"date":"2025-09-16T00:00:00","commitResults":[{"hash":"16989ceacaa6e498ce13cd919c2c1a6609084d1b","isMergeCommit":false,"messageTitle":"Add support for saving and retrieving list data from harddisk","messageBody":"","tags":["Level-7"],"fileTypesAndContributionMap":{"txt":{"insertions":1,"deletions":0},"java":{"insertions":120,"deletions":1}}},{"hash":"ae5f3e348ef8ce47a11fce478e73e23f5cc28887","isMergeCommit":false,"messageTitle":"Add support for deleting items from item list","messageBody":"","tags":["Level-6","A-Collections"],"fileTypesAndContributionMap":{"java":{"insertions":72,"deletions":1}}},{"hash":"3c7007d10c920d1f616aec1a4e777a2df19e38f1","isMergeCommit":true,"messageTitle":"Merged conflicts between branch-Level-6 and branch-Level-7","messageBody":"","fileTypesAndContributionMap":{}}]}]},"authorFileTypeContributionMap":{"Izen9835":{"java":582,"md":9,"fxml":0,"sh":5,"bat":3,"gradle":0,"txt":10}},"authorContributionVariance":{"Izen9835":9250.245},"authorDisplayNameMap":{"Izen9835":"CS2113-W14-1 TOH ..IZEN"}}
