[{"path":"src/main/java/abdo/process/AbdoException.java","fileType":"java","lines":[{"lineNumber":1,"author":{"gitId":"Ibrashoukry"},"content":"package abdo.process;","lastModifiedDate":"2025-10-03T17:23:48","isFullCredit":false},{"lineNumber":2,"author":{"gitId":"Ibrashoukry"},"content":"","lastModifiedDate":"2025-10-03T17:23:48","isFullCredit":false},{"lineNumber":3,"author":{"gitId":"Ibrashoukry"},"content":"public class AbdoException extends Exception{","lastModifiedDate":"2025-10-03T16:58:49","isFullCredit":false},{"lineNumber":4,"author":{"gitId":"Ibrashoukry"},"content":"    public AbdoException(String message) {","lastModifiedDate":"2025-10-03T16:58:49","isFullCredit":false},{"lineNumber":5,"author":{"gitId":"Ibrashoukry"},"content":"        super(message);","lastModifiedDate":"2025-10-03T16:58:49","isFullCredit":false},{"lineNumber":6,"author":{"gitId":"Ibrashoukry"},"content":"    }","lastModifiedDate":"2025-10-03T16:58:49","isFullCredit":false},{"lineNumber":7,"author":{"gitId":"Ibrashoukry"},"content":"}","lastModifiedDate":"2025-10-03T16:58:49","isFullCredit":false}],"authorContributionMap":{"Ibrashoukry":7}},{"path":"src/main/java/abdo/process/Deadline.java","fileType":"java","lines":[{"lineNumber":1,"author":{"gitId":"Ibrashoukry"},"content":"package abdo.process;","lastModifiedDate":"2025-10-03T17:23:48","isFullCredit":false},{"lineNumber":2,"author":{"gitId":"Ibrashoukry"},"content":"","lastModifiedDate":"2025-10-03T17:23:48","isFullCredit":false},{"lineNumber":3,"author":{"gitId":"Ibrashoukry"},"content":"public class Deadline extends Task{","lastModifiedDate":"2025-09-06T19:03:58","isFullCredit":false},{"lineNumber":4,"author":{"gitId":"Ibrashoukry"},"content":"","lastModifiedDate":"2025-09-06T19:03:58","isFullCredit":false},{"lineNumber":5,"author":{"gitId":"Ibrashoukry"},"content":"    protected String by;","lastModifiedDate":"2025-09-06T19:03:58","isFullCredit":false},{"lineNumber":6,"author":{"gitId":"Ibrashoukry"},"content":"","lastModifiedDate":"2025-09-06T19:03:58","isFullCredit":false},{"lineNumber":7,"author":{"gitId":"Ibrashoukry"},"content":"    public Deadline(String description, String by) {","lastModifiedDate":"2025-09-06T19:03:58","isFullCredit":false},{"lineNumber":8,"author":{"gitId":"Ibrashoukry"},"content":"        super(description);","lastModifiedDate":"2025-09-06T19:03:58","isFullCredit":false},{"lineNumber":9,"author":{"gitId":"Ibrashoukry"},"content":"        this.by \u003d by;","lastModifiedDate":"2025-09-06T19:03:58","isFullCredit":false},{"lineNumber":10,"author":{"gitId":"Ibrashoukry"},"content":"    }","lastModifiedDate":"2025-09-06T19:03:58","isFullCredit":false},{"lineNumber":11,"author":{"gitId":"Ibrashoukry"},"content":"","lastModifiedDate":"2025-09-06T19:03:58","isFullCredit":false},{"lineNumber":12,"author":{"gitId":"Ibrashoukry"},"content":"    @Override","lastModifiedDate":"2025-09-06T19:03:58","isFullCredit":false},{"lineNumber":13,"author":{"gitId":"Ibrashoukry"},"content":"    public String toString() {","lastModifiedDate":"2025-09-06T19:03:58","isFullCredit":false},{"lineNumber":14,"author":{"gitId":"Ibrashoukry"},"content":"        return \"[D]\" + super.toString() + \" (by: \" + by + \")\";","lastModifiedDate":"2025-09-06T19:03:58","isFullCredit":false},{"lineNumber":15,"author":{"gitId":"Ibrashoukry"},"content":"    }","lastModifiedDate":"2025-09-06T19:03:58","isFullCredit":false},{"lineNumber":16,"author":{"gitId":"Ibrashoukry"},"content":"","lastModifiedDate":"2025-09-06T19:03:58","isFullCredit":false},{"lineNumber":17,"author":{"gitId":"Ibrashoukry"},"content":"}","lastModifiedDate":"2025-09-06T19:03:58","isFullCredit":false}],"authorContributionMap":{"Ibrashoukry":17}},{"path":"src/main/java/abdo/process/Event.java","fileType":"java","lines":[{"lineNumber":1,"author":{"gitId":"Ibrashoukry"},"content":"package abdo.process;","lastModifiedDate":"2025-10-03T17:23:48","isFullCredit":false},{"lineNumber":2,"author":{"gitId":"Ibrashoukry"},"content":"","lastModifiedDate":"2025-10-03T17:23:48","isFullCredit":false},{"lineNumber":3,"author":{"gitId":"Ibrashoukry"},"content":"public class Event extends Task{","lastModifiedDate":"2025-09-06T19:03:58","isFullCredit":false},{"lineNumber":4,"author":{"gitId":"Ibrashoukry"},"content":"","lastModifiedDate":"2025-09-06T19:03:58","isFullCredit":false},{"lineNumber":5,"author":{"gitId":"Ibrashoukry"},"content":"    protected String from;","lastModifiedDate":"2025-09-06T19:03:58","isFullCredit":false},{"lineNumber":6,"author":{"gitId":"Ibrashoukry"},"content":"    protected String to;","lastModifiedDate":"2025-09-06T19:03:58","isFullCredit":false},{"lineNumber":7,"author":{"gitId":"Ibrashoukry"},"content":"","lastModifiedDate":"2025-09-06T19:03:58","isFullCredit":false},{"lineNumber":8,"author":{"gitId":"Ibrashoukry"},"content":"    public Event (String description, String from, String to) {","lastModifiedDate":"2025-09-06T19:03:58","isFullCredit":false},{"lineNumber":9,"author":{"gitId":"Ibrashoukry"},"content":"        super(description);","lastModifiedDate":"2025-09-06T19:03:58","isFullCredit":false},{"lineNumber":10,"author":{"gitId":"Ibrashoukry"},"content":"        this.from \u003d from;","lastModifiedDate":"2025-09-06T19:03:58","isFullCredit":false},{"lineNumber":11,"author":{"gitId":"Ibrashoukry"},"content":"        this.to \u003d to;","lastModifiedDate":"2025-09-06T19:03:58","isFullCredit":false},{"lineNumber":12,"author":{"gitId":"Ibrashoukry"},"content":"    }","lastModifiedDate":"2025-09-06T19:03:58","isFullCredit":false},{"lineNumber":13,"author":{"gitId":"Ibrashoukry"},"content":"","lastModifiedDate":"2025-09-06T19:03:58","isFullCredit":false},{"lineNumber":14,"author":{"gitId":"Ibrashoukry"},"content":"    @Override","lastModifiedDate":"2025-09-06T19:03:58","isFullCredit":false},{"lineNumber":15,"author":{"gitId":"Ibrashoukry"},"content":"    public String toString () {","lastModifiedDate":"2025-09-06T19:03:58","isFullCredit":false},{"lineNumber":16,"author":{"gitId":"Ibrashoukry"},"content":"        return \"[E]\" + super.toString() + \" (from: \" + from + \" to: \" + to + \")\";","lastModifiedDate":"2025-09-06T19:03:58","isFullCredit":false},{"lineNumber":17,"author":{"gitId":"Ibrashoukry"},"content":"    }","lastModifiedDate":"2025-09-06T19:03:58","isFullCredit":false},{"lineNumber":18,"author":{"gitId":"Ibrashoukry"},"content":"}","lastModifiedDate":"2025-09-06T19:03:58","isFullCredit":false}],"authorContributionMap":{"Ibrashoukry":18}},{"path":"src/main/java/abdo/process/Printer.java","fileType":"java","lines":[{"lineNumber":1,"author":{"gitId":"Ibrashoukry"},"content":"package abdo.process;","lastModifiedDate":"2025-10-03T17:23:48","isFullCredit":false},{"lineNumber":2,"author":{"gitId":"Ibrashoukry"},"content":"","lastModifiedDate":"2025-10-03T17:23:48","isFullCredit":false},{"lineNumber":3,"author":{"gitId":"Ibrashoukry"},"content":"public class Printer {","lastModifiedDate":"2025-09-06T19:03:58","isFullCredit":false},{"lineNumber":4,"author":{"gitId":"Ibrashoukry"},"content":"","lastModifiedDate":"2025-09-06T19:03:58","isFullCredit":false},{"lineNumber":5,"author":{"gitId":"Ibrashoukry"},"content":"    public String lineBreak \u003d \"~~~~~~~~~~~~~~~~~~~~~~\\n\";","lastModifiedDate":"2025-10-03T17:23:48","isFullCredit":false},{"lineNumber":6,"author":{"gitId":"Ibrashoukry"},"content":"","lastModifiedDate":"2025-09-05T00:48:17","isFullCredit":false},{"lineNumber":7,"author":{"gitId":"Ibrashoukry"},"content":"    public void printGreeting () {","lastModifiedDate":"2025-09-05T00:48:17","isFullCredit":false},{"lineNumber":8,"author":{"gitId":"Ibrashoukry"},"content":"        System.out.print(lineBreak + \"Hello I\u0027m abdo.ui.Abdo\\n\" + \"I\u0027m here to assist you *_*\\n\" + lineBreak);","lastModifiedDate":"2025-10-03T17:23:48","isFullCredit":false},{"lineNumber":9,"author":{"gitId":"Ibrashoukry"},"content":"        System.out.print(\"\u003e \");","lastModifiedDate":"2025-09-06T19:03:58","isFullCredit":false},{"lineNumber":10,"author":{"gitId":"Ibrashoukry"},"content":"    }","lastModifiedDate":"2025-09-05T00:48:17","isFullCredit":false},{"lineNumber":11,"author":{"gitId":"Ibrashoukry"},"content":"","lastModifiedDate":"2025-09-05T00:48:17","isFullCredit":false},{"lineNumber":12,"author":{"gitId":"Ibrashoukry"},"content":"    public void printExit () {","lastModifiedDate":"2025-09-05T00:48:17","isFullCredit":false},{"lineNumber":13,"author":{"gitId":"Ibrashoukry"},"content":"        System.out.println(lineBreak + \"Bye. Come back for more help ;)\\n\" + lineBreak);","lastModifiedDate":"2025-09-05T00:48:17","isFullCredit":false},{"lineNumber":14,"author":{"gitId":"Ibrashoukry"},"content":"    }","lastModifiedDate":"2025-09-05T00:48:17","isFullCredit":false},{"lineNumber":15,"author":{"gitId":"Ibrashoukry"},"content":"","lastModifiedDate":"2025-09-05T00:48:17","isFullCredit":false},{"lineNumber":16,"author":{"gitId":"Ibrashoukry"},"content":"    public void printAddTask (Task task, int numOfTasks) {","lastModifiedDate":"2025-09-06T19:03:58","isFullCredit":false},{"lineNumber":17,"author":{"gitId":"Ibrashoukry"},"content":"        System.out.println(lineBreak + \"Great! I added the following task to your list.\");","lastModifiedDate":"2025-09-05T00:48:17","isFullCredit":false},{"lineNumber":18,"author":{"gitId":"Ibrashoukry"},"content":"        System.out.print(\"  \" + task.toString() + \"\\n\" +","lastModifiedDate":"2025-09-06T19:03:58","isFullCredit":false},{"lineNumber":19,"author":{"gitId":"Ibrashoukry"},"content":"                \"Now you have \" + numOfTasks + \" task(s) in the list.\\n\" + lineBreak);","lastModifiedDate":"2025-09-06T19:03:58","isFullCredit":false},{"lineNumber":20,"author":{"gitId":"Ibrashoukry"},"content":"    }","lastModifiedDate":"2025-09-05T00:48:17","isFullCredit":false},{"lineNumber":21,"author":{"gitId":"Ibrashoukry"},"content":"}","lastModifiedDate":"2025-09-05T00:48:17","isFullCredit":false}],"authorContributionMap":{"Ibrashoukry":21}},{"path":"src/main/java/abdo/process/Task.java","fileType":"java","lines":[{"lineNumber":1,"author":{"gitId":"Ibrashoukry"},"content":"package abdo.process;","lastModifiedDate":"2025-10-03T17:23:48","isFullCredit":false},{"lineNumber":2,"author":{"gitId":"Ibrashoukry"},"content":"","lastModifiedDate":"2025-10-03T17:23:48","isFullCredit":false},{"lineNumber":3,"author":{"gitId":"Ibrashoukry"},"content":"public class Task {","lastModifiedDate":"2025-09-05T00:48:17","isFullCredit":false},{"lineNumber":4,"author":{"gitId":"Ibrashoukry"},"content":"","lastModifiedDate":"2025-09-06T19:03:58","isFullCredit":false},{"lineNumber":5,"author":{"gitId":"Ibrashoukry"},"content":"    protected boolean isDone;","lastModifiedDate":"2025-09-05T00:48:17","isFullCredit":false},{"lineNumber":6,"author":{"gitId":"Ibrashoukry"},"content":"    protected String description;","lastModifiedDate":"2025-09-05T00:48:17","isFullCredit":false},{"lineNumber":7,"author":{"gitId":"Ibrashoukry"},"content":"","lastModifiedDate":"2025-09-05T00:48:17","isFullCredit":false},{"lineNumber":8,"author":{"gitId":"Ibrashoukry"},"content":"    public Task(String description) {","lastModifiedDate":"2025-09-05T00:48:17","isFullCredit":false},{"lineNumber":9,"author":{"gitId":"Ibrashoukry"},"content":"        this.description \u003d description;","lastModifiedDate":"2025-09-05T00:48:17","isFullCredit":false},{"lineNumber":10,"author":{"gitId":"Ibrashoukry"},"content":"        isDone \u003d false;","lastModifiedDate":"2025-09-05T00:48:17","isFullCredit":false},{"lineNumber":11,"author":{"gitId":"Ibrashoukry"},"content":"    }","lastModifiedDate":"2025-09-05T00:48:17","isFullCredit":false},{"lineNumber":12,"author":{"gitId":"Ibrashoukry"},"content":"","lastModifiedDate":"2025-09-05T00:48:17","isFullCredit":false},{"lineNumber":13,"author":{"gitId":"Ibrashoukry"},"content":"    public String getStatusIcon (boolean isDone) {","lastModifiedDate":"2025-09-05T00:48:17","isFullCredit":false},{"lineNumber":14,"author":{"gitId":"Ibrashoukry"},"content":"        return (isDone ? \"X\" : \" \");","lastModifiedDate":"2025-09-05T00:48:17","isFullCredit":false},{"lineNumber":15,"author":{"gitId":"Ibrashoukry"},"content":"    }","lastModifiedDate":"2025-09-05T00:48:17","isFullCredit":false},{"lineNumber":16,"author":{"gitId":"Ibrashoukry"},"content":"","lastModifiedDate":"2025-09-05T00:48:17","isFullCredit":false},{"lineNumber":17,"author":{"gitId":"Ibrashoukry"},"content":"    public void setDone(boolean done) {","lastModifiedDate":"2025-09-05T00:48:17","isFullCredit":false},{"lineNumber":18,"author":{"gitId":"Ibrashoukry"},"content":"        isDone \u003d done;","lastModifiedDate":"2025-09-05T00:48:17","isFullCredit":false},{"lineNumber":19,"author":{"gitId":"Ibrashoukry"},"content":"    }","lastModifiedDate":"2025-09-05T00:48:17","isFullCredit":false},{"lineNumber":20,"author":{"gitId":"Ibrashoukry"},"content":"","lastModifiedDate":"2025-09-05T00:48:17","isFullCredit":false},{"lineNumber":21,"author":{"gitId":"Ibrashoukry"},"content":"    public String toString() {","lastModifiedDate":"2025-09-06T19:03:58","isFullCredit":false},{"lineNumber":22,"author":{"gitId":"Ibrashoukry"},"content":"        return \"[\" + getStatusIcon(isDone) + \"] \" + description;","lastModifiedDate":"2025-09-05T00:48:17","isFullCredit":false},{"lineNumber":23,"author":{"gitId":"Ibrashoukry"},"content":"    }","lastModifiedDate":"2025-09-05T00:48:17","isFullCredit":false},{"lineNumber":24,"author":{"gitId":"Ibrashoukry"},"content":"}","lastModifiedDate":"2025-09-05T00:48:17","isFullCredit":false}],"authorContributionMap":{"Ibrashoukry":24}},{"path":"src/main/java/abdo/process/Todo.java","fileType":"java","lines":[{"lineNumber":1,"author":{"gitId":"Ibrashoukry"},"content":"package abdo.process;","lastModifiedDate":"2025-10-03T17:23:48","isFullCredit":false},{"lineNumber":2,"author":{"gitId":"Ibrashoukry"},"content":"","lastModifiedDate":"2025-10-03T17:23:48","isFullCredit":false},{"lineNumber":3,"author":{"gitId":"Ibrashoukry"},"content":"public class Todo extends Task{","lastModifiedDate":"2025-09-06T19:03:58","isFullCredit":false},{"lineNumber":4,"author":{"gitId":"Ibrashoukry"},"content":"","lastModifiedDate":"2025-09-06T19:03:58","isFullCredit":false},{"lineNumber":5,"author":{"gitId":"Ibrashoukry"},"content":"    public Todo(String description) {","lastModifiedDate":"2025-09-06T19:03:58","isFullCredit":false},{"lineNumber":6,"author":{"gitId":"Ibrashoukry"},"content":"        super(description);","lastModifiedDate":"2025-09-06T19:03:58","isFullCredit":false},{"lineNumber":7,"author":{"gitId":"Ibrashoukry"},"content":"    }","lastModifiedDate":"2025-09-06T19:03:58","isFullCredit":false},{"lineNumber":8,"author":{"gitId":"Ibrashoukry"},"content":"","lastModifiedDate":"2025-09-06T19:03:58","isFullCredit":false},{"lineNumber":9,"author":{"gitId":"Ibrashoukry"},"content":"    @Override","lastModifiedDate":"2025-09-06T19:03:58","isFullCredit":false},{"lineNumber":10,"author":{"gitId":"Ibrashoukry"},"content":"    public String toString () {","lastModifiedDate":"2025-09-06T19:03:58","isFullCredit":false},{"lineNumber":11,"author":{"gitId":"Ibrashoukry"},"content":"        return \"[T]\" + super.toString();","lastModifiedDate":"2025-09-06T19:03:58","isFullCredit":false},{"lineNumber":12,"author":{"gitId":"Ibrashoukry"},"content":"    }","lastModifiedDate":"2025-09-06T19:03:58","isFullCredit":false},{"lineNumber":13,"author":{"gitId":"Ibrashoukry"},"content":"}","lastModifiedDate":"2025-09-06T19:03:58","isFullCredit":false}],"authorContributionMap":{"Ibrashoukry":13}},{"path":"src/main/java/abdo/ui/Abdo.java","fileType":"java","lines":[{"lineNumber":1,"author":{"gitId":"Ibrashoukry"},"content":"package abdo.ui;","lastModifiedDate":"2025-10-03T17:23:48","isFullCredit":false},{"lineNumber":2,"author":{"gitId":"Ibrashoukry"},"content":"","lastModifiedDate":"2025-10-03T17:23:48","isFullCredit":false},{"lineNumber":3,"author":{"gitId":"Ibrashoukry"},"content":"import abdo.process.AbdoException;","lastModifiedDate":"2025-10-03T17:23:48","isFullCredit":false},{"lineNumber":4,"author":{"gitId":"Ibrashoukry"},"content":"import abdo.process.Deadline;","lastModifiedDate":"2025-10-03T17:23:48","isFullCredit":false},{"lineNumber":5,"author":{"gitId":"Ibrashoukry"},"content":"import abdo.process.Event;","lastModifiedDate":"2025-10-03T17:23:48","isFullCredit":false},{"lineNumber":6,"author":{"gitId":"Ibrashoukry"},"content":"import abdo.process.Printer;","lastModifiedDate":"2025-10-03T17:23:48","isFullCredit":false},{"lineNumber":7,"author":{"gitId":"Ibrashoukry"},"content":"import abdo.process.Task;","lastModifiedDate":"2025-10-03T17:23:48","isFullCredit":false},{"lineNumber":8,"author":{"gitId":"Ibrashoukry"},"content":"import abdo.process.Todo;","lastModifiedDate":"2025-10-03T17:23:48","isFullCredit":false},{"lineNumber":9,"author":{"gitId":"Ibrashoukry"},"content":"","lastModifiedDate":"2025-10-03T17:23:48","isFullCredit":false},{"lineNumber":10,"author":{"gitId":"Ibrashoukry"},"content":"import java.util.Scanner;","lastModifiedDate":"2025-09-05T00:48:17","isFullCredit":false},{"lineNumber":11,"author":{"gitId":"Ibrashoukry"},"content":"","lastModifiedDate":"2025-09-05T00:48:17","isFullCredit":false},{"lineNumber":12,"author":{"gitId":"Ibrashoukry"},"content":"public class Abdo {","lastModifiedDate":"2025-09-05T00:48:17","isFullCredit":false},{"lineNumber":13,"author":{"gitId":"Ibrashoukry"},"content":"","lastModifiedDate":"2025-09-05T00:48:17","isFullCredit":false},{"lineNumber":14,"author":{"gitId":"Ibrashoukry"},"content":"    public static final int MAX_TASKS \u003d 100;","lastModifiedDate":"2025-09-06T19:03:58","isFullCredit":false},{"lineNumber":15,"author":{"gitId":"Ibrashoukry"},"content":"","lastModifiedDate":"2025-09-06T19:03:58","isFullCredit":false},{"lineNumber":16,"author":{"gitId":"Ibrashoukry"},"content":"    /** Processes user input if it one of TODO, EVENT, or DEADLINE and returns a task object with","lastModifiedDate":"2025-10-03T15:39:25","isFullCredit":false},{"lineNumber":17,"author":{"gitId":"Ibrashoukry"},"content":"     * initialized values */","lastModifiedDate":"2025-10-03T15:39:25","isFullCredit":false},{"lineNumber":18,"author":{"gitId":"Ibrashoukry"},"content":"    public static Task processTask(String command, String type) throws AbdoException {","lastModifiedDate":"2025-10-03T16:58:49","isFullCredit":false},{"lineNumber":19,"author":{"gitId":"Ibrashoukry"},"content":"","lastModifiedDate":"2025-09-06T19:03:58","isFullCredit":false},{"lineNumber":20,"author":{"gitId":"Ibrashoukry"},"content":"        Printer printer \u003d new Printer();","lastModifiedDate":"2025-10-03T16:58:49","isFullCredit":false},{"lineNumber":21,"author":{"gitId":"Ibrashoukry"},"content":"        String[] parsedDesc;","lastModifiedDate":"2025-09-06T19:03:58","isFullCredit":false},{"lineNumber":22,"author":{"gitId":"Ibrashoukry"},"content":"        String description, by, from, to;","lastModifiedDate":"2025-09-06T19:03:58","isFullCredit":false},{"lineNumber":23,"author":{"gitId":"Ibrashoukry"},"content":"        Task task;","lastModifiedDate":"2025-09-06T19:03:58","isFullCredit":false},{"lineNumber":24,"author":{"gitId":"Ibrashoukry"},"content":"","lastModifiedDate":"2025-09-06T19:03:58","isFullCredit":false},{"lineNumber":25,"author":{"gitId":"Ibrashoukry"},"content":"        String unparsedDesc \u003d command.substring(type.length() + 1);","lastModifiedDate":"2025-09-06T19:03:58","isFullCredit":false},{"lineNumber":26,"author":{"gitId":"Ibrashoukry"},"content":"","lastModifiedDate":"2025-09-06T19:03:58","isFullCredit":false},{"lineNumber":27,"author":{"gitId":"Ibrashoukry"},"content":"        switch(type) {","lastModifiedDate":"2025-09-06T19:03:58","isFullCredit":false},{"lineNumber":28,"author":{"gitId":"Ibrashoukry"},"content":"        case \"todo\":","lastModifiedDate":"2025-09-06T19:03:58","isFullCredit":false},{"lineNumber":29,"author":{"gitId":"Ibrashoukry"},"content":"            task \u003d new Todo(unparsedDesc);","lastModifiedDate":"2025-09-06T19:03:58","isFullCredit":false},{"lineNumber":30,"author":{"gitId":"Ibrashoukry"},"content":"            break;","lastModifiedDate":"2025-09-06T19:03:58","isFullCredit":false},{"lineNumber":31,"author":{"gitId":"Ibrashoukry"},"content":"        case \"deadline\":","lastModifiedDate":"2025-09-06T19:03:58","isFullCredit":false},{"lineNumber":32,"author":{"gitId":"Ibrashoukry"},"content":"            try {","lastModifiedDate":"2025-10-03T16:58:49","isFullCredit":false},{"lineNumber":33,"author":{"gitId":"Ibrashoukry"},"content":"                parsedDesc \u003d unparsedDesc.split(\"/by\");","lastModifiedDate":"2025-09-06T19:03:58","isFullCredit":false},{"lineNumber":34,"author":{"gitId":"Ibrashoukry"},"content":"                description \u003d parsedDesc[0].trim();","lastModifiedDate":"2025-09-06T19:03:58","isFullCredit":false},{"lineNumber":35,"author":{"gitId":"Ibrashoukry"},"content":"                by \u003d parsedDesc[1].trim();","lastModifiedDate":"2025-09-06T19:03:58","isFullCredit":false},{"lineNumber":36,"author":{"gitId":"Ibrashoukry"},"content":"                task \u003d new Deadline(description, by);","lastModifiedDate":"2025-09-06T19:03:58","isFullCredit":false},{"lineNumber":37,"author":{"gitId":"Ibrashoukry"},"content":"            } catch (ArrayIndexOutOfBoundsException e) {","lastModifiedDate":"2025-10-03T16:58:49","isFullCredit":false},{"lineNumber":38,"author":{"gitId":"Ibrashoukry"},"content":"                throw new AbdoException(printer.lineBreak +","lastModifiedDate":"2025-10-03T16:58:49","isFullCredit":false},{"lineNumber":39,"author":{"gitId":"Ibrashoukry"},"content":"                        \"Invalid format. Expected: \\\"deadline {description} /by {due date/time}\\\"\" +","lastModifiedDate":"2025-10-03T16:58:49","isFullCredit":false},{"lineNumber":40,"author":{"gitId":"Ibrashoukry"},"content":"                        System.lineSeparator() + printer.lineBreak);","lastModifiedDate":"2025-10-03T16:58:49","isFullCredit":false},{"lineNumber":41,"author":{"gitId":"Ibrashoukry"},"content":"            }","lastModifiedDate":"2025-10-03T16:58:49","isFullCredit":false},{"lineNumber":42,"author":{"gitId":"Ibrashoukry"},"content":"            break;","lastModifiedDate":"2025-09-06T19:03:58","isFullCredit":false},{"lineNumber":43,"author":{"gitId":"Ibrashoukry"},"content":"        case \"event\":","lastModifiedDate":"2025-09-06T19:03:58","isFullCredit":false},{"lineNumber":44,"author":{"gitId":"Ibrashoukry"},"content":"            try {","lastModifiedDate":"2025-10-03T16:58:49","isFullCredit":false},{"lineNumber":45,"author":{"gitId":"Ibrashoukry"},"content":"                parsedDesc \u003d unparsedDesc.split(\"/from|/to\");","lastModifiedDate":"2025-09-06T19:03:58","isFullCredit":false},{"lineNumber":46,"author":{"gitId":"Ibrashoukry"},"content":"                description \u003d parsedDesc[0].trim();","lastModifiedDate":"2025-09-06T19:03:58","isFullCredit":false},{"lineNumber":47,"author":{"gitId":"Ibrashoukry"},"content":"                from \u003d parsedDesc[1].trim();","lastModifiedDate":"2025-09-06T19:03:58","isFullCredit":false},{"lineNumber":48,"author":{"gitId":"Ibrashoukry"},"content":"                to \u003d parsedDesc[2].trim();","lastModifiedDate":"2025-09-06T19:03:58","isFullCredit":false},{"lineNumber":49,"author":{"gitId":"Ibrashoukry"},"content":"                task \u003d new Event(description, from, to);","lastModifiedDate":"2025-09-06T19:03:58","isFullCredit":false},{"lineNumber":50,"author":{"gitId":"Ibrashoukry"},"content":"            } catch (ArrayIndexOutOfBoundsException e) {","lastModifiedDate":"2025-10-03T16:58:49","isFullCredit":false},{"lineNumber":51,"author":{"gitId":"Ibrashoukry"},"content":"                throw new AbdoException(printer.lineBreak +","lastModifiedDate":"2025-10-03T16:58:49","isFullCredit":false},{"lineNumber":52,"author":{"gitId":"Ibrashoukry"},"content":"                        \"Incorrect format! Expected: \\\"event {description} /from {start date/time} /to {end date/time}\\\"\" +","lastModifiedDate":"2025-10-03T16:58:49","isFullCredit":false},{"lineNumber":53,"author":{"gitId":"Ibrashoukry"},"content":"                        System.lineSeparator() + printer.lineBreak);","lastModifiedDate":"2025-10-03T16:58:49","isFullCredit":false},{"lineNumber":54,"author":{"gitId":"Ibrashoukry"},"content":"            }","lastModifiedDate":"2025-10-03T16:58:49","isFullCredit":false},{"lineNumber":55,"author":{"gitId":"Ibrashoukry"},"content":"            break;","lastModifiedDate":"2025-09-06T19:03:58","isFullCredit":false},{"lineNumber":56,"author":{"gitId":"Ibrashoukry"},"content":"        default:","lastModifiedDate":"2025-09-06T19:03:58","isFullCredit":false},{"lineNumber":57,"author":{"gitId":"Ibrashoukry"},"content":"            task \u003d new Task(command);","lastModifiedDate":"2025-09-06T19:03:58","isFullCredit":false},{"lineNumber":58,"author":{"gitId":"Ibrashoukry"},"content":"        }","lastModifiedDate":"2025-09-06T19:03:58","isFullCredit":false},{"lineNumber":59,"author":{"gitId":"Ibrashoukry"},"content":"        return task;","lastModifiedDate":"2025-09-05T00:48:17","isFullCredit":false},{"lineNumber":60,"author":{"gitId":"Ibrashoukry"},"content":"    }","lastModifiedDate":"2025-09-05T00:48:17","isFullCredit":false},{"lineNumber":61,"author":{"gitId":"Ibrashoukry"},"content":"","lastModifiedDate":"2025-09-05T00:48:17","isFullCredit":false},{"lineNumber":62,"author":{"gitId":"Ibrashoukry"},"content":"    public static void main(String[] args) {","lastModifiedDate":"2025-09-05T00:48:17","isFullCredit":false},{"lineNumber":63,"author":{"gitId":"Ibrashoukry"},"content":"","lastModifiedDate":"2025-09-06T19:03:58","isFullCredit":false},{"lineNumber":64,"author":{"gitId":"Ibrashoukry"},"content":"        Printer printer \u003d new Printer();","lastModifiedDate":"2025-09-06T19:03:58","isFullCredit":false},{"lineNumber":65,"author":{"gitId":"Ibrashoukry"},"content":"        Scanner in \u003d new Scanner(System.in);","lastModifiedDate":"2025-09-05T00:48:17","isFullCredit":false},{"lineNumber":66,"author":{"gitId":"Ibrashoukry"},"content":"        Task[] tasks \u003d new Task[MAX_TASKS];","lastModifiedDate":"2025-09-06T19:03:58","isFullCredit":false},{"lineNumber":67,"author":{"gitId":"Ibrashoukry"},"content":"        int nextTask \u003d 0;","lastModifiedDate":"2025-09-05T00:48:17","isFullCredit":false},{"lineNumber":68,"author":{"gitId":"Ibrashoukry"},"content":"","lastModifiedDate":"2025-09-05T00:48:17","isFullCredit":false},{"lineNumber":69,"author":{"gitId":"Ibrashoukry"},"content":"        printer.printGreeting();","lastModifiedDate":"2025-09-06T19:03:58","isFullCredit":false},{"lineNumber":70,"author":{"gitId":"Ibrashoukry"},"content":"","lastModifiedDate":"2025-09-05T00:48:17","isFullCredit":false},{"lineNumber":71,"author":{"gitId":"Ibrashoukry"},"content":"        String command \u003d in.nextLine();","lastModifiedDate":"2025-09-05T00:48:17","isFullCredit":false},{"lineNumber":72,"author":{"gitId":"Ibrashoukry"},"content":"","lastModifiedDate":"2025-09-05T00:48:17","isFullCredit":false},{"lineNumber":73,"author":{"gitId":"Ibrashoukry"},"content":"        while (!command.equals(\"bye\")) {","lastModifiedDate":"2025-09-05T00:48:17","isFullCredit":false},{"lineNumber":74,"author":{"gitId":"Ibrashoukry"},"content":"            String[] parsedCommand \u003d command.split(\" \");","lastModifiedDate":"2025-09-05T00:48:17","isFullCredit":false},{"lineNumber":75,"author":{"gitId":"Ibrashoukry"},"content":"            switch(parsedCommand[0]) {","lastModifiedDate":"2025-09-05T00:48:17","isFullCredit":false},{"lineNumber":76,"author":{"gitId":"Ibrashoukry"},"content":"            case \"list\":","lastModifiedDate":"2025-09-05T00:48:17","isFullCredit":false},{"lineNumber":77,"author":{"gitId":"Ibrashoukry"},"content":"                System.out.println(printer.lineBreak + \"Here are the tasks in your list:\");","lastModifiedDate":"2025-09-06T19:03:58","isFullCredit":false},{"lineNumber":78,"author":{"gitId":"Ibrashoukry"},"content":"                for (int i \u003d 0; i \u003c nextTask; i++) {","lastModifiedDate":"2025-09-05T00:48:17","isFullCredit":false},{"lineNumber":79,"author":{"gitId":"Ibrashoukry"},"content":"                    System.out.println((i + 1) + \". \" + tasks[i].toString());","lastModifiedDate":"2025-09-06T19:03:58","isFullCredit":false},{"lineNumber":80,"author":{"gitId":"Ibrashoukry"},"content":"                }","lastModifiedDate":"2025-09-05T00:48:17","isFullCredit":false},{"lineNumber":81,"author":{"gitId":"Ibrashoukry"},"content":"                System.out.print(printer.lineBreak);","lastModifiedDate":"2025-09-06T19:03:58","isFullCredit":false},{"lineNumber":82,"author":{"gitId":"Ibrashoukry"},"content":"                break;","lastModifiedDate":"2025-09-05T00:48:17","isFullCredit":false},{"lineNumber":83,"author":{"gitId":"Ibrashoukry"},"content":"            case \"mark\":","lastModifiedDate":"2025-09-05T00:48:17","isFullCredit":false},{"lineNumber":84,"author":{"gitId":"Ibrashoukry"},"content":"                tasks[Integer.parseInt(parsedCommand[1]) - 1].setDone(true);","lastModifiedDate":"2025-09-05T00:48:17","isFullCredit":false},{"lineNumber":85,"author":{"gitId":"Ibrashoukry"},"content":"                System.out.print(printer.lineBreak + \"Nice job! abdo.process.Task marked as DONE!\\n\" +","lastModifiedDate":"2025-10-03T17:23:48","isFullCredit":false},{"lineNumber":86,"author":{"gitId":"Ibrashoukry"},"content":"                        tasks[Integer.parseInt(parsedCommand[1]) - 1].toString() + \"\\n\" + printer.lineBreak);","lastModifiedDate":"2025-09-06T19:03:58","isFullCredit":false},{"lineNumber":87,"author":{"gitId":"Ibrashoukry"},"content":"                break;","lastModifiedDate":"2025-09-05T00:48:17","isFullCredit":false},{"lineNumber":88,"author":{"gitId":"Ibrashoukry"},"content":"            case \"unmark\":","lastModifiedDate":"2025-09-05T00:48:17","isFullCredit":false},{"lineNumber":89,"author":{"gitId":"Ibrashoukry"},"content":"                tasks[Integer.parseInt(parsedCommand[1]) - 1].setDone(false);","lastModifiedDate":"2025-09-05T00:48:17","isFullCredit":false},{"lineNumber":90,"author":{"gitId":"Ibrashoukry"},"content":"                System.out.print(printer.lineBreak + \"Ahhh! abdo.process.Task marked NOT DONE!\\n\" +","lastModifiedDate":"2025-10-03T17:23:48","isFullCredit":false},{"lineNumber":91,"author":{"gitId":"Ibrashoukry"},"content":"                        tasks[Integer.parseInt(parsedCommand[1]) - 1].toString() + \"\\n\" + printer.lineBreak);","lastModifiedDate":"2025-09-06T19:03:58","isFullCredit":false},{"lineNumber":92,"author":{"gitId":"Ibrashoukry"},"content":"                break;","lastModifiedDate":"2025-09-05T00:48:17","isFullCredit":false},{"lineNumber":93,"author":{"gitId":"Ibrashoukry"},"content":"            case \"todo\":","lastModifiedDate":"2025-09-06T19:03:58","isFullCredit":false},{"lineNumber":94,"author":{"gitId":"Ibrashoukry"},"content":"            case \"deadline\":","lastModifiedDate":"2025-09-06T19:03:58","isFullCredit":false},{"lineNumber":95,"author":{"gitId":"Ibrashoukry"},"content":"            case \"event\":","lastModifiedDate":"2025-09-06T19:03:58","isFullCredit":false},{"lineNumber":96,"author":{"gitId":"Ibrashoukry"},"content":"                // handles error where no other info has been inputted except the command","lastModifiedDate":"2025-10-03T16:36:11","isFullCredit":false},{"lineNumber":97,"author":{"gitId":"Ibrashoukry"},"content":"                if (parsedCommand.length \u003d\u003d 1) {","lastModifiedDate":"2025-10-03T16:36:11","isFullCredit":false},{"lineNumber":98,"author":{"gitId":"Ibrashoukry"},"content":"                    System.out.print(printer.lineBreak +","lastModifiedDate":"2025-10-03T16:36:11","isFullCredit":false},{"lineNumber":99,"author":{"gitId":"Ibrashoukry"},"content":"                            \"I don\u0027t understand. You have to give \\\"\" + parsedCommand[0] +","lastModifiedDate":"2025-10-03T16:36:11","isFullCredit":false},{"lineNumber":100,"author":{"gitId":"Ibrashoukry"},"content":"                            \"\\\" a description!!!\" + System.lineSeparator() + printer.lineBreak);","lastModifiedDate":"2025-10-03T16:36:11","isFullCredit":false},{"lineNumber":101,"author":{"gitId":"Ibrashoukry"},"content":"                    break;","lastModifiedDate":"2025-10-03T16:36:11","isFullCredit":false},{"lineNumber":102,"author":{"gitId":"Ibrashoukry"},"content":"                }","lastModifiedDate":"2025-10-03T16:36:11","isFullCredit":false},{"lineNumber":103,"author":{"gitId":"Ibrashoukry"},"content":"","lastModifiedDate":"2025-10-03T16:36:11","isFullCredit":false},{"lineNumber":104,"author":{"gitId":"Ibrashoukry"},"content":"                try {","lastModifiedDate":"2025-10-03T16:58:49","isFullCredit":false},{"lineNumber":105,"author":{"gitId":"Ibrashoukry"},"content":"                    tasks[nextTask] \u003d processTask(command, parsedCommand[0]);","lastModifiedDate":"2025-09-06T19:03:58","isFullCredit":false},{"lineNumber":106,"author":{"gitId":"Ibrashoukry"},"content":"                    printer.printAddTask(tasks[nextTask], nextTask + 1);","lastModifiedDate":"2025-09-06T19:03:58","isFullCredit":false},{"lineNumber":107,"author":{"gitId":"Ibrashoukry"},"content":"                    nextTask++;","lastModifiedDate":"2025-09-05T00:48:17","isFullCredit":false},{"lineNumber":108,"author":{"gitId":"Ibrashoukry"},"content":"                } catch (AbdoException e) {","lastModifiedDate":"2025-10-03T16:58:49","isFullCredit":false},{"lineNumber":109,"author":{"gitId":"Ibrashoukry"},"content":"                    System.out.print(e.getMessage());","lastModifiedDate":"2025-10-03T16:58:49","isFullCredit":false},{"lineNumber":110,"author":{"gitId":"Ibrashoukry"},"content":"                }","lastModifiedDate":"2025-10-03T16:58:49","isFullCredit":false},{"lineNumber":111,"author":{"gitId":"Ibrashoukry"},"content":"                break;","lastModifiedDate":"2025-09-05T00:48:17","isFullCredit":false},{"lineNumber":112,"author":{"gitId":"Ibrashoukry"},"content":"            default:","lastModifiedDate":"2025-09-06T19:03:58","isFullCredit":false},{"lineNumber":113,"author":{"gitId":"Ibrashoukry"},"content":"                System.out.print(printer.lineBreak +","lastModifiedDate":"2025-10-03T15:39:25","isFullCredit":false},{"lineNumber":114,"author":{"gitId":"Ibrashoukry"},"content":"                        \"Not a real command... you should know better!\" + System.lineSeparator() + printer.lineBreak);","lastModifiedDate":"2025-10-03T15:39:25","isFullCredit":false},{"lineNumber":115,"author":{"gitId":"Ibrashoukry"},"content":"                break;","lastModifiedDate":"2025-09-06T19:03:58","isFullCredit":false},{"lineNumber":116,"author":{"gitId":"Ibrashoukry"},"content":"            }","lastModifiedDate":"2025-09-05T00:48:17","isFullCredit":false},{"lineNumber":117,"author":{"gitId":"Ibrashoukry"},"content":"","lastModifiedDate":"2025-09-05T00:48:17","isFullCredit":false},{"lineNumber":118,"author":{"gitId":"Ibrashoukry"},"content":"            System.out.print(\"\u003e \");","lastModifiedDate":"2025-09-05T00:48:17","isFullCredit":false},{"lineNumber":119,"author":{"gitId":"Ibrashoukry"},"content":"            command \u003d in.nextLine();","lastModifiedDate":"2025-09-05T00:48:17","isFullCredit":false},{"lineNumber":120,"author":{"gitId":"Ibrashoukry"},"content":"        }","lastModifiedDate":"2025-09-05T00:48:17","isFullCredit":false},{"lineNumber":121,"author":{"gitId":"Ibrashoukry"},"content":"","lastModifiedDate":"2025-09-05T00:48:17","isFullCredit":false},{"lineNumber":122,"author":{"gitId":"Ibrashoukry"},"content":"        printer.printExit();","lastModifiedDate":"2025-09-06T19:03:58","isFullCredit":false},{"lineNumber":123,"author":{"gitId":"Ibrashoukry"},"content":"        in.close();","lastModifiedDate":"2025-09-05T00:48:17","isFullCredit":false},{"lineNumber":124,"author":{"gitId":"Ibrashoukry"},"content":"    }","lastModifiedDate":"2025-09-05T00:48:17","isFullCredit":false},{"lineNumber":125,"author":{"gitId":"Ibrashoukry"},"content":"}","lastModifiedDate":"2025-09-05T00:48:17","isFullCredit":false}],"authorContributionMap":{"Ibrashoukry":125}}]
