[{"path":"README.md","fileType":"md","lines":[{"lineNumber":1,"author":{"gitId":"tam308"},"content":"# HorseBot Project","lastModifiedDate":"2025-08-22T15:06:30","isFullCredit":false},{"lineNumber":2,"author":{"gitId":"-"},"content":"","lastModifiedDate":"2020-05-25T00:03:55","isFullCredit":false},{"lineNumber":3,"author":{"gitId":"tam308"},"content":"This is a greenfield Java project. It\u0027s a Horse. Given below are instructions on how to use it.","lastModifiedDate":"2025-08-22T15:06:30","isFullCredit":false},{"lineNumber":4,"author":{"gitId":"-"},"content":"","lastModifiedDate":"2020-05-25T00:03:55","isFullCredit":false},{"lineNumber":5,"author":{"gitId":"-"},"content":"## Setting up in Intellij","lastModifiedDate":"2020-05-25T00:03:55","isFullCredit":false},{"lineNumber":6,"author":{"gitId":"-"},"content":"","lastModifiedDate":"2020-05-25T00:03:55","isFullCredit":false},{"lineNumber":7,"author":{"gitId":"-"},"content":"Prerequisites: JDK 17, update Intellij to the most recent version.","lastModifiedDate":"2024-07-11T16:50:14","isFullCredit":false},{"lineNumber":8,"author":{"gitId":"-"},"content":"","lastModifiedDate":"2020-05-25T00:03:55","isFullCredit":false},{"lineNumber":9,"author":{"gitId":"-"},"content":"1. Open Intellij (if you are not in the welcome screen, click `File` \u003e `Close Project` to close the existing project first)","lastModifiedDate":"2021-01-17T12:25:53","isFullCredit":false},{"lineNumber":10,"author":{"gitId":"-"},"content":"1. Open the project into Intellij as follows:","lastModifiedDate":"2021-01-17T12:25:53","isFullCredit":false},{"lineNumber":11,"author":{"gitId":"-"},"content":"   1. Click `Open`.","lastModifiedDate":"2021-01-17T12:25:53","isFullCredit":false},{"lineNumber":12,"author":{"gitId":"-"},"content":"   1. Select the project directory, and click `OK`.","lastModifiedDate":"2021-01-17T12:25:53","isFullCredit":false},{"lineNumber":13,"author":{"gitId":"-"},"content":"   1. If there are any further prompts, accept the defaults.","lastModifiedDate":"2020-05-25T00:03:55","isFullCredit":false},{"lineNumber":14,"author":{"gitId":"-"},"content":"1. Configure the project to use **JDK 17** (not other versions) as explained in [here](https://www.jetbrains.com/help/idea/sdk.html#set-up-jdk).\u003cbr\u003e","lastModifiedDate":"2024-07-11T16:50:14","isFullCredit":false},{"lineNumber":15,"author":{"gitId":"-"},"content":"   In the same dialog, set the **Project language level** field to the `SDK default` option.","lastModifiedDate":"2021-07-29T20:29:39","isFullCredit":false},{"lineNumber":16,"author":{"gitId":"tam308"},"content":"1. After that, locate the `src/main/java/HorseBot.java` file, right-click it, and choose `Run HorseBot.main()` (if the code editor is showing compile errors, try restarting the IDE). If the setup is correct, you should see something like the below as the output:","lastModifiedDate":"2025-08-22T15:06:30","isFullCredit":false},{"lineNumber":17,"author":{"gitId":"-"},"content":"   ```","lastModifiedDate":"2020-05-25T00:03:55","isFullCredit":false},{"lineNumber":18,"author":{"gitId":"tam308"},"content":"   Neigh! I\u0027m a Horse! How can i assist you?","lastModifiedDate":"2025-08-25T20:12:49","isFullCredit":false},{"lineNumber":19,"author":{"gitId":"-"},"content":"   ```","lastModifiedDate":"2020-05-25T00:03:55","isFullCredit":false},{"lineNumber":20,"author":{"gitId":"-"},"content":"","lastModifiedDate":"2025-01-04T21:44:28","isFullCredit":false},{"lineNumber":21,"author":{"gitId":"-"},"content":"**Warning:** Keep the `src\\main\\java` folder as the root folder for Java files (i.e., don\u0027t rename those folders or move Java files to another folder outside of this folder path), as this is the default location some tools (e.g., Gradle) expect to find Java files.","lastModifiedDate":"2025-01-04T21:44:28","isFullCredit":false}],"authorContributionMap":{"tam308":4,"-":17}},{"path":"src/main/java/HorseBot.java","fileType":"java","lines":[{"lineNumber":1,"author":{"gitId":"tam308"},"content":"import java.util.Scanner;","lastModifiedDate":"2025-08-20T21:01:53","isFullCredit":false},{"lineNumber":2,"author":{"gitId":"tam308"},"content":"","lastModifiedDate":"2025-08-22T15:06:30","isFullCredit":false},{"lineNumber":3,"author":{"gitId":"tam308"},"content":"public class HorseBot {","lastModifiedDate":"2025-08-20T13:00:11","isFullCredit":false},{"lineNumber":4,"author":{"gitId":"tam308"},"content":"    static String line \u003d \"______________________________________________________________________\";","lastModifiedDate":"2025-08-20T21:01:53","isFullCredit":false},{"lineNumber":5,"author":{"gitId":"tam308"},"content":"","lastModifiedDate":"2025-08-22T15:06:30","isFullCredit":false},{"lineNumber":6,"author":{"gitId":"tam308"},"content":"    //print the chatbot\u0027s introductory message","lastModifiedDate":"2025-08-20T21:01:53","isFullCredit":false},{"lineNumber":7,"author":{"gitId":"tam308"},"content":"    public static void intro() {","lastModifiedDate":"2025-08-20T21:01:53","isFullCredit":false},{"lineNumber":8,"author":{"gitId":"tam308"},"content":"        String logo \u003d \"\"\"","lastModifiedDate":"2025-08-20T21:01:53","isFullCredit":false},{"lineNumber":9,"author":{"gitId":"tam308"},"content":"                .--------------------------------------------------------------------.","lastModifiedDate":"2025-08-20T21:01:53","isFullCredit":false},{"lineNumber":10,"author":{"gitId":"tam308"},"content":"                | __  __                                     ____            __      |","lastModifiedDate":"2025-08-20T21:01:53","isFullCredit":false},{"lineNumber":11,"author":{"gitId":"tam308"},"content":"                |/\\\\ \\\\/\\\\ \\\\                                   /\\\\  _`\\\\         /\\\\ \\\\__   |","lastModifiedDate":"2025-08-20T21:01:53","isFullCredit":false},{"lineNumber":12,"author":{"gitId":"tam308"},"content":"                |\\\\ \\\\ \\\\_\\\\ \\\\    ___   _ __   ____     __      \\\\ \\\\ \\\\L\\\\ \\\\    ___\\\\ \\\\ ,_\\\\  |","lastModifiedDate":"2025-08-20T21:01:53","isFullCredit":false},{"lineNumber":13,"author":{"gitId":"tam308"},"content":"                | \\\\ \\\\  _  \\\\  / __`\\\\/\\\\`\u0027__\\\\/\u0027,__\\\\  /\u0027__`\\\\     \\\\ \\\\  _ \u003c\u0027  / __`\\\\ \\\\ \\\\/  |","lastModifiedDate":"2025-08-20T21:01:53","isFullCredit":false},{"lineNumber":14,"author":{"gitId":"tam308"},"content":"                |  \\\\ \\\\ \\\\ \\\\ \\\\/\\\\ \\\\L\\\\ \\\\ \\\\ \\\\//\\\\__, `\\\\/\\\\  __/      \\\\ \\\\ \\\\L\\\\ \\\\/\\\\ \\\\L\\\\ \\\\ \\\\ \\\\_ |","lastModifiedDate":"2025-08-20T21:01:53","isFullCredit":false},{"lineNumber":15,"author":{"gitId":"tam308"},"content":"                |   \\\\ \\\\_\\\\ \\\\_\\\\ \\\\____/\\\\ \\\\_\\\\\\\\/\\\\____/\\\\ \\\\____\\\\      \\\\ \\\\____/\\\\ \\\\____/\\\\ \\\\__\\\\|","lastModifiedDate":"2025-08-20T21:01:53","isFullCredit":false},{"lineNumber":16,"author":{"gitId":"tam308"},"content":"                |    \\\\/_/\\\\/_/\\\\/___/  \\\\/_/ \\\\/___/  \\\\/____/       \\\\/___/  \\\\/___/  \\\\/__/|","lastModifiedDate":"2025-08-20T21:01:53","isFullCredit":false},{"lineNumber":17,"author":{"gitId":"tam308"},"content":"                \u0027--------------------------------------------------------------------\u0027\"\"\";","lastModifiedDate":"2025-08-20T21:01:53","isFullCredit":false},{"lineNumber":18,"author":{"gitId":"tam308"},"content":"        //ascii art generated with https://www.asciiart.eu/text-to-ascii-art","lastModifiedDate":"2025-08-20T13:00:11","isFullCredit":false},{"lineNumber":19,"author":{"gitId":"tam308"},"content":"        System.out.println(logo + \"\\nNeigh! I\u0027m a Horse! How can i assist you?\");","lastModifiedDate":"2025-08-20T13:00:11","isFullCredit":false},{"lineNumber":20,"author":{"gitId":"tam308"},"content":"        System.out.println(line);","lastModifiedDate":"2025-08-20T13:00:11","isFullCredit":false},{"lineNumber":21,"author":{"gitId":"tam308"},"content":"    }","lastModifiedDate":"2025-08-20T21:01:53","isFullCredit":false},{"lineNumber":22,"author":{"gitId":"tam308"},"content":"","lastModifiedDate":"2025-08-20T21:01:53","isFullCredit":false},{"lineNumber":23,"author":{"gitId":"tam308"},"content":"    static Task[] list \u003d new Task[100]; //initialise list of size 100","lastModifiedDate":"2025-08-25T20:12:49","isFullCredit":false},{"lineNumber":24,"author":{"gitId":"tam308"},"content":"    static int listLength \u003d 0;","lastModifiedDate":"2025-08-22T15:06:30","isFullCredit":false},{"lineNumber":25,"author":{"gitId":"tam308"},"content":"","lastModifiedDate":"2025-08-22T15:06:30","isFullCredit":false},{"lineNumber":26,"author":{"gitId":"tam308"},"content":"    //record whatever user inputs in a list","lastModifiedDate":"2025-08-22T15:06:30","isFullCredit":false},{"lineNumber":27,"author":{"gitId":"tam308"},"content":"    public static void record() {","lastModifiedDate":"2025-08-22T15:06:30","isFullCredit":false},{"lineNumber":28,"author":{"gitId":"tam308"},"content":"        String userInput;","lastModifiedDate":"2025-08-22T15:06:30","isFullCredit":false},{"lineNumber":29,"author":{"gitId":"tam308"},"content":"        Scanner in \u003d new Scanner(System.in);","lastModifiedDate":"2025-08-20T21:01:53","isFullCredit":false},{"lineNumber":30,"author":{"gitId":"tam308"},"content":"        userInput \u003d in.nextLine();","lastModifiedDate":"2025-08-20T21:01:53","isFullCredit":false},{"lineNumber":31,"author":{"gitId":"tam308"},"content":"        String[] userInputArray \u003d userInput.split(\" \");","lastModifiedDate":"2025-08-25T20:12:49","isFullCredit":false},{"lineNumber":32,"author":{"gitId":"tam308"},"content":"        String command \u003d userInputArray[0]; //read the first word in user input as possible command","lastModifiedDate":"2025-08-25T20:12:49","isFullCredit":false},{"lineNumber":33,"author":{"gitId":"tam308"},"content":"        int markingIndex \u003d 0; //to keep track of which index to mark/unmark after reading command","lastModifiedDate":"2025-08-25T20:12:49","isFullCredit":false},{"lineNumber":34,"author":{"gitId":"tam308"},"content":"        switch (command) {","lastModifiedDate":"2025-08-25T20:12:49","isFullCredit":false},{"lineNumber":35,"author":{"gitId":"tam308"},"content":"        case \"mark\": //mark a task as done","lastModifiedDate":"2025-08-25T20:12:49","isFullCredit":false},{"lineNumber":36,"author":{"gitId":"tam308"},"content":"            markingIndex \u003d Integer.parseInt(userInputArray[1]) - 1;","lastModifiedDate":"2025-08-25T20:12:49","isFullCredit":false},{"lineNumber":37,"author":{"gitId":"tam308"},"content":"            list[markingIndex].setDone(true);","lastModifiedDate":"2025-08-25T20:12:49","isFullCredit":false},{"lineNumber":38,"author":{"gitId":"tam308"},"content":"            System.out.println(line);","lastModifiedDate":"2025-08-25T20:12:49","isFullCredit":false},{"lineNumber":39,"author":{"gitId":"tam308"},"content":"            System.out.println(\"Neigh! I\u0027ve marked this task as done:\");","lastModifiedDate":"2025-08-25T20:12:49","isFullCredit":false},{"lineNumber":40,"author":{"gitId":"tam308"},"content":"            System.out.print(\"[\" + list[markingIndex].getStatusIcon() + \"] \");","lastModifiedDate":"2025-08-25T20:12:49","isFullCredit":false},{"lineNumber":41,"author":{"gitId":"tam308"},"content":"            System.out.println(list[markingIndex].getDescription());","lastModifiedDate":"2025-08-25T20:12:49","isFullCredit":false},{"lineNumber":42,"author":{"gitId":"tam308"},"content":"            System.out.println(line);","lastModifiedDate":"2025-08-25T20:12:49","isFullCredit":false},{"lineNumber":43,"author":{"gitId":"tam308"},"content":"            break;","lastModifiedDate":"2025-08-25T20:12:49","isFullCredit":false},{"lineNumber":44,"author":{"gitId":"tam308"},"content":"        case \"unmark\": //mark a task as undone","lastModifiedDate":"2025-08-25T20:12:49","isFullCredit":false},{"lineNumber":45,"author":{"gitId":"tam308"},"content":"            markingIndex \u003d Integer.parseInt(userInputArray[1]) - 1;","lastModifiedDate":"2025-08-25T20:12:49","isFullCredit":false},{"lineNumber":46,"author":{"gitId":"tam308"},"content":"            list[markingIndex].setDone(false);","lastModifiedDate":"2025-08-25T20:12:49","isFullCredit":false},{"lineNumber":47,"author":{"gitId":"tam308"},"content":"            System.out.println(line);","lastModifiedDate":"2025-08-25T20:12:49","isFullCredit":false},{"lineNumber":48,"author":{"gitId":"tam308"},"content":"            System.out.println(\"Neigh... This task has been marked undone:\");","lastModifiedDate":"2025-08-25T20:12:49","isFullCredit":false},{"lineNumber":49,"author":{"gitId":"tam308"},"content":"            System.out.print(\"[\" + list[markingIndex].getStatusIcon() + \"] \");","lastModifiedDate":"2025-08-25T20:12:49","isFullCredit":false},{"lineNumber":50,"author":{"gitId":"tam308"},"content":"            System.out.println(list[markingIndex].getDescription());","lastModifiedDate":"2025-08-25T20:12:49","isFullCredit":false},{"lineNumber":51,"author":{"gitId":"tam308"},"content":"            System.out.println(line);","lastModifiedDate":"2025-08-25T20:12:49","isFullCredit":false},{"lineNumber":52,"author":{"gitId":"tam308"},"content":"            break;","lastModifiedDate":"2025-08-25T20:12:49","isFullCredit":false},{"lineNumber":53,"author":{"gitId":"tam308"},"content":"","lastModifiedDate":"2025-08-25T20:12:49","isFullCredit":false},{"lineNumber":54,"author":{"gitId":"tam308"},"content":"        case \"bye\": //terminate program","lastModifiedDate":"2025-08-22T15:06:30","isFullCredit":false},{"lineNumber":55,"author":{"gitId":"tam308"},"content":"            System.out.println(line);","lastModifiedDate":"2025-08-20T21:01:53","isFullCredit":false},{"lineNumber":56,"author":{"gitId":"tam308"},"content":"            System.out.println(\"Bye bye! It was Neigh-ce to meet you!\");","lastModifiedDate":"2025-08-22T15:06:30","isFullCredit":false},{"lineNumber":57,"author":{"gitId":"tam308"},"content":"            System.out.println(line);","lastModifiedDate":"2025-08-22T15:06:30","isFullCredit":false},{"lineNumber":58,"author":{"gitId":"tam308"},"content":"            System.exit(0);","lastModifiedDate":"2025-08-22T15:06:30","isFullCredit":false},{"lineNumber":59,"author":{"gitId":"tam308"},"content":"            break;","lastModifiedDate":"2025-08-22T15:06:30","isFullCredit":false},{"lineNumber":60,"author":{"gitId":"tam308"},"content":"        case \"list\": //list out all items","lastModifiedDate":"2025-08-22T15:06:30","isFullCredit":false},{"lineNumber":61,"author":{"gitId":"tam308"},"content":"            int counter \u003d 0;","lastModifiedDate":"2025-08-25T20:12:49","isFullCredit":false},{"lineNumber":62,"author":{"gitId":"tam308"},"content":"            System.out.println(line);","lastModifiedDate":"2025-08-20T21:01:53","isFullCredit":false},{"lineNumber":63,"author":{"gitId":"tam308"},"content":"            while (list[counter] !\u003d null) {","lastModifiedDate":"2025-08-25T20:12:49","isFullCredit":false},{"lineNumber":64,"author":{"gitId":"tam308"},"content":"                System.out.print((counter + 1) + \".\");","lastModifiedDate":"2025-08-25T20:12:49","isFullCredit":false},{"lineNumber":65,"author":{"gitId":"tam308"},"content":"                System.out.print(\"[\" + list[counter].getStatusIcon() + \"] \");","lastModifiedDate":"2025-08-25T20:12:49","isFullCredit":false},{"lineNumber":66,"author":{"gitId":"tam308"},"content":"                System.out.println(list[counter].getDescription());","lastModifiedDate":"2025-08-25T20:12:49","isFullCredit":false},{"lineNumber":67,"author":{"gitId":"tam308"},"content":"                counter++;","lastModifiedDate":"2025-08-25T20:12:49","isFullCredit":false},{"lineNumber":68,"author":{"gitId":"tam308"},"content":"            }","lastModifiedDate":"2025-08-20T21:01:53","isFullCredit":false},{"lineNumber":69,"author":{"gitId":"tam308"},"content":"            System.out.println(line);","lastModifiedDate":"2025-08-22T15:06:30","isFullCredit":false},{"lineNumber":70,"author":{"gitId":"tam308"},"content":"            break;","lastModifiedDate":"2025-08-22T15:06:30","isFullCredit":false},{"lineNumber":71,"author":{"gitId":"tam308"},"content":"","lastModifiedDate":"2025-08-25T20:12:49","isFullCredit":false},{"lineNumber":72,"author":{"gitId":"tam308"},"content":"        default: //default case add userInput to the list","lastModifiedDate":"2025-08-22T15:06:30","isFullCredit":false},{"lineNumber":73,"author":{"gitId":"tam308"},"content":"            list[listLength] \u003d new Task(userInput);","lastModifiedDate":"2025-08-25T20:12:49","isFullCredit":false},{"lineNumber":74,"author":{"gitId":"tam308"},"content":"            listLength++;","lastModifiedDate":"2025-08-22T15:06:30","isFullCredit":false},{"lineNumber":75,"author":{"gitId":"tam308"},"content":"            System.out.println(line);","lastModifiedDate":"2025-08-22T15:06:30","isFullCredit":false},{"lineNumber":76,"author":{"gitId":"tam308"},"content":"            System.out.println(\"    \" + \"Neigh! added: \" + userInput);","lastModifiedDate":"2025-08-22T15:06:30","isFullCredit":false},{"lineNumber":77,"author":{"gitId":"tam308"},"content":"            System.out.println(line);","lastModifiedDate":"2025-08-22T15:06:30","isFullCredit":false},{"lineNumber":78,"author":{"gitId":"tam308"},"content":"            break;","lastModifiedDate":"2025-08-22T15:06:30","isFullCredit":false},{"lineNumber":79,"author":{"gitId":"tam308"},"content":"","lastModifiedDate":"2025-08-22T15:06:30","isFullCredit":false},{"lineNumber":80,"author":{"gitId":"tam308"},"content":"        }","lastModifiedDate":"2025-08-20T21:01:53","isFullCredit":false},{"lineNumber":81,"author":{"gitId":"tam308"},"content":"    }","lastModifiedDate":"2025-08-20T21:01:53","isFullCredit":false},{"lineNumber":82,"author":{"gitId":"tam308"},"content":"","lastModifiedDate":"2025-08-20T21:01:53","isFullCredit":false},{"lineNumber":83,"author":{"gitId":"tam308"},"content":"","lastModifiedDate":"2025-08-22T15:06:30","isFullCredit":false},{"lineNumber":84,"author":{"gitId":"tam308"},"content":"    public static void main(String[] args) {","lastModifiedDate":"2025-08-20T21:01:53","isFullCredit":false},{"lineNumber":85,"author":{"gitId":"tam308"},"content":"        intro();","lastModifiedDate":"2025-08-20T21:01:53","isFullCredit":false},{"lineNumber":86,"author":{"gitId":"tam308"},"content":"        while (true) {","lastModifiedDate":"2025-08-22T15:06:30","isFullCredit":false},{"lineNumber":87,"author":{"gitId":"tam308"},"content":"            record();","lastModifiedDate":"2025-08-22T15:06:30","isFullCredit":false},{"lineNumber":88,"author":{"gitId":"tam308"},"content":"        }","lastModifiedDate":"2025-08-22T15:06:30","isFullCredit":false},{"lineNumber":89,"author":{"gitId":"tam308"},"content":"    }","lastModifiedDate":"2025-08-20T13:00:11","isFullCredit":false},{"lineNumber":90,"author":{"gitId":"tam308"},"content":"}","lastModifiedDate":"2025-08-20T13:00:11","isFullCredit":false}],"authorContributionMap":{"tam308":90}},{"path":"src/main/java/Task.java","fileType":"java","lines":[{"lineNumber":1,"author":{"gitId":"tam308"},"content":"public class Task {","lastModifiedDate":"2025-08-25T20:12:49","isFullCredit":false},{"lineNumber":2,"author":{"gitId":"tam308"},"content":"    protected String description;","lastModifiedDate":"2025-08-25T20:12:49","isFullCredit":false},{"lineNumber":3,"author":{"gitId":"tam308"},"content":"    protected boolean isDone;","lastModifiedDate":"2025-08-25T20:12:49","isFullCredit":false},{"lineNumber":4,"author":{"gitId":"tam308"},"content":"","lastModifiedDate":"2025-08-25T20:12:49","isFullCredit":false},{"lineNumber":5,"author":{"gitId":"tam308"},"content":"    public Task(String description) {","lastModifiedDate":"2025-08-25T20:12:49","isFullCredit":false},{"lineNumber":6,"author":{"gitId":"tam308"},"content":"        this.description \u003d description;","lastModifiedDate":"2025-08-25T20:12:49","isFullCredit":false},{"lineNumber":7,"author":{"gitId":"tam308"},"content":"        this.isDone \u003d false;","lastModifiedDate":"2025-08-25T20:12:49","isFullCredit":false},{"lineNumber":8,"author":{"gitId":"tam308"},"content":"    }","lastModifiedDate":"2025-08-25T20:12:49","isFullCredit":false},{"lineNumber":9,"author":{"gitId":"tam308"},"content":"","lastModifiedDate":"2025-08-25T20:12:49","isFullCredit":false},{"lineNumber":10,"author":{"gitId":"tam308"},"content":"    public String getStatusIcon() {","lastModifiedDate":"2025-08-25T20:12:49","isFullCredit":false},{"lineNumber":11,"author":{"gitId":"tam308"},"content":"        return (isDone ? \"X\" : \" \"); // mark done task with X","lastModifiedDate":"2025-08-25T20:12:49","isFullCredit":false},{"lineNumber":12,"author":{"gitId":"tam308"},"content":"    }","lastModifiedDate":"2025-08-25T20:12:49","isFullCredit":false},{"lineNumber":13,"author":{"gitId":"tam308"},"content":"","lastModifiedDate":"2025-08-25T20:12:49","isFullCredit":false},{"lineNumber":14,"author":{"gitId":"tam308"},"content":"    public void setDone(boolean done) {","lastModifiedDate":"2025-08-25T20:12:49","isFullCredit":false},{"lineNumber":15,"author":{"gitId":"tam308"},"content":"        isDone \u003d done;","lastModifiedDate":"2025-08-25T20:12:49","isFullCredit":false},{"lineNumber":16,"author":{"gitId":"tam308"},"content":"    }","lastModifiedDate":"2025-08-25T20:12:49","isFullCredit":false},{"lineNumber":17,"author":{"gitId":"tam308"},"content":"","lastModifiedDate":"2025-08-25T20:12:49","isFullCredit":false},{"lineNumber":18,"author":{"gitId":"tam308"},"content":"    public String getDescription() {","lastModifiedDate":"2025-08-25T20:12:49","isFullCredit":false},{"lineNumber":19,"author":{"gitId":"tam308"},"content":"        return description;","lastModifiedDate":"2025-08-25T20:12:49","isFullCredit":false},{"lineNumber":20,"author":{"gitId":"tam308"},"content":"    }","lastModifiedDate":"2025-08-25T20:12:49","isFullCredit":false},{"lineNumber":21,"author":{"gitId":"tam308"},"content":"}","lastModifiedDate":"2025-08-25T20:12:49","isFullCredit":false}],"authorContributionMap":{"tam308":21}}]
