[{"path":"README.md","fileType":"md","lines":[{"lineNumber":1,"author":{"gitId":"bennyy117"},"content":"# Nary project template","lastModifiedDate":"2025-09-03T10:51:55","isFullCredit":false},{"lineNumber":2,"author":{"gitId":"-"},"content":"","lastModifiedDate":"2020-05-25T00:03:55","isFullCredit":false},{"lineNumber":3,"author":{"gitId":"-"},"content":"This is a project template for a greenfield Java project. It\u0027s named after the Java mascot _Duke_. Given below are instructions on how to use it.","lastModifiedDate":"2020-05-25T00:03:55","isFullCredit":false},{"lineNumber":4,"author":{"gitId":"-"},"content":"","lastModifiedDate":"2020-05-25T00:03:55","isFullCredit":false},{"lineNumber":5,"author":{"gitId":"-"},"content":"## Setting up in Intellij","lastModifiedDate":"2020-05-25T00:03:55","isFullCredit":false},{"lineNumber":6,"author":{"gitId":"-"},"content":"","lastModifiedDate":"2020-05-25T00:03:55","isFullCredit":false},{"lineNumber":7,"author":{"gitId":"-"},"content":"Prerequisites: JDK 17, update Intellij to the most recent version.","lastModifiedDate":"2024-07-11T16:50:14","isFullCredit":false},{"lineNumber":8,"author":{"gitId":"-"},"content":"","lastModifiedDate":"2020-05-25T00:03:55","isFullCredit":false},{"lineNumber":9,"author":{"gitId":"-"},"content":"1. Open Intellij (if you are not in the welcome screen, click `File` \u003e `Close Project` to close the existing project first)","lastModifiedDate":"2021-01-17T12:25:53","isFullCredit":false},{"lineNumber":10,"author":{"gitId":"-"},"content":"1. Open the project into Intellij as follows:","lastModifiedDate":"2021-01-17T12:25:53","isFullCredit":false},{"lineNumber":11,"author":{"gitId":"-"},"content":"   1. Click `Open`.","lastModifiedDate":"2021-01-17T12:25:53","isFullCredit":false},{"lineNumber":12,"author":{"gitId":"-"},"content":"   1. Select the project directory, and click `OK`.","lastModifiedDate":"2021-01-17T12:25:53","isFullCredit":false},{"lineNumber":13,"author":{"gitId":"-"},"content":"   1. If there are any further prompts, accept the defaults.","lastModifiedDate":"2020-05-25T00:03:55","isFullCredit":false},{"lineNumber":14,"author":{"gitId":"-"},"content":"1. Configure the project to use **JDK 17** (not other versions) as explained in [here](https://www.jetbrains.com/help/idea/sdk.html#set-up-jdk).\u003cbr\u003e","lastModifiedDate":"2024-07-11T16:50:14","isFullCredit":false},{"lineNumber":15,"author":{"gitId":"-"},"content":"   In the same dialog, set the **Project language level** field to the `SDK default` option.","lastModifiedDate":"2021-07-29T20:29:39","isFullCredit":false},{"lineNumber":16,"author":{"gitId":"bennyy117"},"content":"1. After that, locate the `src/main/java/Nary.java` file, right-click it, and choose `Run Nary.main()` (if the code editor is showing compile errors, try restarting the IDE). If the setup is correct, you should see something like the below as the output:","lastModifiedDate":"2025-09-03T10:51:55","isFullCredit":false},{"lineNumber":17,"author":{"gitId":"-"},"content":"   ```","lastModifiedDate":"2020-05-25T00:03:55","isFullCredit":false},{"lineNumber":18,"author":{"gitId":"-"},"content":"   Hello from","lastModifiedDate":"2020-05-25T00:03:55","isFullCredit":false},{"lineNumber":19,"author":{"gitId":"-"},"content":"    ____        _        ","lastModifiedDate":"2020-05-25T00:03:55","isFullCredit":false},{"lineNumber":20,"author":{"gitId":"-"},"content":"   |  _ \\ _   _| | _____ ","lastModifiedDate":"2020-05-25T00:03:55","isFullCredit":false},{"lineNumber":21,"author":{"gitId":"-"},"content":"   | | | | | | | |/ / _ \\","lastModifiedDate":"2020-05-25T00:03:55","isFullCredit":false},{"lineNumber":22,"author":{"gitId":"-"},"content":"   | |_| | |_| |   \u003c  __/","lastModifiedDate":"2020-05-25T00:03:55","isFullCredit":false},{"lineNumber":23,"author":{"gitId":"-"},"content":"   |____/ \\__,_|_|\\_\\___|","lastModifiedDate":"2020-05-25T00:03:55","isFullCredit":false},{"lineNumber":24,"author":{"gitId":"-"},"content":"   ```","lastModifiedDate":"2020-05-25T00:03:55","isFullCredit":false},{"lineNumber":25,"author":{"gitId":"-"},"content":"","lastModifiedDate":"2025-01-04T21:44:28","isFullCredit":false},{"lineNumber":26,"author":{"gitId":"-"},"content":"**Warning:** Keep the `src\\main\\java` folder as the root folder for Java files (i.e., don\u0027t rename those folders or move Java files to another folder outside of this folder path), as this is the default location some tools (e.g., Gradle) expect to find Java files.","lastModifiedDate":"2025-01-04T21:44:28","isFullCredit":false}],"authorContributionMap":{"bennyy117":2,"-":24}},{"path":"docs/README.md","fileType":"md","lines":[{"lineNumber":1,"author":{"gitId":"bennyy117"},"content":"# Nary User Guide","lastModifiedDate":"2025-09-03T10:51:55","isFullCredit":false},{"lineNumber":2,"author":{"gitId":"-"},"content":"","lastModifiedDate":"2019-07-29T17:14:46","isFullCredit":false},{"lineNumber":3,"author":{"gitId":"-"},"content":"// Update the title above to match the actual product name","lastModifiedDate":"2024-01-07T18:33:52","isFullCredit":false},{"lineNumber":4,"author":{"gitId":"-"},"content":"","lastModifiedDate":"2019-07-29T17:14:46","isFullCredit":false},{"lineNumber":5,"author":{"gitId":"-"},"content":"// Product screenshot goes here","lastModifiedDate":"2024-01-07T18:33:52","isFullCredit":false},{"lineNumber":6,"author":{"gitId":"-"},"content":"","lastModifiedDate":"2021-07-17T16:49:07","isFullCredit":false},{"lineNumber":7,"author":{"gitId":"-"},"content":"// Product intro goes here","lastModifiedDate":"2024-01-07T18:33:52","isFullCredit":false},{"lineNumber":8,"author":{"gitId":"-"},"content":"","lastModifiedDate":"2021-07-17T16:49:07","isFullCredit":false},{"lineNumber":9,"author":{"gitId":"-"},"content":"## Adding deadlines","lastModifiedDate":"2024-01-07T18:33:52","isFullCredit":false},{"lineNumber":10,"author":{"gitId":"-"},"content":"","lastModifiedDate":"2021-07-17T16:49:07","isFullCredit":false},{"lineNumber":11,"author":{"gitId":"-"},"content":"// Describe the action and its outcome.","lastModifiedDate":"2024-01-07T18:33:52","isFullCredit":false},{"lineNumber":12,"author":{"gitId":"-"},"content":"","lastModifiedDate":"2019-07-29T17:14:46","isFullCredit":false},{"lineNumber":13,"author":{"gitId":"-"},"content":"// Give examples of usage","lastModifiedDate":"2024-01-07T18:33:52","isFullCredit":false},{"lineNumber":14,"author":{"gitId":"-"},"content":"","lastModifiedDate":"2019-07-29T17:14:46","isFullCredit":false},{"lineNumber":15,"author":{"gitId":"-"},"content":"Example: `keyword (optional arguments)`","lastModifiedDate":"2024-01-07T18:33:52","isFullCredit":false},{"lineNumber":16,"author":{"gitId":"-"},"content":"","lastModifiedDate":"2019-07-29T17:14:46","isFullCredit":false},{"lineNumber":17,"author":{"gitId":"-"},"content":"// A description of the expected outcome goes here","lastModifiedDate":"2024-01-07T18:33:52","isFullCredit":false},{"lineNumber":18,"author":{"gitId":"-"},"content":"","lastModifiedDate":"2019-07-29T17:14:46","isFullCredit":false},{"lineNumber":19,"author":{"gitId":"-"},"content":"```","lastModifiedDate":"2024-01-07T18:33:52","isFullCredit":false},{"lineNumber":20,"author":{"gitId":"-"},"content":"expected output","lastModifiedDate":"2024-01-07T18:33:52","isFullCredit":false},{"lineNumber":21,"author":{"gitId":"-"},"content":"```","lastModifiedDate":"2024-01-07T18:33:52","isFullCredit":false},{"lineNumber":22,"author":{"gitId":"-"},"content":"","lastModifiedDate":"2019-07-29T17:14:46","isFullCredit":false},{"lineNumber":23,"author":{"gitId":"-"},"content":"## Feature ABC","lastModifiedDate":"2024-01-07T18:33:52","isFullCredit":false},{"lineNumber":24,"author":{"gitId":"-"},"content":"","lastModifiedDate":"2019-07-29T17:14:46","isFullCredit":false},{"lineNumber":25,"author":{"gitId":"-"},"content":"// Feature details","lastModifiedDate":"2024-01-07T18:33:52","isFullCredit":false},{"lineNumber":26,"author":{"gitId":"-"},"content":"","lastModifiedDate":"2019-07-29T17:14:46","isFullCredit":false},{"lineNumber":27,"author":{"gitId":"-"},"content":"","lastModifiedDate":"2021-07-17T16:49:07","isFullCredit":false},{"lineNumber":28,"author":{"gitId":"-"},"content":"## Feature XYZ","lastModifiedDate":"2024-01-07T18:33:52","isFullCredit":false},{"lineNumber":29,"author":{"gitId":"-"},"content":"","lastModifiedDate":"2024-01-07T18:33:52","isFullCredit":false},{"lineNumber":30,"author":{"gitId":"-"},"content":"// Feature details","lastModifiedDate":"2024-01-07T18:33:52","isFullCredit":false}],"authorContributionMap":{"bennyy117":1,"-":29}},{"path":"src/main/java/Deadline.java","fileType":"java","lines":[{"lineNumber":1,"author":{"gitId":"bennyy117"},"content":"public class Deadline extends Task {","lastModifiedDate":"2025-09-03T12:20:12","isFullCredit":false},{"lineNumber":2,"author":{"gitId":"bennyy117"},"content":"    protected String by;","lastModifiedDate":"2025-09-03T12:20:12","isFullCredit":false},{"lineNumber":3,"author":{"gitId":"bennyy117"},"content":"","lastModifiedDate":"2025-09-03T12:20:12","isFullCredit":false},{"lineNumber":4,"author":{"gitId":"bennyy117"},"content":"    public Deadline(String description, String by) {","lastModifiedDate":"2025-09-03T12:20:12","isFullCredit":false},{"lineNumber":5,"author":{"gitId":"bennyy117"},"content":"        super(description);","lastModifiedDate":"2025-09-03T12:20:12","isFullCredit":false},{"lineNumber":6,"author":{"gitId":"bennyy117"},"content":"        this.by \u003d by;","lastModifiedDate":"2025-09-03T12:20:12","isFullCredit":false},{"lineNumber":7,"author":{"gitId":"bennyy117"},"content":"    }","lastModifiedDate":"2025-09-03T12:20:12","isFullCredit":false},{"lineNumber":8,"author":{"gitId":"bennyy117"},"content":"","lastModifiedDate":"2025-09-03T12:20:12","isFullCredit":false},{"lineNumber":9,"author":{"gitId":"bennyy117"},"content":"    @Override","lastModifiedDate":"2025-09-03T12:20:12","isFullCredit":false},{"lineNumber":10,"author":{"gitId":"bennyy117"},"content":"    public String toString() {","lastModifiedDate":"2025-09-03T12:20:12","isFullCredit":false},{"lineNumber":11,"author":{"gitId":"bennyy117"},"content":"        return \"[D]\" + super.toString() + \" (by: \" + by + \")\";","lastModifiedDate":"2025-09-03T12:20:12","isFullCredit":false},{"lineNumber":12,"author":{"gitId":"bennyy117"},"content":"    }","lastModifiedDate":"2025-09-03T12:20:12","isFullCredit":false},{"lineNumber":13,"author":{"gitId":"bennyy117"},"content":"}","lastModifiedDate":"2025-09-03T12:20:12","isFullCredit":false}],"authorContributionMap":{"bennyy117":13}},{"path":"src/main/java/Event.java","fileType":"java","lines":[{"lineNumber":1,"author":{"gitId":"bennyy117"},"content":"public class Event extends Task {","lastModifiedDate":"2025-09-03T12:20:12","isFullCredit":false},{"lineNumber":2,"author":{"gitId":"bennyy117"},"content":"    protected String from;","lastModifiedDate":"2025-09-03T12:20:12","isFullCredit":false},{"lineNumber":3,"author":{"gitId":"bennyy117"},"content":"    protected String to;","lastModifiedDate":"2025-09-03T12:20:12","isFullCredit":false},{"lineNumber":4,"author":{"gitId":"bennyy117"},"content":"","lastModifiedDate":"2025-09-03T12:20:12","isFullCredit":false},{"lineNumber":5,"author":{"gitId":"bennyy117"},"content":"    public Event(String description, String from, String to) {","lastModifiedDate":"2025-09-03T12:20:12","isFullCredit":false},{"lineNumber":6,"author":{"gitId":"bennyy117"},"content":"        super(description);","lastModifiedDate":"2025-09-03T12:20:12","isFullCredit":false},{"lineNumber":7,"author":{"gitId":"bennyy117"},"content":"        this.from \u003d from;","lastModifiedDate":"2025-09-03T12:20:12","isFullCredit":false},{"lineNumber":8,"author":{"gitId":"bennyy117"},"content":"        this.to \u003d to;","lastModifiedDate":"2025-09-03T12:20:12","isFullCredit":false},{"lineNumber":9,"author":{"gitId":"bennyy117"},"content":"    }","lastModifiedDate":"2025-09-03T12:20:12","isFullCredit":false},{"lineNumber":10,"author":{"gitId":"bennyy117"},"content":"","lastModifiedDate":"2025-09-03T12:20:12","isFullCredit":false},{"lineNumber":11,"author":{"gitId":"bennyy117"},"content":"    @Override","lastModifiedDate":"2025-09-03T12:20:12","isFullCredit":false},{"lineNumber":12,"author":{"gitId":"bennyy117"},"content":"    public String toString() {","lastModifiedDate":"2025-09-03T12:20:12","isFullCredit":false},{"lineNumber":13,"author":{"gitId":"bennyy117"},"content":"        return \"[E]\" + super.toString() + \" (from: \" + from + \" to: \" + to + \")\";","lastModifiedDate":"2025-09-03T12:20:12","isFullCredit":false},{"lineNumber":14,"author":{"gitId":"bennyy117"},"content":"    }","lastModifiedDate":"2025-09-03T12:20:12","isFullCredit":false},{"lineNumber":15,"author":{"gitId":"bennyy117"},"content":"}","lastModifiedDate":"2025-09-03T12:20:12","isFullCredit":false}],"authorContributionMap":{"bennyy117":15}},{"path":"src/main/java/Nary.java","fileType":"java","lines":[{"lineNumber":1,"author":{"gitId":"bennyy117"},"content":"import java.util.ArrayList;","lastModifiedDate":"2025-09-03T11:04:04","isFullCredit":false},{"lineNumber":2,"author":{"gitId":"bennyy117"},"content":"import java.util.Scanner;","lastModifiedDate":"2025-09-03T11:00:49","isFullCredit":false},{"lineNumber":3,"author":{"gitId":"bennyy117"},"content":"","lastModifiedDate":"2025-09-03T11:00:49","isFullCredit":false},{"lineNumber":4,"author":{"gitId":"bennyy117"},"content":"public class Nary {","lastModifiedDate":"2025-09-03T10:51:55","isFullCredit":false},{"lineNumber":5,"author":{"gitId":"bennyy117"},"content":"    private static ArrayList\u003cTask\u003e tasks \u003d new ArrayList\u003c\u003e();","lastModifiedDate":"2025-09-03T11:08:47","isFullCredit":false},{"lineNumber":6,"author":{"gitId":"bennyy117"},"content":"    private static final Scanner sc \u003d new Scanner(System.in);","lastModifiedDate":"2025-09-03T13:06:29","isFullCredit":false},{"lineNumber":7,"author":{"gitId":"bennyy117"},"content":"","lastModifiedDate":"2025-09-03T11:04:04","isFullCredit":false},{"lineNumber":8,"author":{"gitId":"bennyy117"},"content":"    public static void main(String[] args) {","lastModifiedDate":"2025-09-03T10:51:55","isFullCredit":false},{"lineNumber":9,"author":{"gitId":"bennyy117"},"content":"        greet();","lastModifiedDate":"2025-09-03T13:06:29","isFullCredit":false},{"lineNumber":10,"author":{"gitId":"bennyy117"},"content":"        while (true) {","lastModifiedDate":"2025-09-03T13:06:29","isFullCredit":false},{"lineNumber":11,"author":{"gitId":"bennyy117"},"content":"            handleInput(sc.nextLine().trim());","lastModifiedDate":"2025-09-03T13:06:29","isFullCredit":false},{"lineNumber":12,"author":{"gitId":"bennyy117"},"content":"        }","lastModifiedDate":"2025-09-03T13:06:29","isFullCredit":false},{"lineNumber":13,"author":{"gitId":"bennyy117"},"content":"    }","lastModifiedDate":"2025-09-03T13:06:29","isFullCredit":false},{"lineNumber":14,"author":{"gitId":"bennyy117"},"content":"","lastModifiedDate":"2025-09-03T13:06:29","isFullCredit":false},{"lineNumber":15,"author":{"gitId":"bennyy117"},"content":"    private static void greet() {","lastModifiedDate":"2025-09-03T13:06:29","isFullCredit":false},{"lineNumber":16,"author":{"gitId":"bennyy117"},"content":"        printLine();","lastModifiedDate":"2025-09-03T11:00:49","isFullCredit":false},{"lineNumber":17,"author":{"gitId":"bennyy117"},"content":"        System.out.println(\" Hello! I\u0027m Nary\");","lastModifiedDate":"2025-09-03T10:51:55","isFullCredit":false},{"lineNumber":18,"author":{"gitId":"bennyy117"},"content":"        System.out.println(\" What can I do for you?\");","lastModifiedDate":"2025-09-03T10:51:55","isFullCredit":false},{"lineNumber":19,"author":{"gitId":"bennyy117"},"content":"        printLine();","lastModifiedDate":"2025-09-03T11:00:49","isFullCredit":false},{"lineNumber":20,"author":{"gitId":"bennyy117"},"content":"    }","lastModifiedDate":"2025-09-03T13:06:29","isFullCredit":false},{"lineNumber":21,"author":{"gitId":"bennyy117"},"content":"","lastModifiedDate":"2025-09-03T11:00:49","isFullCredit":false},{"lineNumber":22,"author":{"gitId":"bennyy117"},"content":"    private static void handleInput(String input) {","lastModifiedDate":"2025-09-03T13:06:29","isFullCredit":false},{"lineNumber":23,"author":{"gitId":"bennyy117"},"content":"        if (input.equals(\"bye\")) exit();","lastModifiedDate":"2025-09-03T13:06:29","isFullCredit":false},{"lineNumber":24,"author":{"gitId":"bennyy117"},"content":"        else if (input.equals(\"list\")) printTasks();","lastModifiedDate":"2025-09-03T13:06:29","isFullCredit":false},{"lineNumber":25,"author":{"gitId":"bennyy117"},"content":"        else if (input.startsWith(\"mark \")) markTask(input);","lastModifiedDate":"2025-09-03T13:06:29","isFullCredit":false},{"lineNumber":26,"author":{"gitId":"bennyy117"},"content":"        else if (input.startsWith(\"unmark \")) unmarkTask(input);","lastModifiedDate":"2025-09-03T13:06:29","isFullCredit":false},{"lineNumber":27,"author":{"gitId":"bennyy117"},"content":"        else if (input.startsWith(\"todo \")) addTask(new Todo(input.substring(5)));","lastModifiedDate":"2025-09-03T13:06:29","isFullCredit":false},{"lineNumber":28,"author":{"gitId":"bennyy117"},"content":"        else if (input.startsWith(\"deadline \")) {","lastModifiedDate":"2025-09-03T13:06:29","isFullCredit":false},{"lineNumber":29,"author":{"gitId":"bennyy117"},"content":"            String[] parts \u003d input.substring(9).split(\" /by \", 2);","lastModifiedDate":"2025-09-03T12:20:12","isFullCredit":false},{"lineNumber":30,"author":{"gitId":"bennyy117"},"content":"            addTask(new Deadline(parts[0], parts.length \u003e 1 ? parts[1] : \"\"));","lastModifiedDate":"2025-09-03T13:06:29","isFullCredit":false},{"lineNumber":31,"author":{"gitId":"bennyy117"},"content":"        } else if (input.startsWith(\"event \")) {","lastModifiedDate":"2025-09-03T12:20:12","isFullCredit":false},{"lineNumber":32,"author":{"gitId":"bennyy117"},"content":"            String[] parts1 \u003d input.substring(6).split(\" /from \", 2);","lastModifiedDate":"2025-09-03T12:20:12","isFullCredit":false},{"lineNumber":33,"author":{"gitId":"bennyy117"},"content":"            String[] parts2 \u003d parts1[1].split(\" /to \", 2);","lastModifiedDate":"2025-09-03T12:20:12","isFullCredit":false},{"lineNumber":34,"author":{"gitId":"bennyy117"},"content":"            addTask(new Event(parts1[0], parts2[0], parts2[1]));","lastModifiedDate":"2025-09-03T13:06:29","isFullCredit":false},{"lineNumber":35,"author":{"gitId":"bennyy117"},"content":"        } else addTask(new Todo(input));","lastModifiedDate":"2025-09-03T13:06:29","isFullCredit":false},{"lineNumber":36,"author":{"gitId":"bennyy117"},"content":"    }","lastModifiedDate":"2025-09-03T11:08:47","isFullCredit":false},{"lineNumber":37,"author":{"gitId":"bennyy117"},"content":"","lastModifiedDate":"2025-09-03T11:08:47","isFullCredit":false},{"lineNumber":38,"author":{"gitId":"bennyy117"},"content":"    private static void addTask(Task t) {","lastModifiedDate":"2025-09-03T13:06:29","isFullCredit":false},{"lineNumber":39,"author":{"gitId":"bennyy117"},"content":"        tasks.add(t);","lastModifiedDate":"2025-09-03T13:06:29","isFullCredit":false},{"lineNumber":40,"author":{"gitId":"bennyy117"},"content":"        printAdded(t);","lastModifiedDate":"2025-09-03T13:06:29","isFullCredit":false},{"lineNumber":41,"author":{"gitId":"bennyy117"},"content":"    }","lastModifiedDate":"2025-09-03T11:08:47","isFullCredit":false},{"lineNumber":42,"author":{"gitId":"bennyy117"},"content":"","lastModifiedDate":"2025-09-03T11:08:47","isFullCredit":false},{"lineNumber":43,"author":{"gitId":"bennyy117"},"content":"    private static void printAdded(Task t) {","lastModifiedDate":"2025-09-03T12:20:12","isFullCredit":false},{"lineNumber":44,"author":{"gitId":"bennyy117"},"content":"        printLine();","lastModifiedDate":"2025-09-03T12:20:12","isFullCredit":false},{"lineNumber":45,"author":{"gitId":"bennyy117"},"content":"        System.out.println(\" Got it. I\u0027ve added this task:\");","lastModifiedDate":"2025-09-03T12:20:12","isFullCredit":false},{"lineNumber":46,"author":{"gitId":"bennyy117"},"content":"        System.out.println(\"   \" + t);","lastModifiedDate":"2025-09-03T12:20:12","isFullCredit":false},{"lineNumber":47,"author":{"gitId":"bennyy117"},"content":"        System.out.println(\" Now you have \" + tasks.size() + \" tasks in the list.\");","lastModifiedDate":"2025-09-03T12:20:12","isFullCredit":false},{"lineNumber":48,"author":{"gitId":"bennyy117"},"content":"        printLine();","lastModifiedDate":"2025-09-03T12:20:12","isFullCredit":false},{"lineNumber":49,"author":{"gitId":"bennyy117"},"content":"    }","lastModifiedDate":"2025-09-03T12:20:12","isFullCredit":false},{"lineNumber":50,"author":{"gitId":"bennyy117"},"content":"","lastModifiedDate":"2025-09-03T12:20:12","isFullCredit":false},{"lineNumber":51,"author":{"gitId":"bennyy117"},"content":"    private static void printTasks() {","lastModifiedDate":"2025-09-03T11:08:47","isFullCredit":false},{"lineNumber":52,"author":{"gitId":"bennyy117"},"content":"        printLine();","lastModifiedDate":"2025-09-03T11:04:04","isFullCredit":false},{"lineNumber":53,"author":{"gitId":"bennyy117"},"content":"        if (tasks.isEmpty()) System.out.println(\" No tasks yet!\");","lastModifiedDate":"2025-09-03T13:06:29","isFullCredit":false},{"lineNumber":54,"author":{"gitId":"bennyy117"},"content":"        else {","lastModifiedDate":"2025-09-03T13:06:29","isFullCredit":false},{"lineNumber":55,"author":{"gitId":"bennyy117"},"content":"            System.out.println(\" Here are the tasks in your list:\");","lastModifiedDate":"2025-09-03T11:04:04","isFullCredit":false},{"lineNumber":56,"author":{"gitId":"bennyy117"},"content":"            for (int i \u003d 0; i \u003c tasks.size(); i++) {","lastModifiedDate":"2025-09-03T11:04:04","isFullCredit":false},{"lineNumber":57,"author":{"gitId":"bennyy117"},"content":"                System.out.println(\" \" + (i + 1) + \".\" + tasks.get(i));","lastModifiedDate":"2025-09-03T11:04:04","isFullCredit":false},{"lineNumber":58,"author":{"gitId":"bennyy117"},"content":"            }","lastModifiedDate":"2025-09-03T11:04:04","isFullCredit":false},{"lineNumber":59,"author":{"gitId":"bennyy117"},"content":"        }","lastModifiedDate":"2025-09-03T11:04:04","isFullCredit":false},{"lineNumber":60,"author":{"gitId":"bennyy117"},"content":"        printLine();","lastModifiedDate":"2025-09-03T11:04:04","isFullCredit":false},{"lineNumber":61,"author":{"gitId":"bennyy117"},"content":"    }","lastModifiedDate":"2025-09-03T11:00:49","isFullCredit":false},{"lineNumber":62,"author":{"gitId":"bennyy117"},"content":"","lastModifiedDate":"2025-09-03T11:00:49","isFullCredit":false},{"lineNumber":63,"author":{"gitId":"bennyy117"},"content":"    private static void markTask(String input) {","lastModifiedDate":"2025-09-03T13:06:29","isFullCredit":false},{"lineNumber":64,"author":{"gitId":"bennyy117"},"content":"        try {","lastModifiedDate":"2025-09-03T13:06:29","isFullCredit":false},{"lineNumber":65,"author":{"gitId":"bennyy117"},"content":"            int index \u003d Integer.parseInt(input.split(\" \")[1]) - 1;","lastModifiedDate":"2025-09-03T13:06:29","isFullCredit":false},{"lineNumber":66,"author":{"gitId":"bennyy117"},"content":"            tasks.get(index).markAsDone();","lastModifiedDate":"2025-09-03T13:06:29","isFullCredit":false},{"lineNumber":67,"author":{"gitId":"bennyy117"},"content":"            printLine();","lastModifiedDate":"2025-09-03T13:06:29","isFullCredit":false},{"lineNumber":68,"author":{"gitId":"bennyy117"},"content":"            System.out.println(\" Nice! I\u0027ve marked this task as done:\");","lastModifiedDate":"2025-09-03T13:06:29","isFullCredit":false},{"lineNumber":69,"author":{"gitId":"bennyy117"},"content":"            System.out.println(\"   \" + tasks.get(index));","lastModifiedDate":"2025-09-03T13:06:29","isFullCredit":false},{"lineNumber":70,"author":{"gitId":"bennyy117"},"content":"            printLine();","lastModifiedDate":"2025-09-03T13:06:29","isFullCredit":false},{"lineNumber":71,"author":{"gitId":"bennyy117"},"content":"        } catch (NumberFormatException | IndexOutOfBoundsException e) {","lastModifiedDate":"2025-09-03T13:06:29","isFullCredit":false},{"lineNumber":72,"author":{"gitId":"bennyy117"},"content":"            System.out.println(\" Invalid index for mark command!\");","lastModifiedDate":"2025-09-03T13:06:29","isFullCredit":false},{"lineNumber":73,"author":{"gitId":"bennyy117"},"content":"        }","lastModifiedDate":"2025-09-03T13:06:29","isFullCredit":false},{"lineNumber":74,"author":{"gitId":"bennyy117"},"content":"    }","lastModifiedDate":"2025-09-03T13:06:29","isFullCredit":false},{"lineNumber":75,"author":{"gitId":"bennyy117"},"content":"","lastModifiedDate":"2025-09-03T13:06:29","isFullCredit":false},{"lineNumber":76,"author":{"gitId":"bennyy117"},"content":"    private static void unmarkTask(String input) {","lastModifiedDate":"2025-09-03T13:06:29","isFullCredit":false},{"lineNumber":77,"author":{"gitId":"bennyy117"},"content":"        try {","lastModifiedDate":"2025-09-03T13:06:29","isFullCredit":false},{"lineNumber":78,"author":{"gitId":"bennyy117"},"content":"            int index \u003d Integer.parseInt(input.split(\" \")[1]) - 1;","lastModifiedDate":"2025-09-03T13:06:29","isFullCredit":false},{"lineNumber":79,"author":{"gitId":"bennyy117"},"content":"            tasks.get(index).markAsNotDone();","lastModifiedDate":"2025-09-03T13:06:29","isFullCredit":false},{"lineNumber":80,"author":{"gitId":"bennyy117"},"content":"            printLine();","lastModifiedDate":"2025-09-03T13:06:29","isFullCredit":false},{"lineNumber":81,"author":{"gitId":"bennyy117"},"content":"            System.out.println(\" OK, I\u0027ve marked this task as not done yet:\");","lastModifiedDate":"2025-09-03T13:06:29","isFullCredit":false},{"lineNumber":82,"author":{"gitId":"bennyy117"},"content":"            System.out.println(\"   \" + tasks.get(index));","lastModifiedDate":"2025-09-03T13:06:29","isFullCredit":false},{"lineNumber":83,"author":{"gitId":"bennyy117"},"content":"            printLine();","lastModifiedDate":"2025-09-03T13:06:29","isFullCredit":false},{"lineNumber":84,"author":{"gitId":"bennyy117"},"content":"        } catch (NumberFormatException | IndexOutOfBoundsException e) {","lastModifiedDate":"2025-09-03T13:06:29","isFullCredit":false},{"lineNumber":85,"author":{"gitId":"bennyy117"},"content":"            System.out.println(\" Invalid index for unmark command!\");","lastModifiedDate":"2025-09-03T13:06:29","isFullCredit":false},{"lineNumber":86,"author":{"gitId":"bennyy117"},"content":"        }","lastModifiedDate":"2025-09-03T13:06:29","isFullCredit":false},{"lineNumber":87,"author":{"gitId":"bennyy117"},"content":"    }","lastModifiedDate":"2025-09-03T13:06:29","isFullCredit":false},{"lineNumber":88,"author":{"gitId":"bennyy117"},"content":"","lastModifiedDate":"2025-09-03T13:06:29","isFullCredit":false},{"lineNumber":89,"author":{"gitId":"bennyy117"},"content":"    private static void exit() {","lastModifiedDate":"2025-09-03T13:06:29","isFullCredit":false},{"lineNumber":90,"author":{"gitId":"bennyy117"},"content":"        printLine();","lastModifiedDate":"2025-09-03T13:06:29","isFullCredit":false},{"lineNumber":91,"author":{"gitId":"bennyy117"},"content":"        System.out.println(\" Bye. Hope to see you again soon!\");","lastModifiedDate":"2025-09-03T13:06:29","isFullCredit":false},{"lineNumber":92,"author":{"gitId":"bennyy117"},"content":"        printLine();","lastModifiedDate":"2025-09-03T13:06:29","isFullCredit":false},{"lineNumber":93,"author":{"gitId":"bennyy117"},"content":"        sc.close();","lastModifiedDate":"2025-09-03T13:06:29","isFullCredit":false},{"lineNumber":94,"author":{"gitId":"bennyy117"},"content":"        System.exit(0);","lastModifiedDate":"2025-09-03T13:06:29","isFullCredit":false},{"lineNumber":95,"author":{"gitId":"bennyy117"},"content":"    }","lastModifiedDate":"2025-09-03T13:06:29","isFullCredit":false},{"lineNumber":96,"author":{"gitId":"bennyy117"},"content":"","lastModifiedDate":"2025-09-03T13:06:29","isFullCredit":false},{"lineNumber":97,"author":{"gitId":"bennyy117"},"content":"    private static void printLine() {","lastModifiedDate":"2025-09-03T11:00:49","isFullCredit":false},{"lineNumber":98,"author":{"gitId":"bennyy117"},"content":"        System.out.println(\"____________________________________________________________\");","lastModifiedDate":"2025-09-03T10:51:55","isFullCredit":false},{"lineNumber":99,"author":{"gitId":"bennyy117"},"content":"    }","lastModifiedDate":"2025-09-03T10:51:55","isFullCredit":false},{"lineNumber":100,"author":{"gitId":"bennyy117"},"content":"}","lastModifiedDate":"2025-09-03T10:51:55","isFullCredit":false}],"authorContributionMap":{"bennyy117":100}},{"path":"src/main/java/Task.java","fileType":"java","lines":[{"lineNumber":1,"author":{"gitId":"bennyy117"},"content":"public class Task {","lastModifiedDate":"2025-09-03T11:08:47","isFullCredit":false},{"lineNumber":2,"author":{"gitId":"bennyy117"},"content":"    protected String description;","lastModifiedDate":"2025-09-03T11:08:47","isFullCredit":false},{"lineNumber":3,"author":{"gitId":"bennyy117"},"content":"    protected boolean isDone;","lastModifiedDate":"2025-09-03T11:08:47","isFullCredit":false},{"lineNumber":4,"author":{"gitId":"bennyy117"},"content":"","lastModifiedDate":"2025-09-03T11:08:47","isFullCredit":false},{"lineNumber":5,"author":{"gitId":"bennyy117"},"content":"    public Task(String description) {","lastModifiedDate":"2025-09-03T11:08:47","isFullCredit":false},{"lineNumber":6,"author":{"gitId":"bennyy117"},"content":"        this.description \u003d description;","lastModifiedDate":"2025-09-03T11:08:47","isFullCredit":false},{"lineNumber":7,"author":{"gitId":"bennyy117"},"content":"        this.isDone \u003d false;","lastModifiedDate":"2025-09-03T11:08:47","isFullCredit":false},{"lineNumber":8,"author":{"gitId":"bennyy117"},"content":"    }","lastModifiedDate":"2025-09-03T11:08:47","isFullCredit":false},{"lineNumber":9,"author":{"gitId":"bennyy117"},"content":"","lastModifiedDate":"2025-09-03T11:08:47","isFullCredit":false},{"lineNumber":10,"author":{"gitId":"bennyy117"},"content":"    public String getStatusIcon() {","lastModifiedDate":"2025-09-03T11:08:47","isFullCredit":false},{"lineNumber":11,"author":{"gitId":"bennyy117"},"content":"        return (isDone ? \"X\" : \" \");","lastModifiedDate":"2025-09-03T11:08:47","isFullCredit":false},{"lineNumber":12,"author":{"gitId":"bennyy117"},"content":"    }","lastModifiedDate":"2025-09-03T11:08:47","isFullCredit":false},{"lineNumber":13,"author":{"gitId":"bennyy117"},"content":"","lastModifiedDate":"2025-09-03T11:08:47","isFullCredit":false},{"lineNumber":14,"author":{"gitId":"bennyy117"},"content":"    public void markAsDone() {","lastModifiedDate":"2025-09-03T11:08:47","isFullCredit":false},{"lineNumber":15,"author":{"gitId":"bennyy117"},"content":"        isDone \u003d true;","lastModifiedDate":"2025-09-03T11:08:47","isFullCredit":false},{"lineNumber":16,"author":{"gitId":"bennyy117"},"content":"    }","lastModifiedDate":"2025-09-03T11:08:47","isFullCredit":false},{"lineNumber":17,"author":{"gitId":"bennyy117"},"content":"","lastModifiedDate":"2025-09-03T11:08:47","isFullCredit":false},{"lineNumber":18,"author":{"gitId":"bennyy117"},"content":"    public void markAsNotDone() {","lastModifiedDate":"2025-09-03T11:08:47","isFullCredit":false},{"lineNumber":19,"author":{"gitId":"bennyy117"},"content":"        isDone \u003d false;","lastModifiedDate":"2025-09-03T11:08:47","isFullCredit":false},{"lineNumber":20,"author":{"gitId":"bennyy117"},"content":"    }","lastModifiedDate":"2025-09-03T11:08:47","isFullCredit":false},{"lineNumber":21,"author":{"gitId":"bennyy117"},"content":"","lastModifiedDate":"2025-09-03T11:08:47","isFullCredit":false},{"lineNumber":22,"author":{"gitId":"bennyy117"},"content":"    @Override","lastModifiedDate":"2025-09-03T11:08:47","isFullCredit":false},{"lineNumber":23,"author":{"gitId":"bennyy117"},"content":"    public String toString() {","lastModifiedDate":"2025-09-03T11:08:47","isFullCredit":false},{"lineNumber":24,"author":{"gitId":"bennyy117"},"content":"        return \"[\" + getStatusIcon() + \"] \" + description;","lastModifiedDate":"2025-09-03T11:08:47","isFullCredit":false},{"lineNumber":25,"author":{"gitId":"bennyy117"},"content":"    }","lastModifiedDate":"2025-09-03T11:08:47","isFullCredit":false},{"lineNumber":26,"author":{"gitId":"bennyy117"},"content":"}","lastModifiedDate":"2025-09-03T11:08:47","isFullCredit":false}],"authorContributionMap":{"bennyy117":26}},{"path":"src/main/java/Todo.java","fileType":"java","lines":[{"lineNumber":1,"author":{"gitId":"bennyy117"},"content":"public class Todo extends Task {","lastModifiedDate":"2025-09-03T12:20:12","isFullCredit":false},{"lineNumber":2,"author":{"gitId":"bennyy117"},"content":"    public Todo(String description) {","lastModifiedDate":"2025-09-03T12:20:12","isFullCredit":false},{"lineNumber":3,"author":{"gitId":"bennyy117"},"content":"        super(description);","lastModifiedDate":"2025-09-03T12:20:12","isFullCredit":false},{"lineNumber":4,"author":{"gitId":"bennyy117"},"content":"    }","lastModifiedDate":"2025-09-03T12:20:12","isFullCredit":false},{"lineNumber":5,"author":{"gitId":"bennyy117"},"content":"","lastModifiedDate":"2025-09-03T12:20:12","isFullCredit":false},{"lineNumber":6,"author":{"gitId":"bennyy117"},"content":"    @Override","lastModifiedDate":"2025-09-03T12:20:12","isFullCredit":false},{"lineNumber":7,"author":{"gitId":"bennyy117"},"content":"    public String toString() {","lastModifiedDate":"2025-09-03T12:20:12","isFullCredit":false},{"lineNumber":8,"author":{"gitId":"bennyy117"},"content":"        return \"[T]\" + super.toString();","lastModifiedDate":"2025-09-03T12:20:12","isFullCredit":false},{"lineNumber":9,"author":{"gitId":"bennyy117"},"content":"    }","lastModifiedDate":"2025-09-03T12:20:12","isFullCredit":false},{"lineNumber":10,"author":{"gitId":"bennyy117"},"content":"}","lastModifiedDate":"2025-09-03T12:20:12","isFullCredit":false}],"authorContributionMap":{"bennyy117":10}},{"path":"text-ui-test/input.txt","fileType":"txt","lines":[{"lineNumber":1,"author":{"gitId":"bennyy117"},"content":"todo read book","lastModifiedDate":"2025-09-03T12:55:41","isFullCredit":false},{"lineNumber":2,"author":{"gitId":"bennyy117"},"content":"deadline submit report /by 11/10/2019 5pm","lastModifiedDate":"2025-09-03T12:55:41","isFullCredit":false},{"lineNumber":3,"author":{"gitId":"bennyy117"},"content":"event project meeting /from 2/10/2019 2pm /to 2/10/2019 4pm","lastModifiedDate":"2025-09-03T12:55:41","isFullCredit":false},{"lineNumber":4,"author":{"gitId":"bennyy117"},"content":"list","lastModifiedDate":"2025-09-03T12:55:41","isFullCredit":false},{"lineNumber":5,"author":{"gitId":"bennyy117"},"content":"mark 2","lastModifiedDate":"2025-09-03T12:55:41","isFullCredit":false},{"lineNumber":6,"author":{"gitId":"bennyy117"},"content":"unmark 2","lastModifiedDate":"2025-09-03T12:55:41","isFullCredit":false},{"lineNumber":7,"author":{"gitId":"bennyy117"},"content":"bye","lastModifiedDate":"2025-09-03T12:55:41","isFullCredit":false}],"authorContributionMap":{"bennyy117":7}},{"path":"text-ui-test/output.txt","fileType":"txt","lines":[{"lineNumber":1,"author":{"gitId":"bennyy117"},"content":"____________________________________________________________","lastModifiedDate":"2025-09-03T12:55:41","isFullCredit":false},{"lineNumber":2,"author":{"gitId":"bennyy117"},"content":" Hello! I\u0027m Nary","lastModifiedDate":"2025-09-03T12:55:41","isFullCredit":false},{"lineNumber":3,"author":{"gitId":"bennyy117"},"content":" What can I do for you?","lastModifiedDate":"2025-09-03T12:55:41","isFullCredit":false},{"lineNumber":4,"author":{"gitId":"bennyy117"},"content":"____________________________________________________________","lastModifiedDate":"2025-09-03T12:55:41","isFullCredit":false},{"lineNumber":5,"author":{"gitId":"bennyy117"},"content":"____________________________________________________________","lastModifiedDate":"2025-09-03T12:55:41","isFullCredit":false},{"lineNumber":6,"author":{"gitId":"bennyy117"},"content":" Got it. I\u0027ve added this task:","lastModifiedDate":"2025-09-03T12:55:41","isFullCredit":false},{"lineNumber":7,"author":{"gitId":"bennyy117"},"content":"   [T][ ] read book","lastModifiedDate":"2025-09-03T12:55:41","isFullCredit":false},{"lineNumber":8,"author":{"gitId":"bennyy117"},"content":" Now you have 1 tasks in the list.","lastModifiedDate":"2025-09-03T12:55:41","isFullCredit":false},{"lineNumber":9,"author":{"gitId":"bennyy117"},"content":"____________________________________________________________","lastModifiedDate":"2025-09-03T12:55:41","isFullCredit":false},{"lineNumber":10,"author":{"gitId":"bennyy117"},"content":"____________________________________________________________","lastModifiedDate":"2025-09-03T12:55:41","isFullCredit":false},{"lineNumber":11,"author":{"gitId":"bennyy117"},"content":" Got it. I\u0027ve added this task:","lastModifiedDate":"2025-09-03T12:55:41","isFullCredit":false},{"lineNumber":12,"author":{"gitId":"bennyy117"},"content":"   [D][ ] submit report (by: 11/10/2019 5pm)","lastModifiedDate":"2025-09-03T12:55:41","isFullCredit":false},{"lineNumber":13,"author":{"gitId":"bennyy117"},"content":" Now you have 2 tasks in the list.","lastModifiedDate":"2025-09-03T12:55:41","isFullCredit":false},{"lineNumber":14,"author":{"gitId":"bennyy117"},"content":"____________________________________________________________","lastModifiedDate":"2025-09-03T12:55:41","isFullCredit":false},{"lineNumber":15,"author":{"gitId":"bennyy117"},"content":"____________________________________________________________","lastModifiedDate":"2025-09-03T12:55:41","isFullCredit":false},{"lineNumber":16,"author":{"gitId":"bennyy117"},"content":" Got it. I\u0027ve added this task:","lastModifiedDate":"2025-09-03T12:55:41","isFullCredit":false},{"lineNumber":17,"author":{"gitId":"bennyy117"},"content":"   [E][ ] project meeting (from: 2/10/2019 2pm to: 2/10/2019 4pm)","lastModifiedDate":"2025-09-03T12:55:41","isFullCredit":false},{"lineNumber":18,"author":{"gitId":"bennyy117"},"content":" Now you have 3 tasks in the list.","lastModifiedDate":"2025-09-03T12:55:41","isFullCredit":false},{"lineNumber":19,"author":{"gitId":"bennyy117"},"content":"____________________________________________________________","lastModifiedDate":"2025-09-03T12:55:41","isFullCredit":false},{"lineNumber":20,"author":{"gitId":"bennyy117"},"content":"____________________________________________________________","lastModifiedDate":"2025-09-03T12:55:41","isFullCredit":false},{"lineNumber":21,"author":{"gitId":"bennyy117"},"content":" Here are the tasks in your list:","lastModifiedDate":"2025-09-03T12:55:41","isFullCredit":false},{"lineNumber":22,"author":{"gitId":"bennyy117"},"content":" 1.[T][ ] read book","lastModifiedDate":"2025-09-03T12:55:41","isFullCredit":false},{"lineNumber":23,"author":{"gitId":"bennyy117"},"content":" 2.[D][ ] submit report (by: 11/10/2019 5pm)","lastModifiedDate":"2025-09-03T12:55:41","isFullCredit":false},{"lineNumber":24,"author":{"gitId":"bennyy117"},"content":" 3.[E][ ] project meeting (from: 2/10/2019 2pm to: 2/10/2019 4pm)","lastModifiedDate":"2025-09-03T12:55:41","isFullCredit":false},{"lineNumber":25,"author":{"gitId":"bennyy117"},"content":"____________________________________________________________","lastModifiedDate":"2025-09-03T12:55:41","isFullCredit":false},{"lineNumber":26,"author":{"gitId":"bennyy117"},"content":"____________________________________________________________","lastModifiedDate":"2025-09-03T12:55:41","isFullCredit":false},{"lineNumber":27,"author":{"gitId":"bennyy117"},"content":" Nice! I\u0027ve marked this task as done:","lastModifiedDate":"2025-09-03T12:55:41","isFullCredit":false},{"lineNumber":28,"author":{"gitId":"bennyy117"},"content":"   [D][X] submit report (by: 11/10/2019 5pm)","lastModifiedDate":"2025-09-03T12:55:41","isFullCredit":false},{"lineNumber":29,"author":{"gitId":"bennyy117"},"content":"____________________________________________________________","lastModifiedDate":"2025-09-03T12:55:41","isFullCredit":false},{"lineNumber":30,"author":{"gitId":"bennyy117"},"content":"____________________________________________________________","lastModifiedDate":"2025-09-03T12:55:41","isFullCredit":false},{"lineNumber":31,"author":{"gitId":"bennyy117"},"content":" OK, I\u0027ve marked this task as not done yet:","lastModifiedDate":"2025-09-03T12:55:41","isFullCredit":false},{"lineNumber":32,"author":{"gitId":"bennyy117"},"content":"   [D][ ] submit report (by: 11/10/2019 5pm)","lastModifiedDate":"2025-09-03T12:55:41","isFullCredit":false},{"lineNumber":33,"author":{"gitId":"bennyy117"},"content":"____________________________________________________________","lastModifiedDate":"2025-09-03T12:55:41","isFullCredit":false},{"lineNumber":34,"author":{"gitId":"bennyy117"},"content":"____________________________________________________________","lastModifiedDate":"2025-09-03T12:55:41","isFullCredit":false},{"lineNumber":35,"author":{"gitId":"bennyy117"},"content":" Bye. Hope to see you again soon!","lastModifiedDate":"2025-09-03T12:55:41","isFullCredit":false},{"lineNumber":36,"author":{"gitId":"bennyy117"},"content":"____________________________________________________________","lastModifiedDate":"2025-09-03T12:55:41","isFullCredit":false}],"authorContributionMap":{"bennyy117":36}},{"path":"text-ui-test/runtest.bat","fileType":"bat","lines":[{"lineNumber":1,"author":{"gitId":"-"},"content":"@ECHO OFF","lastModifiedDate":"2020-05-25T00:03:55","isFullCredit":false},{"lineNumber":2,"author":{"gitId":"bennyy117"},"content":"REM \u003d\u003d\u003d\u003d\u003d\u003d\u003d\u003d\u003d\u003d\u003d\u003d\u003d\u003d\u003d\u003d\u003d\u003d\u003d\u003d\u003d\u003d\u003d\u003d\u003d\u003d","lastModifiedDate":"2025-09-03T12:55:41","isFullCredit":false},{"lineNumber":3,"author":{"gitId":"bennyy117"},"content":"REM Build and Test Nary chatbot","lastModifiedDate":"2025-09-03T12:55:41","isFullCredit":false},{"lineNumber":4,"author":{"gitId":"bennyy117"},"content":"REM \u003d\u003d\u003d\u003d\u003d\u003d\u003d\u003d\u003d\u003d\u003d\u003d\u003d\u003d\u003d\u003d\u003d\u003d\u003d\u003d\u003d\u003d\u003d\u003d\u003d\u003d","lastModifiedDate":"2025-09-03T12:55:41","isFullCredit":false},{"lineNumber":5,"author":{"gitId":"-"},"content":"","lastModifiedDate":"2020-05-25T00:03:55","isFullCredit":false},{"lineNumber":6,"author":{"gitId":"-"},"content":"REM create bin directory if it doesn\u0027t exist","lastModifiedDate":"2020-05-25T00:03:55","isFullCredit":false},{"lineNumber":7,"author":{"gitId":"-"},"content":"if not exist ..\\bin mkdir ..\\bin","lastModifiedDate":"2020-05-25T00:03:55","isFullCredit":false},{"lineNumber":8,"author":{"gitId":"-"},"content":"","lastModifiedDate":"2020-05-25T00:03:55","isFullCredit":false},{"lineNumber":9,"author":{"gitId":"-"},"content":"REM delete output from previous run","lastModifiedDate":"2020-05-25T00:03:55","isFullCredit":false},{"lineNumber":10,"author":{"gitId":"-"},"content":"if exist ACTUAL.TXT del ACTUAL.TXT","lastModifiedDate":"2020-08-25T17:23:26","isFullCredit":false},{"lineNumber":11,"author":{"gitId":"-"},"content":"","lastModifiedDate":"2020-05-25T00:03:55","isFullCredit":false},{"lineNumber":12,"author":{"gitId":"-"},"content":"REM compile the code into the bin folder","lastModifiedDate":"2020-05-25T00:03:55","isFullCredit":false},{"lineNumber":13,"author":{"gitId":"-"},"content":"javac -cp ..\\src\\main\\java -Xlint:none -d ..\\bin ..\\src\\main\\java\\*.java","lastModifiedDate":"2020-08-25T17:23:26","isFullCredit":false},{"lineNumber":14,"author":{"gitId":"-"},"content":"IF ERRORLEVEL 1 (","lastModifiedDate":"2020-05-25T00:03:55","isFullCredit":false},{"lineNumber":15,"author":{"gitId":"-"},"content":"    echo ********** BUILD FAILURE **********","lastModifiedDate":"2020-05-25T00:03:55","isFullCredit":false},{"lineNumber":16,"author":{"gitId":"-"},"content":"    exit /b 1","lastModifiedDate":"2020-05-25T00:03:55","isFullCredit":false},{"lineNumber":17,"author":{"gitId":"-"},"content":")","lastModifiedDate":"2020-05-25T00:03:55","isFullCredit":false},{"lineNumber":18,"author":{"gitId":"-"},"content":"","lastModifiedDate":"2020-05-25T00:03:55","isFullCredit":false},{"lineNumber":19,"author":{"gitId":"bennyy117"},"content":"REM run the program, feed commands from input.txt file and redirect the output to ACTUAL.TXT","lastModifiedDate":"2025-09-03T12:55:41","isFullCredit":false},{"lineNumber":20,"author":{"gitId":"bennyy117"},"content":"java -classpath ..\\bin Nary \u003c input.txt \u003e ACTUAL.TXT","lastModifiedDate":"2025-09-03T10:51:55","isFullCredit":false},{"lineNumber":21,"author":{"gitId":"-"},"content":"","lastModifiedDate":"2020-05-25T00:03:55","isFullCredit":false},{"lineNumber":22,"author":{"gitId":"-"},"content":"REM compare the output to the expected output","lastModifiedDate":"2020-05-25T00:03:55","isFullCredit":false},{"lineNumber":23,"author":{"gitId":"-"},"content":"FC ACTUAL.TXT EXPECTED.TXT","lastModifiedDate":"2020-05-25T00:03:55","isFullCredit":false},{"lineNumber":24,"author":{"gitId":"bennyy117"},"content":"","lastModifiedDate":"2025-09-03T12:55:41","isFullCredit":false},{"lineNumber":25,"author":{"gitId":"bennyy117"},"content":"IF %ERRORLEVEL% EQU 0 (","lastModifiedDate":"2025-09-03T12:55:41","isFullCredit":false},{"lineNumber":26,"author":{"gitId":"bennyy117"},"content":"    echo Test result: PASSED","lastModifiedDate":"2025-09-03T12:55:41","isFullCredit":false},{"lineNumber":27,"author":{"gitId":"bennyy117"},"content":") ELSE (","lastModifiedDate":"2025-09-03T12:55:41","isFullCredit":false},{"lineNumber":28,"author":{"gitId":"bennyy117"},"content":"    echo Test result: FAILED","lastModifiedDate":"2025-09-03T12:55:41","isFullCredit":false},{"lineNumber":29,"author":{"gitId":"bennyy117"},"content":")","lastModifiedDate":"2025-09-03T12:55:41","isFullCredit":false}],"authorContributionMap":{"bennyy117":11,"-":18}},{"path":"text-ui-test/runtest.sh","fileType":"sh","lines":[{"lineNumber":1,"author":{"gitId":"-"},"content":"#!/usr/bin/env bash","lastModifiedDate":"2020-05-25T00:03:55","isFullCredit":false},{"lineNumber":2,"author":{"gitId":"-"},"content":"","lastModifiedDate":"2020-05-25T00:03:55","isFullCredit":false},{"lineNumber":3,"author":{"gitId":"-"},"content":"# create bin directory if it doesn\u0027t exist","lastModifiedDate":"2020-05-25T00:03:55","isFullCredit":false},{"lineNumber":4,"author":{"gitId":"-"},"content":"if [ ! -d \"../bin\" ]","lastModifiedDate":"2020-05-25T00:03:55","isFullCredit":false},{"lineNumber":5,"author":{"gitId":"-"},"content":"then","lastModifiedDate":"2020-05-25T00:03:55","isFullCredit":false},{"lineNumber":6,"author":{"gitId":"-"},"content":"    mkdir ../bin","lastModifiedDate":"2020-05-25T00:03:55","isFullCredit":false},{"lineNumber":7,"author":{"gitId":"-"},"content":"fi","lastModifiedDate":"2020-05-25T00:03:55","isFullCredit":false},{"lineNumber":8,"author":{"gitId":"-"},"content":"","lastModifiedDate":"2020-05-25T00:03:55","isFullCredit":false},{"lineNumber":9,"author":{"gitId":"-"},"content":"# delete output from previous run","lastModifiedDate":"2020-05-25T00:03:55","isFullCredit":false},{"lineNumber":10,"author":{"gitId":"-"},"content":"if [ -e \"./ACTUAL.TXT\" ]","lastModifiedDate":"2020-05-25T00:03:55","isFullCredit":false},{"lineNumber":11,"author":{"gitId":"-"},"content":"then","lastModifiedDate":"2020-05-25T00:03:55","isFullCredit":false},{"lineNumber":12,"author":{"gitId":"-"},"content":"    rm ACTUAL.TXT","lastModifiedDate":"2020-05-25T00:03:55","isFullCredit":false},{"lineNumber":13,"author":{"gitId":"-"},"content":"fi","lastModifiedDate":"2020-05-25T00:03:55","isFullCredit":false},{"lineNumber":14,"author":{"gitId":"-"},"content":"","lastModifiedDate":"2020-05-25T00:03:55","isFullCredit":false},{"lineNumber":15,"author":{"gitId":"-"},"content":"# compile the code into the bin folder, terminates if error occurred","lastModifiedDate":"2020-05-25T00:03:55","isFullCredit":false},{"lineNumber":16,"author":{"gitId":"-"},"content":"if ! javac -cp ../src/main/java -Xlint:none -d ../bin ../src/main/java/*.java","lastModifiedDate":"2020-08-25T17:23:26","isFullCredit":false},{"lineNumber":17,"author":{"gitId":"-"},"content":"then","lastModifiedDate":"2020-05-25T00:03:55","isFullCredit":false},{"lineNumber":18,"author":{"gitId":"-"},"content":"    echo \"********** BUILD FAILURE **********\"","lastModifiedDate":"2020-05-25T00:03:55","isFullCredit":false},{"lineNumber":19,"author":{"gitId":"-"},"content":"    exit 1","lastModifiedDate":"2020-05-25T00:03:55","isFullCredit":false},{"lineNumber":20,"author":{"gitId":"-"},"content":"fi","lastModifiedDate":"2020-05-25T00:03:55","isFullCredit":false},{"lineNumber":21,"author":{"gitId":"-"},"content":"","lastModifiedDate":"2020-05-25T00:03:55","isFullCredit":false},{"lineNumber":22,"author":{"gitId":"bennyy117"},"content":"# run the program, feed commands from input.txt file and redirect the output to ACTUAL.TXT","lastModifiedDate":"2025-09-03T12:55:41","isFullCredit":false},{"lineNumber":23,"author":{"gitId":"bennyy117"},"content":"java -classpath ../bin Nary \u003c input.txt \u003e ACTUAL.TXT","lastModifiedDate":"2025-09-03T12:55:41","isFullCredit":false},{"lineNumber":24,"author":{"gitId":"-"},"content":"","lastModifiedDate":"2020-05-25T00:03:55","isFullCredit":false},{"lineNumber":25,"author":{"gitId":"-"},"content":"# convert to UNIX format","lastModifiedDate":"2020-05-25T00:03:55","isFullCredit":false},{"lineNumber":26,"author":{"gitId":"-"},"content":"cp EXPECTED.TXT EXPECTED-UNIX.TXT","lastModifiedDate":"2020-05-25T00:03:55","isFullCredit":false},{"lineNumber":27,"author":{"gitId":"-"},"content":"dos2unix ACTUAL.TXT EXPECTED-UNIX.TXT","lastModifiedDate":"2020-05-25T00:03:55","isFullCredit":false},{"lineNumber":28,"author":{"gitId":"-"},"content":"","lastModifiedDate":"2020-05-25T00:03:55","isFullCredit":false},{"lineNumber":29,"author":{"gitId":"-"},"content":"# compare the output to the expected output","lastModifiedDate":"2020-05-25T00:03:55","isFullCredit":false},{"lineNumber":30,"author":{"gitId":"-"},"content":"diff ACTUAL.TXT EXPECTED-UNIX.TXT","lastModifiedDate":"2020-05-25T00:03:55","isFullCredit":false},{"lineNumber":31,"author":{"gitId":"-"},"content":"if [ $? -eq 0 ]","lastModifiedDate":"2020-05-25T00:03:55","isFullCredit":false},{"lineNumber":32,"author":{"gitId":"-"},"content":"then","lastModifiedDate":"2020-05-25T00:03:55","isFullCredit":false},{"lineNumber":33,"author":{"gitId":"-"},"content":"    echo \"Test result: PASSED\"","lastModifiedDate":"2020-05-25T00:03:55","isFullCredit":false},{"lineNumber":34,"author":{"gitId":"-"},"content":"    exit 0","lastModifiedDate":"2020-05-25T00:03:55","isFullCredit":false},{"lineNumber":35,"author":{"gitId":"-"},"content":"else","lastModifiedDate":"2020-05-25T00:03:55","isFullCredit":false},{"lineNumber":36,"author":{"gitId":"-"},"content":"    echo \"Test result: FAILED\"","lastModifiedDate":"2020-05-25T00:03:55","isFullCredit":false},{"lineNumber":37,"author":{"gitId":"-"},"content":"    exit 1","lastModifiedDate":"2020-05-25T00:03:55","isFullCredit":false},{"lineNumber":38,"author":{"gitId":"-"},"content":"fi","lastModifiedDate":"2020-05-25T00:03:55","isFullCredit":false}],"authorContributionMap":{"bennyy117":2,"-":36}}]
