{"authorDailyContributionsMap":{"bennyy117":[{"date":"2025-09-03T00:00:00","commitResults":[{"hash":"7836a242272b4a5557facc0d1f15a04898eeae27","isMergeCommit":false,"messageTitle":"Level-0","messageBody":"","tags":["Level-0"],"fileTypesAndContributionMap":{"java":{"insertions":10,"deletions":10},"bat":{"insertions":1,"deletions":1},"md":{"insertions":3,"deletions":3}}},{"hash":"b2f7101bfb3c955f19de332b377397b6a1b3d729","isMergeCommit":false,"messageTitle":"Level-1","messageBody":"","tags":["Level-1"],"fileTypesAndContributionMap":{"java":{"insertions":23,"deletions":3}}},{"hash":"774588e6d4d0add2fef56e716fda29a8cada1f2c","isMergeCommit":false,"messageTitle":"Level-3","messageBody":"","tags":["Level-2"],"fileTypesAndContributionMap":{"java":{"insertions":19,"deletions":2}}},{"hash":"d6406d46e8d089d62f236a70e6f42219e4838e7c","isMergeCommit":false,"messageTitle":"Level-2","messageBody":"","fileTypesAndContributionMap":{"java":{"insertions":1,"deletions":0}}},{"hash":"b4160d260b3dbda3ce61957b00d175940b9b7bcc","isMergeCommit":false,"messageTitle":"Level-3","messageBody":"","tags":["Level-3","A-CodingStandard"],"fileTypesAndContributionMap":{"java":{"insertions":55,"deletions":11}}},{"hash":"daabf3fefa3cd46836569d9e44f60d65b02c725c","isMergeCommit":false,"messageTitle":"Level-4","messageBody":"","tags":["Level-4"],"fileTypesAndContributionMap":{"java":{"insertions":67,"deletions":7}}},{"hash":"0938a34d305e4d20f3dba202c038aeeaaefbebbc","isMergeCommit":false,"messageTitle":"A-TextUiTesting","messageBody":"","tags":["A-TextUiTesting"],"fileTypesAndContributionMap":{"txt":{"insertions":43,"deletions":0},"sh":{"insertions":2,"deletions":2}}}]}]},"authorFileTypeContributionMap":{"bennyy117":{"java":152,"md":3,"fxml":0,"sh":2,"bat":1,"gradle":0,"txt":43}},"authorContributionVariance":{"bennyy117":2466.9329},"authorDisplayNameMap":{"bennyy117":"CS2113-W14-3 NGUY..LOAN"}}
