[{"path":"src/main/java/robonaut/Robonaut.java","fileType":"java","lines":[{"lineNumber":1,"author":{"gitId":"mendax1234"},"content":"package robonaut;","lastModifiedDate":"2025-09-12T21:23:05","isFullCredit":false},{"lineNumber":2,"author":{"gitId":"mendax1234"},"content":"","lastModifiedDate":"2025-09-12T21:23:05","isFullCredit":false},{"lineNumber":3,"author":{"gitId":"mendax1234"},"content":"import java.util.ArrayList;","lastModifiedDate":"2025-09-04T17:11:42","isFullCredit":false},{"lineNumber":4,"author":{"gitId":"mendax1234"},"content":"import java.util.Scanner;","lastModifiedDate":"2025-09-04T17:11:42","isFullCredit":false},{"lineNumber":5,"author":{"gitId":"mendax1234"},"content":"","lastModifiedDate":"2025-08-28T10:28:38","isFullCredit":false},{"lineNumber":6,"author":{"gitId":"mendax1234"},"content":"import robonaut.exceptions.RobonautException;","lastModifiedDate":"2025-09-12T21:23:05","isFullCredit":false},{"lineNumber":7,"author":{"gitId":"mendax1234"},"content":"import robonaut.exceptions.EmptyDescriptionException;","lastModifiedDate":"2025-09-12T21:23:05","isFullCredit":false},{"lineNumber":8,"author":{"gitId":"mendax1234"},"content":"import robonaut.exceptions.InvalidTaskNumberException;","lastModifiedDate":"2025-09-12T21:23:05","isFullCredit":false},{"lineNumber":9,"author":{"gitId":"mendax1234"},"content":"import robonaut.exceptions.UnknownCommandException;","lastModifiedDate":"2025-09-12T21:23:05","isFullCredit":false},{"lineNumber":10,"author":{"gitId":"mendax1234"},"content":"import robonaut.exceptions.InvalidFormatException;","lastModifiedDate":"2025-09-12T21:23:05","isFullCredit":false},{"lineNumber":11,"author":{"gitId":"mendax1234"},"content":"","lastModifiedDate":"2025-09-12T21:10:30","isFullCredit":false},{"lineNumber":12,"author":{"gitId":"mendax1234"},"content":"import robonaut.tasks.Deadline;","lastModifiedDate":"2025-09-12T21:23:05","isFullCredit":false},{"lineNumber":13,"author":{"gitId":"mendax1234"},"content":"import robonaut.tasks.Event;","lastModifiedDate":"2025-09-12T21:23:05","isFullCredit":false},{"lineNumber":14,"author":{"gitId":"mendax1234"},"content":"import robonaut.tasks.Task;","lastModifiedDate":"2025-09-12T21:23:05","isFullCredit":false},{"lineNumber":15,"author":{"gitId":"mendax1234"},"content":"import robonaut.tasks.ToDo;","lastModifiedDate":"2025-09-12T21:23:05","isFullCredit":false},{"lineNumber":16,"author":{"gitId":"mendax1234"},"content":"","lastModifiedDate":"2025-09-04T21:54:30","isFullCredit":false},{"lineNumber":17,"author":{"gitId":"mendax1234"},"content":"public class Robonaut {","lastModifiedDate":"2025-08-21T19:30:17","isFullCredit":false},{"lineNumber":18,"author":{"gitId":"mendax1234"},"content":"    /**","lastModifiedDate":"2025-09-12T21:10:30","isFullCredit":false},{"lineNumber":19,"author":{"gitId":"mendax1234"},"content":"     * The horizontal line used to create box output when printing","lastModifiedDate":"2025-09-12T21:10:30","isFullCredit":false},{"lineNumber":20,"author":{"gitId":"mendax1234"},"content":"     */","lastModifiedDate":"2025-09-12T21:10:30","isFullCredit":false},{"lineNumber":21,"author":{"gitId":"mendax1234"},"content":"    private static final String HORIZONTAL_LINE \u003d \"------------------------------------------------------------\";","lastModifiedDate":"2025-09-04T17:11:42","isFullCredit":false},{"lineNumber":22,"author":{"gitId":"mendax1234"},"content":"","lastModifiedDate":"2025-09-04T17:11:42","isFullCredit":false},{"lineNumber":23,"author":{"gitId":"mendax1234"},"content":"    // Constants for command prefix lengths","lastModifiedDate":"2025-09-12T19:22:03","isFullCredit":false},{"lineNumber":24,"author":{"gitId":"mendax1234"},"content":"    private static final int TODO_PREFIX_LENGTH \u003d 4;  // Length of \"todo\"","lastModifiedDate":"2025-09-12T21:10:30","isFullCredit":false},{"lineNumber":25,"author":{"gitId":"mendax1234"},"content":"    private static final int DEADLINE_PREFIX_LENGTH \u003d 8;  // Length of \"deadline\"","lastModifiedDate":"2025-09-12T21:10:30","isFullCredit":false},{"lineNumber":26,"author":{"gitId":"mendax1234"},"content":"    private static final int EVENT_PREFIX_LENGTH \u003d 5;  // Length of \"event\"","lastModifiedDate":"2025-09-12T21:10:30","isFullCredit":false},{"lineNumber":27,"author":{"gitId":"mendax1234"},"content":"","lastModifiedDate":"2025-09-12T19:22:03","isFullCredit":false},{"lineNumber":28,"author":{"gitId":"mendax1234"},"content":"    public static void main(String[] args) {","lastModifiedDate":"2025-09-04T17:11:42","isFullCredit":false},{"lineNumber":29,"author":{"gitId":"mendax1234"},"content":"        printHelloMessage();","lastModifiedDate":"2025-09-04T17:15:58","isFullCredit":false},{"lineNumber":30,"author":{"gitId":"mendax1234"},"content":"        Scanner sc \u003d new Scanner(System.in);","lastModifiedDate":"2025-09-04T17:11:42","isFullCredit":false},{"lineNumber":31,"author":{"gitId":"mendax1234"},"content":"        ArrayList\u003cTask\u003e tasks \u003d new ArrayList\u003c\u003e();","lastModifiedDate":"2025-09-04T17:11:42","isFullCredit":false},{"lineNumber":32,"author":{"gitId":"mendax1234"},"content":"        String option \u003d sc.nextLine();","lastModifiedDate":"2025-09-04T17:11:42","isFullCredit":false},{"lineNumber":33,"author":{"gitId":"mendax1234"},"content":"","lastModifiedDate":"2025-09-04T17:11:42","isFullCredit":false},{"lineNumber":34,"author":{"gitId":"mendax1234"},"content":"        while (!option.trim().equalsIgnoreCase(\"bye\")) {","lastModifiedDate":"2025-09-12T21:10:30","isFullCredit":false},{"lineNumber":35,"author":{"gitId":"mendax1234"},"content":"            try {","lastModifiedDate":"2025-09-12T21:10:30","isFullCredit":false},{"lineNumber":36,"author":{"gitId":"mendax1234"},"content":"                processCommand(option.trim(), tasks);","lastModifiedDate":"2025-09-12T21:10:30","isFullCredit":false},{"lineNumber":37,"author":{"gitId":"mendax1234"},"content":"            } catch (RobonautException e) {","lastModifiedDate":"2025-09-12T21:10:30","isFullCredit":false},{"lineNumber":38,"author":{"gitId":"mendax1234"},"content":"                printError(e.getMessage());","lastModifiedDate":"2025-09-12T21:10:30","isFullCredit":false},{"lineNumber":39,"author":{"gitId":"mendax1234"},"content":"            }","lastModifiedDate":"2025-09-12T21:10:30","isFullCredit":false},{"lineNumber":40,"author":{"gitId":"mendax1234"},"content":"            option \u003d sc.nextLine();","lastModifiedDate":"2025-09-12T21:10:30","isFullCredit":false},{"lineNumber":41,"author":{"gitId":"mendax1234"},"content":"        }","lastModifiedDate":"2025-09-12T21:10:30","isFullCredit":false},{"lineNumber":42,"author":{"gitId":"mendax1234"},"content":"        printByeMessage();","lastModifiedDate":"2025-09-12T21:10:30","isFullCredit":false},{"lineNumber":43,"author":{"gitId":"mendax1234"},"content":"        sc.close();","lastModifiedDate":"2025-09-12T21:10:30","isFullCredit":false},{"lineNumber":44,"author":{"gitId":"mendax1234"},"content":"    }","lastModifiedDate":"2025-09-12T21:10:30","isFullCredit":false},{"lineNumber":45,"author":{"gitId":"mendax1234"},"content":"","lastModifiedDate":"2025-09-12T21:10:30","isFullCredit":false},{"lineNumber":46,"author":{"gitId":"mendax1234"},"content":"    /**","lastModifiedDate":"2025-09-12T21:10:30","isFullCredit":false},{"lineNumber":47,"author":{"gitId":"mendax1234"},"content":"     * Processes the user command and executes the appropriate action.","lastModifiedDate":"2025-09-12T21:10:30","isFullCredit":false},{"lineNumber":48,"author":{"gitId":"mendax1234"},"content":"     *","lastModifiedDate":"2025-09-12T21:10:30","isFullCredit":false},{"lineNumber":49,"author":{"gitId":"mendax1234"},"content":"     * @param command the user input command","lastModifiedDate":"2025-09-12T21:10:30","isFullCredit":false},{"lineNumber":50,"author":{"gitId":"mendax1234"},"content":"     * @param tasks   the task list","lastModifiedDate":"2025-09-12T21:10:30","isFullCredit":false},{"lineNumber":51,"author":{"gitId":"mendax1234"},"content":"     * @throws RobonautException if there\u0027s an error in command processing","lastModifiedDate":"2025-09-12T21:10:30","isFullCredit":false},{"lineNumber":52,"author":{"gitId":"mendax1234"},"content":"     */","lastModifiedDate":"2025-09-12T21:10:30","isFullCredit":false},{"lineNumber":53,"author":{"gitId":"mendax1234"},"content":"    private static void processCommand(String command, ArrayList\u003cTask\u003e tasks) throws RobonautException {","lastModifiedDate":"2025-09-12T21:10:30","isFullCredit":false},{"lineNumber":54,"author":{"gitId":"mendax1234"},"content":"        if (command.isEmpty()) {","lastModifiedDate":"2025-09-12T21:10:30","isFullCredit":false},{"lineNumber":55,"author":{"gitId":"mendax1234"},"content":"            throw new UnknownCommandException(\"\");","lastModifiedDate":"2025-09-12T21:10:30","isFullCredit":false},{"lineNumber":56,"author":{"gitId":"mendax1234"},"content":"        }","lastModifiedDate":"2025-09-12T21:10:30","isFullCredit":false},{"lineNumber":57,"author":{"gitId":"mendax1234"},"content":"","lastModifiedDate":"2025-09-12T21:10:30","isFullCredit":false},{"lineNumber":58,"author":{"gitId":"mendax1234"},"content":"        String lowerCommand \u003d command.toLowerCase();","lastModifiedDate":"2025-09-12T21:10:30","isFullCredit":false},{"lineNumber":59,"author":{"gitId":"mendax1234"},"content":"","lastModifiedDate":"2025-09-12T21:10:30","isFullCredit":false},{"lineNumber":60,"author":{"gitId":"mendax1234"},"content":"        if (lowerCommand.equals(\"list\")) {","lastModifiedDate":"2025-09-12T21:10:30","isFullCredit":false},{"lineNumber":61,"author":{"gitId":"mendax1234"},"content":"            printListCommand(tasks);","lastModifiedDate":"2025-09-04T17:15:58","isFullCredit":false},{"lineNumber":62,"author":{"gitId":"mendax1234"},"content":"        } else if (lowerCommand.startsWith(\"mark\")) {","lastModifiedDate":"2025-09-12T21:10:30","isFullCredit":false},{"lineNumber":63,"author":{"gitId":"mendax1234"},"content":"            handleMarkCommand(command, tasks);","lastModifiedDate":"2025-09-12T21:10:30","isFullCredit":false},{"lineNumber":64,"author":{"gitId":"mendax1234"},"content":"        } else if (lowerCommand.startsWith(\"unmark\")) {","lastModifiedDate":"2025-09-12T21:10:30","isFullCredit":false},{"lineNumber":65,"author":{"gitId":"mendax1234"},"content":"            handleUnmarkCommand(command, tasks);","lastModifiedDate":"2025-09-12T21:10:30","isFullCredit":false},{"lineNumber":66,"author":{"gitId":"mendax1234"},"content":"        } else if (lowerCommand.startsWith(\"todo\")) {","lastModifiedDate":"2025-09-12T21:10:30","isFullCredit":false},{"lineNumber":67,"author":{"gitId":"mendax1234"},"content":"            handleTodoCommand(command, tasks);","lastModifiedDate":"2025-09-12T21:10:30","isFullCredit":false},{"lineNumber":68,"author":{"gitId":"mendax1234"},"content":"        } else if (lowerCommand.startsWith(\"deadline\")) {","lastModifiedDate":"2025-09-12T21:10:30","isFullCredit":false},{"lineNumber":69,"author":{"gitId":"mendax1234"},"content":"            handleDeadlineCommand(command, tasks);","lastModifiedDate":"2025-09-12T21:10:30","isFullCredit":false},{"lineNumber":70,"author":{"gitId":"mendax1234"},"content":"        } else if (lowerCommand.startsWith(\"event\")) {","lastModifiedDate":"2025-09-12T21:10:30","isFullCredit":false},{"lineNumber":71,"author":{"gitId":"mendax1234"},"content":"            handleEventCommand(command, tasks);","lastModifiedDate":"2025-09-12T21:10:30","isFullCredit":false},{"lineNumber":72,"author":{"gitId":"mendax1234"},"content":"        } else {","lastModifiedDate":"2025-09-12T21:10:30","isFullCredit":false},{"lineNumber":73,"author":{"gitId":"mendax1234"},"content":"            // Extract the first word as the command for better error message","lastModifiedDate":"2025-09-12T21:10:30","isFullCredit":false},{"lineNumber":74,"author":{"gitId":"mendax1234"},"content":"            String firstWord \u003d command.split(\"\\\\s+\")[0];","lastModifiedDate":"2025-09-12T21:10:30","isFullCredit":false},{"lineNumber":75,"author":{"gitId":"mendax1234"},"content":"            throw new UnknownCommandException(firstWord);","lastModifiedDate":"2025-09-12T21:10:30","isFullCredit":false},{"lineNumber":76,"author":{"gitId":"mendax1234"},"content":"        }","lastModifiedDate":"2025-09-12T21:10:30","isFullCredit":false},{"lineNumber":77,"author":{"gitId":"mendax1234"},"content":"    }","lastModifiedDate":"2025-09-12T21:10:30","isFullCredit":false},{"lineNumber":78,"author":{"gitId":"mendax1234"},"content":"","lastModifiedDate":"2025-09-12T21:10:30","isFullCredit":false},{"lineNumber":79,"author":{"gitId":"mendax1234"},"content":"    /**","lastModifiedDate":"2025-09-12T21:10:30","isFullCredit":false},{"lineNumber":80,"author":{"gitId":"mendax1234"},"content":"     * Handles the todo command with error checking.","lastModifiedDate":"2025-09-12T21:10:30","isFullCredit":false},{"lineNumber":81,"author":{"gitId":"mendax1234"},"content":"     *","lastModifiedDate":"2025-09-12T21:10:30","isFullCredit":false},{"lineNumber":82,"author":{"gitId":"mendax1234"},"content":"     * @param command the full command string","lastModifiedDate":"2025-09-12T21:10:30","isFullCredit":false},{"lineNumber":83,"author":{"gitId":"mendax1234"},"content":"     * @param tasks   the task list","lastModifiedDate":"2025-09-12T21:10:30","isFullCredit":false},{"lineNumber":84,"author":{"gitId":"mendax1234"},"content":"     * @throws EmptyDescriptionException if description is empty","lastModifiedDate":"2025-09-12T21:10:30","isFullCredit":false},{"lineNumber":85,"author":{"gitId":"mendax1234"},"content":"     */","lastModifiedDate":"2025-09-12T21:10:30","isFullCredit":false},{"lineNumber":86,"author":{"gitId":"mendax1234"},"content":"    private static void handleTodoCommand(String command, ArrayList\u003cTask\u003e tasks) throws EmptyDescriptionException {","lastModifiedDate":"2025-09-12T21:10:30","isFullCredit":false},{"lineNumber":87,"author":{"gitId":"mendax1234"},"content":"        if (command.length() \u003c\u003d TODO_PREFIX_LENGTH) {","lastModifiedDate":"2025-09-12T21:10:30","isFullCredit":false},{"lineNumber":88,"author":{"gitId":"mendax1234"},"content":"            throw new EmptyDescriptionException(\"todo\");","lastModifiedDate":"2025-09-12T21:10:30","isFullCredit":false},{"lineNumber":89,"author":{"gitId":"mendax1234"},"content":"        }","lastModifiedDate":"2025-09-12T21:10:30","isFullCredit":false},{"lineNumber":90,"author":{"gitId":"mendax1234"},"content":"","lastModifiedDate":"2025-09-12T21:10:30","isFullCredit":false},{"lineNumber":91,"author":{"gitId":"mendax1234"},"content":"        String desc \u003d command.substring(TODO_PREFIX_LENGTH).trim();","lastModifiedDate":"2025-09-12T21:10:30","isFullCredit":false},{"lineNumber":92,"author":{"gitId":"mendax1234"},"content":"        if (desc.isEmpty()) {","lastModifiedDate":"2025-09-12T21:10:30","isFullCredit":false},{"lineNumber":93,"author":{"gitId":"mendax1234"},"content":"            throw new EmptyDescriptionException(\"todo\");","lastModifiedDate":"2025-09-12T21:10:30","isFullCredit":false},{"lineNumber":94,"author":{"gitId":"mendax1234"},"content":"        }","lastModifiedDate":"2025-09-12T21:10:30","isFullCredit":false},{"lineNumber":95,"author":{"gitId":"mendax1234"},"content":"","lastModifiedDate":"2025-09-12T21:10:30","isFullCredit":false},{"lineNumber":96,"author":{"gitId":"mendax1234"},"content":"        printAddCommand(tasks, new ToDo(desc));","lastModifiedDate":"2025-09-04T21:54:30","isFullCredit":false},{"lineNumber":97,"author":{"gitId":"mendax1234"},"content":"    }","lastModifiedDate":"2025-09-12T21:10:30","isFullCredit":false},{"lineNumber":98,"author":{"gitId":"mendax1234"},"content":"","lastModifiedDate":"2025-09-12T21:10:30","isFullCredit":false},{"lineNumber":99,"author":{"gitId":"mendax1234"},"content":"    /**","lastModifiedDate":"2025-09-12T21:10:30","isFullCredit":false},{"lineNumber":100,"author":{"gitId":"mendax1234"},"content":"     * Handles the deadline command with error checking.","lastModifiedDate":"2025-09-12T21:10:30","isFullCredit":false},{"lineNumber":101,"author":{"gitId":"mendax1234"},"content":"     *","lastModifiedDate":"2025-09-12T21:10:30","isFullCredit":false},{"lineNumber":102,"author":{"gitId":"mendax1234"},"content":"     * @param command the full command string","lastModifiedDate":"2025-09-12T21:10:30","isFullCredit":false},{"lineNumber":103,"author":{"gitId":"mendax1234"},"content":"     * @param tasks   the task list","lastModifiedDate":"2025-09-12T21:10:30","isFullCredit":false},{"lineNumber":104,"author":{"gitId":"mendax1234"},"content":"     * @throws EmptyDescriptionException if description is empty","lastModifiedDate":"2025-09-12T21:10:30","isFullCredit":false},{"lineNumber":105,"author":{"gitId":"mendax1234"},"content":"     * @throws InvalidFormatException    if format is incorrect","lastModifiedDate":"2025-09-12T21:10:30","isFullCredit":false},{"lineNumber":106,"author":{"gitId":"mendax1234"},"content":"     */","lastModifiedDate":"2025-09-12T21:10:30","isFullCredit":false},{"lineNumber":107,"author":{"gitId":"mendax1234"},"content":"    private static void handleDeadlineCommand(String command, ArrayList\u003cTask\u003e tasks) throws RobonautException {","lastModifiedDate":"2025-09-12T21:10:30","isFullCredit":false},{"lineNumber":108,"author":{"gitId":"mendax1234"},"content":"        if (command.length() \u003c\u003d DEADLINE_PREFIX_LENGTH) {","lastModifiedDate":"2025-09-12T21:10:30","isFullCredit":false},{"lineNumber":109,"author":{"gitId":"mendax1234"},"content":"            throw new EmptyDescriptionException(\"deadline\");","lastModifiedDate":"2025-09-12T21:10:30","isFullCredit":false},{"lineNumber":110,"author":{"gitId":"mendax1234"},"content":"        }","lastModifiedDate":"2025-09-12T21:10:30","isFullCredit":false},{"lineNumber":111,"author":{"gitId":"mendax1234"},"content":"","lastModifiedDate":"2025-09-12T21:10:30","isFullCredit":false},{"lineNumber":112,"author":{"gitId":"mendax1234"},"content":"        String remaining \u003d command.substring(DEADLINE_PREFIX_LENGTH).trim();","lastModifiedDate":"2025-09-12T21:10:30","isFullCredit":false},{"lineNumber":113,"author":{"gitId":"mendax1234"},"content":"        if (remaining.isEmpty()) {","lastModifiedDate":"2025-09-12T21:10:30","isFullCredit":false},{"lineNumber":114,"author":{"gitId":"mendax1234"},"content":"            throw new EmptyDescriptionException(\"deadline\");","lastModifiedDate":"2025-09-12T21:10:30","isFullCredit":false},{"lineNumber":115,"author":{"gitId":"mendax1234"},"content":"        }","lastModifiedDate":"2025-09-12T21:10:30","isFullCredit":false},{"lineNumber":116,"author":{"gitId":"mendax1234"},"content":"","lastModifiedDate":"2025-09-12T21:10:30","isFullCredit":false},{"lineNumber":117,"author":{"gitId":"mendax1234"},"content":"        if (!remaining.contains(\"/by\")) {","lastModifiedDate":"2025-09-12T21:10:30","isFullCredit":false},{"lineNumber":118,"author":{"gitId":"mendax1234"},"content":"            throw new InvalidFormatException(\"Deadline format should be: deadline \u003cdescription\u003e /by \u003cdate\u003e\");","lastModifiedDate":"2025-09-12T21:10:30","isFullCredit":false},{"lineNumber":119,"author":{"gitId":"mendax1234"},"content":"        }","lastModifiedDate":"2025-09-12T21:10:30","isFullCredit":false},{"lineNumber":120,"author":{"gitId":"mendax1234"},"content":"","lastModifiedDate":"2025-09-12T21:10:30","isFullCredit":false},{"lineNumber":121,"author":{"gitId":"mendax1234"},"content":"        String[] parts \u003d remaining.split(\"/by\", 2);","lastModifiedDate":"2025-09-12T21:10:30","isFullCredit":false},{"lineNumber":122,"author":{"gitId":"mendax1234"},"content":"        if (parts.length !\u003d 2) {","lastModifiedDate":"2025-09-12T21:10:30","isFullCredit":false},{"lineNumber":123,"author":{"gitId":"mendax1234"},"content":"            throw new InvalidFormatException(\"Deadline format should be: deadline \u003cdescription\u003e /by \u003cdate\u003e\");","lastModifiedDate":"2025-09-12T21:10:30","isFullCredit":false},{"lineNumber":124,"author":{"gitId":"mendax1234"},"content":"        }","lastModifiedDate":"2025-09-12T21:10:30","isFullCredit":false},{"lineNumber":125,"author":{"gitId":"mendax1234"},"content":"","lastModifiedDate":"2025-09-12T21:10:30","isFullCredit":false},{"lineNumber":126,"author":{"gitId":"mendax1234"},"content":"        String desc \u003d parts[0].trim();","lastModifiedDate":"2025-09-12T21:10:30","isFullCredit":false},{"lineNumber":127,"author":{"gitId":"mendax1234"},"content":"        String by \u003d parts[1].trim();","lastModifiedDate":"2025-09-12T21:10:30","isFullCredit":false},{"lineNumber":128,"author":{"gitId":"mendax1234"},"content":"","lastModifiedDate":"2025-09-12T21:10:30","isFullCredit":false},{"lineNumber":129,"author":{"gitId":"mendax1234"},"content":"        if (desc.isEmpty()) {","lastModifiedDate":"2025-09-12T21:10:30","isFullCredit":false},{"lineNumber":130,"author":{"gitId":"mendax1234"},"content":"            throw new EmptyDescriptionException(\"deadline\");","lastModifiedDate":"2025-09-12T21:10:30","isFullCredit":false},{"lineNumber":131,"author":{"gitId":"mendax1234"},"content":"        }","lastModifiedDate":"2025-09-12T21:10:30","isFullCredit":false},{"lineNumber":132,"author":{"gitId":"mendax1234"},"content":"","lastModifiedDate":"2025-09-12T21:10:30","isFullCredit":false},{"lineNumber":133,"author":{"gitId":"mendax1234"},"content":"        if (by.isEmpty()) {","lastModifiedDate":"2025-09-12T21:10:30","isFullCredit":false},{"lineNumber":134,"author":{"gitId":"mendax1234"},"content":"            throw new InvalidFormatException(\"The deadline date cannot be empty. Use format: deadline \u003cdescription\u003e /by \u003cdate\u003e\");","lastModifiedDate":"2025-09-12T21:10:30","isFullCredit":false},{"lineNumber":135,"author":{"gitId":"mendax1234"},"content":"        }","lastModifiedDate":"2025-09-12T21:10:30","isFullCredit":false},{"lineNumber":136,"author":{"gitId":"mendax1234"},"content":"","lastModifiedDate":"2025-09-12T21:10:30","isFullCredit":false},{"lineNumber":137,"author":{"gitId":"mendax1234"},"content":"        printAddCommand(tasks, new Deadline(desc, by));","lastModifiedDate":"2025-09-12T21:10:30","isFullCredit":false},{"lineNumber":138,"author":{"gitId":"mendax1234"},"content":"    }","lastModifiedDate":"2025-09-12T21:10:30","isFullCredit":false},{"lineNumber":139,"author":{"gitId":"mendax1234"},"content":"","lastModifiedDate":"2025-09-12T21:10:30","isFullCredit":false},{"lineNumber":140,"author":{"gitId":"mendax1234"},"content":"    /**","lastModifiedDate":"2025-09-12T21:10:30","isFullCredit":false},{"lineNumber":141,"author":{"gitId":"mendax1234"},"content":"     * Handles the event command with error checking.","lastModifiedDate":"2025-09-12T21:10:30","isFullCredit":false},{"lineNumber":142,"author":{"gitId":"mendax1234"},"content":"     *","lastModifiedDate":"2025-09-12T21:10:30","isFullCredit":false},{"lineNumber":143,"author":{"gitId":"mendax1234"},"content":"     * @param command the full command string","lastModifiedDate":"2025-09-12T21:10:30","isFullCredit":false},{"lineNumber":144,"author":{"gitId":"mendax1234"},"content":"     * @param tasks   the task list","lastModifiedDate":"2025-09-12T21:10:30","isFullCredit":false},{"lineNumber":145,"author":{"gitId":"mendax1234"},"content":"     * @throws EmptyDescriptionException if description is empty","lastModifiedDate":"2025-09-12T21:10:30","isFullCredit":false},{"lineNumber":146,"author":{"gitId":"mendax1234"},"content":"     * @throws InvalidFormatException    if format is incorrect","lastModifiedDate":"2025-09-12T21:10:30","isFullCredit":false},{"lineNumber":147,"author":{"gitId":"mendax1234"},"content":"     */","lastModifiedDate":"2025-09-12T21:10:30","isFullCredit":false},{"lineNumber":148,"author":{"gitId":"mendax1234"},"content":"    private static void handleEventCommand(String command, ArrayList\u003cTask\u003e tasks) throws RobonautException {","lastModifiedDate":"2025-09-12T21:10:30","isFullCredit":false},{"lineNumber":149,"author":{"gitId":"mendax1234"},"content":"        if (command.length() \u003c\u003d EVENT_PREFIX_LENGTH) {","lastModifiedDate":"2025-09-12T21:10:30","isFullCredit":false},{"lineNumber":150,"author":{"gitId":"mendax1234"},"content":"            throw new EmptyDescriptionException(\"event\");","lastModifiedDate":"2025-09-12T21:10:30","isFullCredit":false},{"lineNumber":151,"author":{"gitId":"mendax1234"},"content":"        }","lastModifiedDate":"2025-09-12T21:10:30","isFullCredit":false},{"lineNumber":152,"author":{"gitId":"mendax1234"},"content":"","lastModifiedDate":"2025-09-12T21:10:30","isFullCredit":false},{"lineNumber":153,"author":{"gitId":"mendax1234"},"content":"        String remaining \u003d command.substring(EVENT_PREFIX_LENGTH).trim();","lastModifiedDate":"2025-09-12T21:10:30","isFullCredit":false},{"lineNumber":154,"author":{"gitId":"mendax1234"},"content":"        if (remaining.isEmpty()) {","lastModifiedDate":"2025-09-12T21:10:30","isFullCredit":false},{"lineNumber":155,"author":{"gitId":"mendax1234"},"content":"            throw new EmptyDescriptionException(\"event\");","lastModifiedDate":"2025-09-12T21:10:30","isFullCredit":false},{"lineNumber":156,"author":{"gitId":"mendax1234"},"content":"        }","lastModifiedDate":"2025-09-12T21:10:30","isFullCredit":false},{"lineNumber":157,"author":{"gitId":"mendax1234"},"content":"","lastModifiedDate":"2025-09-12T21:10:30","isFullCredit":false},{"lineNumber":158,"author":{"gitId":"mendax1234"},"content":"        if (!remaining.contains(\"/from\") || !remaining.contains(\"/to\")) {","lastModifiedDate":"2025-09-12T21:10:30","isFullCredit":false},{"lineNumber":159,"author":{"gitId":"mendax1234"},"content":"            throw new InvalidFormatException(\"Event format should be: event \u003cdescription\u003e /from \u003cstart\u003e /to \u003cend\u003e\");","lastModifiedDate":"2025-09-12T21:10:30","isFullCredit":false},{"lineNumber":160,"author":{"gitId":"mendax1234"},"content":"        }","lastModifiedDate":"2025-09-12T21:10:30","isFullCredit":false},{"lineNumber":161,"author":{"gitId":"mendax1234"},"content":"","lastModifiedDate":"2025-09-12T21:10:30","isFullCredit":false},{"lineNumber":162,"author":{"gitId":"mendax1234"},"content":"        String[] parts \u003d remaining.split(\"/from|/to\");","lastModifiedDate":"2025-09-12T21:10:30","isFullCredit":false},{"lineNumber":163,"author":{"gitId":"mendax1234"},"content":"        if (parts.length !\u003d 3) {","lastModifiedDate":"2025-09-12T21:10:30","isFullCredit":false},{"lineNumber":164,"author":{"gitId":"mendax1234"},"content":"            throw new InvalidFormatException(\"Event format should be: event \u003cdescription\u003e /from \u003cstart\u003e /to \u003cend\u003e\");","lastModifiedDate":"2025-09-12T21:10:30","isFullCredit":false},{"lineNumber":165,"author":{"gitId":"mendax1234"},"content":"        }","lastModifiedDate":"2025-09-12T21:10:30","isFullCredit":false},{"lineNumber":166,"author":{"gitId":"mendax1234"},"content":"","lastModifiedDate":"2025-09-12T21:10:30","isFullCredit":false},{"lineNumber":167,"author":{"gitId":"mendax1234"},"content":"        String desc \u003d parts[0].trim();","lastModifiedDate":"2025-09-04T21:54:30","isFullCredit":false},{"lineNumber":168,"author":{"gitId":"mendax1234"},"content":"        String from \u003d parts[1].trim();","lastModifiedDate":"2025-09-04T21:54:30","isFullCredit":false},{"lineNumber":169,"author":{"gitId":"mendax1234"},"content":"        String to \u003d parts[2].trim();","lastModifiedDate":"2025-09-04T21:54:30","isFullCredit":false},{"lineNumber":170,"author":{"gitId":"mendax1234"},"content":"","lastModifiedDate":"2025-09-12T21:10:30","isFullCredit":false},{"lineNumber":171,"author":{"gitId":"mendax1234"},"content":"        if (desc.isEmpty()) {","lastModifiedDate":"2025-09-12T21:10:30","isFullCredit":false},{"lineNumber":172,"author":{"gitId":"mendax1234"},"content":"            throw new EmptyDescriptionException(\"event\");","lastModifiedDate":"2025-09-12T21:10:30","isFullCredit":false},{"lineNumber":173,"author":{"gitId":"mendax1234"},"content":"        }","lastModifiedDate":"2025-09-12T21:10:30","isFullCredit":false},{"lineNumber":174,"author":{"gitId":"mendax1234"},"content":"","lastModifiedDate":"2025-09-12T21:10:30","isFullCredit":false},{"lineNumber":175,"author":{"gitId":"mendax1234"},"content":"        if (from.isEmpty()) {","lastModifiedDate":"2025-09-12T21:10:30","isFullCredit":false},{"lineNumber":176,"author":{"gitId":"mendax1234"},"content":"            throw new InvalidFormatException(\"The event start time cannot be empty. Use format: event \u003cdescription\u003e /from \u003cstart\u003e /to \u003cend\u003e\");","lastModifiedDate":"2025-09-12T21:10:30","isFullCredit":false},{"lineNumber":177,"author":{"gitId":"mendax1234"},"content":"        }","lastModifiedDate":"2025-09-12T21:10:30","isFullCredit":false},{"lineNumber":178,"author":{"gitId":"mendax1234"},"content":"","lastModifiedDate":"2025-09-12T21:10:30","isFullCredit":false},{"lineNumber":179,"author":{"gitId":"mendax1234"},"content":"        if (to.isEmpty()) {","lastModifiedDate":"2025-09-12T21:10:30","isFullCredit":false},{"lineNumber":180,"author":{"gitId":"mendax1234"},"content":"            throw new InvalidFormatException(\"The event end time cannot be empty. Use format: event \u003cdescription\u003e /from \u003cstart\u003e /to \u003cend\u003e\");","lastModifiedDate":"2025-09-12T21:10:30","isFullCredit":false},{"lineNumber":181,"author":{"gitId":"mendax1234"},"content":"        }","lastModifiedDate":"2025-09-12T21:10:30","isFullCredit":false},{"lineNumber":182,"author":{"gitId":"mendax1234"},"content":"","lastModifiedDate":"2025-09-12T21:10:30","isFullCredit":false},{"lineNumber":183,"author":{"gitId":"mendax1234"},"content":"        printAddCommand(tasks, new Event(desc, from, to));","lastModifiedDate":"2025-09-04T21:54:30","isFullCredit":false},{"lineNumber":184,"author":{"gitId":"mendax1234"},"content":"    }","lastModifiedDate":"2025-09-12T21:10:30","isFullCredit":false},{"lineNumber":185,"author":{"gitId":"mendax1234"},"content":"","lastModifiedDate":"2025-09-12T21:10:30","isFullCredit":false},{"lineNumber":186,"author":{"gitId":"mendax1234"},"content":"    /**","lastModifiedDate":"2025-09-12T21:10:30","isFullCredit":false},{"lineNumber":187,"author":{"gitId":"mendax1234"},"content":"     * Handles the mark command with error checking.","lastModifiedDate":"2025-09-12T21:10:30","isFullCredit":false},{"lineNumber":188,"author":{"gitId":"mendax1234"},"content":"     *","lastModifiedDate":"2025-09-12T21:10:30","isFullCredit":false},{"lineNumber":189,"author":{"gitId":"mendax1234"},"content":"     * @param command the full command string","lastModifiedDate":"2025-09-12T21:10:30","isFullCredit":false},{"lineNumber":190,"author":{"gitId":"mendax1234"},"content":"     * @param tasks   the task list","lastModifiedDate":"2025-09-12T21:10:30","isFullCredit":false},{"lineNumber":191,"author":{"gitId":"mendax1234"},"content":"     * @throws InvalidTaskNumberException if task number is invalid","lastModifiedDate":"2025-09-12T21:10:30","isFullCredit":false},{"lineNumber":192,"author":{"gitId":"mendax1234"},"content":"     */","lastModifiedDate":"2025-09-12T21:10:30","isFullCredit":false},{"lineNumber":193,"author":{"gitId":"mendax1234"},"content":"    private static void handleMarkCommand(String command, ArrayList\u003cTask\u003e tasks) throws InvalidTaskNumberException {","lastModifiedDate":"2025-09-12T21:10:30","isFullCredit":false},{"lineNumber":194,"author":{"gitId":"mendax1234"},"content":"        int index \u003d extractTaskIndex(command, tasks);","lastModifiedDate":"2025-09-12T21:10:30","isFullCredit":false},{"lineNumber":195,"author":{"gitId":"mendax1234"},"content":"        executeMarkCommand(tasks, index);","lastModifiedDate":"2025-09-12T21:10:30","isFullCredit":false},{"lineNumber":196,"author":{"gitId":"mendax1234"},"content":"    }","lastModifiedDate":"2025-09-12T21:10:30","isFullCredit":false},{"lineNumber":197,"author":{"gitId":"mendax1234"},"content":"","lastModifiedDate":"2025-09-12T21:10:30","isFullCredit":false},{"lineNumber":198,"author":{"gitId":"mendax1234"},"content":"    /**","lastModifiedDate":"2025-09-12T21:10:30","isFullCredit":false},{"lineNumber":199,"author":{"gitId":"mendax1234"},"content":"     * Handles the unmark command with error checking.","lastModifiedDate":"2025-09-12T21:10:30","isFullCredit":false},{"lineNumber":200,"author":{"gitId":"mendax1234"},"content":"     *","lastModifiedDate":"2025-09-12T21:10:30","isFullCredit":false},{"lineNumber":201,"author":{"gitId":"mendax1234"},"content":"     * @param command the full command string","lastModifiedDate":"2025-09-12T21:10:30","isFullCredit":false},{"lineNumber":202,"author":{"gitId":"mendax1234"},"content":"     * @param tasks   the task list","lastModifiedDate":"2025-09-12T21:10:30","isFullCredit":false},{"lineNumber":203,"author":{"gitId":"mendax1234"},"content":"     * @throws InvalidTaskNumberException if task number is invalid","lastModifiedDate":"2025-09-12T21:10:30","isFullCredit":false},{"lineNumber":204,"author":{"gitId":"mendax1234"},"content":"     */","lastModifiedDate":"2025-09-12T21:10:30","isFullCredit":false},{"lineNumber":205,"author":{"gitId":"mendax1234"},"content":"    private static void handleUnmarkCommand(String command, ArrayList\u003cTask\u003e tasks) throws InvalidTaskNumberException {","lastModifiedDate":"2025-09-12T21:10:30","isFullCredit":false},{"lineNumber":206,"author":{"gitId":"mendax1234"},"content":"        int index \u003d extractTaskIndex(command, tasks);","lastModifiedDate":"2025-09-12T21:10:30","isFullCredit":false},{"lineNumber":207,"author":{"gitId":"mendax1234"},"content":"        executeUnmarkCommand(tasks, index);","lastModifiedDate":"2025-09-12T21:10:30","isFullCredit":false},{"lineNumber":208,"author":{"gitId":"mendax1234"},"content":"    }","lastModifiedDate":"2025-09-12T21:10:30","isFullCredit":false},{"lineNumber":209,"author":{"gitId":"mendax1234"},"content":"","lastModifiedDate":"2025-09-12T21:10:30","isFullCredit":false},{"lineNumber":210,"author":{"gitId":"mendax1234"},"content":"    /**","lastModifiedDate":"2025-09-12T21:10:30","isFullCredit":false},{"lineNumber":211,"author":{"gitId":"mendax1234"},"content":"     * Extracts and validates the task index from mark/unmark commands.","lastModifiedDate":"2025-09-12T21:10:30","isFullCredit":false},{"lineNumber":212,"author":{"gitId":"mendax1234"},"content":"     *","lastModifiedDate":"2025-09-12T21:10:30","isFullCredit":false},{"lineNumber":213,"author":{"gitId":"mendax1234"},"content":"     * @param command the full command string","lastModifiedDate":"2025-09-12T21:10:30","isFullCredit":false},{"lineNumber":214,"author":{"gitId":"mendax1234"},"content":"     * @param tasks   the task list","lastModifiedDate":"2025-09-12T21:10:30","isFullCredit":false},{"lineNumber":215,"author":{"gitId":"mendax1234"},"content":"     * @return the valid 0-based task index","lastModifiedDate":"2025-09-12T21:10:30","isFullCredit":false},{"lineNumber":216,"author":{"gitId":"mendax1234"},"content":"     * @throws InvalidTaskNumberException if task number is invalid","lastModifiedDate":"2025-09-12T21:10:30","isFullCredit":false},{"lineNumber":217,"author":{"gitId":"mendax1234"},"content":"     */","lastModifiedDate":"2025-09-12T21:10:30","isFullCredit":false},{"lineNumber":218,"author":{"gitId":"mendax1234"},"content":"    private static int extractTaskIndex(String command, ArrayList\u003cTask\u003e tasks) throws InvalidTaskNumberException {","lastModifiedDate":"2025-09-12T21:10:30","isFullCredit":false},{"lineNumber":219,"author":{"gitId":"mendax1234"},"content":"        String[] parts \u003d command.split(\"\\\\s+\");","lastModifiedDate":"2025-09-12T21:10:30","isFullCredit":false},{"lineNumber":220,"author":{"gitId":"mendax1234"},"content":"","lastModifiedDate":"2025-09-12T21:10:30","isFullCredit":false},{"lineNumber":221,"author":{"gitId":"mendax1234"},"content":"        if (parts.length \u003c 2) {","lastModifiedDate":"2025-09-12T21:10:30","isFullCredit":false},{"lineNumber":222,"author":{"gitId":"mendax1234"},"content":"            throw new InvalidTaskNumberException(\"Please specify which task to mark/unmark. Example: mark 1\");","lastModifiedDate":"2025-09-12T21:10:30","isFullCredit":false},{"lineNumber":223,"author":{"gitId":"mendax1234"},"content":"        }","lastModifiedDate":"2025-09-12T21:10:30","isFullCredit":false},{"lineNumber":224,"author":{"gitId":"mendax1234"},"content":"","lastModifiedDate":"2025-09-12T21:10:30","isFullCredit":false},{"lineNumber":225,"author":{"gitId":"mendax1234"},"content":"        try {","lastModifiedDate":"2025-09-12T21:10:30","isFullCredit":false},{"lineNumber":226,"author":{"gitId":"mendax1234"},"content":"            int taskNumber \u003d Integer.parseInt(parts[1]);","lastModifiedDate":"2025-09-12T21:10:30","isFullCredit":false},{"lineNumber":227,"author":{"gitId":"mendax1234"},"content":"","lastModifiedDate":"2025-09-12T21:10:30","isFullCredit":false},{"lineNumber":228,"author":{"gitId":"mendax1234"},"content":"            if (taskNumber \u003c\u003d 0) {","lastModifiedDate":"2025-09-12T21:10:30","isFullCredit":false},{"lineNumber":229,"author":{"gitId":"mendax1234"},"content":"                throw new InvalidTaskNumberException(\"Task numbers start from 1. Please use a positive number.\");","lastModifiedDate":"2025-09-12T21:10:30","isFullCredit":false},{"lineNumber":230,"author":{"gitId":"mendax1234"},"content":"            }","lastModifiedDate":"2025-09-12T21:10:30","isFullCredit":false},{"lineNumber":231,"author":{"gitId":"mendax1234"},"content":"","lastModifiedDate":"2025-09-12T21:10:30","isFullCredit":false},{"lineNumber":232,"author":{"gitId":"mendax1234"},"content":"            if (taskNumber \u003e tasks.size()) {","lastModifiedDate":"2025-09-12T21:10:30","isFullCredit":false},{"lineNumber":233,"author":{"gitId":"mendax1234"},"content":"                if (tasks.isEmpty()) {","lastModifiedDate":"2025-09-12T21:10:30","isFullCredit":false},{"lineNumber":234,"author":{"gitId":"mendax1234"},"content":"                    throw new InvalidTaskNumberException(\"There are no tasks in your list yet!\");","lastModifiedDate":"2025-09-12T21:10:30","isFullCredit":false},{"lineNumber":235,"author":{"gitId":"mendax1234"},"content":"                } else {","lastModifiedDate":"2025-09-04T17:11:42","isFullCredit":false},{"lineNumber":236,"author":{"gitId":"mendax1234"},"content":"                    throw new InvalidTaskNumberException(\"Task number \" + taskNumber + \" does not exist. You only have \" + tasks.size() + \" task(s).\");","lastModifiedDate":"2025-09-12T21:10:30","isFullCredit":false},{"lineNumber":237,"author":{"gitId":"mendax1234"},"content":"                }","lastModifiedDate":"2025-09-12T21:03:16","isFullCredit":false},{"lineNumber":238,"author":{"gitId":"mendax1234"},"content":"            }","lastModifiedDate":"2025-09-12T21:03:16","isFullCredit":false},{"lineNumber":239,"author":{"gitId":"mendax1234"},"content":"","lastModifiedDate":"2025-09-12T21:03:16","isFullCredit":false},{"lineNumber":240,"author":{"gitId":"mendax1234"},"content":"            return taskNumber - 1; // Convert to 0-based index","lastModifiedDate":"2025-09-12T21:10:30","isFullCredit":false},{"lineNumber":241,"author":{"gitId":"mendax1234"},"content":"        } catch (NumberFormatException e) {","lastModifiedDate":"2025-09-12T21:10:30","isFullCredit":false},{"lineNumber":242,"author":{"gitId":"mendax1234"},"content":"            throw new InvalidTaskNumberException(\"\u0027\" + parts[1] + \"\u0027 is not a valid task number. Please use a number like: mark 1\");","lastModifiedDate":"2025-09-12T21:10:30","isFullCredit":false},{"lineNumber":243,"author":{"gitId":"mendax1234"},"content":"        }","lastModifiedDate":"2025-09-12T21:10:30","isFullCredit":false},{"lineNumber":244,"author":{"gitId":"mendax1234"},"content":"    }","lastModifiedDate":"2025-09-12T21:10:30","isFullCredit":false},{"lineNumber":245,"author":{"gitId":"mendax1234"},"content":"","lastModifiedDate":"2025-09-12T21:10:30","isFullCredit":false},{"lineNumber":246,"author":{"gitId":"mendax1234"},"content":"    /**","lastModifiedDate":"2025-09-12T21:10:30","isFullCredit":false},{"lineNumber":247,"author":{"gitId":"mendax1234"},"content":"     * Prints error messages with proper formatting.","lastModifiedDate":"2025-09-12T21:10:30","isFullCredit":false},{"lineNumber":248,"author":{"gitId":"mendax1234"},"content":"     *","lastModifiedDate":"2025-09-12T21:10:30","isFullCredit":false},{"lineNumber":249,"author":{"gitId":"mendax1234"},"content":"     * @param message the error message to print","lastModifiedDate":"2025-09-12T21:10:30","isFullCredit":false},{"lineNumber":250,"author":{"gitId":"mendax1234"},"content":"     */","lastModifiedDate":"2025-09-12T21:10:30","isFullCredit":false},{"lineNumber":251,"author":{"gitId":"mendax1234"},"content":"    private static void printError(String message) {","lastModifiedDate":"2025-09-12T21:10:30","isFullCredit":false},{"lineNumber":252,"author":{"gitId":"mendax1234"},"content":"        printHorizontalLine();","lastModifiedDate":"2025-09-12T21:10:30","isFullCredit":false},{"lineNumber":253,"author":{"gitId":"mendax1234"},"content":"        System.out.println(\" \" + message);","lastModifiedDate":"2025-09-12T21:10:30","isFullCredit":false},{"lineNumber":254,"author":{"gitId":"mendax1234"},"content":"        printHorizontalLine();","lastModifiedDate":"2025-09-12T21:10:30","isFullCredit":false},{"lineNumber":255,"author":{"gitId":"mendax1234"},"content":"    }","lastModifiedDate":"2025-09-04T17:11:42","isFullCredit":false},{"lineNumber":256,"author":{"gitId":"mendax1234"},"content":"","lastModifiedDate":"2025-09-04T17:11:42","isFullCredit":false},{"lineNumber":257,"author":{"gitId":"mendax1234"},"content":"    /**","lastModifiedDate":"2025-09-04T17:11:42","isFullCredit":false},{"lineNumber":258,"author":{"gitId":"mendax1234"},"content":"     * Prints the greeting message with logo.","lastModifiedDate":"2025-09-04T21:54:30","isFullCredit":false},{"lineNumber":259,"author":{"gitId":"mendax1234"},"content":"     */","lastModifiedDate":"2025-09-04T17:11:42","isFullCredit":false},{"lineNumber":260,"author":{"gitId":"mendax1234"},"content":"    public static void printHelloMessage() {","lastModifiedDate":"2025-09-04T17:15:58","isFullCredit":false},{"lineNumber":261,"author":{"gitId":"mendax1234"},"content":"        String logo \u003d \"\"\"","lastModifiedDate":"2025-09-04T17:11:42","isFullCredit":false},{"lineNumber":262,"author":{"gitId":"mendax1234"},"content":"                 ____       _                             _  \\s","lastModifiedDate":"2025-09-04T17:11:42","isFullCredit":false},{"lineNumber":263,"author":{"gitId":"mendax1234"},"content":"                |  _ \\\\ ___ | |__   ___  _ __   __ _ _   _| |_\\s","lastModifiedDate":"2025-09-04T17:11:42","isFullCredit":false},{"lineNumber":264,"author":{"gitId":"mendax1234"},"content":"                | |_) / _ \\\\| \u0027_ \\\\ / _ \\\\| \u0027_ \\\\ / _` | | | | __|","lastModifiedDate":"2025-09-04T17:11:42","isFullCredit":false},{"lineNumber":265,"author":{"gitId":"mendax1234"},"content":"                |  _ \u003c (_) | |_) | (_) | | | | (_| | |_| | |_\\s","lastModifiedDate":"2025-09-04T17:11:42","isFullCredit":false},{"lineNumber":266,"author":{"gitId":"mendax1234"},"content":"                |_| \\\\_\\\\___/|_.__/ \\\\___/|_| |_|\\\\__,_|\\\\__,_|\\\\__|","lastModifiedDate":"2025-09-04T17:11:42","isFullCredit":false},{"lineNumber":267,"author":{"gitId":"mendax1234"},"content":"                \"\"\";","lastModifiedDate":"2025-09-04T17:11:42","isFullCredit":false},{"lineNumber":268,"author":{"gitId":"mendax1234"},"content":"        System.out.println(logo);","lastModifiedDate":"2025-08-21T19:30:17","isFullCredit":false},{"lineNumber":269,"author":{"gitId":"mendax1234"},"content":"        System.out.println(\"Hey bro! Good to see you here! I\u0027m Robonaut, your most intelligent helper!\");","lastModifiedDate":"2025-08-21T19:30:17","isFullCredit":false},{"lineNumber":270,"author":{"gitId":"mendax1234"},"content":"        System.out.println(\"What can I do for you?\");","lastModifiedDate":"2025-08-21T19:30:17","isFullCredit":false},{"lineNumber":271,"author":{"gitId":"mendax1234"},"content":"    }","lastModifiedDate":"2025-08-21T19:30:17","isFullCredit":false},{"lineNumber":272,"author":{"gitId":"mendax1234"},"content":"","lastModifiedDate":"2025-08-21T19:30:17","isFullCredit":false},{"lineNumber":273,"author":{"gitId":"mendax1234"},"content":"    /**","lastModifiedDate":"2025-09-04T17:11:42","isFullCredit":false},{"lineNumber":274,"author":{"gitId":"mendax1234"},"content":"     * Prints the goodbye message.","lastModifiedDate":"2025-09-04T21:54:30","isFullCredit":false},{"lineNumber":275,"author":{"gitId":"mendax1234"},"content":"     */","lastModifiedDate":"2025-09-04T17:11:42","isFullCredit":false},{"lineNumber":276,"author":{"gitId":"mendax1234"},"content":"    public static void printByeMessage() {","lastModifiedDate":"2025-09-04T17:15:58","isFullCredit":false},{"lineNumber":277,"author":{"gitId":"mendax1234"},"content":"        System.out.println(\"Bye! Hope to see you again soon!\");","lastModifiedDate":"2025-08-21T19:30:17","isFullCredit":false},{"lineNumber":278,"author":{"gitId":"mendax1234"},"content":"    }","lastModifiedDate":"2025-08-21T19:30:17","isFullCredit":false},{"lineNumber":279,"author":{"gitId":"mendax1234"},"content":"","lastModifiedDate":"2025-08-21T19:30:17","isFullCredit":false},{"lineNumber":280,"author":{"gitId":"mendax1234"},"content":"    /**","lastModifiedDate":"2025-09-04T17:11:42","isFullCredit":false},{"lineNumber":281,"author":{"gitId":"mendax1234"},"content":"     * Adds a task to the task list and prints confirmation.","lastModifiedDate":"2025-09-04T21:54:30","isFullCredit":false},{"lineNumber":282,"author":{"gitId":"mendax1234"},"content":"     *","lastModifiedDate":"2025-09-04T21:54:30","isFullCredit":false},{"lineNumber":283,"author":{"gitId":"mendax1234"},"content":"     * @param tasks the task list","lastModifiedDate":"2025-09-04T21:54:30","isFullCredit":false},{"lineNumber":284,"author":{"gitId":"mendax1234"},"content":"     * @param task  the task to add","lastModifiedDate":"2025-09-04T21:54:30","isFullCredit":false},{"lineNumber":285,"author":{"gitId":"mendax1234"},"content":"     */","lastModifiedDate":"2025-09-04T17:11:42","isFullCredit":false},{"lineNumber":286,"author":{"gitId":"mendax1234"},"content":"    public static void printAddCommand(ArrayList\u003cTask\u003e tasks, Task task) {","lastModifiedDate":"2025-09-04T21:54:30","isFullCredit":false},{"lineNumber":287,"author":{"gitId":"mendax1234"},"content":"        tasks.add(task);","lastModifiedDate":"2025-09-04T21:54:30","isFullCredit":false},{"lineNumber":288,"author":{"gitId":"mendax1234"},"content":"        printHorizontalLine();","lastModifiedDate":"2025-09-12T19:22:03","isFullCredit":false},{"lineNumber":289,"author":{"gitId":"mendax1234"},"content":"        System.out.println(\"Got it. I\u0027ve added this task:\");","lastModifiedDate":"2025-09-04T21:54:30","isFullCredit":false},{"lineNumber":290,"author":{"gitId":"mendax1234"},"content":"        System.out.println(\"  \" + task);","lastModifiedDate":"2025-09-04T21:54:30","isFullCredit":false},{"lineNumber":291,"author":{"gitId":"mendax1234"},"content":"        System.out.println(\"Now you have \" + tasks.size() + \" tasks in the list.\");","lastModifiedDate":"2025-09-04T21:54:30","isFullCredit":false},{"lineNumber":292,"author":{"gitId":"mendax1234"},"content":"        printHorizontalLine();","lastModifiedDate":"2025-09-12T19:22:03","isFullCredit":false},{"lineNumber":293,"author":{"gitId":"mendax1234"},"content":"    }","lastModifiedDate":"2025-08-28T12:24:13","isFullCredit":false},{"lineNumber":294,"author":{"gitId":"mendax1234"},"content":"","lastModifiedDate":"2025-08-28T12:24:13","isFullCredit":false},{"lineNumber":295,"author":{"gitId":"mendax1234"},"content":"    /**","lastModifiedDate":"2025-09-04T17:11:42","isFullCredit":false},{"lineNumber":296,"author":{"gitId":"mendax1234"},"content":"     * Prints all tasks in the list.","lastModifiedDate":"2025-09-04T21:54:30","isFullCredit":false},{"lineNumber":297,"author":{"gitId":"mendax1234"},"content":"     *","lastModifiedDate":"2025-09-04T21:54:30","isFullCredit":false},{"lineNumber":298,"author":{"gitId":"mendax1234"},"content":"     * @param tasks the task list","lastModifiedDate":"2025-09-04T21:54:30","isFullCredit":false},{"lineNumber":299,"author":{"gitId":"mendax1234"},"content":"     */","lastModifiedDate":"2025-09-04T17:11:42","isFullCredit":false},{"lineNumber":300,"author":{"gitId":"mendax1234"},"content":"    public static void printListCommand(ArrayList\u003cTask\u003e tasks) {","lastModifiedDate":"2025-09-04T17:15:58","isFullCredit":false},{"lineNumber":301,"author":{"gitId":"mendax1234"},"content":"        printHorizontalLine();","lastModifiedDate":"2025-09-12T19:22:03","isFullCredit":false},{"lineNumber":302,"author":{"gitId":"mendax1234"},"content":"        if (tasks.isEmpty()) {","lastModifiedDate":"2025-09-12T21:10:30","isFullCredit":false},{"lineNumber":303,"author":{"gitId":"mendax1234"},"content":"            System.out.println(\"Your task list is empty! Add some tasks to get started.\");","lastModifiedDate":"2025-09-12T21:10:30","isFullCredit":false},{"lineNumber":304,"author":{"gitId":"mendax1234"},"content":"        } else {","lastModifiedDate":"2025-09-12T21:10:30","isFullCredit":false},{"lineNumber":305,"author":{"gitId":"mendax1234"},"content":"            System.out.println(\"Here are the tasks in your list:\");","lastModifiedDate":"2025-09-04T11:28:43","isFullCredit":false},{"lineNumber":306,"author":{"gitId":"mendax1234"},"content":"            for (int i \u003d 0; i \u003c tasks.size(); i++) {","lastModifiedDate":"2025-09-04T11:28:43","isFullCredit":false},{"lineNumber":307,"author":{"gitId":"mendax1234"},"content":"                System.out.println((i + 1) + \". \" + tasks.get(i));","lastModifiedDate":"2025-09-04T11:28:43","isFullCredit":false},{"lineNumber":308,"author":{"gitId":"mendax1234"},"content":"            }","lastModifiedDate":"2025-08-28T12:24:13","isFullCredit":false},{"lineNumber":309,"author":{"gitId":"mendax1234"},"content":"        }","lastModifiedDate":"2025-09-12T21:10:30","isFullCredit":false},{"lineNumber":310,"author":{"gitId":"mendax1234"},"content":"        printHorizontalLine();","lastModifiedDate":"2025-09-12T19:22:03","isFullCredit":false},{"lineNumber":311,"author":{"gitId":"mendax1234"},"content":"    }","lastModifiedDate":"2025-08-28T12:24:13","isFullCredit":false},{"lineNumber":312,"author":{"gitId":"mendax1234"},"content":"","lastModifiedDate":"2025-08-28T12:24:13","isFullCredit":false},{"lineNumber":313,"author":{"gitId":"mendax1234"},"content":"    /**","lastModifiedDate":"2025-09-04T17:11:42","isFullCredit":false},{"lineNumber":314,"author":{"gitId":"mendax1234"},"content":"     * Marks the task at the given index as done.","lastModifiedDate":"2025-09-04T21:54:30","isFullCredit":false},{"lineNumber":315,"author":{"gitId":"mendax1234"},"content":"     *","lastModifiedDate":"2025-09-04T21:54:30","isFullCredit":false},{"lineNumber":316,"author":{"gitId":"mendax1234"},"content":"     * @param tasks the task list","lastModifiedDate":"2025-09-04T21:54:30","isFullCredit":false},{"lineNumber":317,"author":{"gitId":"mendax1234"},"content":"     * @param index the index of the task (0-based)","lastModifiedDate":"2025-09-04T21:54:30","isFullCredit":false},{"lineNumber":318,"author":{"gitId":"mendax1234"},"content":"     */","lastModifiedDate":"2025-09-04T17:11:42","isFullCredit":false},{"lineNumber":319,"author":{"gitId":"mendax1234"},"content":"    public static void executeMarkCommand(ArrayList\u003cTask\u003e tasks, int index) {","lastModifiedDate":"2025-09-04T17:15:58","isFullCredit":false},{"lineNumber":320,"author":{"gitId":"mendax1234"},"content":"        Task t \u003d tasks.get(index);","lastModifiedDate":"2025-09-04T11:28:43","isFullCredit":false},{"lineNumber":321,"author":{"gitId":"mendax1234"},"content":"        t.markAsDone();","lastModifiedDate":"2025-09-04T11:28:43","isFullCredit":false},{"lineNumber":322,"author":{"gitId":"mendax1234"},"content":"        printHorizontalLine();","lastModifiedDate":"2025-09-12T19:22:03","isFullCredit":false},{"lineNumber":323,"author":{"gitId":"mendax1234"},"content":"        System.out.println(\"Nice! I\u0027ve marked this task as done:\");","lastModifiedDate":"2025-09-04T11:28:43","isFullCredit":false},{"lineNumber":324,"author":{"gitId":"mendax1234"},"content":"        System.out.println(\"  \" + t);","lastModifiedDate":"2025-09-04T11:28:43","isFullCredit":false},{"lineNumber":325,"author":{"gitId":"mendax1234"},"content":"        printHorizontalLine();","lastModifiedDate":"2025-09-12T19:22:03","isFullCredit":false},{"lineNumber":326,"author":{"gitId":"mendax1234"},"content":"    }","lastModifiedDate":"2025-09-04T11:28:43","isFullCredit":false},{"lineNumber":327,"author":{"gitId":"mendax1234"},"content":"","lastModifiedDate":"2025-09-04T11:28:43","isFullCredit":false},{"lineNumber":328,"author":{"gitId":"mendax1234"},"content":"    /**","lastModifiedDate":"2025-09-04T17:11:42","isFullCredit":false},{"lineNumber":329,"author":{"gitId":"mendax1234"},"content":"     * Marks the task at the given index as not done.","lastModifiedDate":"2025-09-04T21:54:30","isFullCredit":false},{"lineNumber":330,"author":{"gitId":"mendax1234"},"content":"     *","lastModifiedDate":"2025-09-04T21:54:30","isFullCredit":false},{"lineNumber":331,"author":{"gitId":"mendax1234"},"content":"     * @param tasks the task list","lastModifiedDate":"2025-09-04T21:54:30","isFullCredit":false},{"lineNumber":332,"author":{"gitId":"mendax1234"},"content":"     * @param index the index of the task (0-based)","lastModifiedDate":"2025-09-04T21:54:30","isFullCredit":false},{"lineNumber":333,"author":{"gitId":"mendax1234"},"content":"     */","lastModifiedDate":"2025-09-04T17:11:42","isFullCredit":false},{"lineNumber":334,"author":{"gitId":"mendax1234"},"content":"    public static void executeUnmarkCommand(ArrayList\u003cTask\u003e tasks, int index) {","lastModifiedDate":"2025-09-04T17:15:58","isFullCredit":false},{"lineNumber":335,"author":{"gitId":"mendax1234"},"content":"        Task t \u003d tasks.get(index);","lastModifiedDate":"2025-09-04T11:28:43","isFullCredit":false},{"lineNumber":336,"author":{"gitId":"mendax1234"},"content":"        t.markAsNotDone();","lastModifiedDate":"2025-09-04T11:28:43","isFullCredit":false},{"lineNumber":337,"author":{"gitId":"mendax1234"},"content":"        printHorizontalLine();","lastModifiedDate":"2025-09-12T19:22:03","isFullCredit":false},{"lineNumber":338,"author":{"gitId":"mendax1234"},"content":"        System.out.println(\"OK, I\u0027ve marked this task as not done yet:\");","lastModifiedDate":"2025-09-04T11:28:43","isFullCredit":false},{"lineNumber":339,"author":{"gitId":"mendax1234"},"content":"        System.out.println(\"  \" + t);","lastModifiedDate":"2025-09-04T11:28:43","isFullCredit":false},{"lineNumber":340,"author":{"gitId":"mendax1234"},"content":"        printHorizontalLine();","lastModifiedDate":"2025-09-12T19:22:03","isFullCredit":false},{"lineNumber":341,"author":{"gitId":"mendax1234"},"content":"    }","lastModifiedDate":"2025-09-04T11:28:43","isFullCredit":false},{"lineNumber":342,"author":{"gitId":"mendax1234"},"content":"","lastModifiedDate":"2025-09-04T11:28:43","isFullCredit":false},{"lineNumber":343,"author":{"gitId":"mendax1234"},"content":"    /**","lastModifiedDate":"2025-09-12T19:22:03","isFullCredit":false},{"lineNumber":344,"author":{"gitId":"mendax1234"},"content":"     * Prints a Horizontal Line","lastModifiedDate":"2025-09-12T19:22:03","isFullCredit":false},{"lineNumber":345,"author":{"gitId":"mendax1234"},"content":"     */","lastModifiedDate":"2025-09-12T19:22:03","isFullCredit":false},{"lineNumber":346,"author":{"gitId":"mendax1234"},"content":"    private static void printHorizontalLine() {","lastModifiedDate":"2025-09-12T19:22:03","isFullCredit":false},{"lineNumber":347,"author":{"gitId":"mendax1234"},"content":"        System.out.println(HORIZONTAL_LINE);","lastModifiedDate":"2025-09-12T19:22:03","isFullCredit":false},{"lineNumber":348,"author":{"gitId":"mendax1234"},"content":"    }","lastModifiedDate":"2025-09-12T19:22:03","isFullCredit":false},{"lineNumber":349,"author":{"gitId":"mendax1234"},"content":"}","lastModifiedDate":"2025-08-21T19:30:17","isFullCredit":false}],"authorContributionMap":{"mendax1234":349}},{"path":"src/main/java/robonaut/exceptions/EmptyDescriptionException.java","fileType":"java","lines":[{"lineNumber":1,"author":{"gitId":"mendax1234"},"content":"package robonaut.exceptions;","lastModifiedDate":"2025-09-12T21:27:45","isFullCredit":false},{"lineNumber":2,"author":{"gitId":"mendax1234"},"content":"","lastModifiedDate":"2025-09-12T21:10:30","isFullCredit":false},{"lineNumber":3,"author":{"gitId":"mendax1234"},"content":"public class EmptyDescriptionException extends RobonautException {","lastModifiedDate":"2025-09-12T21:10:30","isFullCredit":false},{"lineNumber":4,"author":{"gitId":"mendax1234"},"content":"    public EmptyDescriptionException(String taskType) {","lastModifiedDate":"2025-09-12T21:10:30","isFullCredit":false},{"lineNumber":5,"author":{"gitId":"mendax1234"},"content":"        super(\"OOPS!!! The description of a \" + taskType + \" cannot be empty.\");","lastModifiedDate":"2025-09-12T21:10:30","isFullCredit":false},{"lineNumber":6,"author":{"gitId":"mendax1234"},"content":"    }","lastModifiedDate":"2025-09-12T21:10:30","isFullCredit":false},{"lineNumber":7,"author":{"gitId":"mendax1234"},"content":"}","lastModifiedDate":"2025-09-12T21:10:30","isFullCredit":false}],"authorContributionMap":{"mendax1234":7}},{"path":"src/main/java/robonaut/exceptions/InvalidFormatException.java","fileType":"java","lines":[{"lineNumber":1,"author":{"gitId":"mendax1234"},"content":"package robonaut.exceptions;","lastModifiedDate":"2025-09-12T21:23:05","isFullCredit":false},{"lineNumber":2,"author":{"gitId":"mendax1234"},"content":"","lastModifiedDate":"2025-09-12T21:10:30","isFullCredit":false},{"lineNumber":3,"author":{"gitId":"mendax1234"},"content":"public class InvalidFormatException extends RobonautException {","lastModifiedDate":"2025-09-12T21:10:30","isFullCredit":false},{"lineNumber":4,"author":{"gitId":"mendax1234"},"content":"    public InvalidFormatException(String message) {","lastModifiedDate":"2025-09-12T21:10:30","isFullCredit":false},{"lineNumber":5,"author":{"gitId":"mendax1234"},"content":"        super(\"OOPS!!! \" + message);","lastModifiedDate":"2025-09-12T21:10:30","isFullCredit":false},{"lineNumber":6,"author":{"gitId":"mendax1234"},"content":"    }","lastModifiedDate":"2025-09-12T21:10:30","isFullCredit":false},{"lineNumber":7,"author":{"gitId":"mendax1234"},"content":"}","lastModifiedDate":"2025-09-12T21:10:30","isFullCredit":false}],"authorContributionMap":{"mendax1234":7}},{"path":"src/main/java/robonaut/exceptions/InvalidTaskNumberException.java","fileType":"java","lines":[{"lineNumber":1,"author":{"gitId":"mendax1234"},"content":"package robonaut.exceptions;","lastModifiedDate":"2025-09-12T21:27:45","isFullCredit":false},{"lineNumber":2,"author":{"gitId":"mendax1234"},"content":"","lastModifiedDate":"2025-09-12T21:10:30","isFullCredit":false},{"lineNumber":3,"author":{"gitId":"mendax1234"},"content":"public class InvalidTaskNumberException extends RobonautException {","lastModifiedDate":"2025-09-12T21:10:30","isFullCredit":false},{"lineNumber":4,"author":{"gitId":"mendax1234"},"content":"    public InvalidTaskNumberException(String message) {","lastModifiedDate":"2025-09-12T21:10:30","isFullCredit":false},{"lineNumber":5,"author":{"gitId":"mendax1234"},"content":"        super(\"OOPS!!! \" + message);","lastModifiedDate":"2025-09-12T21:10:30","isFullCredit":false},{"lineNumber":6,"author":{"gitId":"mendax1234"},"content":"    }","lastModifiedDate":"2025-09-12T21:10:30","isFullCredit":false},{"lineNumber":7,"author":{"gitId":"mendax1234"},"content":"}","lastModifiedDate":"2025-09-12T21:10:30","isFullCredit":false}],"authorContributionMap":{"mendax1234":7}},{"path":"src/main/java/robonaut/exceptions/RobonautException.java","fileType":"java","lines":[{"lineNumber":1,"author":{"gitId":"mendax1234"},"content":"package robonaut.exceptions;","lastModifiedDate":"2025-09-12T21:23:05","isFullCredit":false},{"lineNumber":2,"author":{"gitId":"mendax1234"},"content":"","lastModifiedDate":"2025-09-12T21:10:30","isFullCredit":false},{"lineNumber":3,"author":{"gitId":"mendax1234"},"content":"public class RobonautException extends Exception {","lastModifiedDate":"2025-09-12T21:10:30","isFullCredit":false},{"lineNumber":4,"author":{"gitId":"mendax1234"},"content":"    public RobonautException(String message) {","lastModifiedDate":"2025-09-12T21:10:30","isFullCredit":false},{"lineNumber":5,"author":{"gitId":"mendax1234"},"content":"        super(message);","lastModifiedDate":"2025-09-12T21:10:30","isFullCredit":false},{"lineNumber":6,"author":{"gitId":"mendax1234"},"content":"    }","lastModifiedDate":"2025-09-12T21:10:30","isFullCredit":false},{"lineNumber":7,"author":{"gitId":"mendax1234"},"content":"}","lastModifiedDate":"2025-09-12T21:10:30","isFullCredit":false}],"authorContributionMap":{"mendax1234":7}},{"path":"src/main/java/robonaut/exceptions/UnknownCommandException.java","fileType":"java","lines":[{"lineNumber":1,"author":{"gitId":"mendax1234"},"content":"package robonaut.exceptions;","lastModifiedDate":"2025-09-12T21:23:05","isFullCredit":false},{"lineNumber":2,"author":{"gitId":"mendax1234"},"content":"","lastModifiedDate":"2025-09-12T21:10:30","isFullCredit":false},{"lineNumber":3,"author":{"gitId":"mendax1234"},"content":"public class UnknownCommandException extends RobonautException {","lastModifiedDate":"2025-09-12T21:10:30","isFullCredit":false},{"lineNumber":4,"author":{"gitId":"mendax1234"},"content":"    public UnknownCommandException(String command) {","lastModifiedDate":"2025-09-12T21:10:30","isFullCredit":false},{"lineNumber":5,"author":{"gitId":"mendax1234"},"content":"        super(\"OOPS!!! I\u0027m sorry, but I don\u0027t know what \u0027\" + command + \"\u0027 means :-(\");","lastModifiedDate":"2025-09-12T21:10:30","isFullCredit":false},{"lineNumber":6,"author":{"gitId":"mendax1234"},"content":"    }","lastModifiedDate":"2025-09-12T21:10:30","isFullCredit":false},{"lineNumber":7,"author":{"gitId":"mendax1234"},"content":"}","lastModifiedDate":"2025-09-12T21:10:30","isFullCredit":false}],"authorContributionMap":{"mendax1234":7}},{"path":"src/main/java/robonaut/tasks/Deadline.java","fileType":"java","lines":[{"lineNumber":1,"author":{"gitId":"mendax1234"},"content":"package robonaut.tasks;","lastModifiedDate":"2025-09-12T21:23:05","isFullCredit":false},{"lineNumber":2,"author":{"gitId":"mendax1234"},"content":"","lastModifiedDate":"2025-09-04T21:54:30","isFullCredit":false},{"lineNumber":3,"author":{"gitId":"mendax1234"},"content":"public class Deadline extends Task {","lastModifiedDate":"2025-09-04T21:54:30","isFullCredit":false},{"lineNumber":4,"author":{"gitId":"mendax1234"},"content":"    /** The deadline time as a string. */","lastModifiedDate":"2025-09-04T21:54:30","isFullCredit":false},{"lineNumber":5,"author":{"gitId":"mendax1234"},"content":"    protected String by;","lastModifiedDate":"2025-09-04T21:54:30","isFullCredit":false},{"lineNumber":6,"author":{"gitId":"mendax1234"},"content":"","lastModifiedDate":"2025-09-04T21:54:30","isFullCredit":false},{"lineNumber":7,"author":{"gitId":"mendax1234"},"content":"    /**","lastModifiedDate":"2025-09-04T21:54:30","isFullCredit":false},{"lineNumber":8,"author":{"gitId":"mendax1234"},"content":"     * Constructs a Deadline with the given description and due time.","lastModifiedDate":"2025-09-04T21:54:30","isFullCredit":false},{"lineNumber":9,"author":{"gitId":"mendax1234"},"content":"     *","lastModifiedDate":"2025-09-04T21:54:30","isFullCredit":false},{"lineNumber":10,"author":{"gitId":"mendax1234"},"content":"     * @param description the task description","lastModifiedDate":"2025-09-04T21:54:30","isFullCredit":false},{"lineNumber":11,"author":{"gitId":"mendax1234"},"content":"     * @param by the deadline time","lastModifiedDate":"2025-09-04T21:54:30","isFullCredit":false},{"lineNumber":12,"author":{"gitId":"mendax1234"},"content":"     */","lastModifiedDate":"2025-09-04T21:54:30","isFullCredit":false},{"lineNumber":13,"author":{"gitId":"mendax1234"},"content":"    public Deadline(String description, String by) {","lastModifiedDate":"2025-09-04T21:54:30","isFullCredit":false},{"lineNumber":14,"author":{"gitId":"mendax1234"},"content":"        super(description);","lastModifiedDate":"2025-09-04T21:54:30","isFullCredit":false},{"lineNumber":15,"author":{"gitId":"mendax1234"},"content":"        this.by \u003d by;","lastModifiedDate":"2025-09-04T21:54:30","isFullCredit":false},{"lineNumber":16,"author":{"gitId":"mendax1234"},"content":"    }","lastModifiedDate":"2025-09-04T21:54:30","isFullCredit":false},{"lineNumber":17,"author":{"gitId":"mendax1234"},"content":"","lastModifiedDate":"2025-09-04T21:54:30","isFullCredit":false},{"lineNumber":18,"author":{"gitId":"mendax1234"},"content":"    @Override","lastModifiedDate":"2025-09-04T21:54:30","isFullCredit":false},{"lineNumber":19,"author":{"gitId":"mendax1234"},"content":"    public String getTypeTag() {","lastModifiedDate":"2025-09-04T21:54:30","isFullCredit":false},{"lineNumber":20,"author":{"gitId":"mendax1234"},"content":"        return \"D\";","lastModifiedDate":"2025-09-04T21:54:30","isFullCredit":false},{"lineNumber":21,"author":{"gitId":"mendax1234"},"content":"    }","lastModifiedDate":"2025-09-04T21:54:30","isFullCredit":false},{"lineNumber":22,"author":{"gitId":"mendax1234"},"content":"","lastModifiedDate":"2025-09-04T21:54:30","isFullCredit":false},{"lineNumber":23,"author":{"gitId":"mendax1234"},"content":"    @Override","lastModifiedDate":"2025-09-04T21:54:30","isFullCredit":false},{"lineNumber":24,"author":{"gitId":"mendax1234"},"content":"    public String toString() {","lastModifiedDate":"2025-09-04T21:54:30","isFullCredit":false},{"lineNumber":25,"author":{"gitId":"mendax1234"},"content":"        return \"[\" + getTypeTag() + \"]\" + getStatusIcon()","lastModifiedDate":"2025-09-04T21:54:30","isFullCredit":false},{"lineNumber":26,"author":{"gitId":"mendax1234"},"content":"                + \" \" + description + \" (by: \" + by + \")\";","lastModifiedDate":"2025-09-04T21:54:30","isFullCredit":false},{"lineNumber":27,"author":{"gitId":"mendax1234"},"content":"    }","lastModifiedDate":"2025-09-04T21:54:30","isFullCredit":false},{"lineNumber":28,"author":{"gitId":"mendax1234"},"content":"}","lastModifiedDate":"2025-09-04T21:54:30","isFullCredit":false}],"authorContributionMap":{"mendax1234":28}},{"path":"src/main/java/robonaut/tasks/Event.java","fileType":"java","lines":[{"lineNumber":1,"author":{"gitId":"mendax1234"},"content":"package robonaut.tasks;","lastModifiedDate":"2025-09-12T21:23:05","isFullCredit":false},{"lineNumber":2,"author":{"gitId":"mendax1234"},"content":"","lastModifiedDate":"2025-09-04T21:54:30","isFullCredit":false},{"lineNumber":3,"author":{"gitId":"mendax1234"},"content":"public class Event extends Task {","lastModifiedDate":"2025-09-04T21:54:30","isFullCredit":false},{"lineNumber":4,"author":{"gitId":"mendax1234"},"content":"    /** Start time of the event. */","lastModifiedDate":"2025-09-04T21:54:30","isFullCredit":false},{"lineNumber":5,"author":{"gitId":"mendax1234"},"content":"    protected String from;","lastModifiedDate":"2025-09-04T21:54:30","isFullCredit":false},{"lineNumber":6,"author":{"gitId":"mendax1234"},"content":"","lastModifiedDate":"2025-09-04T21:54:30","isFullCredit":false},{"lineNumber":7,"author":{"gitId":"mendax1234"},"content":"    /** End time of the event. */","lastModifiedDate":"2025-09-04T21:54:30","isFullCredit":false},{"lineNumber":8,"author":{"gitId":"mendax1234"},"content":"    protected String to;","lastModifiedDate":"2025-09-04T21:54:30","isFullCredit":false},{"lineNumber":9,"author":{"gitId":"mendax1234"},"content":"","lastModifiedDate":"2025-09-04T21:54:30","isFullCredit":false},{"lineNumber":10,"author":{"gitId":"mendax1234"},"content":"    /**","lastModifiedDate":"2025-09-04T21:54:30","isFullCredit":false},{"lineNumber":11,"author":{"gitId":"mendax1234"},"content":"     * Constructs an Event with the given description, start, and end times.","lastModifiedDate":"2025-09-04T21:54:30","isFullCredit":false},{"lineNumber":12,"author":{"gitId":"mendax1234"},"content":"     *","lastModifiedDate":"2025-09-04T21:54:30","isFullCredit":false},{"lineNumber":13,"author":{"gitId":"mendax1234"},"content":"     * @param description the task description","lastModifiedDate":"2025-09-04T21:54:30","isFullCredit":false},{"lineNumber":14,"author":{"gitId":"mendax1234"},"content":"     * @param from the start time","lastModifiedDate":"2025-09-04T21:54:30","isFullCredit":false},{"lineNumber":15,"author":{"gitId":"mendax1234"},"content":"     * @param to the end time","lastModifiedDate":"2025-09-04T21:54:30","isFullCredit":false},{"lineNumber":16,"author":{"gitId":"mendax1234"},"content":"     */","lastModifiedDate":"2025-09-04T21:54:30","isFullCredit":false},{"lineNumber":17,"author":{"gitId":"mendax1234"},"content":"    public Event(String description, String from, String to) {","lastModifiedDate":"2025-09-04T21:54:30","isFullCredit":false},{"lineNumber":18,"author":{"gitId":"mendax1234"},"content":"        super(description);","lastModifiedDate":"2025-09-04T21:54:30","isFullCredit":false},{"lineNumber":19,"author":{"gitId":"mendax1234"},"content":"        this.from \u003d from;","lastModifiedDate":"2025-09-04T21:54:30","isFullCredit":false},{"lineNumber":20,"author":{"gitId":"mendax1234"},"content":"        this.to \u003d to;","lastModifiedDate":"2025-09-04T21:54:30","isFullCredit":false},{"lineNumber":21,"author":{"gitId":"mendax1234"},"content":"    }","lastModifiedDate":"2025-09-04T21:54:30","isFullCredit":false},{"lineNumber":22,"author":{"gitId":"mendax1234"},"content":"","lastModifiedDate":"2025-09-04T21:54:30","isFullCredit":false},{"lineNumber":23,"author":{"gitId":"mendax1234"},"content":"    @Override","lastModifiedDate":"2025-09-04T21:54:30","isFullCredit":false},{"lineNumber":24,"author":{"gitId":"mendax1234"},"content":"    public String getTypeTag() {","lastModifiedDate":"2025-09-04T21:54:30","isFullCredit":false},{"lineNumber":25,"author":{"gitId":"mendax1234"},"content":"        return \"E\";","lastModifiedDate":"2025-09-04T21:54:30","isFullCredit":false},{"lineNumber":26,"author":{"gitId":"mendax1234"},"content":"    }","lastModifiedDate":"2025-09-04T21:54:30","isFullCredit":false},{"lineNumber":27,"author":{"gitId":"mendax1234"},"content":"","lastModifiedDate":"2025-09-04T21:54:30","isFullCredit":false},{"lineNumber":28,"author":{"gitId":"mendax1234"},"content":"    @Override","lastModifiedDate":"2025-09-04T21:54:30","isFullCredit":false},{"lineNumber":29,"author":{"gitId":"mendax1234"},"content":"    public String toString() {","lastModifiedDate":"2025-09-04T21:54:30","isFullCredit":false},{"lineNumber":30,"author":{"gitId":"mendax1234"},"content":"        return \"[\" + getTypeTag() + \"]\" + getStatusIcon()","lastModifiedDate":"2025-09-04T21:54:30","isFullCredit":false},{"lineNumber":31,"author":{"gitId":"mendax1234"},"content":"                + \" \" + description + \" (from: \" + from + \" to: \" + to + \")\";","lastModifiedDate":"2025-09-04T21:54:30","isFullCredit":false},{"lineNumber":32,"author":{"gitId":"mendax1234"},"content":"    }","lastModifiedDate":"2025-09-04T21:54:30","isFullCredit":false},{"lineNumber":33,"author":{"gitId":"mendax1234"},"content":"}","lastModifiedDate":"2025-09-04T21:54:30","isFullCredit":false}],"authorContributionMap":{"mendax1234":33}},{"path":"src/main/java/robonaut/tasks/Task.java","fileType":"java","lines":[{"lineNumber":1,"author":{"gitId":"mendax1234"},"content":"package robonaut.tasks;","lastModifiedDate":"2025-09-12T21:23:05","isFullCredit":false},{"lineNumber":2,"author":{"gitId":"mendax1234"},"content":"","lastModifiedDate":"2025-09-04T21:54:30","isFullCredit":false},{"lineNumber":3,"author":{"gitId":"mendax1234"},"content":"public abstract class Task {","lastModifiedDate":"2025-09-04T21:54:30","isFullCredit":false},{"lineNumber":4,"author":{"gitId":"mendax1234"},"content":"    /** Description of the task */","lastModifiedDate":"2025-09-04T21:54:30","isFullCredit":false},{"lineNumber":5,"author":{"gitId":"mendax1234"},"content":"    protected String description;","lastModifiedDate":"2025-09-04T21:54:30","isFullCredit":false},{"lineNumber":6,"author":{"gitId":"mendax1234"},"content":"","lastModifiedDate":"2025-09-04T21:54:30","isFullCredit":false},{"lineNumber":7,"author":{"gitId":"mendax1234"},"content":"    /** Whether the task is marked as done. */","lastModifiedDate":"2025-09-04T21:54:30","isFullCredit":false},{"lineNumber":8,"author":{"gitId":"mendax1234"},"content":"    protected boolean isDone;","lastModifiedDate":"2025-09-04T21:54:30","isFullCredit":false},{"lineNumber":9,"author":{"gitId":"mendax1234"},"content":"","lastModifiedDate":"2025-09-04T21:54:30","isFullCredit":false},{"lineNumber":10,"author":{"gitId":"mendax1234"},"content":"    /**","lastModifiedDate":"2025-09-04T21:54:30","isFullCredit":false},{"lineNumber":11,"author":{"gitId":"mendax1234"},"content":"     * Constructs a Task with given description","lastModifiedDate":"2025-09-04T21:54:30","isFullCredit":false},{"lineNumber":12,"author":{"gitId":"mendax1234"},"content":"     * By default, the task is not done.","lastModifiedDate":"2025-09-04T21:54:30","isFullCredit":false},{"lineNumber":13,"author":{"gitId":"mendax1234"},"content":"     *","lastModifiedDate":"2025-09-04T21:54:30","isFullCredit":false},{"lineNumber":14,"author":{"gitId":"mendax1234"},"content":"     * @param description Description of the task","lastModifiedDate":"2025-09-04T21:54:30","isFullCredit":false},{"lineNumber":15,"author":{"gitId":"mendax1234"},"content":"     */","lastModifiedDate":"2025-09-04T21:54:30","isFullCredit":false},{"lineNumber":16,"author":{"gitId":"mendax1234"},"content":"    public Task(String description) {","lastModifiedDate":"2025-09-04T21:54:30","isFullCredit":false},{"lineNumber":17,"author":{"gitId":"mendax1234"},"content":"        this.description \u003d description;","lastModifiedDate":"2025-09-04T21:54:30","isFullCredit":false},{"lineNumber":18,"author":{"gitId":"mendax1234"},"content":"        this.isDone \u003d false;","lastModifiedDate":"2025-09-04T21:54:30","isFullCredit":false},{"lineNumber":19,"author":{"gitId":"mendax1234"},"content":"    }","lastModifiedDate":"2025-09-04T21:54:30","isFullCredit":false},{"lineNumber":20,"author":{"gitId":"mendax1234"},"content":"","lastModifiedDate":"2025-09-04T21:54:30","isFullCredit":false},{"lineNumber":21,"author":{"gitId":"mendax1234"},"content":"    /**","lastModifiedDate":"2025-09-04T21:54:30","isFullCredit":false},{"lineNumber":22,"author":{"gitId":"mendax1234"},"content":"     * Marks this task as done","lastModifiedDate":"2025-09-04T21:54:30","isFullCredit":false},{"lineNumber":23,"author":{"gitId":"mendax1234"},"content":"     */","lastModifiedDate":"2025-09-04T21:54:30","isFullCredit":false},{"lineNumber":24,"author":{"gitId":"mendax1234"},"content":"    public void markAsDone() {","lastModifiedDate":"2025-09-04T21:54:30","isFullCredit":false},{"lineNumber":25,"author":{"gitId":"mendax1234"},"content":"        this.isDone \u003d true;","lastModifiedDate":"2025-09-04T21:54:30","isFullCredit":false},{"lineNumber":26,"author":{"gitId":"mendax1234"},"content":"    }","lastModifiedDate":"2025-09-04T21:54:30","isFullCredit":false},{"lineNumber":27,"author":{"gitId":"mendax1234"},"content":"","lastModifiedDate":"2025-09-04T21:54:30","isFullCredit":false},{"lineNumber":28,"author":{"gitId":"mendax1234"},"content":"    /**","lastModifiedDate":"2025-09-04T21:54:30","isFullCredit":false},{"lineNumber":29,"author":{"gitId":"mendax1234"},"content":"     * Marks this task as not done","lastModifiedDate":"2025-09-04T21:54:30","isFullCredit":false},{"lineNumber":30,"author":{"gitId":"mendax1234"},"content":"     */","lastModifiedDate":"2025-09-04T21:54:30","isFullCredit":false},{"lineNumber":31,"author":{"gitId":"mendax1234"},"content":"    public void markAsNotDone() {","lastModifiedDate":"2025-09-04T21:54:30","isFullCredit":false},{"lineNumber":32,"author":{"gitId":"mendax1234"},"content":"        this.isDone \u003d false;","lastModifiedDate":"2025-09-04T21:54:30","isFullCredit":false},{"lineNumber":33,"author":{"gitId":"mendax1234"},"content":"    }","lastModifiedDate":"2025-09-04T21:54:30","isFullCredit":false},{"lineNumber":34,"author":{"gitId":"mendax1234"},"content":"","lastModifiedDate":"2025-09-04T21:54:30","isFullCredit":false},{"lineNumber":35,"author":{"gitId":"mendax1234"},"content":"    /**","lastModifiedDate":"2025-09-04T21:54:30","isFullCredit":false},{"lineNumber":36,"author":{"gitId":"mendax1234"},"content":"     * Returns the status icon of this task.","lastModifiedDate":"2025-09-04T21:54:30","isFullCredit":false},{"lineNumber":37,"author":{"gitId":"mendax1234"},"content":"     * @return \"[X]\" if done, \"[ ]\" otherwise","lastModifiedDate":"2025-09-04T21:54:30","isFullCredit":false},{"lineNumber":38,"author":{"gitId":"mendax1234"},"content":"     */","lastModifiedDate":"2025-09-04T21:54:30","isFullCredit":false},{"lineNumber":39,"author":{"gitId":"mendax1234"},"content":"    public String getStatusIcon() {","lastModifiedDate":"2025-09-04T21:54:30","isFullCredit":false},{"lineNumber":40,"author":{"gitId":"mendax1234"},"content":"        return (isDone ? \"[X]\" : \"[ ]\");","lastModifiedDate":"2025-09-04T21:54:30","isFullCredit":false},{"lineNumber":41,"author":{"gitId":"mendax1234"},"content":"    }","lastModifiedDate":"2025-09-04T21:54:30","isFullCredit":false},{"lineNumber":42,"author":{"gitId":"mendax1234"},"content":"","lastModifiedDate":"2025-09-04T21:54:30","isFullCredit":false},{"lineNumber":43,"author":{"gitId":"mendax1234"},"content":"    /**","lastModifiedDate":"2025-09-04T21:54:30","isFullCredit":false},{"lineNumber":44,"author":{"gitId":"mendax1234"},"content":"     * Returns the type tag of the task (T, D, or E).","lastModifiedDate":"2025-09-04T21:54:30","isFullCredit":false},{"lineNumber":45,"author":{"gitId":"mendax1234"},"content":"     *","lastModifiedDate":"2025-09-04T21:54:30","isFullCredit":false},{"lineNumber":46,"author":{"gitId":"mendax1234"},"content":"     * @return the type tag","lastModifiedDate":"2025-09-04T21:54:30","isFullCredit":false},{"lineNumber":47,"author":{"gitId":"mendax1234"},"content":"     */","lastModifiedDate":"2025-09-04T21:54:30","isFullCredit":false},{"lineNumber":48,"author":{"gitId":"mendax1234"},"content":"    public abstract String getTypeTag();","lastModifiedDate":"2025-09-04T21:54:30","isFullCredit":false},{"lineNumber":49,"author":{"gitId":"mendax1234"},"content":"","lastModifiedDate":"2025-09-04T21:54:30","isFullCredit":false},{"lineNumber":50,"author":{"gitId":"mendax1234"},"content":"    /**","lastModifiedDate":"2025-09-04T21:54:30","isFullCredit":false},{"lineNumber":51,"author":{"gitId":"mendax1234"},"content":"     * Returns a string representation of the task.","lastModifiedDate":"2025-09-04T21:54:30","isFullCredit":false},{"lineNumber":52,"author":{"gitId":"mendax1234"},"content":"     *","lastModifiedDate":"2025-09-04T21:54:30","isFullCredit":false},{"lineNumber":53,"author":{"gitId":"mendax1234"},"content":"     * @return a string containing type tag, status icon, and description","lastModifiedDate":"2025-09-04T21:54:30","isFullCredit":false},{"lineNumber":54,"author":{"gitId":"mendax1234"},"content":"     */","lastModifiedDate":"2025-09-04T21:54:30","isFullCredit":false},{"lineNumber":55,"author":{"gitId":"mendax1234"},"content":"    @Override","lastModifiedDate":"2025-09-04T21:54:30","isFullCredit":false},{"lineNumber":56,"author":{"gitId":"mendax1234"},"content":"    public String toString() {","lastModifiedDate":"2025-09-04T21:54:30","isFullCredit":false},{"lineNumber":57,"author":{"gitId":"mendax1234"},"content":"        return \"[\" + getTypeTag() + \"]\" + getStatusIcon() + \" \" + description;","lastModifiedDate":"2025-09-04T21:54:30","isFullCredit":false},{"lineNumber":58,"author":{"gitId":"mendax1234"},"content":"    }","lastModifiedDate":"2025-09-04T21:54:30","isFullCredit":false},{"lineNumber":59,"author":{"gitId":"mendax1234"},"content":"}","lastModifiedDate":"2025-09-04T21:54:30","isFullCredit":false}],"authorContributionMap":{"mendax1234":59}},{"path":"src/main/java/robonaut/tasks/ToDo.java","fileType":"java","lines":[{"lineNumber":1,"author":{"gitId":"mendax1234"},"content":"package robonaut.tasks;","lastModifiedDate":"2025-09-12T21:23:05","isFullCredit":false},{"lineNumber":2,"author":{"gitId":"mendax1234"},"content":"","lastModifiedDate":"2025-09-04T21:54:30","isFullCredit":false},{"lineNumber":3,"author":{"gitId":"mendax1234"},"content":"public class ToDo extends Task {","lastModifiedDate":"2025-09-04T21:54:30","isFullCredit":false},{"lineNumber":4,"author":{"gitId":"mendax1234"},"content":"    /**","lastModifiedDate":"2025-09-04T21:54:30","isFullCredit":false},{"lineNumber":5,"author":{"gitId":"mendax1234"},"content":"     * Constructs a Todo with the given description.","lastModifiedDate":"2025-09-04T21:54:30","isFullCredit":false},{"lineNumber":6,"author":{"gitId":"mendax1234"},"content":"     *","lastModifiedDate":"2025-09-04T21:54:30","isFullCredit":false},{"lineNumber":7,"author":{"gitId":"mendax1234"},"content":"     * @param description the task description","lastModifiedDate":"2025-09-04T21:54:30","isFullCredit":false},{"lineNumber":8,"author":{"gitId":"mendax1234"},"content":"     */","lastModifiedDate":"2025-09-04T21:54:30","isFullCredit":false},{"lineNumber":9,"author":{"gitId":"mendax1234"},"content":"    public ToDo(String description) {","lastModifiedDate":"2025-09-04T21:54:30","isFullCredit":false},{"lineNumber":10,"author":{"gitId":"mendax1234"},"content":"        super(description);","lastModifiedDate":"2025-09-04T21:54:30","isFullCredit":false},{"lineNumber":11,"author":{"gitId":"mendax1234"},"content":"    }","lastModifiedDate":"2025-09-04T21:54:30","isFullCredit":false},{"lineNumber":12,"author":{"gitId":"mendax1234"},"content":"","lastModifiedDate":"2025-09-04T21:54:30","isFullCredit":false},{"lineNumber":13,"author":{"gitId":"mendax1234"},"content":"    @Override","lastModifiedDate":"2025-09-04T21:54:30","isFullCredit":false},{"lineNumber":14,"author":{"gitId":"mendax1234"},"content":"    public String getTypeTag() {","lastModifiedDate":"2025-09-04T21:54:30","isFullCredit":false},{"lineNumber":15,"author":{"gitId":"mendax1234"},"content":"        return \"T\";","lastModifiedDate":"2025-09-04T21:54:30","isFullCredit":false},{"lineNumber":16,"author":{"gitId":"mendax1234"},"content":"    }","lastModifiedDate":"2025-09-04T21:54:30","isFullCredit":false},{"lineNumber":17,"author":{"gitId":"mendax1234"},"content":"}","lastModifiedDate":"2025-09-04T21:54:30","isFullCredit":false}],"authorContributionMap":{"mendax1234":17}},{"path":"text-ui-test/input.txt","fileType":"txt","lines":[{"lineNumber":1,"author":{"gitId":"mendax1234"},"content":"todo Buy groceries","lastModifiedDate":"2025-09-12T19:36:59","isFullCredit":false},{"lineNumber":2,"author":{"gitId":"mendax1234"},"content":"deadline Submit report /by 2025-09-15","lastModifiedDate":"2025-09-12T19:36:59","isFullCredit":false},{"lineNumber":3,"author":{"gitId":"mendax1234"},"content":"event Team meeting /from 2025-09-20 10:00 /to 2025-09-20 11:00","lastModifiedDate":"2025-09-12T19:36:59","isFullCredit":false},{"lineNumber":4,"author":{"gitId":"mendax1234"},"content":"list","lastModifiedDate":"2025-09-12T19:36:59","isFullCredit":false},{"lineNumber":5,"author":{"gitId":"mendax1234"},"content":"mark 1","lastModifiedDate":"2025-09-12T19:36:59","isFullCredit":false},{"lineNumber":6,"author":{"gitId":"mendax1234"},"content":"unmark 1","lastModifiedDate":"2025-09-12T19:36:59","isFullCredit":false},{"lineNumber":7,"author":{"gitId":"mendax1234"},"content":"list","lastModifiedDate":"2025-09-12T19:36:59","isFullCredit":false},{"lineNumber":8,"author":{"gitId":"mendax1234"},"content":"bye","lastModifiedDate":"2025-09-12T19:36:59","isFullCredit":false}],"authorContributionMap":{"mendax1234":8}},{"path":"text-ui-test/runtest.bat","fileType":"bat","lines":[{"lineNumber":1,"author":{"gitId":"-"},"content":"@ECHO OFF","lastModifiedDate":"2020-05-25T00:03:55","isFullCredit":false},{"lineNumber":2,"author":{"gitId":"-"},"content":"","lastModifiedDate":"2020-05-25T00:03:55","isFullCredit":false},{"lineNumber":3,"author":{"gitId":"-"},"content":"REM create bin directory if it doesn\u0027t exist","lastModifiedDate":"2020-05-25T00:03:55","isFullCredit":false},{"lineNumber":4,"author":{"gitId":"-"},"content":"if not exist ..\\bin mkdir ..\\bin","lastModifiedDate":"2020-05-25T00:03:55","isFullCredit":false},{"lineNumber":5,"author":{"gitId":"-"},"content":"","lastModifiedDate":"2020-05-25T00:03:55","isFullCredit":false},{"lineNumber":6,"author":{"gitId":"-"},"content":"REM delete output from previous run","lastModifiedDate":"2020-05-25T00:03:55","isFullCredit":false},{"lineNumber":7,"author":{"gitId":"-"},"content":"if exist ACTUAL.TXT del ACTUAL.TXT","lastModifiedDate":"2020-08-25T17:23:26","isFullCredit":false},{"lineNumber":8,"author":{"gitId":"-"},"content":"","lastModifiedDate":"2020-05-25T00:03:55","isFullCredit":false},{"lineNumber":9,"author":{"gitId":"-"},"content":"REM compile the code into the bin folder","lastModifiedDate":"2020-05-25T00:03:55","isFullCredit":false},{"lineNumber":10,"author":{"gitId":"mendax1234"},"content":"javac  -cp ..\\src\\main\\java -Xlint:none -d ..\\bin ..\\src\\main\\java\\Robonaut.java","lastModifiedDate":"2025-09-12T19:36:59","isFullCredit":false},{"lineNumber":11,"author":{"gitId":"-"},"content":"IF ERRORLEVEL 1 (","lastModifiedDate":"2020-05-25T00:03:55","isFullCredit":false},{"lineNumber":12,"author":{"gitId":"-"},"content":"    echo ********** BUILD FAILURE **********","lastModifiedDate":"2020-05-25T00:03:55","isFullCredit":false},{"lineNumber":13,"author":{"gitId":"-"},"content":"    exit /b 1","lastModifiedDate":"2020-05-25T00:03:55","isFullCredit":false},{"lineNumber":14,"author":{"gitId":"-"},"content":")","lastModifiedDate":"2020-05-25T00:03:55","isFullCredit":false},{"lineNumber":15,"author":{"gitId":"-"},"content":"REM no error here, errorlevel \u003d\u003d 0","lastModifiedDate":"2020-05-25T00:03:55","isFullCredit":false},{"lineNumber":16,"author":{"gitId":"-"},"content":"","lastModifiedDate":"2020-05-25T00:03:55","isFullCredit":false},{"lineNumber":17,"author":{"gitId":"-"},"content":"REM run the program, feed commands from input.txt file and redirect the output to the ACTUAL.TXT","lastModifiedDate":"2020-05-25T00:03:55","isFullCredit":false},{"lineNumber":18,"author":{"gitId":"mendax1234"},"content":"java -classpath ..\\bin Robonaut \u003c input.txt \u003e ACTUAL.TXT","lastModifiedDate":"2025-09-12T19:36:59","isFullCredit":false},{"lineNumber":19,"author":{"gitId":"-"},"content":"","lastModifiedDate":"2020-05-25T00:03:55","isFullCredit":false},{"lineNumber":20,"author":{"gitId":"-"},"content":"REM compare the output to the expected output","lastModifiedDate":"2020-05-25T00:03:55","isFullCredit":false},{"lineNumber":21,"author":{"gitId":"-"},"content":"FC ACTUAL.TXT EXPECTED.TXT","lastModifiedDate":"2020-05-25T00:03:55","isFullCredit":false},{"lineNumber":22,"author":{"gitId":"mendax1234"},"content":"","lastModifiedDate":"2025-09-12T19:36:59","isFullCredit":false},{"lineNumber":23,"author":{"gitId":"mendax1234"},"content":"REM delete compilation outputs","lastModifiedDate":"2025-09-12T19:36:59","isFullCredit":false},{"lineNumber":24,"author":{"gitId":"mendax1234"},"content":"rmdir /q /s ..\\bin","lastModifiedDate":"2025-09-12T19:36:59","isFullCredit":false}],"authorContributionMap":{"mendax1234":5,"-":19}}]
