[{"path":"src/main/java/Robonaut.java","fileType":"java","lines":[{"lineNumber":1,"author":{"gitId":"mendax1234"},"content":"import java.lang.reflect.Array;","lastModifiedDate":"2025-08-28T12:24:13","isFullCredit":false},{"lineNumber":2,"author":{"gitId":"mendax1234"},"content":"import java.util.*;","lastModifiedDate":"2025-08-28T10:28:38","isFullCredit":false},{"lineNumber":3,"author":{"gitId":"mendax1234"},"content":"","lastModifiedDate":"2025-08-28T10:28:38","isFullCredit":false},{"lineNumber":4,"author":{"gitId":"mendax1234"},"content":"public class Robonaut {","lastModifiedDate":"2025-08-21T19:30:17","isFullCredit":false},{"lineNumber":5,"author":{"gitId":"mendax1234"},"content":"    // Level 0","lastModifiedDate":"2025-08-28T10:28:38","isFullCredit":false},{"lineNumber":6,"author":{"gitId":"mendax1234"},"content":"    public static void hello() {","lastModifiedDate":"2025-08-21T19:30:17","isFullCredit":false},{"lineNumber":7,"author":{"gitId":"mendax1234"},"content":"        String logo \u003d \" ____       _                             _   \\n\"","lastModifiedDate":"2025-08-21T19:30:17","isFullCredit":false},{"lineNumber":8,"author":{"gitId":"mendax1234"},"content":"                + \"|  _ \\\\ ___ | |__   ___  _ __   __ _ _   _| |_ \\n\"","lastModifiedDate":"2025-08-21T19:30:17","isFullCredit":false},{"lineNumber":9,"author":{"gitId":"mendax1234"},"content":"                + \"| |_) / _ \\\\| \u0027_ \\\\ / _ \\\\| \u0027_ \\\\ / _` | | | | __|\\n\"","lastModifiedDate":"2025-08-21T19:30:17","isFullCredit":false},{"lineNumber":10,"author":{"gitId":"mendax1234"},"content":"                + \"|  _ \u003c (_) | |_) | (_) | | | | (_| | |_| | |_ \\n\"","lastModifiedDate":"2025-08-21T19:30:17","isFullCredit":false},{"lineNumber":11,"author":{"gitId":"mendax1234"},"content":"                + \"|_| \\\\_\\\\___/|_.__/ \\\\___/|_| |_|\\\\__,_|\\\\__,_|\\\\__|\\n\";","lastModifiedDate":"2025-08-21T19:30:17","isFullCredit":false},{"lineNumber":12,"author":{"gitId":"mendax1234"},"content":"        System.out.println(logo);","lastModifiedDate":"2025-08-21T19:30:17","isFullCredit":false},{"lineNumber":13,"author":{"gitId":"mendax1234"},"content":"        System.out.println(\"Hey bro! Good to see you here! I\u0027m Robonaut, your most intelligent helper!\");","lastModifiedDate":"2025-08-21T19:30:17","isFullCredit":false},{"lineNumber":14,"author":{"gitId":"mendax1234"},"content":"        System.out.println(\"What can I do for you?\");","lastModifiedDate":"2025-08-21T19:30:17","isFullCredit":false},{"lineNumber":15,"author":{"gitId":"mendax1234"},"content":"    }","lastModifiedDate":"2025-08-21T19:30:17","isFullCredit":false},{"lineNumber":16,"author":{"gitId":"mendax1234"},"content":"","lastModifiedDate":"2025-08-21T19:30:17","isFullCredit":false},{"lineNumber":17,"author":{"gitId":"mendax1234"},"content":"    public static void bye() {","lastModifiedDate":"2025-08-21T19:30:17","isFullCredit":false},{"lineNumber":18,"author":{"gitId":"mendax1234"},"content":"        System.out.println(\"Bye! Hope to see you again soon!\");","lastModifiedDate":"2025-08-21T19:30:17","isFullCredit":false},{"lineNumber":19,"author":{"gitId":"mendax1234"},"content":"    }","lastModifiedDate":"2025-08-21T19:30:17","isFullCredit":false},{"lineNumber":20,"author":{"gitId":"mendax1234"},"content":"","lastModifiedDate":"2025-08-21T19:30:17","isFullCredit":false},{"lineNumber":21,"author":{"gitId":"mendax1234"},"content":"    // Level 1","lastModifiedDate":"2025-08-28T10:28:38","isFullCredit":false},{"lineNumber":22,"author":{"gitId":"mendax1234"},"content":"    public static void echo(String s) {","lastModifiedDate":"2025-08-28T10:28:38","isFullCredit":false},{"lineNumber":23,"author":{"gitId":"mendax1234"},"content":"        System.out.println(\"------------------------------------------------------------\");","lastModifiedDate":"2025-08-28T10:36:32","isFullCredit":false},{"lineNumber":24,"author":{"gitId":"mendax1234"},"content":"        System.out.println(s);","lastModifiedDate":"2025-08-28T10:28:38","isFullCredit":false},{"lineNumber":25,"author":{"gitId":"mendax1234"},"content":"        System.out.println(\"------------------------------------------------------------\");","lastModifiedDate":"2025-08-28T10:36:32","isFullCredit":false},{"lineNumber":26,"author":{"gitId":"mendax1234"},"content":"    }","lastModifiedDate":"2025-08-28T10:28:38","isFullCredit":false},{"lineNumber":27,"author":{"gitId":"mendax1234"},"content":"","lastModifiedDate":"2025-08-28T10:28:38","isFullCredit":false},{"lineNumber":28,"author":{"gitId":"mendax1234"},"content":"    // Level 2","lastModifiedDate":"2025-08-28T12:24:13","isFullCredit":false},{"lineNumber":29,"author":{"gitId":"mendax1234"},"content":"    public static void add(ArrayList\u003cString\u003e list, String content) {","lastModifiedDate":"2025-08-28T12:24:13","isFullCredit":false},{"lineNumber":30,"author":{"gitId":"mendax1234"},"content":"        list.add(content);","lastModifiedDate":"2025-08-28T12:24:13","isFullCredit":false},{"lineNumber":31,"author":{"gitId":"mendax1234"},"content":"        System.out.println(\"------------------------------------------------------------\");","lastModifiedDate":"2025-08-28T12:24:13","isFullCredit":false},{"lineNumber":32,"author":{"gitId":"mendax1234"},"content":"        System.out.println(\"added: \" + content);","lastModifiedDate":"2025-08-28T12:24:13","isFullCredit":false},{"lineNumber":33,"author":{"gitId":"mendax1234"},"content":"        System.out.println(\"------------------------------------------------------------\");","lastModifiedDate":"2025-08-28T12:24:13","isFullCredit":false},{"lineNumber":34,"author":{"gitId":"mendax1234"},"content":"    }","lastModifiedDate":"2025-08-28T12:24:13","isFullCredit":false},{"lineNumber":35,"author":{"gitId":"mendax1234"},"content":"","lastModifiedDate":"2025-08-28T12:24:13","isFullCredit":false},{"lineNumber":36,"author":{"gitId":"mendax1234"},"content":"    public static void list(ArrayList\u003cString\u003e list) {","lastModifiedDate":"2025-08-28T12:24:13","isFullCredit":false},{"lineNumber":37,"author":{"gitId":"mendax1234"},"content":"        int i \u003d 1;","lastModifiedDate":"2025-08-28T12:24:13","isFullCredit":false},{"lineNumber":38,"author":{"gitId":"mendax1234"},"content":"        System.out.println(\"------------------------------------------------------------\");","lastModifiedDate":"2025-08-28T12:24:13","isFullCredit":false},{"lineNumber":39,"author":{"gitId":"mendax1234"},"content":"        for (String e : list) {","lastModifiedDate":"2025-08-28T12:24:13","isFullCredit":false},{"lineNumber":40,"author":{"gitId":"mendax1234"},"content":"            System.out.println(i + \". \" + e);","lastModifiedDate":"2025-08-28T12:24:13","isFullCredit":false},{"lineNumber":41,"author":{"gitId":"mendax1234"},"content":"            i++;","lastModifiedDate":"2025-08-28T12:24:13","isFullCredit":false},{"lineNumber":42,"author":{"gitId":"mendax1234"},"content":"        }","lastModifiedDate":"2025-08-28T12:24:13","isFullCredit":false},{"lineNumber":43,"author":{"gitId":"mendax1234"},"content":"        System.out.println(\"------------------------------------------------------------\");","lastModifiedDate":"2025-08-28T12:24:13","isFullCredit":false},{"lineNumber":44,"author":{"gitId":"mendax1234"},"content":"    }","lastModifiedDate":"2025-08-28T12:24:13","isFullCredit":false},{"lineNumber":45,"author":{"gitId":"mendax1234"},"content":"","lastModifiedDate":"2025-08-28T12:24:13","isFullCredit":false},{"lineNumber":46,"author":{"gitId":"mendax1234"},"content":"    public static void main(String[] args) {","lastModifiedDate":"2025-08-21T19:30:17","isFullCredit":false},{"lineNumber":47,"author":{"gitId":"mendax1234"},"content":"        // Greetings","lastModifiedDate":"2025-08-21T19:30:17","isFullCredit":false},{"lineNumber":48,"author":{"gitId":"mendax1234"},"content":"        hello();","lastModifiedDate":"2025-08-21T19:30:17","isFullCredit":false},{"lineNumber":49,"author":{"gitId":"mendax1234"},"content":"","lastModifiedDate":"2025-08-28T12:24:13","isFullCredit":false},{"lineNumber":50,"author":{"gitId":"mendax1234"},"content":"        Scanner sc \u003d new Scanner (System.in);","lastModifiedDate":"2025-08-28T10:28:38","isFullCredit":false},{"lineNumber":51,"author":{"gitId":"mendax1234"},"content":"","lastModifiedDate":"2025-08-28T12:24:13","isFullCredit":false},{"lineNumber":52,"author":{"gitId":"mendax1234"},"content":"        // Level-2","lastModifiedDate":"2025-08-28T12:24:13","isFullCredit":false},{"lineNumber":53,"author":{"gitId":"mendax1234"},"content":"        String option \u003d sc.nextLine();","lastModifiedDate":"2025-08-28T10:28:38","isFullCredit":false},{"lineNumber":54,"author":{"gitId":"mendax1234"},"content":"        ArrayList\u003cString\u003e list \u003d new ArrayList\u003c\u003e();","lastModifiedDate":"2025-08-28T12:24:13","isFullCredit":false},{"lineNumber":55,"author":{"gitId":"mendax1234"},"content":"        while (!option.equals(\"bye\")) {","lastModifiedDate":"2025-08-28T10:28:38","isFullCredit":false},{"lineNumber":56,"author":{"gitId":"mendax1234"},"content":"            switch (option) {","lastModifiedDate":"2025-08-28T12:24:13","isFullCredit":false},{"lineNumber":57,"author":{"gitId":"mendax1234"},"content":"            case \"list\":","lastModifiedDate":"2025-08-28T12:24:13","isFullCredit":false},{"lineNumber":58,"author":{"gitId":"mendax1234"},"content":"                list(list);","lastModifiedDate":"2025-08-28T12:24:13","isFullCredit":false},{"lineNumber":59,"author":{"gitId":"mendax1234"},"content":"                break;","lastModifiedDate":"2025-08-28T12:24:13","isFullCredit":false},{"lineNumber":60,"author":{"gitId":"mendax1234"},"content":"            default:","lastModifiedDate":"2025-08-28T12:24:13","isFullCredit":false},{"lineNumber":61,"author":{"gitId":"mendax1234"},"content":"                add(list, option);","lastModifiedDate":"2025-08-28T12:24:13","isFullCredit":false},{"lineNumber":62,"author":{"gitId":"mendax1234"},"content":"                break;","lastModifiedDate":"2025-08-28T12:24:13","isFullCredit":false},{"lineNumber":63,"author":{"gitId":"mendax1234"},"content":"            }","lastModifiedDate":"2025-08-28T12:24:13","isFullCredit":false},{"lineNumber":64,"author":{"gitId":"mendax1234"},"content":"            option \u003d sc.nextLine();","lastModifiedDate":"2025-08-28T10:28:38","isFullCredit":false},{"lineNumber":65,"author":{"gitId":"mendax1234"},"content":"        }","lastModifiedDate":"2025-08-28T10:28:38","isFullCredit":false},{"lineNumber":66,"author":{"gitId":"mendax1234"},"content":"    }","lastModifiedDate":"2025-08-21T19:30:17","isFullCredit":false},{"lineNumber":67,"author":{"gitId":"mendax1234"},"content":"}","lastModifiedDate":"2025-08-21T19:30:17","isFullCredit":false}],"authorContributionMap":{"mendax1234":67}}]
