{"authorDailyContributionsMap":{"shennontay":[{"date":"2025-08-23T00:00:00","commitResults":[{"hash":"37a2f8dff0376a33b99146de13200755ed3b14f3","isMergeCommit":false,"messageTitle":"changed name and added greeting","messageBody":"","tags":["Level-0"],"fileTypesAndContributionMap":{"java":{"insertions":11,"deletions":10}}}]},{"date":"2025-09-01T00:00:00","commitResults":[{"hash":"96d1a5cc088c240b3dd3c1684bcd05de3b9fc202","isMergeCommit":false,"messageTitle":"implement echo function","messageBody":"","tags":["Level-1"],"fileTypesAndContributionMap":{"java":{"insertions":29,"deletions":7}}},{"hash":"6473d51e0e741a4e7f5a420e038587f11f58d81d","isMergeCommit":false,"messageTitle":"add ability to store and display text by user","messageBody":"","tags":["Level-2"],"fileTypesAndContributionMap":{"java":{"insertions":32,"deletions":8}}},{"hash":"e8692e9e3f14d90bef24aa083bf818130f067228","isMergeCommit":false,"messageTitle":"add ability to mark tasks as done and undone, capitalise first letter of class name","messageBody":"","tags":["Level-3","A-CodingStandard"],"fileTypesAndContributionMap":{"java":{"insertions":154,"deletions":57}}}]}]},"authorFileTypeContributionMap":{"shennontay":{"java":154,"md":0,"fxml":0,"sh":0,"bat":0,"gradle":0,"txt":0}},"authorContributionVariance":{"shennontay":3160.6174},"authorDisplayNameMap":{"shennontay":"CS2113-W13-3 SHEN.. TAY"}}
