{"authorDailyContributionsMap":{"BTslayer761":[{"date":"2025-08-20T00:00:00","commitResults":[{"hash":"28f82471696aab4643ee874b8624d467d23c69a3","isMergeCommit":false,"messageTitle":"Change the text a greeting and goodbye","messageBody":"","fileTypesAndContributionMap":{"java":{"insertions":10,"deletions":10},"md":{"insertions":1,"deletions":1}}}]},{"date":"2025-08-26T00:00:00","commitResults":[{"hash":"bcc9af70c7cda6e1b7c51db101ae9702b683fb62","isMergeCommit":false,"messageTitle":"Added echo function","messageBody":"","fileTypesAndContributionMap":{"java":{"insertions":22,"deletions":1}}},{"hash":"c90d4a72cbf244a24960e6ae05e7e830fb42c090","isMergeCommit":false,"messageTitle":"Updated echo function","messageBody":"","fileTypesAndContributionMap":{"java":{"insertions":13,"deletions":15}}},{"hash":"ecb0c3374477aff418a45fb9e9691d479705a15f","isMergeCommit":false,"messageTitle":"added list class(Added: add,list,remove functions)","messageBody":"","fileTypesAndContributionMap":{"java":{"insertions":66,"deletions":3}}}]},{"date":"2025-08-27T00:00:00","commitResults":[{"hash":"7a94e8d823f0cb42e879a7825c53cf0ad87a2517","isMergeCommit":false,"messageTitle":"Added a List_Item class, List stores List_Items,Change list function output","messageBody":"","fileTypesAndContributionMap":{"java":{"insertions":41,"deletions":12}}},{"hash":"82bba135686f3f608c31096266167548ddc4653e","isMergeCommit":false,"messageTitle":"removed List class(Used ArrayList instead), created divider const, added mark/unmark function","messageBody":"","fileTypesAndContributionMap":{"java":{"insertions":42,"deletions":53}}}]},{"date":"2025-08-31T00:00:00","commitResults":[{"hash":"d1c5d99d973490024973227c79669e8f114172c7","isMergeCommit":false,"messageTitle":"Changed if-else to switch-case, added MAX_CAPACITY const","messageBody":"","fileTypesAndContributionMap":{"java":{"insertions":79,"deletions":58}}}]},{"date":"2025-09-01T00:00:00","commitResults":[{"hash":"2008638a6fc8ed3fdb506bd721b2dcd63483d97c","isMergeCommit":false,"messageTitle":"Changed variable s in List_Items to protected","messageBody":"","fileTypesAndContributionMap":{"java":{"insertions":4,"deletions":2}}},{"hash":"90dfc9fd576ece085e65113fa90c11fe12e63120","isMergeCommit":false,"messageTitle":"Add support for tracking types (ToDo, Deadline, Event)","messageBody":"","fileTypesAndContributionMap":{"java":{"insertions":106,"deletions":36}}}]}]},"authorFileTypeContributionMap":{"BTslayer761":{"java":203,"md":1,"fxml":0,"sh":0,"bat":0,"gradle":0,"txt":0}},"authorContributionVariance":{"BTslayer761":2569.44},"authorDisplayNameMap":{"BTslayer761":"CS2113-W12-1 BREN.. HAN"}}
