{"authorDailyContributionsMap":{"BTslayer761":[{"date":"2025-08-20T00:00:00","commitResults":[{"hash":"28f82471696aab4643ee874b8624d467d23c69a3","isMergeCommit":false,"messageTitle":"Change the text a greeting and goodbye","messageBody":"","tags":["Level-0"],"fileTypesAndContributionMap":{"java":{"insertions":10,"deletions":10},"md":{"insertions":1,"deletions":1}}}]},{"date":"2025-08-26T00:00:00","commitResults":[{"hash":"bcc9af70c7cda6e1b7c51db101ae9702b683fb62","isMergeCommit":false,"messageTitle":"Added echo function","messageBody":"","fileTypesAndContributionMap":{"java":{"insertions":22,"deletions":1}}},{"hash":"c90d4a72cbf244a24960e6ae05e7e830fb42c090","isMergeCommit":false,"messageTitle":"Updated echo function","messageBody":"","tags":["Level-1"],"fileTypesAndContributionMap":{"java":{"insertions":13,"deletions":15}}},{"hash":"ecb0c3374477aff418a45fb9e9691d479705a15f","isMergeCommit":false,"messageTitle":"added list class(Added: add,list,remove functions)","messageBody":"","tags":["Level-2"],"fileTypesAndContributionMap":{"java":{"insertions":66,"deletions":3}}}]},{"date":"2025-08-27T00:00:00","commitResults":[{"hash":"7a94e8d823f0cb42e879a7825c53cf0ad87a2517","isMergeCommit":false,"messageTitle":"Added a List_Item class, List stores List_Items,Change list function output","messageBody":"","fileTypesAndContributionMap":{"java":{"insertions":41,"deletions":12}}},{"hash":"82bba135686f3f608c31096266167548ddc4653e","isMergeCommit":false,"messageTitle":"removed List class(Used ArrayList instead), created divider const, added mark/unmark function","messageBody":"","tags":["Level-3"],"fileTypesAndContributionMap":{"java":{"insertions":42,"deletions":53}}}]},{"date":"2025-08-31T00:00:00","commitResults":[{"hash":"d1c5d99d973490024973227c79669e8f114172c7","isMergeCommit":false,"messageTitle":"Changed if-else to switch-case, added MAX_CAPACITY const","messageBody":"","tags":["v1.0"],"fileTypesAndContributionMap":{"java":{"insertions":79,"deletions":58}}}]},{"date":"2025-09-01T00:00:00","commitResults":[{"hash":"2008638a6fc8ed3fdb506bd721b2dcd63483d97c","isMergeCommit":false,"messageTitle":"Changed variable s in List_Items to protected","messageBody":"","fileTypesAndContributionMap":{"java":{"insertions":4,"deletions":2}}},{"hash":"90dfc9fd576ece085e65113fa90c11fe12e63120","isMergeCommit":false,"messageTitle":"Add support for tracking types (ToDo, Deadline, Event)","messageBody":"","tags":["Level-4"],"fileTypesAndContributionMap":{"java":{"insertions":106,"deletions":36}}},{"hash":"b972d6f9d6ad9ff00d65cac20878e83a1201cf93","isMergeCommit":false,"messageTitle":"changed doneBy variable in Deadline class to private","messageBody":"","fileTypesAndContributionMap":{"java":{"insertions":1,"deletions":1}}}]},{"date":"2025-09-05T00:00:00","commitResults":[{"hash":"8541a07f7ee4a547c5b57b09cd58f32589fc8fa4","isMergeCommit":false,"messageTitle":"Reformat to coding standards","messageBody":"","tags":["A-CodingStandard"],"fileTypesAndContributionMap":{"java":{"insertions":14,"deletions":13}}},{"hash":"2d0502d9dbe1e25ce7ff65c4360524de41d09d02","isMergeCommit":false,"messageTitle":"changed List_Item to follow PascalCase","messageBody":"","tags":["A-CodeQuality"],"fileTypesAndContributionMap":{"java":{"insertions":15,"deletions":14}}}]},{"date":"2025-09-09T00:00:00","commitResults":[{"hash":"3f2b26bfae7933c606920f57d159f92af6f51850","isMergeCommit":false,"messageTitle":"Added TextUiTesting","messageBody":"","tags":["A-TextUiTesting"],"fileTypesAndContributionMap":{"txt":{"insertions":7,"deletions":0},"bat":{"insertions":1,"deletions":1}}},{"hash":"97532b1517e575bc5d338cd3a61c698160a3afa0","isMergeCommit":false,"messageTitle":"Added Error handling for each command","messageBody":"","tags":["A-Exceptions"],"fileTypesAndContributionMap":{"java":{"insertions":64,"deletions":18}}},{"hash":"f2f21e2cf77f9c56da876824c7678c7d7d6d4efe","isMergeCommit":true,"messageTitle":"Merge branch \u0027branch-Level-5\u0027","messageBody":"","tags":["Level-5"],"fileTypesAndContributionMap":{}}]}]},"authorFileTypeContributionMap":{"BTslayer761":{"java":251,"md":1,"fxml":0,"sh":0,"bat":1,"gradle":0,"txt":7}},"authorContributionVariance":{"BTslayer761":2229.996},"authorDisplayNameMap":{"BTslayer761":"CS2113-W12-1 BREN.. HAN"}}
