{"authorDailyContributionsMap":{"BTslayer761":[{"date":"2025-08-20T00:00:00","commitResults":[{"hash":"28f82471696aab4643ee874b8624d467d23c69a3","isMergeCommit":false,"messageTitle":"Change the text a greeting and goodbye","messageBody":"","tags":["Level-0"],"fileTypesAndContributionMap":{"java":{"insertions":10,"deletions":10},"md":{"insertions":1,"deletions":1}}}]},{"date":"2025-08-26T00:00:00","commitResults":[{"hash":"bcc9af70c7cda6e1b7c51db101ae9702b683fb62","isMergeCommit":false,"messageTitle":"Added echo function","messageBody":"","fileTypesAndContributionMap":{"java":{"insertions":22,"deletions":1}}},{"hash":"c90d4a72cbf244a24960e6ae05e7e830fb42c090","isMergeCommit":false,"messageTitle":"Updated echo function","messageBody":"","tags":["Level-1"],"fileTypesAndContributionMap":{"java":{"insertions":13,"deletions":15}}},{"hash":"ecb0c3374477aff418a45fb9e9691d479705a15f","isMergeCommit":false,"messageTitle":"added list class(Added: add,list,remove functions)","messageBody":"","tags":["Level-2"],"fileTypesAndContributionMap":{"java":{"insertions":66,"deletions":3}}}]},{"date":"2025-08-27T00:00:00","commitResults":[{"hash":"7a94e8d823f0cb42e879a7825c53cf0ad87a2517","isMergeCommit":false,"messageTitle":"Added a List_Item class, List stores List_Items,Change list function output","messageBody":"","fileTypesAndContributionMap":{"java":{"insertions":41,"deletions":12}}},{"hash":"82bba135686f3f608c31096266167548ddc4653e","isMergeCommit":false,"messageTitle":"removed List class(Used ArrayList instead), created divider const, added mark/unmark function","messageBody":"","tags":["Level-3","A-Collections"],"fileTypesAndContributionMap":{"java":{"insertions":42,"deletions":53}}}]},{"date":"2025-08-31T00:00:00","commitResults":[{"hash":"d1c5d99d973490024973227c79669e8f114172c7","isMergeCommit":false,"messageTitle":"Changed if-else to switch-case, added MAX_CAPACITY const","messageBody":"","tags":["v1.0"],"fileTypesAndContributionMap":{"java":{"insertions":79,"deletions":58}}}]},{"date":"2025-09-01T00:00:00","commitResults":[{"hash":"2008638a6fc8ed3fdb506bd721b2dcd63483d97c","isMergeCommit":false,"messageTitle":"Changed variable s in List_Items to protected","messageBody":"","fileTypesAndContributionMap":{"java":{"insertions":4,"deletions":2}}},{"hash":"90dfc9fd576ece085e65113fa90c11fe12e63120","isMergeCommit":false,"messageTitle":"Add support for tracking types (ToDo, Deadline, Event)","messageBody":"","tags":["Level-4"],"fileTypesAndContributionMap":{"java":{"insertions":106,"deletions":36}}},{"hash":"b972d6f9d6ad9ff00d65cac20878e83a1201cf93","isMergeCommit":false,"messageTitle":"changed doneBy variable in Deadline class to private","messageBody":"","fileTypesAndContributionMap":{"java":{"insertions":1,"deletions":1}}}]},{"date":"2025-09-05T00:00:00","commitResults":[{"hash":"8541a07f7ee4a547c5b57b09cd58f32589fc8fa4","isMergeCommit":false,"messageTitle":"Reformat to coding standards","messageBody":"","tags":["A-CodingStandard"],"fileTypesAndContributionMap":{"java":{"insertions":14,"deletions":13}}},{"hash":"2d0502d9dbe1e25ce7ff65c4360524de41d09d02","isMergeCommit":false,"messageTitle":"changed List_Item to follow PascalCase","messageBody":"","tags":["A-CodeQuality"],"fileTypesAndContributionMap":{"java":{"insertions":15,"deletions":14}}}]},{"date":"2025-09-09T00:00:00","commitResults":[{"hash":"3f2b26bfae7933c606920f57d159f92af6f51850","isMergeCommit":false,"messageTitle":"Added TextUiTesting","messageBody":"","tags":["A-TextUiTesting"],"fileTypesAndContributionMap":{"txt":{"insertions":7,"deletions":0},"bat":{"insertions":1,"deletions":1}}},{"hash":"97532b1517e575bc5d338cd3a61c698160a3afa0","isMergeCommit":false,"messageTitle":"Added Error handling for each command","messageBody":"","tags":["A-Exceptions"],"fileTypesAndContributionMap":{"java":{"insertions":64,"deletions":18}}},{"hash":"f2f21e2cf77f9c56da876824c7678c7d7d6d4efe","isMergeCommit":true,"messageTitle":"Merge branch \u0027branch-Level-5\u0027","messageBody":"","tags":["Level-5"],"fileTypesAndContributionMap":{}},{"hash":"1c80ec4e9f5be80a983687c10e8b740d5d222b68","isMergeCommit":false,"messageTitle":"Created a Bambot.tasks package to hold all tasktypes","messageBody":"","tags":["branch-A-Packages"],"fileTypesAndContributionMap":{"java":{"insertions":13,"deletions":0}}},{"hash":"afdde92c2ed701f904e5c88e4558fe14daec7f03","isMergeCommit":true,"messageTitle":"Merge tag \u0027branch-A-Packages\u0027","messageBody":"","tags":["A-Packages"],"fileTypesAndContributionMap":{}}]},{"date":"2025-09-13T00:00:00","commitResults":[{"hash":"afd0ecebd0190c84481c0974608b4496daa30599","isMergeCommit":false,"messageTitle":"modified delete function","messageBody":"","tags":["Level-6"],"fileTypesAndContributionMap":{"java":{"insertions":8,"deletions":5}}},{"hash":"839ee9bcbc8b23b555ecdd3d28d17dd2f70c0d4c","isMergeCommit":false,"messageTitle":"Change format to fit coding standards","messageBody":"","fileTypesAndContributionMap":{"java":{"insertions":3,"deletions":3}}}]},{"date":"2025-09-14T00:00:00","commitResults":[{"hash":"e0b73d2a904b9900702eccf17d9ac159b51156fa","isMergeCommit":false,"messageTitle":"added a createFile() to create a file to store the tasks if the file does not exist","messageBody":"","fileTypesAndContributionMap":{"java":{"insertions":19,"deletions":1}}},{"hash":"0a196d8007cfc11c88728e84684edb4e767c3998","isMergeCommit":false,"messageTitle":"Added printFileContents() function to print all String from tasks.txt","messageBody":"","fileTypesAndContributionMap":{"txt":{"insertions":0,"deletions":0},"java":{"insertions":16,"deletions":2}}},{"hash":"e7d7a3afb6c7be3662c2aa0303c749ab6c1f83e5","isMergeCommit":false,"messageTitle":"Added a appendToFile() to write new entries into tasks.txt(only implemented in todo for now)","messageBody":"","fileTypesAndContributionMap":{"txt":{"insertions":1,"deletions":0},"java":{"insertions":17,"deletions":3}}}]},{"date":"2025-09-16T00:00:00","commitResults":[{"hash":"75a2f281ef52cc37625f6eb95b53256166df1f29","isMergeCommit":false,"messageTitle":"Moved error handling inside echo()","messageBody":"","fileTypesAndContributionMap":{"java":{"insertions":22,"deletions":25}}},{"hash":"cb62884d3cbf2c9dbbd77aec2dcb794d7b90574b","isMergeCommit":false,"messageTitle":"Added Storage class with writeToArray() and writeToFile(). Created toStorageString() to store elements inside the file","messageBody":"","fileTypesAndContributionMap":{"txt":{"insertions":2,"deletions":1},"java":{"insertions":119,"deletions":53}}},{"hash":"545e74daefdb068a350b25b50abda5617c4b2330","isMergeCommit":true,"messageTitle":"Merge branch \u0027branch-Level-7\u0027","messageBody":"","tags":["Level-7"],"fileTypesAndContributionMap":{}},{"hash":"0a2fab6f478f66e97f01e1344f375502759cc9cb","isMergeCommit":false,"messageTitle":"Add META-INF and create jar-file","messageBody":"","tags":["A-Jar"],"fileTypesAndContributionMap":{"txt":{"insertions":0,"deletions":2},"java":{"insertions":7,"deletions":3}}}]},{"date":"2025-09-26T00:00:00","commitResults":[{"hash":"df9eef87babe1c68777095d1569e8480d8d85209","isMergeCommit":false,"messageTitle":"Create Parser Class for handling commands","messageBody":"","fileTypesAndContributionMap":{"java":{"insertions":139,"deletions":0}}},{"hash":"06de88341a873c6544752c7b5f64c54a9eea45a6","isMergeCommit":false,"messageTitle":"resolve issue of marked tasked being unmarked when written back into the Array","messageBody":"","fileTypesAndContributionMap":{"java":{"insertions":41,"deletions":0}}},{"hash":"170a373984d1a183c1ea59963145f8478906f060","isMergeCommit":false,"messageTitle":"Change ListItem to Task","messageBody":"","fileTypesAndContributionMap":{"java":{"insertions":3,"deletions":44}}},{"hash":"1dbf516648a5a77be48663028f1fc8c2f91bf818","isMergeCommit":false,"messageTitle":"Move to Parser class","messageBody":"","fileTypesAndContributionMap":{"java":{"insertions":1,"deletions":129}}},{"hash":"bf796275917603c8a2eb872d8d89bfe8d06ff52f","isMergeCommit":false,"messageTitle":"move Createfile(), printList to Storage class","messageBody":"","fileTypesAndContributionMap":{"java":{"insertions":41,"deletions":38}}},{"hash":"dca041870efde6fc76e366193d74c298c372a172","isMergeCommit":false,"messageTitle":"removed unecessary imports","messageBody":"","fileTypesAndContributionMap":{"java":{"insertions":2,"deletions":8}}}]},{"date":"2025-09-27T00:00:00","commitResults":[{"hash":"4b75355cb67d563cd4dcde8e6c4ed8ac599c746f","isMergeCommit":false,"messageTitle":"create a tasklist class","messageBody":"","fileTypesAndContributionMap":{"java":{"insertions":135,"deletions":92}}},{"hash":"e9951594654c59e8a470d32ad1c7980d3fe087a5","isMergeCommit":false,"messageTitle":"Updated code to match TaskList class","messageBody":"","fileTypesAndContributionMap":{"java":{"insertions":24,"deletions":66}}},{"hash":"dc722045e0a67f7f8f01da0c7252c982b02c99ad","isMergeCommit":false,"messageTitle":"Add Ui class for any messages/ui that needs to be printed","messageBody":"","fileTypesAndContributionMap":{"java":{"insertions":20,"deletions":0}}},{"hash":"4d7de6433ad8a195445b6a0485734ef2d19306d7","isMergeCommit":false,"messageTitle":"add tasklist,ui,storage variables to Bambot class and included the creation of tasks.txt file inside the constructor","messageBody":"","tags":["A-MoreOOP"],"fileTypesAndContributionMap":{"java":{"insertions":16,"deletions":13}}}]},{"date":"2025-09-28T00:00:00","commitResults":[{"hash":"c33e70454e443f381f3150815560977194ca993f","isMergeCommit":false,"messageTitle":"Add find function to find tasks with keyword","messageBody":"","tags":["Level-9"],"fileTypesAndContributionMap":{"java":{"insertions":38,"deletions":3}}},{"hash":"870e80bb2aa912fa22d2ca46a276b81d6e5cf879","isMergeCommit":false,"messageTitle":"Changed all time variables to LocalDate variables. Remove unnecessary functions in Event and Deadline.","messageBody":"","tags":["Level-8"],"fileTypesAndContributionMap":{"java":{"insertions":54,"deletions":51}}},{"hash":"c66d356924815e87402e9e626ebeefbf7391edd0","isMergeCommit":false,"messageTitle":"Minor cleanup in code","messageBody":"","fileTypesAndContributionMap":{"java":{"insertions":1,"deletions":2}}},{"hash":"d8f53d1f4b45b5d0c531511335084ab9fb51199c","isMergeCommit":false,"messageTitle":"Add JavaDocs","messageBody":"","tags":["A-JavaDoc"],"fileTypesAndContributionMap":{"txt":{"insertions":3,"deletions":0},"java":{"insertions":82,"deletions":8}}}]},{"date":"2025-09-30T00:00:00","commitResults":[{"hash":"56aaab576f4c1d3714ea16c12f07666d8a460580","isMergeCommit":false,"messageTitle":"Tasks to be stored in data/BambotTasks.txt","messageBody":"","fileTypesAndContributionMap":{"java":{"insertions":7,"deletions":3}}},{"hash":"542ca201b65c6f5e0e8afd2ffdf8a1d3c19deef4","isMergeCommit":false,"messageTitle":"Updated printCommand()","messageBody":"","fileTypesAndContributionMap":{"java":{"insertions":10,"deletions":9}}},{"hash":"cf82002784f88d4fc6f77811861e9df4a3e62e58","isMergeCommit":false,"messageTitle":"Solve error of LocalDate formatting for event task","messageBody":"","fileTypesAndContributionMap":{"java":{"insertions":11,"deletions":4}}},{"hash":"8979b318d12e851daad3df3940d5d969ae588db1","isMergeCommit":false,"messageTitle":"minor editing of JavaDoc","messageBody":"","fileTypesAndContributionMap":{"java":{"insertions":2,"deletions":1}}},{"hash":"f6f88902d10ac4005336ff4ed668b133eaede49f","isMergeCommit":false,"messageTitle":"Updated ReadMe","messageBody":"","tags":["A-UserGuide"],"fileTypesAndContributionMap":{"md":{"insertions":183,"deletions":26}}},{"hash":"77ae0944fca751710d07fead5a22f16c37f75dc1","isMergeCommit":false,"messageTitle":"throw BambotException for invalid date format (deadline)","messageBody":"","fileTypesAndContributionMap":{"java":{"insertions":6,"deletions":1}}},{"hash":"1c4500f13915f70c0eee8e4e4da5d05786755a46","isMergeCommit":false,"messageTitle":"Add line divider when printing errors","messageBody":"","tags":["V2.0"],"fileTypesAndContributionMap":{"java":{"insertions":1,"deletions":1}}}]},{"date":"2025-10-02T00:00:00","commitResults":[{"hash":"8de8d0a7a40a4e8c1f3df56cb508cfa602c1c312","isMergeCommit":false,"messageTitle":"changed \u0027;\u0027 to \u0027:\u0027","messageBody":"","fileTypesAndContributionMap":{"txt":{"insertions":2,"deletions":3},"java":{"insertions":1,"deletions":1}}},{"hash":"d97e2961d94cf2ce22e8663664186dfbfddcafa2","isMergeCommit":false,"messageTitle":"Revert \"changed \u0027;\u0027 to \u0027:\u0027\"","messageBody":"This reverts commit 8de8d0a7a40a4e8c1f3df56cb508cfa602c1c312.\n","fileTypesAndContributionMap":{"txt":{"insertions":3,"deletions":2},"java":{"insertions":1,"deletions":1}}},{"hash":"c1463f97e9f084dd271c252c0f30cda0669de462","isMergeCommit":false,"messageTitle":"changed \u0027;\u0027 to \u0027:\u0027","messageBody":"","fileTypesAndContributionMap":{"java":{"insertions":1,"deletions":1}}},{"hash":"fcb80a02620406ba4247ff0de27283156b0b85b0","isMergeCommit":false,"messageTitle":"minor format change in ReadMe","messageBody":"","fileTypesAndContributionMap":{"md":{"insertions":1,"deletions":1}}},{"hash":"51086cac4137425021bc288e9a51a8ebf1f9d46c","isMergeCommit":false,"messageTitle":"Update ReadMe","messageBody":"","fileTypesAndContributionMap":{"md":{"insertions":11,"deletions":4}}},{"hash":"edada9fdc7c358a161209f3898cb44b146bccc50","isMergeCommit":true,"messageTitle":"Merge pull request #1 from BTslayer761/branch-A-JavaDoc","messageBody":"Update ReadMe","fileTypesAndContributionMap":{}},{"hash":"7e9b395c5d8c9a4c0b96d2974e13f6e95d880e18","isMergeCommit":false,"messageTitle":"Moved ReadMe to docs folder","messageBody":"","fileTypesAndContributionMap":{"md":{"insertions":174,"deletions":204}}},{"hash":"e361d88a4f323e5da0d9d2ef24a3b83ab35529ed","isMergeCommit":true,"messageTitle":"Merge branch \u0027master\u0027 of https://github.com/BTslayer761/ip","messageBody":"","fileTypesAndContributionMap":{}},{"hash":"5bdab2634282d776a87b7958136a55defe0f6b0f","isMergeCommit":false,"messageTitle":"Moved ReadMe to docs","messageBody":"","fileTypesAndContributionMap":{"txt":{"insertions":0,"deletions":0}}},{"hash":"2b265491e768ed1ce87e17c21f619b6b00afdd31","isMergeCommit":false,"messageTitle":"Edit error message for find function","messageBody":"","fileTypesAndContributionMap":{"java":{"insertions":1,"deletions":1}}},{"hash":"4cecf34235d46ca6a420ec5105176ed771ffeecb","isMergeCommit":true,"messageTitle":"Merge branch \u0027branch-Level-9\u0027","messageBody":"","tags":["V2.1"],"fileTypesAndContributionMap":{}}]}]},"authorFileTypeContributionMap":{"BTslayer761":{"java":541,"md":174,"fxml":0,"sh":0,"bat":1,"gradle":0,"txt":10}},"authorContributionVariance":{"BTslayer761":11513.047},"authorDisplayNameMap":{"BTslayer761":"CS2113-W12-1 BREN.. HAN"}}
