{"authorDailyContributionsMap":{"argadde":[{"date":"2025-08-19T00:00:00","commitResults":[{"hash":"7a79f59e5fc5eccedd27245981aa407ab62e625b","isMergeCommit":false,"messageTitle":"Update Duke to Bevo with Rename, Greet, and Exit","messageBody":"","tags":["Level-0"],"fileTypesAndContributionMap":{"java":{"insertions":14,"deletions":10},"md":{"insertions":1,"deletions":1}}}]},{"date":"2025-09-01T00:00:00","commitResults":[{"hash":"38099f3332a11da297c5c2fa6568112f8be5e3f2","isMergeCommit":false,"messageTitle":"Implement command echoing feature","messageBody":"","tags":["Level-1"],"fileTypesAndContributionMap":{"java":{"insertions":25,"deletions":3}}},{"hash":"145549ea3490fee2a4475522dc8bd0ccbf7604e5","isMergeCommit":false,"messageTitle":"Implement Add, List commands","messageBody":"","tags":["Level-2"],"fileTypesAndContributionMap":{"java":{"insertions":15,"deletions":4}}},{"hash":"103b1f588dba5919a10441b53a01dfc153348a0e","isMergeCommit":false,"messageTitle":"Add Mark as Done and Mark as Not Done abilities","messageBody":"","tags":["Level-3","A-Classes"],"fileTypesAndContributionMap":{"java":{"insertions":44,"deletions":2}}},{"hash":"1c60f136076fc5949fd4c544603bfc659c1b8a3a","isMergeCommit":false,"messageTitle":"Check coding standards","messageBody":"","tags":["A-CodingStandard"],"fileTypesAndContributionMap":{"java":{"insertions":134,"deletions":40}}},{"hash":"23f277f1bca9747fe8a72b09a23e65f19a725f36","isMergeCommit":false,"messageTitle":"Create inheritance classes for types of tasks","messageBody":"","tags":["A-Inheritance"],"fileTypesAndContributionMap":{"java":{"insertions":80,"deletions":0}}},{"hash":"ac8b4d2fa59380f4f7a4a9e0a35c1cba10af2482","isMergeCommit":false,"messageTitle":"Add ToDos, Events, Deadlines","messageBody":"","tags":["Level-4","A-CodeQuality"],"fileTypesAndContributionMap":{"java":{"insertions":89,"deletions":15}}}]}]},"authorFileTypeContributionMap":{"argadde":{"java":337,"md":1,"fxml":0,"sh":0,"bat":0,"gradle":0,"txt":0}},"authorContributionVariance":{"argadde":7799.034},"authorDisplayNameMap":{"argadde":"CS2113-T11-4 GADD..IRAM"}}
