{"authorDailyContributionsMap":{"JianHao24":[{"date":"2025-08-24T00:00:00","commitResults":[{"hash":"88ecc366c4219680e1704d5891da02160fe8cf2c","isMergeCommit":false,"messageTitle":"Implemented an initial skeletal version and renamed chatbot to \"Coach\"","messageBody":"","tags":["Level-0"],"fileTypesAndContributionMap":{"java":{"insertions":0,"deletions":0}}}]},{"date":"2025-08-27T00:00:00","commitResults":[{"hash":"1fc2eb29d8b37db0bb7df2d956c6189062fe637e","isMergeCommit":false,"messageTitle":"Added user greet and exit","messageBody":"","fileTypesAndContributionMap":{"java":{"insertions":7,"deletions":7}}}]},{"date":"2025-08-28T00:00:00","commitResults":[{"hash":"29da89b420138f3e722c9e26e14a63ec6e388755","isMergeCommit":false,"messageTitle":"Added echo and exit function when user types bye","messageBody":"","tags":["Level-1"],"fileTypesAndContributionMap":{"java":{"insertions":25,"deletions":2}}},{"hash":"0650dc5933cdde02317d0a260aa6a8c05c335ee2","isMergeCommit":false,"messageTitle":"Added storing and displaying of text","messageBody":"","tags":["Level-2"],"fileTypesAndContributionMap":{"java":{"insertions":19,"deletions":7}}},{"hash":"7555543c9b1a01bfeac29f11c9315a03d45af226","isMergeCommit":false,"messageTitle":"Added new class Task and ability to mark tasks finished or unmark them as unfinished","messageBody":"","tags":["Level-3"],"fileTypesAndContributionMap":{"java":{"insertions":52,"deletions":8}}}]},{"date":"2025-09-02T00:00:00","commitResults":[{"hash":"82cc110f04f6a17ed59f05072816f345d5581369","isMergeCommit":false,"messageTitle":"Refactored for better abstraction and added exceptions for invalid index","messageBody":"","tags":["A-CodingStandard"],"fileTypesAndContributionMap":{"java":{"insertions":104,"deletions":41}}}]},{"date":"2025-09-03T00:00:00","commitResults":[{"hash":"048fe02a68f998261ef63790ee3063d66ab92c77","isMergeCommit":false,"messageTitle":"Add support for tracking three types of tasks: ToDos, Deadlines and Events.","messageBody":"","tags":["Level-4"],"fileTypesAndContributionMap":{"java":{"insertions":204,"deletions":11}}},{"hash":"0b52b4424e59f16c5d9f129d8db62b1c270bc7ef","isMergeCommit":false,"messageTitle":"Added automated text UI testing","messageBody":"","tags":["A-TextUiTesting"],"fileTypesAndContributionMap":{"txt":{"insertions":6,"deletions":0},"bat":{"insertions":1,"deletions":1},"sh":{"insertions":1,"deletions":1}}}]},{"date":"2025-09-10T00:00:00","commitResults":[{"hash":"2fb83f170e22703165f7c6d051006b54dfd8ec02","isMergeCommit":false,"messageTitle":"Refactored class hierarchy and added a MAX_TASKS constant","messageBody":"","tags":["A-CodeQuality"],"fileTypesAndContributionMap":{"java":{"insertions":19,"deletions":20}}},{"hash":"0f1a9ddd189d83cbdd6f83a0935a5de875a81370","isMergeCommit":false,"messageTitle":"Added new exception classes and improved error handling","messageBody":"","tags":["A-Exceptions"],"fileTypesAndContributionMap":{"txt":{"insertions":11,"deletions":1},"java":{"insertions":95,"deletions":82}}},{"hash":"18d17e24cbb4193452ca89b66f2834f3ade09222","isMergeCommit":true,"messageTitle":"Merge branch \u0027Level-5\u0027","messageBody":"","tags":["Level-5"],"fileTypesAndContributionMap":{}},{"hash":"f681e7c49f72d4c30d4b38f8000163c47360199d","isMergeCommit":false,"messageTitle":"Divided classes into packages","messageBody":"","tags":["A-Packages"],"fileTypesAndContributionMap":{"java":{"insertions":18,"deletions":0},"bat":{"insertions":2,"deletions":2}}}]},{"date":"2025-09-17T00:00:00","commitResults":[{"hash":"7844bc284b766f65bf3460717839ad17fc752ec1","isMergeCommit":true,"messageTitle":"Merge branch \u0027add-gradle-support\u0027 of https://github.com/nus-cs2113-AY2526S1/ip","messageBody":"","fileTypesAndContributionMap":{}},{"hash":"41b4dfe8cae3cd3ce35b14682e2d2734e2136c2a","isMergeCommit":false,"messageTitle":"Packaged the app as a JAR file","messageBody":"","tags":["A-Jar"],"fileTypesAndContributionMap":{"gradle":{"insertions":3,"deletions":3}}}]},{"date":"2025-09-18T00:00:00","commitResults":[{"hash":"2f67fc888262108b83dc6d40e640f59d8f08ebdc","isMergeCommit":false,"messageTitle":"Refactored exception handling and added replaced fixed array with collections classes","messageBody":"","tags":["A-Collections"],"fileTypesAndContributionMap":{"txt":{"insertions":4,"deletions":0},"java":{"insertions":54,"deletions":49}}}]},{"date":"2025-09-19T00:00:00","commitResults":[{"hash":"3eaa70a3b01fae94b0c6200753a2310ece9562fa","isMergeCommit":false,"messageTitle":"Added automatic saving","messageBody":"","fileTypesAndContributionMap":{"java":{"insertions":4,"deletions":0}}},{"hash":"033bbc0014108f31919399bff578514c5337f9c8","isMergeCommit":false,"messageTitle":"Refactored code to support automatic saving","messageBody":"","tags":["Level-7"],"fileTypesAndContributionMap":{"txt":{"insertions":1,"deletions":0},"java":{"insertions":120,"deletions":7},"bat":{"insertions":4,"deletions":2}}}]},{"date":"2025-09-30T00:00:00","commitResults":[{"hash":"4d52a8c352fa93ccf780ba111cf5a767c3a323cc","isMergeCommit":false,"messageTitle":"Refactored code to be more OOP, adding a parser, UI and command class. Also used streaming in storage.","messageBody":"","tags":["A-MoreOOP"],"fileTypesAndContributionMap":{"txt":{"insertions":5,"deletions":1},"java":{"insertions":456,"deletions":292},"bat":{"insertions":1,"deletions":1}}}]},{"date":"2025-10-01T00:00:00","commitResults":[{"hash":"1a454f1280e271e2c4d801ff205933a91aef1a87","isMergeCommit":false,"messageTitle":"Added ability for Deadlines and Events to store dates and times. Added \"on\" command  to print deadlines/events occurring on a specific date.","messageBody":"","tags":["Level-8"],"fileTypesAndContributionMap":{"txt":{"insertions":4,"deletions":3},"java":{"insertions":163,"deletions":13}}},{"hash":"f5289c53ace3dad3148f24080e049d13934194b2","isMergeCommit":false,"messageTitle":"Added find command for users to find a task by searching for a keyword in the task description.","messageBody":"","fileTypesAndContributionMap":{"java":{"insertions":4,"deletions":0}}},{"hash":"823bfafa3d7b6ce08d5bfb494225ae342384ca9c","isMergeCommit":false,"messageTitle":"Added new FindCommand class","messageBody":"","fileTypesAndContributionMap":{"java":{"insertions":4,"deletions":0}}},{"hash":"22e334586dcfbfb9255e4c9af4a747fc617db50f","isMergeCommit":false,"messageTitle":"Added find command for users to find a task by searching for a keyword in the task description.","messageBody":"","fileTypesAndContributionMap":{"java":{"insertions":45,"deletions":4}}},{"hash":"ad3bc397b53fd86b2a83db4b86564e2aa1f1e29a","isMergeCommit":true,"messageTitle":"Merge branch \u0027level-9\u0027 of https://github.com/JianHao24/ip into level-9","messageBody":"# Conflicts:\n#\tsrc/main/java/chatbot/commands/FindCommand.java\n","fileTypesAndContributionMap":{}},{"hash":"13fb2f5a05509a8f58a0fbd2f49a3dee73b52c9d","isMergeCommit":false,"messageTitle":"Fixed bugs from accidental deletion during merging","messageBody":"","tags":["Level-9"],"fileTypesAndContributionMap":{"java":{"insertions":1,"deletions":130}}},{"hash":"e402ea4763c4f19d00761b6b1e1259654affa145","isMergeCommit":false,"messageTitle":"Added JavaDoc","messageBody":"","tags":["A-JavaDoc"],"fileTypesAndContributionMap":{"txt":{"insertions":3,"deletions":4},"java":{"insertions":690,"deletions":60}}},{"hash":"118d6cb9bc93b4fbbb72c9206aae4ff990053041","isMergeCommit":true,"messageTitle":"Merge branch \u0027branch-A-JavaDoc\u0027","messageBody":"","fileTypesAndContributionMap":{}}]},{"date":"2025-10-02T00:00:00","commitResults":[{"hash":"12c6bd129e1aae8949f85ef08a355366960bd10d","isMergeCommit":false,"messageTitle":"Updated README.MD","messageBody":"","tags":["A-UserGuide","A-Release"],"fileTypesAndContributionMap":{"md":{"insertions":242,"deletions":16}}}]}]},"authorFileTypeContributionMap":{"JianHao24":{"java":1484,"md":242,"fxml":0,"sh":1,"bat":5,"gradle":2,"txt":25}},"authorContributionVariance":{"JianHao24":34143.992},"authorDisplayNameMap":{"JianHao24":"CS2113-W13-1 CHEO.. HAO"}}
