{"authorDailyContributionsMap":{"JianHao24":[{"date":"2025-08-24T00:00:00","commitResults":[{"hash":"88ecc366c4219680e1704d5891da02160fe8cf2c","isMergeCommit":false,"messageTitle":"Implemented an initial skeletal version and renamed chatbot to \"Coach\"","messageBody":"","tags":["Level-0"],"fileTypesAndContributionMap":{"java":{"insertions":0,"deletions":0}}}]},{"date":"2025-08-27T00:00:00","commitResults":[{"hash":"1fc2eb29d8b37db0bb7df2d956c6189062fe637e","isMergeCommit":false,"messageTitle":"Added user greet and exit","messageBody":"","fileTypesAndContributionMap":{"java":{"insertions":7,"deletions":7}}}]},{"date":"2025-08-28T00:00:00","commitResults":[{"hash":"29da89b420138f3e722c9e26e14a63ec6e388755","isMergeCommit":false,"messageTitle":"Added echo and exit function when user types bye","messageBody":"","tags":["Level-1"],"fileTypesAndContributionMap":{"java":{"insertions":25,"deletions":2}}},{"hash":"0650dc5933cdde02317d0a260aa6a8c05c335ee2","isMergeCommit":false,"messageTitle":"Added storing and displaying of text","messageBody":"","tags":["Level-2"],"fileTypesAndContributionMap":{"java":{"insertions":19,"deletions":7}}},{"hash":"7555543c9b1a01bfeac29f11c9315a03d45af226","isMergeCommit":false,"messageTitle":"Added new class Task and ability to mark tasks finished or unmark them as unfinished","messageBody":"","tags":["Level-3"],"fileTypesAndContributionMap":{"java":{"insertions":52,"deletions":8}}}]},{"date":"2025-09-02T00:00:00","commitResults":[{"hash":"82cc110f04f6a17ed59f05072816f345d5581369","isMergeCommit":false,"messageTitle":"Refactored for better abstraction and added exceptions for invalid index","messageBody":"","tags":["A-CodingStandard"],"fileTypesAndContributionMap":{"java":{"insertions":104,"deletions":41}}}]},{"date":"2025-09-03T00:00:00","commitResults":[{"hash":"048fe02a68f998261ef63790ee3063d66ab92c77","isMergeCommit":false,"messageTitle":"Add support for tracking three types of tasks: ToDos, Deadlines and Events.","messageBody":"","tags":["Level-4"],"fileTypesAndContributionMap":{"java":{"insertions":204,"deletions":11}}},{"hash":"0b52b4424e59f16c5d9f129d8db62b1c270bc7ef","isMergeCommit":false,"messageTitle":"Added automated text UI testing","messageBody":"","tags":["A-TextUiTesting"],"fileTypesAndContributionMap":{"txt":{"insertions":6,"deletions":0},"bat":{"insertions":1,"deletions":1},"sh":{"insertions":1,"deletions":1}}}]}]},"authorFileTypeContributionMap":{"JianHao24":{"java":342,"md":0,"fxml":0,"sh":1,"bat":1,"gradle":0,"txt":6}},"authorContributionVariance":{"JianHao24":2795.0562},"authorDisplayNameMap":{"JianHao24":"CS2113-W13-1 CHEO.. HAO"}}
