[{"path":"docs/README.md","fileType":"md","lines":[{"lineNumber":1,"author":{"gitId":"xylonc"},"content":"# Victoria User Guide","lastModifiedDate":"2025-08-28T17:20:11","isFullCredit":false},{"lineNumber":2,"author":{"gitId":"-"},"content":"","lastModifiedDate":"2019-07-29T17:14:46","isFullCredit":false},{"lineNumber":3,"author":{"gitId":"-"},"content":"// Update the title above to match the actual product name","lastModifiedDate":"2024-01-07T18:33:52","isFullCredit":false},{"lineNumber":4,"author":{"gitId":"-"},"content":"","lastModifiedDate":"2019-07-29T17:14:46","isFullCredit":false},{"lineNumber":5,"author":{"gitId":"-"},"content":"// Product screenshot goes here","lastModifiedDate":"2024-01-07T18:33:52","isFullCredit":false},{"lineNumber":6,"author":{"gitId":"-"},"content":"","lastModifiedDate":"2021-07-17T16:49:07","isFullCredit":false},{"lineNumber":7,"author":{"gitId":"-"},"content":"// Product intro goes here","lastModifiedDate":"2024-01-07T18:33:52","isFullCredit":false},{"lineNumber":8,"author":{"gitId":"-"},"content":"","lastModifiedDate":"2021-07-17T16:49:07","isFullCredit":false},{"lineNumber":9,"author":{"gitId":"-"},"content":"## Adding deadlines","lastModifiedDate":"2024-01-07T18:33:52","isFullCredit":false},{"lineNumber":10,"author":{"gitId":"-"},"content":"","lastModifiedDate":"2021-07-17T16:49:07","isFullCredit":false},{"lineNumber":11,"author":{"gitId":"-"},"content":"// Describe the action and its outcome.","lastModifiedDate":"2024-01-07T18:33:52","isFullCredit":false},{"lineNumber":12,"author":{"gitId":"-"},"content":"","lastModifiedDate":"2019-07-29T17:14:46","isFullCredit":false},{"lineNumber":13,"author":{"gitId":"-"},"content":"// Give examples of usage","lastModifiedDate":"2024-01-07T18:33:52","isFullCredit":false},{"lineNumber":14,"author":{"gitId":"-"},"content":"","lastModifiedDate":"2019-07-29T17:14:46","isFullCredit":false},{"lineNumber":15,"author":{"gitId":"-"},"content":"Example: `keyword (optional arguments)`","lastModifiedDate":"2024-01-07T18:33:52","isFullCredit":false},{"lineNumber":16,"author":{"gitId":"-"},"content":"","lastModifiedDate":"2019-07-29T17:14:46","isFullCredit":false},{"lineNumber":17,"author":{"gitId":"-"},"content":"// A description of the expected outcome goes here","lastModifiedDate":"2024-01-07T18:33:52","isFullCredit":false},{"lineNumber":18,"author":{"gitId":"-"},"content":"","lastModifiedDate":"2019-07-29T17:14:46","isFullCredit":false},{"lineNumber":19,"author":{"gitId":"-"},"content":"```","lastModifiedDate":"2024-01-07T18:33:52","isFullCredit":false},{"lineNumber":20,"author":{"gitId":"-"},"content":"expected output","lastModifiedDate":"2024-01-07T18:33:52","isFullCredit":false},{"lineNumber":21,"author":{"gitId":"-"},"content":"```","lastModifiedDate":"2024-01-07T18:33:52","isFullCredit":false},{"lineNumber":22,"author":{"gitId":"-"},"content":"","lastModifiedDate":"2019-07-29T17:14:46","isFullCredit":false},{"lineNumber":23,"author":{"gitId":"-"},"content":"## Feature ABC","lastModifiedDate":"2024-01-07T18:33:52","isFullCredit":false},{"lineNumber":24,"author":{"gitId":"-"},"content":"","lastModifiedDate":"2019-07-29T17:14:46","isFullCredit":false},{"lineNumber":25,"author":{"gitId":"-"},"content":"// Feature details","lastModifiedDate":"2024-01-07T18:33:52","isFullCredit":false},{"lineNumber":26,"author":{"gitId":"-"},"content":"","lastModifiedDate":"2019-07-29T17:14:46","isFullCredit":false},{"lineNumber":27,"author":{"gitId":"-"},"content":"","lastModifiedDate":"2021-07-17T16:49:07","isFullCredit":false},{"lineNumber":28,"author":{"gitId":"-"},"content":"## Feature XYZ","lastModifiedDate":"2024-01-07T18:33:52","isFullCredit":false},{"lineNumber":29,"author":{"gitId":"-"},"content":"","lastModifiedDate":"2024-01-07T18:33:52","isFullCredit":false},{"lineNumber":30,"author":{"gitId":"-"},"content":"// Feature details","lastModifiedDate":"2024-01-07T18:33:52","isFullCredit":false}],"authorContributionMap":{"xylonc":1,"-":29}},{"path":"src/main/java/Victoria.java","fileType":"java","lines":[{"lineNumber":1,"author":{"gitId":"xylonc"},"content":"import java.util.Scanner;","lastModifiedDate":"2025-08-28T23:36:06","isFullCredit":false},{"lineNumber":2,"author":{"gitId":"xylonc"},"content":"","lastModifiedDate":"2025-08-28T23:36:06","isFullCredit":false},{"lineNumber":3,"author":{"gitId":"xylonc"},"content":"public class Victoria {","lastModifiedDate":"2025-08-28T17:20:11","isFullCredit":false},{"lineNumber":4,"author":{"gitId":"xylonc"},"content":"    public static void echo(String[] args){","lastModifiedDate":"2025-08-29T00:07:53","isFullCredit":false},{"lineNumber":5,"author":{"gitId":"xylonc"},"content":"        String answer;","lastModifiedDate":"2025-08-29T00:07:53","isFullCredit":false},{"lineNumber":6,"author":{"gitId":"xylonc"},"content":"        Scanner reply \u003d new Scanner(System.in);","lastModifiedDate":"2025-08-29T00:07:53","isFullCredit":false},{"lineNumber":7,"author":{"gitId":"xylonc"},"content":"        answer \u003d reply.nextLine();","lastModifiedDate":"2025-08-29T00:07:53","isFullCredit":false},{"lineNumber":8,"author":{"gitId":"xylonc"},"content":"        if(answer.equals(\"bye\")) {","lastModifiedDate":"2025-08-29T00:07:53","isFullCredit":false},{"lineNumber":9,"author":{"gitId":"xylonc"},"content":"            System.out.println(\"-\".repeat(30));","lastModifiedDate":"2025-08-29T00:07:53","isFullCredit":false},{"lineNumber":10,"author":{"gitId":"xylonc"},"content":"            System.out.println(\"Bye.Hope to see you again soon!\\n\");","lastModifiedDate":"2025-08-29T00:07:53","isFullCredit":false},{"lineNumber":11,"author":{"gitId":"xylonc"},"content":"            System.out.println(\"-\".repeat(30));","lastModifiedDate":"2025-08-29T00:07:53","isFullCredit":false},{"lineNumber":12,"author":{"gitId":"xylonc"},"content":"        }","lastModifiedDate":"2025-08-29T00:07:53","isFullCredit":false},{"lineNumber":13,"author":{"gitId":"xylonc"},"content":"        else {","lastModifiedDate":"2025-08-29T00:07:53","isFullCredit":false},{"lineNumber":14,"author":{"gitId":"xylonc"},"content":"            System.out.println(\"-\".repeat(30));","lastModifiedDate":"2025-08-29T00:07:53","isFullCredit":false},{"lineNumber":15,"author":{"gitId":"xylonc"},"content":"            System.out.println(answer + \"\\n\");","lastModifiedDate":"2025-08-29T00:07:53","isFullCredit":false},{"lineNumber":16,"author":{"gitId":"xylonc"},"content":"            System.out.println(\"-\".repeat(30) + \"\\n\");","lastModifiedDate":"2025-08-29T00:07:53","isFullCredit":false},{"lineNumber":17,"author":{"gitId":"xylonc"},"content":"            echo(args);","lastModifiedDate":"2025-08-29T00:07:53","isFullCredit":false},{"lineNumber":18,"author":{"gitId":"xylonc"},"content":"        }","lastModifiedDate":"2025-08-29T00:07:53","isFullCredit":false},{"lineNumber":19,"author":{"gitId":"xylonc"},"content":"    }","lastModifiedDate":"2025-08-29T00:07:53","isFullCredit":false},{"lineNumber":20,"author":{"gitId":"xylonc"},"content":"","lastModifiedDate":"2025-08-29T00:07:53","isFullCredit":false},{"lineNumber":21,"author":{"gitId":"xylonc"},"content":"    public static void addList(String[] args){","lastModifiedDate":"2025-08-29T00:36:36","isFullCredit":false},{"lineNumber":22,"author":{"gitId":"xylonc"},"content":"        Task[] list \u003d new Task[100];","lastModifiedDate":"2025-08-29T14:16:53","isFullCredit":false},{"lineNumber":23,"author":{"gitId":"xylonc"},"content":"        int count \u003d0;","lastModifiedDate":"2025-08-29T00:36:36","isFullCredit":false},{"lineNumber":24,"author":{"gitId":"xylonc"},"content":"        String task;","lastModifiedDate":"2025-08-29T00:36:36","isFullCredit":false},{"lineNumber":25,"author":{"gitId":"xylonc"},"content":"        Scanner scanner \u003d new Scanner(System.in);","lastModifiedDate":"2025-08-29T00:36:36","isFullCredit":false},{"lineNumber":26,"author":{"gitId":"xylonc"},"content":"        while(true) {","lastModifiedDate":"2025-08-29T14:16:53","isFullCredit":false},{"lineNumber":27,"author":{"gitId":"xylonc"},"content":"            task \u003d scanner.nextLine();","lastModifiedDate":"2025-08-29T00:36:36","isFullCredit":false},{"lineNumber":28,"author":{"gitId":"xylonc"},"content":"            if (task.equals(\"list\")) {","lastModifiedDate":"2025-08-29T00:36:36","isFullCredit":false},{"lineNumber":29,"author":{"gitId":"xylonc"},"content":"                System.out.println(\"-\".repeat(30));","lastModifiedDate":"2025-08-29T14:16:53","isFullCredit":false},{"lineNumber":30,"author":{"gitId":"xylonc"},"content":"                System.out.println(\"Here are your tasks:\");","lastModifiedDate":"2025-08-29T14:16:53","isFullCredit":false},{"lineNumber":31,"author":{"gitId":"xylonc"},"content":"                for (int i \u003d 0; i \u003c count; i++) {","lastModifiedDate":"2025-08-29T00:36:36","isFullCredit":false},{"lineNumber":32,"author":{"gitId":"xylonc"},"content":"                    System.out.println((i + 1) + \". \" + list[i]);","lastModifiedDate":"2025-08-29T00:36:36","isFullCredit":false},{"lineNumber":33,"author":{"gitId":"xylonc"},"content":"                }","lastModifiedDate":"2025-08-29T00:36:36","isFullCredit":false},{"lineNumber":34,"author":{"gitId":"xylonc"},"content":"                System.out.println(\"\\n\" + \"-\".repeat(30));","lastModifiedDate":"2025-08-29T00:36:36","isFullCredit":false},{"lineNumber":35,"author":{"gitId":"xylonc"},"content":"            }","lastModifiedDate":"2025-08-29T14:16:53","isFullCredit":false},{"lineNumber":36,"author":{"gitId":"xylonc"},"content":"            else if(task.startsWith(\"mark\")) {","lastModifiedDate":"2025-08-29T14:16:53","isFullCredit":false},{"lineNumber":37,"author":{"gitId":"xylonc"},"content":"                int taskNum \u003d Integer.parseInt(task.split(\" \")[1]) - 1;","lastModifiedDate":"2025-08-29T14:16:53","isFullCredit":false},{"lineNumber":38,"author":{"gitId":"xylonc"},"content":"                list[taskNum].markDone();","lastModifiedDate":"2025-08-29T14:16:53","isFullCredit":false},{"lineNumber":39,"author":{"gitId":"xylonc"},"content":"                System.out.println(\"-\".repeat(30));","lastModifiedDate":"2025-08-29T14:16:53","isFullCredit":false},{"lineNumber":40,"author":{"gitId":"xylonc"},"content":"                System.out.println(\"Nice la , I have marked it as done!\");","lastModifiedDate":"2025-08-29T14:16:53","isFullCredit":false},{"lineNumber":41,"author":{"gitId":"xylonc"},"content":"                System.out.println(\" \" + list[taskNum]);","lastModifiedDate":"2025-08-29T14:16:53","isFullCredit":false},{"lineNumber":42,"author":{"gitId":"xylonc"},"content":"                System.out.println(\"-\".repeat(30));","lastModifiedDate":"2025-08-29T14:16:53","isFullCredit":false},{"lineNumber":43,"author":{"gitId":"xylonc"},"content":"            }","lastModifiedDate":"2025-08-29T14:16:53","isFullCredit":false},{"lineNumber":44,"author":{"gitId":"xylonc"},"content":"            else if(task.startsWith(\"unmark\")) {","lastModifiedDate":"2025-08-29T14:16:53","isFullCredit":false},{"lineNumber":45,"author":{"gitId":"xylonc"},"content":"                int taskNum \u003d Integer.parseInt(task.split(\" \")[1]) - 1;","lastModifiedDate":"2025-08-29T14:16:53","isFullCredit":false},{"lineNumber":46,"author":{"gitId":"xylonc"},"content":"                list[taskNum].markUndone();","lastModifiedDate":"2025-08-29T14:16:53","isFullCredit":false},{"lineNumber":47,"author":{"gitId":"xylonc"},"content":"                System.out.println(\"-\".repeat(30));","lastModifiedDate":"2025-08-29T14:16:53","isFullCredit":false},{"lineNumber":48,"author":{"gitId":"xylonc"},"content":"                System.out.println(\"Shag , I have marked it as undone!\");","lastModifiedDate":"2025-08-29T14:16:53","isFullCredit":false},{"lineNumber":49,"author":{"gitId":"xylonc"},"content":"                System.out.println(\" \" + list[taskNum]);","lastModifiedDate":"2025-08-29T14:16:53","isFullCredit":false},{"lineNumber":50,"author":{"gitId":"xylonc"},"content":"                System.out.println(\"-\".repeat(30));","lastModifiedDate":"2025-08-29T14:16:53","isFullCredit":false},{"lineNumber":51,"author":{"gitId":"xylonc"},"content":"            }","lastModifiedDate":"2025-08-29T14:16:53","isFullCredit":false},{"lineNumber":52,"author":{"gitId":"xylonc"},"content":"            else if(task.equals(\"bye\")) {","lastModifiedDate":"2025-08-29T14:16:53","isFullCredit":false},{"lineNumber":53,"author":{"gitId":"xylonc"},"content":"                System.out.println(\"\\n\" + \"-\".repeat(30));","lastModifiedDate":"2025-08-29T00:36:36","isFullCredit":false},{"lineNumber":54,"author":{"gitId":"xylonc"},"content":"                System.out.println(\"Bye.Hope to see you again soon!\\n\");","lastModifiedDate":"2025-08-29T00:36:36","isFullCredit":false},{"lineNumber":55,"author":{"gitId":"xylonc"},"content":"                System.out.println(\"-\".repeat(30));","lastModifiedDate":"2025-08-29T00:36:36","isFullCredit":false},{"lineNumber":56,"author":{"gitId":"xylonc"},"content":"                break;","lastModifiedDate":"2025-08-29T00:36:36","isFullCredit":false},{"lineNumber":57,"author":{"gitId":"xylonc"},"content":"            }","lastModifiedDate":"2025-08-29T00:36:36","isFullCredit":false},{"lineNumber":58,"author":{"gitId":"xylonc"},"content":"            else{","lastModifiedDate":"2025-08-29T00:36:36","isFullCredit":false},{"lineNumber":59,"author":{"gitId":"xylonc"},"content":"                System.out.println(\"\\n\" + \"-\".repeat(30));","lastModifiedDate":"2025-08-29T00:36:36","isFullCredit":false},{"lineNumber":60,"author":{"gitId":"xylonc"},"content":"                list[count] \u003d new Task(task);","lastModifiedDate":"2025-08-29T14:16:53","isFullCredit":false},{"lineNumber":61,"author":{"gitId":"xylonc"},"content":"                count++;","lastModifiedDate":"2025-08-29T00:36:36","isFullCredit":false},{"lineNumber":62,"author":{"gitId":"xylonc"},"content":"                System.out.println(\"added:\" + task + \"\\n\");","lastModifiedDate":"2025-08-29T00:36:36","isFullCredit":false},{"lineNumber":63,"author":{"gitId":"xylonc"},"content":"                System.out.println(\"-\".repeat(30) + \"\\n\");","lastModifiedDate":"2025-08-29T00:36:36","isFullCredit":false},{"lineNumber":64,"author":{"gitId":"xylonc"},"content":"            }","lastModifiedDate":"2025-08-29T00:36:36","isFullCredit":false},{"lineNumber":65,"author":{"gitId":"xylonc"},"content":"        }","lastModifiedDate":"2025-08-29T00:36:36","isFullCredit":false},{"lineNumber":66,"author":{"gitId":"xylonc"},"content":"    }","lastModifiedDate":"2025-08-29T00:36:36","isFullCredit":false},{"lineNumber":67,"author":{"gitId":"xylonc"},"content":"    public static class Task {","lastModifiedDate":"2025-08-29T14:16:53","isFullCredit":false},{"lineNumber":68,"author":{"gitId":"xylonc"},"content":"        protected String description;","lastModifiedDate":"2025-08-29T14:16:53","isFullCredit":false},{"lineNumber":69,"author":{"gitId":"xylonc"},"content":"        protected boolean isDone;","lastModifiedDate":"2025-08-29T14:16:53","isFullCredit":false},{"lineNumber":70,"author":{"gitId":"xylonc"},"content":"","lastModifiedDate":"2025-08-29T14:16:53","isFullCredit":false},{"lineNumber":71,"author":{"gitId":"xylonc"},"content":"        public Task(String description) {","lastModifiedDate":"2025-08-29T14:16:53","isFullCredit":false},{"lineNumber":72,"author":{"gitId":"xylonc"},"content":"            this.description \u003d description;","lastModifiedDate":"2025-08-29T14:16:53","isFullCredit":false},{"lineNumber":73,"author":{"gitId":"xylonc"},"content":"            this.isDone \u003d false;","lastModifiedDate":"2025-08-29T14:16:53","isFullCredit":false},{"lineNumber":74,"author":{"gitId":"xylonc"},"content":"        }","lastModifiedDate":"2025-08-29T14:16:53","isFullCredit":false},{"lineNumber":75,"author":{"gitId":"xylonc"},"content":"","lastModifiedDate":"2025-08-29T14:16:53","isFullCredit":false},{"lineNumber":76,"author":{"gitId":"xylonc"},"content":"        public String getStatusIcon() {","lastModifiedDate":"2025-08-29T14:16:53","isFullCredit":false},{"lineNumber":77,"author":{"gitId":"xylonc"},"content":"            return (isDone ? \"X\" : \" \"); // mark done task with X","lastModifiedDate":"2025-08-29T14:16:53","isFullCredit":false},{"lineNumber":78,"author":{"gitId":"xylonc"},"content":"        }","lastModifiedDate":"2025-08-29T14:16:53","isFullCredit":false},{"lineNumber":79,"author":{"gitId":"xylonc"},"content":"","lastModifiedDate":"2025-08-29T14:16:53","isFullCredit":false},{"lineNumber":80,"author":{"gitId":"xylonc"},"content":"        public void markDone() {","lastModifiedDate":"2025-08-29T14:16:53","isFullCredit":false},{"lineNumber":81,"author":{"gitId":"xylonc"},"content":"            this.isDone \u003d true;","lastModifiedDate":"2025-08-29T14:16:53","isFullCredit":false},{"lineNumber":82,"author":{"gitId":"xylonc"},"content":"        }","lastModifiedDate":"2025-08-29T14:16:53","isFullCredit":false},{"lineNumber":83,"author":{"gitId":"xylonc"},"content":"","lastModifiedDate":"2025-08-29T14:16:53","isFullCredit":false},{"lineNumber":84,"author":{"gitId":"xylonc"},"content":"        public void markUndone() {","lastModifiedDate":"2025-08-29T14:16:53","isFullCredit":false},{"lineNumber":85,"author":{"gitId":"xylonc"},"content":"            this.isDone \u003d false;","lastModifiedDate":"2025-08-29T14:16:53","isFullCredit":false},{"lineNumber":86,"author":{"gitId":"xylonc"},"content":"        }","lastModifiedDate":"2025-08-29T14:16:53","isFullCredit":false},{"lineNumber":87,"author":{"gitId":"xylonc"},"content":"","lastModifiedDate":"2025-08-29T14:16:53","isFullCredit":false},{"lineNumber":88,"author":{"gitId":"xylonc"},"content":"","lastModifiedDate":"2025-08-29T14:16:53","isFullCredit":false},{"lineNumber":89,"author":{"gitId":"xylonc"},"content":"        public String toString() {","lastModifiedDate":"2025-08-29T14:16:53","isFullCredit":false},{"lineNumber":90,"author":{"gitId":"xylonc"},"content":"            return \"[\" + getStatusIcon() + \"] \" + description;","lastModifiedDate":"2025-08-29T14:16:53","isFullCredit":false},{"lineNumber":91,"author":{"gitId":"xylonc"},"content":"        }","lastModifiedDate":"2025-08-29T14:16:53","isFullCredit":false},{"lineNumber":92,"author":{"gitId":"xylonc"},"content":"    }","lastModifiedDate":"2025-08-29T14:16:53","isFullCredit":false},{"lineNumber":93,"author":{"gitId":"xylonc"},"content":"","lastModifiedDate":"2025-08-29T14:16:53","isFullCredit":false},{"lineNumber":94,"author":{"gitId":"xylonc"},"content":"","lastModifiedDate":"2025-08-29T00:36:36","isFullCredit":false},{"lineNumber":95,"author":{"gitId":"xylonc"},"content":"    public static void main(String[] args) {","lastModifiedDate":"2025-08-28T17:20:11","isFullCredit":false},{"lineNumber":96,"author":{"gitId":"xylonc"},"content":"        String logo \u003d","lastModifiedDate":"2025-08-28T17:20:11","isFullCredit":false},{"lineNumber":97,"author":{"gitId":"xylonc"},"content":"                \" __     ___  ____ \\n\"","lastModifiedDate":"2025-08-28T17:20:11","isFullCredit":false},{"lineNumber":98,"author":{"gitId":"xylonc"},"content":"                        + \" \\\\ \\\\   / / |/ ___|\\n\"","lastModifiedDate":"2025-08-28T17:20:11","isFullCredit":false},{"lineNumber":99,"author":{"gitId":"xylonc"},"content":"                        + \"  \\\\ \\\\ / /| \u0027 /    \\n\"","lastModifiedDate":"2025-08-28T17:20:11","isFullCredit":false},{"lineNumber":100,"author":{"gitId":"xylonc"},"content":"                        + \"   \\\\ V / | . \\\\___ \\n\"","lastModifiedDate":"2025-08-28T17:20:11","isFullCredit":false},{"lineNumber":101,"author":{"gitId":"xylonc"},"content":"                        + \"    \\\\_/  |_|| ___|  \\n\";","lastModifiedDate":"2025-08-28T17:20:11","isFullCredit":false},{"lineNumber":102,"author":{"gitId":"xylonc"},"content":"","lastModifiedDate":"2025-08-28T17:20:11","isFullCredit":false},{"lineNumber":103,"author":{"gitId":"xylonc"},"content":"        System.out.println(\"Hello from\\n\" + logo);","lastModifiedDate":"2025-08-28T17:20:11","isFullCredit":false},{"lineNumber":104,"author":{"gitId":"xylonc"},"content":"        System.out.println(\"-\".repeat(30));","lastModifiedDate":"2025-08-28T17:20:11","isFullCredit":false},{"lineNumber":105,"author":{"gitId":"xylonc"},"content":"        System.out.println(\"Hello! I\u0027m Victoria\");","lastModifiedDate":"2025-08-28T17:20:11","isFullCredit":false},{"lineNumber":106,"author":{"gitId":"xylonc"},"content":"        System.out.println(\"How may I help you?\\n\");","lastModifiedDate":"2025-08-28T17:20:11","isFullCredit":false},{"lineNumber":107,"author":{"gitId":"xylonc"},"content":"        System.out.println(\"-\".repeat(30) + \"\\n\");","lastModifiedDate":"2025-08-28T23:36:06","isFullCredit":false},{"lineNumber":108,"author":{"gitId":"xylonc"},"content":"        addList(args);","lastModifiedDate":"2025-08-29T00:36:36","isFullCredit":false},{"lineNumber":109,"author":{"gitId":"xylonc"},"content":"","lastModifiedDate":"2025-08-29T00:07:53","isFullCredit":false},{"lineNumber":110,"author":{"gitId":"xylonc"},"content":"","lastModifiedDate":"2025-08-28T23:36:06","isFullCredit":false},{"lineNumber":111,"author":{"gitId":"xylonc"},"content":"","lastModifiedDate":"2025-08-28T17:20:11","isFullCredit":false},{"lineNumber":112,"author":{"gitId":"xylonc"},"content":"    }","lastModifiedDate":"2025-08-28T17:20:11","isFullCredit":false},{"lineNumber":113,"author":{"gitId":"xylonc"},"content":"","lastModifiedDate":"2025-08-29T00:07:53","isFullCredit":false},{"lineNumber":114,"author":{"gitId":"xylonc"},"content":"}","lastModifiedDate":"2025-08-28T17:20:11","isFullCredit":false}],"authorContributionMap":{"xylonc":114}},{"path":"text-ui-test/runtest.bat","fileType":"bat","lines":[{"lineNumber":1,"author":{"gitId":"-"},"content":"@ECHO OFF","lastModifiedDate":"2020-05-25T00:03:55","isFullCredit":false},{"lineNumber":2,"author":{"gitId":"-"},"content":"","lastModifiedDate":"2020-05-25T00:03:55","isFullCredit":false},{"lineNumber":3,"author":{"gitId":"-"},"content":"REM create bin directory if it doesn\u0027t exist","lastModifiedDate":"2020-05-25T00:03:55","isFullCredit":false},{"lineNumber":4,"author":{"gitId":"-"},"content":"if not exist ..\\bin mkdir ..\\bin","lastModifiedDate":"2020-05-25T00:03:55","isFullCredit":false},{"lineNumber":5,"author":{"gitId":"-"},"content":"","lastModifiedDate":"2020-05-25T00:03:55","isFullCredit":false},{"lineNumber":6,"author":{"gitId":"-"},"content":"REM delete output from previous run","lastModifiedDate":"2020-05-25T00:03:55","isFullCredit":false},{"lineNumber":7,"author":{"gitId":"-"},"content":"if exist ACTUAL.TXT del ACTUAL.TXT","lastModifiedDate":"2020-08-25T17:23:26","isFullCredit":false},{"lineNumber":8,"author":{"gitId":"-"},"content":"","lastModifiedDate":"2020-05-25T00:03:55","isFullCredit":false},{"lineNumber":9,"author":{"gitId":"-"},"content":"REM compile the code into the bin folder","lastModifiedDate":"2020-05-25T00:03:55","isFullCredit":false},{"lineNumber":10,"author":{"gitId":"-"},"content":"javac  -cp ..\\src\\main\\java -Xlint:none -d ..\\bin ..\\src\\main\\java\\*.java","lastModifiedDate":"2020-08-25T17:23:26","isFullCredit":false},{"lineNumber":11,"author":{"gitId":"-"},"content":"IF ERRORLEVEL 1 (","lastModifiedDate":"2020-05-25T00:03:55","isFullCredit":false},{"lineNumber":12,"author":{"gitId":"-"},"content":"    echo ********** BUILD FAILURE **********","lastModifiedDate":"2020-05-25T00:03:55","isFullCredit":false},{"lineNumber":13,"author":{"gitId":"-"},"content":"    exit /b 1","lastModifiedDate":"2020-05-25T00:03:55","isFullCredit":false},{"lineNumber":14,"author":{"gitId":"-"},"content":")","lastModifiedDate":"2020-05-25T00:03:55","isFullCredit":false},{"lineNumber":15,"author":{"gitId":"-"},"content":"REM no error here, errorlevel \u003d\u003d 0","lastModifiedDate":"2020-05-25T00:03:55","isFullCredit":false},{"lineNumber":16,"author":{"gitId":"-"},"content":"","lastModifiedDate":"2020-05-25T00:03:55","isFullCredit":false},{"lineNumber":17,"author":{"gitId":"-"},"content":"REM run the program, feed commands from input.txt file and redirect the output to the ACTUAL.TXT","lastModifiedDate":"2020-05-25T00:03:55","isFullCredit":false},{"lineNumber":18,"author":{"gitId":"xylonc"},"content":"java -classpath ..\\bin Victoria \u003c input.txt \u003e ACTUAL.TXT","lastModifiedDate":"2025-08-28T17:20:11","isFullCredit":false},{"lineNumber":19,"author":{"gitId":"-"},"content":"","lastModifiedDate":"2020-05-25T00:03:55","isFullCredit":false},{"lineNumber":20,"author":{"gitId":"-"},"content":"REM compare the output to the expected output","lastModifiedDate":"2020-05-25T00:03:55","isFullCredit":false},{"lineNumber":21,"author":{"gitId":"-"},"content":"FC ACTUAL.TXT EXPECTED.TXT","lastModifiedDate":"2020-05-25T00:03:55","isFullCredit":false}],"authorContributionMap":{"xylonc":1,"-":20}},{"path":"text-ui-test/runtest.sh","fileType":"sh","lines":[{"lineNumber":1,"author":{"gitId":"-"},"content":"#!/usr/bin/env bash","lastModifiedDate":"2020-05-25T00:03:55","isFullCredit":false},{"lineNumber":2,"author":{"gitId":"-"},"content":"","lastModifiedDate":"2020-05-25T00:03:55","isFullCredit":false},{"lineNumber":3,"author":{"gitId":"-"},"content":"# create bin directory if it doesn\u0027t exist","lastModifiedDate":"2020-05-25T00:03:55","isFullCredit":false},{"lineNumber":4,"author":{"gitId":"-"},"content":"if [ ! -d \"../bin\" ]","lastModifiedDate":"2020-05-25T00:03:55","isFullCredit":false},{"lineNumber":5,"author":{"gitId":"-"},"content":"then","lastModifiedDate":"2020-05-25T00:03:55","isFullCredit":false},{"lineNumber":6,"author":{"gitId":"-"},"content":"    mkdir ../bin","lastModifiedDate":"2020-05-25T00:03:55","isFullCredit":false},{"lineNumber":7,"author":{"gitId":"-"},"content":"fi","lastModifiedDate":"2020-05-25T00:03:55","isFullCredit":false},{"lineNumber":8,"author":{"gitId":"-"},"content":"","lastModifiedDate":"2020-05-25T00:03:55","isFullCredit":false},{"lineNumber":9,"author":{"gitId":"-"},"content":"# delete output from previous run","lastModifiedDate":"2020-05-25T00:03:55","isFullCredit":false},{"lineNumber":10,"author":{"gitId":"-"},"content":"if [ -e \"./ACTUAL.TXT\" ]","lastModifiedDate":"2020-05-25T00:03:55","isFullCredit":false},{"lineNumber":11,"author":{"gitId":"-"},"content":"then","lastModifiedDate":"2020-05-25T00:03:55","isFullCredit":false},{"lineNumber":12,"author":{"gitId":"-"},"content":"    rm ACTUAL.TXT","lastModifiedDate":"2020-05-25T00:03:55","isFullCredit":false},{"lineNumber":13,"author":{"gitId":"-"},"content":"fi","lastModifiedDate":"2020-05-25T00:03:55","isFullCredit":false},{"lineNumber":14,"author":{"gitId":"-"},"content":"","lastModifiedDate":"2020-05-25T00:03:55","isFullCredit":false},{"lineNumber":15,"author":{"gitId":"-"},"content":"# compile the code into the bin folder, terminates if error occurred","lastModifiedDate":"2020-05-25T00:03:55","isFullCredit":false},{"lineNumber":16,"author":{"gitId":"-"},"content":"if ! javac -cp ../src/main/java -Xlint:none -d ../bin ../src/main/java/*.java","lastModifiedDate":"2020-08-25T17:23:26","isFullCredit":false},{"lineNumber":17,"author":{"gitId":"-"},"content":"then","lastModifiedDate":"2020-05-25T00:03:55","isFullCredit":false},{"lineNumber":18,"author":{"gitId":"-"},"content":"    echo \"********** BUILD FAILURE **********\"","lastModifiedDate":"2020-05-25T00:03:55","isFullCredit":false},{"lineNumber":19,"author":{"gitId":"-"},"content":"    exit 1","lastModifiedDate":"2020-05-25T00:03:55","isFullCredit":false},{"lineNumber":20,"author":{"gitId":"-"},"content":"fi","lastModifiedDate":"2020-05-25T00:03:55","isFullCredit":false},{"lineNumber":21,"author":{"gitId":"-"},"content":"","lastModifiedDate":"2020-05-25T00:03:55","isFullCredit":false},{"lineNumber":22,"author":{"gitId":"-"},"content":"# run the program, feed commands from input.txt file and redirect the output to the ACTUAL.TXT","lastModifiedDate":"2020-05-25T00:03:55","isFullCredit":false},{"lineNumber":23,"author":{"gitId":"xylonc"},"content":"java -classpath ../bin Victoria \u003c input.txt \u003e ACTUAL.TXT","lastModifiedDate":"2025-08-28T17:20:11","isFullCredit":false},{"lineNumber":24,"author":{"gitId":"-"},"content":"","lastModifiedDate":"2020-05-25T00:03:55","isFullCredit":false},{"lineNumber":25,"author":{"gitId":"-"},"content":"# convert to UNIX format","lastModifiedDate":"2020-05-25T00:03:55","isFullCredit":false},{"lineNumber":26,"author":{"gitId":"-"},"content":"cp EXPECTED.TXT EXPECTED-UNIX.TXT","lastModifiedDate":"2020-05-25T00:03:55","isFullCredit":false},{"lineNumber":27,"author":{"gitId":"-"},"content":"dos2unix ACTUAL.TXT EXPECTED-UNIX.TXT","lastModifiedDate":"2020-05-25T00:03:55","isFullCredit":false},{"lineNumber":28,"author":{"gitId":"-"},"content":"","lastModifiedDate":"2020-05-25T00:03:55","isFullCredit":false},{"lineNumber":29,"author":{"gitId":"-"},"content":"# compare the output to the expected output","lastModifiedDate":"2020-05-25T00:03:55","isFullCredit":false},{"lineNumber":30,"author":{"gitId":"-"},"content":"diff ACTUAL.TXT EXPECTED-UNIX.TXT","lastModifiedDate":"2020-05-25T00:03:55","isFullCredit":false},{"lineNumber":31,"author":{"gitId":"-"},"content":"if [ $? -eq 0 ]","lastModifiedDate":"2020-05-25T00:03:55","isFullCredit":false},{"lineNumber":32,"author":{"gitId":"-"},"content":"then","lastModifiedDate":"2020-05-25T00:03:55","isFullCredit":false},{"lineNumber":33,"author":{"gitId":"-"},"content":"    echo \"Test result: PASSED\"","lastModifiedDate":"2020-05-25T00:03:55","isFullCredit":false},{"lineNumber":34,"author":{"gitId":"-"},"content":"    exit 0","lastModifiedDate":"2020-05-25T00:03:55","isFullCredit":false},{"lineNumber":35,"author":{"gitId":"-"},"content":"else","lastModifiedDate":"2020-05-25T00:03:55","isFullCredit":false},{"lineNumber":36,"author":{"gitId":"-"},"content":"    echo \"Test result: FAILED\"","lastModifiedDate":"2020-05-25T00:03:55","isFullCredit":false},{"lineNumber":37,"author":{"gitId":"-"},"content":"    exit 1","lastModifiedDate":"2020-05-25T00:03:55","isFullCredit":false},{"lineNumber":38,"author":{"gitId":"-"},"content":"fi","lastModifiedDate":"2020-05-25T00:03:55","isFullCredit":false}],"authorContributionMap":{"xylonc":1,"-":37}}]
