{"authorDailyContributionsMap":{"xylonc":[{"date":"2025-08-28T00:00:00","commitResults":[{"hash":"cc2aa24d6ee84d039be41eb3e463a1e14c4f93a4","isMergeCommit":false,"messageTitle":"Renaming duke chatbot name","messageBody":"","tags":["level1-0"],"fileTypesAndContributionMap":{"java":{"insertions":19,"deletions":10},"bat":{"insertions":1,"deletions":1},"sh":{"insertions":1,"deletions":1},"md":{"insertions":1,"deletions":1}}},{"hash":"237addeb395608fc9a759ca4e7038266b3206d82","isMergeCommit":false,"messageTitle":"Adding the echo method","messageBody":"","fileTypesAndContributionMap":{"java":{"insertions":14,"deletions":1}}}]},{"date":"2025-08-29T00:00:00","commitResults":[{"hash":"f8635413e40aa3ff1b029c4ca8de632b299c6dfb","isMergeCommit":false,"messageTitle":"Final verison of echo","messageBody":"","tags":["level1-1"],"fileTypesAndContributionMap":{"java":{"insertions":20,"deletions":12}}},{"hash":"812a0e6ec07c3f4e6c001941ab1d146416ccdb77","isMergeCommit":false,"messageTitle":"Added add,list","messageBody":"","tags":["level1-2"],"fileTypesAndContributionMap":{"java":{"insertions":29,"deletions":1}}},{"hash":"f71961b53258e76eefdbd6331d4123e3bc116d13","isMergeCommit":false,"messageTitle":"added in MarkAsDone","messageBody":"","tags":["level1-3"],"fileTypesAndContributionMap":{"java":{"insertions":50,"deletions":4}}}]},{"date":"2025-09-03T00:00:00","commitResults":[{"hash":"143d3a3a51149939057c58b2143729cf4f669b95","isMergeCommit":false,"messageTitle":"adding todo , events and Deadline","messageBody":"","tags":["level1-4"],"fileTypesAndContributionMap":{"java":{"insertions":144,"deletions":77}}}]},{"date":"2025-09-11T00:00:00","commitResults":[{"hash":"ae9b387e5e27f2ebfb0dc66f1c5e513542d8fc82","isMergeCommit":false,"messageTitle":"comitting uncomitted files","messageBody":"","fileTypesAndContributionMap":{"java":{"insertions":25,"deletions":27}}}]},{"date":"2025-09-12T00:00:00","commitResults":[{"hash":"6ae5e3ddfdf5dc5ec148007624d512f8ad2d7c3e","isMergeCommit":false,"messageTitle":"committing master branch to not fast forward","messageBody":"","tags":["level1-5"],"fileTypesAndContributionMap":{"java":{"insertions":21,"deletions":4}}},{"hash":"ede8ceb3b211c45c81279ae21e928a348c18d42a","isMergeCommit":false,"messageTitle":"commiting level1-5","messageBody":"","tags":["level1-5final"],"fileTypesAndContributionMap":{"java":{"insertions":1,"deletions":2}}}]}]},"authorFileTypeContributionMap":{"xylonc":{"java":195,"md":1,"fxml":0,"sh":1,"bat":1,"gradle":0,"txt":0}},"authorContributionVariance":{"xylonc":1728.5267},"authorDisplayNameMap":{"xylonc":"CS2113-W13-2 XYLO..HONG"}}
