{"authorDailyContributionsMap":{"seahsongli":[{"date":"2025-08-20T00:00:00","commitResults":[{"hash":"8828588657e3c2a399d3effd5f0c0f813e91a686","isMergeCommit":false,"messageTitle":"Update name of chatbot and .gitignore","messageBody":"","tags":["Level-0"],"fileTypesAndContributionMap":{"java":{"insertions":15,"deletions":10}}}]},{"date":"2025-08-25T00:00:00","commitResults":[{"hash":"8e2e2f68a3b58c3d545cdb21fd290319ef7b7262","isMergeCommit":false,"messageTitle":"Include option to exit chatbot.","messageBody":"","tags":["Level-2","Level-1"],"fileTypesAndContributionMap":{"java":{"insertions":18,"deletions":2}}},{"hash":"c54928b3f7476d6794e3ff516f3e9e74ad4b0ff8","isMergeCommit":false,"messageTitle":"Store text entered by user","messageBody":"","tags":["Level-3"],"fileTypesAndContributionMap":{"java":{"insertions":18,"deletions":3}}},{"hash":"4f7e8b524e7892ef54cdb9e12ae1046da75246d0","isMergeCommit":false,"messageTitle":"Add option to mark and unmark task as done","messageBody":"","tags":["A-CodingStandard"],"fileTypesAndContributionMap":{"java":{"insertions":51,"deletions":9}}}]}]},"authorFileTypeContributionMap":{"seahsongli":{"java":88,"md":0,"fxml":0,"sh":0,"bat":0,"gradle":0,"txt":0}},"authorContributionVariance":{"seahsongli":552.44446},"authorDisplayNameMap":{"seahsongli":"CS2113-T10-3 SEAH..G LI"}}
