[{"path":"src/main/java/Ian.java","fileType":"java","lines":[{"lineNumber":1,"author":{"gitId":"irw9n"},"content":"import java.util.Scanner;","lastModifiedDate":"2025-09-01T19:54:41","isFullCredit":false},{"lineNumber":2,"author":{"gitId":"irw9n"},"content":"","lastModifiedDate":"2025-09-01T19:54:41","isFullCredit":false},{"lineNumber":3,"author":{"gitId":"irw9n"},"content":"public class Ian {","lastModifiedDate":"2025-09-01T18:32:52","isFullCredit":false},{"lineNumber":4,"author":{"gitId":"irw9n"},"content":"    private static void printSeparator() {","lastModifiedDate":"2025-09-01T20:52:00","isFullCredit":false},{"lineNumber":5,"author":{"gitId":"irw9n"},"content":"        System.out.println(\"____________________________________________________________\");","lastModifiedDate":"2025-09-01T19:54:41","isFullCredit":false},{"lineNumber":6,"author":{"gitId":"irw9n"},"content":"    }","lastModifiedDate":"2025-09-01T19:54:41","isFullCredit":false},{"lineNumber":7,"author":{"gitId":"irw9n"},"content":"","lastModifiedDate":"2025-09-01T19:54:41","isFullCredit":false},{"lineNumber":8,"author":{"gitId":"irw9n"},"content":"    public static void add(String input, String[] list) {","lastModifiedDate":"2025-09-01T20:52:00","isFullCredit":false},{"lineNumber":9,"author":{"gitId":"irw9n"},"content":"        printSeparator();","lastModifiedDate":"2025-09-01T20:52:00","isFullCredit":false},{"lineNumber":10,"author":{"gitId":"irw9n"},"content":"        for (int i \u003d 0; i \u003c list.length; i++) {","lastModifiedDate":"2025-09-01T20:52:00","isFullCredit":false},{"lineNumber":11,"author":{"gitId":"irw9n"},"content":"            if (list[i] \u003d\u003d null) {","lastModifiedDate":"2025-09-01T20:52:00","isFullCredit":false},{"lineNumber":12,"author":{"gitId":"irw9n"},"content":"                list[i] \u003d input;","lastModifiedDate":"2025-09-01T20:52:00","isFullCredit":false},{"lineNumber":13,"author":{"gitId":"irw9n"},"content":"                break;","lastModifiedDate":"2025-09-01T20:52:00","isFullCredit":false},{"lineNumber":14,"author":{"gitId":"irw9n"},"content":"            }","lastModifiedDate":"2025-09-01T20:52:00","isFullCredit":false},{"lineNumber":15,"author":{"gitId":"irw9n"},"content":"        }","lastModifiedDate":"2025-09-01T20:52:00","isFullCredit":false},{"lineNumber":16,"author":{"gitId":"irw9n"},"content":"        System.out.println(\"added: \" + input);","lastModifiedDate":"2025-09-01T20:52:00","isFullCredit":false},{"lineNumber":17,"author":{"gitId":"irw9n"},"content":"        printSeparator();","lastModifiedDate":"2025-09-01T20:52:00","isFullCredit":false},{"lineNumber":18,"author":{"gitId":"irw9n"},"content":"    }","lastModifiedDate":"2025-09-01T20:52:00","isFullCredit":false},{"lineNumber":19,"author":{"gitId":"irw9n"},"content":"","lastModifiedDate":"2025-09-01T20:52:00","isFullCredit":false},{"lineNumber":20,"author":{"gitId":"irw9n"},"content":"    public static void list(String[] list) {","lastModifiedDate":"2025-09-01T20:52:00","isFullCredit":false},{"lineNumber":21,"author":{"gitId":"irw9n"},"content":"        for (int i \u003d 0; i \u003c list.length; i++) {","lastModifiedDate":"2025-09-01T20:52:00","isFullCredit":false},{"lineNumber":22,"author":{"gitId":"irw9n"},"content":"            if (list[i] !\u003d null) {","lastModifiedDate":"2025-09-01T20:52:00","isFullCredit":false},{"lineNumber":23,"author":{"gitId":"irw9n"},"content":"                System.out.println((i + 1) + \". \" + list[i]);","lastModifiedDate":"2025-09-01T20:52:00","isFullCredit":false},{"lineNumber":24,"author":{"gitId":"irw9n"},"content":"            }","lastModifiedDate":"2025-09-01T20:52:00","isFullCredit":false},{"lineNumber":25,"author":{"gitId":"irw9n"},"content":"        }","lastModifiedDate":"2025-09-01T20:52:00","isFullCredit":false},{"lineNumber":26,"author":{"gitId":"irw9n"},"content":"    }","lastModifiedDate":"2025-09-01T20:52:00","isFullCredit":false},{"lineNumber":27,"author":{"gitId":"irw9n"},"content":"","lastModifiedDate":"2025-09-01T20:52:00","isFullCredit":false},{"lineNumber":28,"author":{"gitId":"irw9n"},"content":"    public static void main(String[] args) {","lastModifiedDate":"2025-09-01T18:32:52","isFullCredit":false},{"lineNumber":29,"author":{"gitId":"irw9n"},"content":"","lastModifiedDate":"2025-09-01T18:32:52","isFullCredit":false},{"lineNumber":30,"author":{"gitId":"irw9n"},"content":"        printSeparator();","lastModifiedDate":"2025-09-01T20:52:00","isFullCredit":false},{"lineNumber":31,"author":{"gitId":"irw9n"},"content":"        System.out.println(\"Hello! I\u0027m Ian\");","lastModifiedDate":"2025-09-01T18:32:52","isFullCredit":false},{"lineNumber":32,"author":{"gitId":"irw9n"},"content":"        System.out.println(\"What can I do for you?\");","lastModifiedDate":"2025-09-01T18:32:52","isFullCredit":false},{"lineNumber":33,"author":{"gitId":"irw9n"},"content":"        printSeparator();","lastModifiedDate":"2025-09-01T20:52:00","isFullCredit":false},{"lineNumber":34,"author":{"gitId":"irw9n"},"content":"","lastModifiedDate":"2025-09-01T20:52:00","isFullCredit":false},{"lineNumber":35,"author":{"gitId":"irw9n"},"content":"        String[] List \u003d new String[100];","lastModifiedDate":"2025-09-01T20:52:00","isFullCredit":false},{"lineNumber":36,"author":{"gitId":"irw9n"},"content":"","lastModifiedDate":"2025-09-01T19:54:41","isFullCredit":false},{"lineNumber":37,"author":{"gitId":"irw9n"},"content":"        Scanner scanner \u003d new Scanner(System.in);","lastModifiedDate":"2025-09-01T19:54:41","isFullCredit":false},{"lineNumber":38,"author":{"gitId":"irw9n"},"content":"        String userInput;","lastModifiedDate":"2025-09-01T19:54:41","isFullCredit":false},{"lineNumber":39,"author":{"gitId":"irw9n"},"content":"","lastModifiedDate":"2025-09-01T19:54:41","isFullCredit":false},{"lineNumber":40,"author":{"gitId":"irw9n"},"content":"        do {","lastModifiedDate":"2025-09-01T19:54:41","isFullCredit":false},{"lineNumber":41,"author":{"gitId":"irw9n"},"content":"            userInput \u003d scanner.nextLine();","lastModifiedDate":"2025-09-01T19:54:41","isFullCredit":false},{"lineNumber":42,"author":{"gitId":"irw9n"},"content":"","lastModifiedDate":"2025-09-01T19:54:41","isFullCredit":false},{"lineNumber":43,"author":{"gitId":"irw9n"},"content":"            if (userInput.equals(\"bye\")) {","lastModifiedDate":"2025-09-01T19:54:41","isFullCredit":false},{"lineNumber":44,"author":{"gitId":"irw9n"},"content":"                printSeparator();","lastModifiedDate":"2025-09-01T20:52:00","isFullCredit":false},{"lineNumber":45,"author":{"gitId":"irw9n"},"content":"                System.out.println(\"Bye. Hope to see you again soon!\");","lastModifiedDate":"2025-09-01T18:32:52","isFullCredit":false},{"lineNumber":46,"author":{"gitId":"irw9n"},"content":"                printSeparator();","lastModifiedDate":"2025-09-01T20:52:00","isFullCredit":false},{"lineNumber":47,"author":{"gitId":"irw9n"},"content":"                break;","lastModifiedDate":"2025-09-01T19:54:41","isFullCredit":false},{"lineNumber":48,"author":{"gitId":"irw9n"},"content":"            } else if (userInput.equals(\"list\")) {","lastModifiedDate":"2025-09-01T20:52:00","isFullCredit":false},{"lineNumber":49,"author":{"gitId":"irw9n"},"content":"                list(List);","lastModifiedDate":"2025-09-01T20:52:00","isFullCredit":false},{"lineNumber":50,"author":{"gitId":"irw9n"},"content":"","lastModifiedDate":"2025-09-01T19:54:41","isFullCredit":false},{"lineNumber":51,"author":{"gitId":"irw9n"},"content":"            } else {","lastModifiedDate":"2025-09-01T20:52:00","isFullCredit":false},{"lineNumber":52,"author":{"gitId":"irw9n"},"content":"                add(userInput, List);","lastModifiedDate":"2025-09-01T20:52:00","isFullCredit":false},{"lineNumber":53,"author":{"gitId":"irw9n"},"content":"            }","lastModifiedDate":"2025-09-01T20:52:00","isFullCredit":false},{"lineNumber":54,"author":{"gitId":"irw9n"},"content":"        } while (true);","lastModifiedDate":"2025-09-01T19:54:41","isFullCredit":false},{"lineNumber":55,"author":{"gitId":"irw9n"},"content":"","lastModifiedDate":"2025-09-01T19:54:41","isFullCredit":false},{"lineNumber":56,"author":{"gitId":"irw9n"},"content":"","lastModifiedDate":"2025-09-01T20:52:00","isFullCredit":false},{"lineNumber":57,"author":{"gitId":"irw9n"},"content":"        scanner.close();","lastModifiedDate":"2025-09-01T19:54:41","isFullCredit":false},{"lineNumber":58,"author":{"gitId":"irw9n"},"content":"","lastModifiedDate":"2025-09-01T19:54:41","isFullCredit":false},{"lineNumber":59,"author":{"gitId":"irw9n"},"content":"    }","lastModifiedDate":"2025-09-01T18:32:52","isFullCredit":false},{"lineNumber":60,"author":{"gitId":"irw9n"},"content":"}","lastModifiedDate":"2025-09-01T18:32:52","isFullCredit":false}],"authorContributionMap":{"irw9n":60}}]
