[{"path":"src/main/java/Deadline.java","fileType":"java","lines":[{"lineNumber":1,"author":{"gitId":"irw9n"},"content":"public class Deadline extends Task {","lastModifiedDate":"2025-09-04T20:27:08","isFullCredit":false},{"lineNumber":2,"author":{"gitId":"irw9n"},"content":"","lastModifiedDate":"2025-09-04T20:27:08","isFullCredit":false},{"lineNumber":3,"author":{"gitId":"irw9n"},"content":"    protected String by;","lastModifiedDate":"2025-09-04T20:27:08","isFullCredit":false},{"lineNumber":4,"author":{"gitId":"irw9n"},"content":"","lastModifiedDate":"2025-09-04T20:27:08","isFullCredit":false},{"lineNumber":5,"author":{"gitId":"irw9n"},"content":"    public Deadline(String description, String by, String symbol) {","lastModifiedDate":"2025-09-04T20:27:08","isFullCredit":false},{"lineNumber":6,"author":{"gitId":"irw9n"},"content":"        super(description, symbol);","lastModifiedDate":"2025-09-04T20:27:08","isFullCredit":false},{"lineNumber":7,"author":{"gitId":"irw9n"},"content":"        this.by \u003d by;","lastModifiedDate":"2025-09-04T20:27:08","isFullCredit":false},{"lineNumber":8,"author":{"gitId":"irw9n"},"content":"    }","lastModifiedDate":"2025-09-04T20:27:08","isFullCredit":false},{"lineNumber":9,"author":{"gitId":"irw9n"},"content":"","lastModifiedDate":"2025-09-04T20:27:08","isFullCredit":false},{"lineNumber":10,"author":{"gitId":"irw9n"},"content":"    @Override","lastModifiedDate":"2025-09-04T20:27:08","isFullCredit":false},{"lineNumber":11,"author":{"gitId":"irw9n"},"content":"    public String toString() {","lastModifiedDate":"2025-09-04T20:27:08","isFullCredit":false},{"lineNumber":12,"author":{"gitId":"irw9n"},"content":"        return super.toString() + \" (by: \" + by + \")\";","lastModifiedDate":"2025-09-04T20:27:08","isFullCredit":false},{"lineNumber":13,"author":{"gitId":"irw9n"},"content":"    }","lastModifiedDate":"2025-09-04T20:27:08","isFullCredit":false},{"lineNumber":14,"author":{"gitId":"irw9n"},"content":"}","lastModifiedDate":"2025-09-04T20:27:08","isFullCredit":false}],"authorContributionMap":{"irw9n":14}},{"path":"src/main/java/Event.java","fileType":"java","lines":[{"lineNumber":1,"author":{"gitId":"irw9n"},"content":"public class Event extends Task {","lastModifiedDate":"2025-09-04T20:27:08","isFullCredit":false},{"lineNumber":2,"author":{"gitId":"irw9n"},"content":"","lastModifiedDate":"2025-09-04T20:27:08","isFullCredit":false},{"lineNumber":3,"author":{"gitId":"irw9n"},"content":"    protected String from;","lastModifiedDate":"2025-09-04T20:27:08","isFullCredit":false},{"lineNumber":4,"author":{"gitId":"irw9n"},"content":"    protected String to;","lastModifiedDate":"2025-09-04T20:27:08","isFullCredit":false},{"lineNumber":5,"author":{"gitId":"irw9n"},"content":"","lastModifiedDate":"2025-09-04T20:27:08","isFullCredit":false},{"lineNumber":6,"author":{"gitId":"irw9n"},"content":"    public Event(String description, String from, String to, String symbol) {","lastModifiedDate":"2025-09-04T20:27:08","isFullCredit":false},{"lineNumber":7,"author":{"gitId":"irw9n"},"content":"        super(description, symbol);","lastModifiedDate":"2025-09-04T20:27:08","isFullCredit":false},{"lineNumber":8,"author":{"gitId":"irw9n"},"content":"        this.from \u003d from;","lastModifiedDate":"2025-09-04T20:27:08","isFullCredit":false},{"lineNumber":9,"author":{"gitId":"irw9n"},"content":"        this.to \u003d to;","lastModifiedDate":"2025-09-04T20:27:08","isFullCredit":false},{"lineNumber":10,"author":{"gitId":"irw9n"},"content":"    }","lastModifiedDate":"2025-09-04T20:27:08","isFullCredit":false},{"lineNumber":11,"author":{"gitId":"irw9n"},"content":"","lastModifiedDate":"2025-09-04T20:27:08","isFullCredit":false},{"lineNumber":12,"author":{"gitId":"irw9n"},"content":"    @Override","lastModifiedDate":"2025-09-04T20:27:08","isFullCredit":false},{"lineNumber":13,"author":{"gitId":"irw9n"},"content":"    public String toString() {","lastModifiedDate":"2025-09-04T20:27:08","isFullCredit":false},{"lineNumber":14,"author":{"gitId":"irw9n"},"content":"        return super.toString() + \" (from: \" + from + \"to: \" + to + \")\";","lastModifiedDate":"2025-09-04T20:27:08","isFullCredit":false},{"lineNumber":15,"author":{"gitId":"irw9n"},"content":"    }","lastModifiedDate":"2025-09-04T20:27:08","isFullCredit":false},{"lineNumber":16,"author":{"gitId":"irw9n"},"content":"}","lastModifiedDate":"2025-09-04T20:27:08","isFullCredit":false}],"authorContributionMap":{"irw9n":16}},{"path":"src/main/java/Ian.java","fileType":"java","lines":[{"lineNumber":1,"author":{"gitId":"irw9n"},"content":"import java.util.Scanner;","lastModifiedDate":"2025-09-01T19:54:41","isFullCredit":false},{"lineNumber":2,"author":{"gitId":"irw9n"},"content":"","lastModifiedDate":"2025-09-01T19:54:41","isFullCredit":false},{"lineNumber":3,"author":{"gitId":"irw9n"},"content":"public class Ian {","lastModifiedDate":"2025-09-01T18:32:52","isFullCredit":false},{"lineNumber":4,"author":{"gitId":"irw9n"},"content":"    private static void printSeparator() {","lastModifiedDate":"2025-09-01T20:52:00","isFullCredit":false},{"lineNumber":5,"author":{"gitId":"irw9n"},"content":"        System.out.println(\"____________________________________________________________\");","lastModifiedDate":"2025-09-01T19:54:41","isFullCredit":false},{"lineNumber":6,"author":{"gitId":"irw9n"},"content":"    }","lastModifiedDate":"2025-09-01T19:54:41","isFullCredit":false},{"lineNumber":7,"author":{"gitId":"irw9n"},"content":"","lastModifiedDate":"2025-09-01T19:54:41","isFullCredit":false},{"lineNumber":8,"author":{"gitId":"irw9n"},"content":"    public static void mark_or_unmark(Boolean toMark, String input, Task[] tasks) {","lastModifiedDate":"2025-09-01T22:59:32","isFullCredit":false},{"lineNumber":9,"author":{"gitId":"irw9n"},"content":"        char lastChar \u003d input.charAt(input.length() - 1);","lastModifiedDate":"2025-09-01T22:59:32","isFullCredit":false},{"lineNumber":10,"author":{"gitId":"irw9n"},"content":"        int  index \u003d (Integer.parseInt(String.valueOf(lastChar))) - 1;","lastModifiedDate":"2025-09-01T22:59:32","isFullCredit":false},{"lineNumber":11,"author":{"gitId":"irw9n"},"content":"        tasks[index].isDone \u003d toMark;","lastModifiedDate":"2025-09-01T22:59:32","isFullCredit":false},{"lineNumber":12,"author":{"gitId":"irw9n"},"content":"        String output \u003d toMark ? \"done\" : \"not done yet\";","lastModifiedDate":"2025-09-01T22:59:32","isFullCredit":false},{"lineNumber":13,"author":{"gitId":"irw9n"},"content":"        printSeparator();","lastModifiedDate":"2025-09-01T22:59:32","isFullCredit":false},{"lineNumber":14,"author":{"gitId":"irw9n"},"content":"        System.out.println(\"Nice! I\u0027ve marked this task as \" + output + \":\");","lastModifiedDate":"2025-09-01T22:59:32","isFullCredit":false},{"lineNumber":15,"author":{"gitId":"irw9n"},"content":"        System.out.println(\"  [\" + tasks[index].getStatusIcon() + \"] \" + tasks[index].description);","lastModifiedDate":"2025-09-01T22:59:32","isFullCredit":false},{"lineNumber":16,"author":{"gitId":"irw9n"},"content":"        printSeparator();","lastModifiedDate":"2025-09-01T22:59:32","isFullCredit":false},{"lineNumber":17,"author":{"gitId":"irw9n"},"content":"    }","lastModifiedDate":"2025-09-01T22:59:32","isFullCredit":false},{"lineNumber":18,"author":{"gitId":"irw9n"},"content":"","lastModifiedDate":"2025-09-01T22:59:32","isFullCredit":false},{"lineNumber":19,"author":{"gitId":"irw9n"},"content":"    public static int event(String input, Task[] tasks, int listSize) {","lastModifiedDate":"2025-09-04T20:27:08","isFullCredit":false},{"lineNumber":20,"author":{"gitId":"irw9n"},"content":"        String[] inputParts \u003d input.split(\"/from|/to\");","lastModifiedDate":"2025-09-04T20:27:08","isFullCredit":false},{"lineNumber":21,"author":{"gitId":"irw9n"},"content":"        String symbol \u003d \"[E]\";","lastModifiedDate":"2025-09-04T20:27:08","isFullCredit":false},{"lineNumber":22,"author":{"gitId":"irw9n"},"content":"        printSeparator();","lastModifiedDate":"2025-09-01T20:52:00","isFullCredit":false},{"lineNumber":23,"author":{"gitId":"irw9n"},"content":"        tasks[listSize] \u003d new Event(inputParts[0], inputParts[1], inputParts[2], symbol);","lastModifiedDate":"2025-09-04T20:27:08","isFullCredit":false},{"lineNumber":24,"author":{"gitId":"irw9n"},"content":"        System.out.println(\"Got it. I\u0027ve added this task:\");","lastModifiedDate":"2025-09-04T20:27:08","isFullCredit":false},{"lineNumber":25,"author":{"gitId":"irw9n"},"content":"        System.out.println(\"  \" + tasks[listSize].toString());","lastModifiedDate":"2025-09-04T20:27:08","isFullCredit":false},{"lineNumber":26,"author":{"gitId":"irw9n"},"content":"        System.out.println(\"Now you have \" + (listSize + 1) + \" \" + (listSize \u003d\u003d 0 ? \"task\" : \"tasks\") + \" in the list.\");","lastModifiedDate":"2025-09-04T20:27:08","isFullCredit":false},{"lineNumber":27,"author":{"gitId":"irw9n"},"content":"        return listSize + 1;","lastModifiedDate":"2025-09-04T20:27:08","isFullCredit":false},{"lineNumber":28,"author":{"gitId":"irw9n"},"content":"    }","lastModifiedDate":"2025-09-01T20:52:00","isFullCredit":false},{"lineNumber":29,"author":{"gitId":"irw9n"},"content":"","lastModifiedDate":"2025-09-04T20:27:08","isFullCredit":false},{"lineNumber":30,"author":{"gitId":"irw9n"},"content":"    public static int deadline(String input, Task[] tasks, int listSize) {","lastModifiedDate":"2025-09-04T20:27:08","isFullCredit":false},{"lineNumber":31,"author":{"gitId":"irw9n"},"content":"        String[] inputParts \u003d input.split(\"/by\");","lastModifiedDate":"2025-09-04T20:27:08","isFullCredit":false},{"lineNumber":32,"author":{"gitId":"irw9n"},"content":"        String symbol \u003d \"[D]\";","lastModifiedDate":"2025-09-04T20:27:08","isFullCredit":false},{"lineNumber":33,"author":{"gitId":"irw9n"},"content":"        printSeparator();","lastModifiedDate":"2025-09-04T20:27:08","isFullCredit":false},{"lineNumber":34,"author":{"gitId":"irw9n"},"content":"        tasks[listSize] \u003d new Deadline(inputParts[0], inputParts[1], symbol);","lastModifiedDate":"2025-09-04T20:27:08","isFullCredit":false},{"lineNumber":35,"author":{"gitId":"irw9n"},"content":"        System.out.println(\"Got it. I\u0027ve added this task:\");","lastModifiedDate":"2025-09-04T20:27:08","isFullCredit":false},{"lineNumber":36,"author":{"gitId":"irw9n"},"content":"        System.out.println(\"  \" + tasks[listSize].toString());","lastModifiedDate":"2025-09-04T20:27:08","isFullCredit":false},{"lineNumber":37,"author":{"gitId":"irw9n"},"content":"        System.out.println(\"Now you have \" + (listSize + 1) + \" \" + (listSize \u003d\u003d 0 ? \"task\" : \"tasks\") + \" in the list.\");","lastModifiedDate":"2025-09-04T20:27:08","isFullCredit":false},{"lineNumber":38,"author":{"gitId":"irw9n"},"content":"        return listSize + 1;","lastModifiedDate":"2025-09-04T20:27:08","isFullCredit":false},{"lineNumber":39,"author":{"gitId":"irw9n"},"content":"    }","lastModifiedDate":"2025-09-01T20:52:00","isFullCredit":false},{"lineNumber":40,"author":{"gitId":"irw9n"},"content":"","lastModifiedDate":"2025-09-04T20:27:08","isFullCredit":false},{"lineNumber":41,"author":{"gitId":"irw9n"},"content":"    public static int toDo(String input, Task[] tasks, int listSize) {","lastModifiedDate":"2025-09-04T20:27:08","isFullCredit":false},{"lineNumber":42,"author":{"gitId":"irw9n"},"content":"        String symbol \u003d \"[T]\";","lastModifiedDate":"2025-09-04T20:27:08","isFullCredit":false},{"lineNumber":43,"author":{"gitId":"irw9n"},"content":"        printSeparator();","lastModifiedDate":"2025-09-01T20:52:00","isFullCredit":false},{"lineNumber":44,"author":{"gitId":"irw9n"},"content":"        tasks[listSize] \u003d new Todo(input, symbol);","lastModifiedDate":"2025-09-04T20:27:08","isFullCredit":false},{"lineNumber":45,"author":{"gitId":"irw9n"},"content":"        System.out.println(\"Got it. I\u0027ve added this task:\");","lastModifiedDate":"2025-09-04T20:27:08","isFullCredit":false},{"lineNumber":46,"author":{"gitId":"irw9n"},"content":"        System.out.println(\"  \" + tasks[listSize].toString());","lastModifiedDate":"2025-09-04T20:27:08","isFullCredit":false},{"lineNumber":47,"author":{"gitId":"irw9n"},"content":"        System.out.println(\"Now you have \" + (listSize + 1) + \" \" + (listSize \u003d\u003d 0 ? \"task\" : \"tasks\") + \" in the list.\");","lastModifiedDate":"2025-09-04T20:27:08","isFullCredit":false},{"lineNumber":48,"author":{"gitId":"irw9n"},"content":"        return listSize + 1;","lastModifiedDate":"2025-09-04T20:27:08","isFullCredit":false},{"lineNumber":49,"author":{"gitId":"irw9n"},"content":"    }","lastModifiedDate":"2025-09-01T20:52:00","isFullCredit":false},{"lineNumber":50,"author":{"gitId":"irw9n"},"content":"","lastModifiedDate":"2025-09-01T20:52:00","isFullCredit":false},{"lineNumber":51,"author":{"gitId":"irw9n"},"content":"    public static void list(Task[] tasks, int listSize) {","lastModifiedDate":"2025-09-04T20:27:08","isFullCredit":false},{"lineNumber":52,"author":{"gitId":"irw9n"},"content":"        for (int i \u003d 0; i \u003c listSize; i++) {","lastModifiedDate":"2025-09-04T20:27:08","isFullCredit":false},{"lineNumber":53,"author":{"gitId":"irw9n"},"content":"            if (tasks[i] !\u003d null) {","lastModifiedDate":"2025-09-01T22:59:32","isFullCredit":false},{"lineNumber":54,"author":{"gitId":"irw9n"},"content":"                if (i \u003d\u003d 0) {","lastModifiedDate":"2025-09-01T22:59:32","isFullCredit":false},{"lineNumber":55,"author":{"gitId":"irw9n"},"content":"                    printSeparator();","lastModifiedDate":"2025-09-01T22:59:32","isFullCredit":false},{"lineNumber":56,"author":{"gitId":"irw9n"},"content":"                    System.out.println(\"Here are the tasks in your list:\");","lastModifiedDate":"2025-09-01T22:59:32","isFullCredit":false},{"lineNumber":57,"author":{"gitId":"irw9n"},"content":"                }","lastModifiedDate":"2025-09-01T22:59:32","isFullCredit":false},{"lineNumber":58,"author":{"gitId":"irw9n"},"content":"                System.out.println((i + 1)+ \". \" + tasks[i].toString());","lastModifiedDate":"2025-09-04T20:27:08","isFullCredit":false},{"lineNumber":59,"author":{"gitId":"irw9n"},"content":"            }","lastModifiedDate":"2025-09-01T22:59:32","isFullCredit":false},{"lineNumber":60,"author":{"gitId":"irw9n"},"content":"        }","lastModifiedDate":"2025-09-01T20:52:00","isFullCredit":false},{"lineNumber":61,"author":{"gitId":"irw9n"},"content":"        if (listSize \u003e 0) {","lastModifiedDate":"2025-09-04T20:27:08","isFullCredit":false},{"lineNumber":62,"author":{"gitId":"irw9n"},"content":"            printSeparator();","lastModifiedDate":"2025-09-04T20:27:08","isFullCredit":false},{"lineNumber":63,"author":{"gitId":"irw9n"},"content":"        }","lastModifiedDate":"2025-09-01T20:52:00","isFullCredit":false},{"lineNumber":64,"author":{"gitId":"irw9n"},"content":"    }","lastModifiedDate":"2025-09-01T20:52:00","isFullCredit":false},{"lineNumber":65,"author":{"gitId":"irw9n"},"content":"","lastModifiedDate":"2025-09-01T20:52:00","isFullCredit":false},{"lineNumber":66,"author":{"gitId":"irw9n"},"content":"    public static void main(String[] args) {","lastModifiedDate":"2025-09-01T18:32:52","isFullCredit":false},{"lineNumber":67,"author":{"gitId":"irw9n"},"content":"","lastModifiedDate":"2025-09-01T18:32:52","isFullCredit":false},{"lineNumber":68,"author":{"gitId":"irw9n"},"content":"        printSeparator();","lastModifiedDate":"2025-09-01T20:52:00","isFullCredit":false},{"lineNumber":69,"author":{"gitId":"irw9n"},"content":"        System.out.println(\"Hello! I\u0027m Ian\");","lastModifiedDate":"2025-09-01T18:32:52","isFullCredit":false},{"lineNumber":70,"author":{"gitId":"irw9n"},"content":"        System.out.println(\"What can I do for you?\");","lastModifiedDate":"2025-09-01T18:32:52","isFullCredit":false},{"lineNumber":71,"author":{"gitId":"irw9n"},"content":"        printSeparator();","lastModifiedDate":"2025-09-01T20:52:00","isFullCredit":false},{"lineNumber":72,"author":{"gitId":"irw9n"},"content":"","lastModifiedDate":"2025-09-01T20:52:00","isFullCredit":false},{"lineNumber":73,"author":{"gitId":"irw9n"},"content":"        int listSize \u003d 0;","lastModifiedDate":"2025-09-04T20:27:08","isFullCredit":false},{"lineNumber":74,"author":{"gitId":"irw9n"},"content":"","lastModifiedDate":"2025-09-04T20:27:08","isFullCredit":false},{"lineNumber":75,"author":{"gitId":"irw9n"},"content":"        Task[] tasks \u003d new Task[100];","lastModifiedDate":"2025-09-01T22:59:32","isFullCredit":false},{"lineNumber":76,"author":{"gitId":"irw9n"},"content":"","lastModifiedDate":"2025-09-01T19:54:41","isFullCredit":false},{"lineNumber":77,"author":{"gitId":"irw9n"},"content":"        Scanner scanner \u003d new Scanner(System.in);","lastModifiedDate":"2025-09-01T19:54:41","isFullCredit":false},{"lineNumber":78,"author":{"gitId":"irw9n"},"content":"        String userInput;","lastModifiedDate":"2025-09-01T19:54:41","isFullCredit":false},{"lineNumber":79,"author":{"gitId":"irw9n"},"content":"","lastModifiedDate":"2025-09-01T19:54:41","isFullCredit":false},{"lineNumber":80,"author":{"gitId":"irw9n"},"content":"        do {","lastModifiedDate":"2025-09-01T19:54:41","isFullCredit":false},{"lineNumber":81,"author":{"gitId":"irw9n"},"content":"            userInput \u003d scanner.nextLine();","lastModifiedDate":"2025-09-01T19:54:41","isFullCredit":false},{"lineNumber":82,"author":{"gitId":"irw9n"},"content":"","lastModifiedDate":"2025-09-01T19:54:41","isFullCredit":false},{"lineNumber":83,"author":{"gitId":"irw9n"},"content":"            if (userInput.equals(\"bye\")) {","lastModifiedDate":"2025-09-01T19:54:41","isFullCredit":false},{"lineNumber":84,"author":{"gitId":"irw9n"},"content":"                printSeparator();","lastModifiedDate":"2025-09-01T20:52:00","isFullCredit":false},{"lineNumber":85,"author":{"gitId":"irw9n"},"content":"                System.out.println(\"Bye. Hope to see you again soon!\");","lastModifiedDate":"2025-09-01T18:32:52","isFullCredit":false},{"lineNumber":86,"author":{"gitId":"irw9n"},"content":"                printSeparator();","lastModifiedDate":"2025-09-01T20:52:00","isFullCredit":false},{"lineNumber":87,"author":{"gitId":"irw9n"},"content":"                break;","lastModifiedDate":"2025-09-01T19:54:41","isFullCredit":false},{"lineNumber":88,"author":{"gitId":"irw9n"},"content":"            } else if (userInput.equals(\"list\")) {","lastModifiedDate":"2025-09-01T20:52:00","isFullCredit":false},{"lineNumber":89,"author":{"gitId":"irw9n"},"content":"                list(tasks, listSize);","lastModifiedDate":"2025-09-04T20:27:08","isFullCredit":false},{"lineNumber":90,"author":{"gitId":"irw9n"},"content":"            } else if (userInput.contains(\"mark\")) {","lastModifiedDate":"2025-09-01T22:59:32","isFullCredit":false},{"lineNumber":91,"author":{"gitId":"irw9n"},"content":"                mark_or_unmark(!userInput.contains(\"unmark\"), userInput, tasks);","lastModifiedDate":"2025-09-01T22:59:32","isFullCredit":false},{"lineNumber":92,"author":{"gitId":"irw9n"},"content":"            } else if (userInput.contains(\"deadline\")) {","lastModifiedDate":"2025-09-04T20:27:08","isFullCredit":false},{"lineNumber":93,"author":{"gitId":"irw9n"},"content":"                listSize \u003d deadline(userInput, tasks, listSize);","lastModifiedDate":"2025-09-04T20:27:08","isFullCredit":false},{"lineNumber":94,"author":{"gitId":"irw9n"},"content":"            } else if  (userInput.contains(\"todo\")) {","lastModifiedDate":"2025-09-04T20:27:08","isFullCredit":false},{"lineNumber":95,"author":{"gitId":"irw9n"},"content":"                listSize \u003d toDo(userInput, tasks, listSize);","lastModifiedDate":"2025-09-04T20:27:08","isFullCredit":false},{"lineNumber":96,"author":{"gitId":"irw9n"},"content":"            } else if (userInput.contains(\"event\")) {","lastModifiedDate":"2025-09-04T20:27:08","isFullCredit":false},{"lineNumber":97,"author":{"gitId":"irw9n"},"content":"                listSize \u003d event(userInput, tasks, listSize);","lastModifiedDate":"2025-09-04T20:27:08","isFullCredit":false},{"lineNumber":98,"author":{"gitId":"irw9n"},"content":"            }","lastModifiedDate":"2025-09-01T20:52:00","isFullCredit":false},{"lineNumber":99,"author":{"gitId":"irw9n"},"content":"        } while (true);","lastModifiedDate":"2025-09-01T19:54:41","isFullCredit":false},{"lineNumber":100,"author":{"gitId":"irw9n"},"content":"","lastModifiedDate":"2025-09-01T19:54:41","isFullCredit":false},{"lineNumber":101,"author":{"gitId":"irw9n"},"content":"        scanner.close();","lastModifiedDate":"2025-09-01T19:54:41","isFullCredit":false},{"lineNumber":102,"author":{"gitId":"irw9n"},"content":"","lastModifiedDate":"2025-09-01T19:54:41","isFullCredit":false},{"lineNumber":103,"author":{"gitId":"irw9n"},"content":"    }","lastModifiedDate":"2025-09-01T18:32:52","isFullCredit":false},{"lineNumber":104,"author":{"gitId":"irw9n"},"content":"}","lastModifiedDate":"2025-09-01T18:32:52","isFullCredit":false}],"authorContributionMap":{"irw9n":104}},{"path":"src/main/java/Task.java","fileType":"java","lines":[{"lineNumber":1,"author":{"gitId":"irw9n"},"content":"public class Task {","lastModifiedDate":"2025-09-01T22:59:32","isFullCredit":false},{"lineNumber":2,"author":{"gitId":"irw9n"},"content":"    protected String description;","lastModifiedDate":"2025-09-01T22:59:32","isFullCredit":false},{"lineNumber":3,"author":{"gitId":"irw9n"},"content":"    protected boolean isDone;","lastModifiedDate":"2025-09-01T22:59:32","isFullCredit":false},{"lineNumber":4,"author":{"gitId":"irw9n"},"content":"    protected String symbol;","lastModifiedDate":"2025-09-04T20:27:08","isFullCredit":false},{"lineNumber":5,"author":{"gitId":"irw9n"},"content":"","lastModifiedDate":"2025-09-01T22:59:32","isFullCredit":false},{"lineNumber":6,"author":{"gitId":"irw9n"},"content":"    public Task(String description,  String symbol) {","lastModifiedDate":"2025-09-04T20:27:08","isFullCredit":false},{"lineNumber":7,"author":{"gitId":"irw9n"},"content":"        this.description \u003d description;","lastModifiedDate":"2025-09-01T22:59:32","isFullCredit":false},{"lineNumber":8,"author":{"gitId":"irw9n"},"content":"        this.isDone \u003d false;","lastModifiedDate":"2025-09-01T22:59:32","isFullCredit":false},{"lineNumber":9,"author":{"gitId":"irw9n"},"content":"        this.symbol \u003d symbol;","lastModifiedDate":"2025-09-04T20:27:08","isFullCredit":false},{"lineNumber":10,"author":{"gitId":"irw9n"},"content":"    }","lastModifiedDate":"2025-09-01T22:59:32","isFullCredit":false},{"lineNumber":11,"author":{"gitId":"irw9n"},"content":"","lastModifiedDate":"2025-09-01T22:59:32","isFullCredit":false},{"lineNumber":12,"author":{"gitId":"irw9n"},"content":"    public String getStatusIcon() {","lastModifiedDate":"2025-09-01T22:59:32","isFullCredit":false},{"lineNumber":13,"author":{"gitId":"irw9n"},"content":"        return (isDone ? \"X\" : \" \"); // mark done task with X","lastModifiedDate":"2025-09-01T22:59:32","isFullCredit":false},{"lineNumber":14,"author":{"gitId":"irw9n"},"content":"    }","lastModifiedDate":"2025-09-01T22:59:32","isFullCredit":false},{"lineNumber":15,"author":{"gitId":"irw9n"},"content":"","lastModifiedDate":"2025-09-04T20:27:08","isFullCredit":false},{"lineNumber":16,"author":{"gitId":"irw9n"},"content":"    @Override","lastModifiedDate":"2025-09-04T20:27:08","isFullCredit":false},{"lineNumber":17,"author":{"gitId":"irw9n"},"content":"    public String toString() {","lastModifiedDate":"2025-09-04T20:27:08","isFullCredit":false},{"lineNumber":18,"author":{"gitId":"irw9n"},"content":"        return this.symbol + \"[\" + getStatusIcon() + \"] \" + this.description;","lastModifiedDate":"2025-09-04T20:27:08","isFullCredit":false},{"lineNumber":19,"author":{"gitId":"irw9n"},"content":"    }","lastModifiedDate":"2025-09-04T20:27:08","isFullCredit":false},{"lineNumber":20,"author":{"gitId":"irw9n"},"content":"}","lastModifiedDate":"2025-09-01T22:59:32","isFullCredit":false}],"authorContributionMap":{"irw9n":20}},{"path":"src/main/java/Todo.java","fileType":"java","lines":[{"lineNumber":1,"author":{"gitId":"irw9n"},"content":"public class Todo extends Task {","lastModifiedDate":"2025-09-04T20:27:08","isFullCredit":false},{"lineNumber":2,"author":{"gitId":"irw9n"},"content":"","lastModifiedDate":"2025-09-04T20:27:08","isFullCredit":false},{"lineNumber":3,"author":{"gitId":"irw9n"},"content":"    public Todo(String description, String symbol) {","lastModifiedDate":"2025-09-04T20:27:08","isFullCredit":false},{"lineNumber":4,"author":{"gitId":"irw9n"},"content":"        super(description, symbol);","lastModifiedDate":"2025-09-04T20:27:08","isFullCredit":false},{"lineNumber":5,"author":{"gitId":"irw9n"},"content":"    }","lastModifiedDate":"2025-09-04T20:27:08","isFullCredit":false},{"lineNumber":6,"author":{"gitId":"irw9n"},"content":"","lastModifiedDate":"2025-09-04T20:27:08","isFullCredit":false},{"lineNumber":7,"author":{"gitId":"irw9n"},"content":"    @Override","lastModifiedDate":"2025-09-04T20:27:08","isFullCredit":false},{"lineNumber":8,"author":{"gitId":"irw9n"},"content":"    public String toString() {","lastModifiedDate":"2025-09-04T20:27:08","isFullCredit":false},{"lineNumber":9,"author":{"gitId":"irw9n"},"content":"        return super.toString();","lastModifiedDate":"2025-09-04T20:27:08","isFullCredit":false},{"lineNumber":10,"author":{"gitId":"irw9n"},"content":"    }","lastModifiedDate":"2025-09-04T20:27:08","isFullCredit":false},{"lineNumber":11,"author":{"gitId":"irw9n"},"content":"}","lastModifiedDate":"2025-09-04T20:27:08","isFullCredit":false}],"authorContributionMap":{"irw9n":11}}]
