{"authorDailyContributionsMap":{"irw9n":[{"date":"2025-09-01T00:00:00","commitResults":[{"hash":"79e1b7d396b6162de1deef32a426fecaf2b80463","isMergeCommit":false,"messageTitle":"iP Level-0","messageBody":"","tags":["Level-0"],"fileTypesAndContributionMap":{"java":{"insertions":10,"deletions":10}}},{"hash":"3b73f72574a5bf1b9967eec06ac65d4e1a4c196f","isMergeCommit":false,"messageTitle":"iP Level-1","messageBody":"","tags":["Level-1"],"fileTypesAndContributionMap":{"java":{"insertions":29,"deletions":2}}},{"hash":"780a07e43f53f874f65624e6b10b9973f1572e6b","isMergeCommit":false,"messageTitle":"iP Level-2","messageBody":"","tags":["Level-2"],"fileTypesAndContributionMap":{"java":{"insertions":33,"deletions":10}}},{"hash":"aa957233a9584def6c678ac099526c51c6615e7f","isMergeCommit":false,"messageTitle":"iP Level-3","messageBody":"","tags":["Level-3"],"fileTypesAndContributionMap":{"java":{"insertions":47,"deletions":12}}}]}]},"authorFileTypeContributionMap":{"irw9n":{"java":95,"md":0,"fxml":0,"sh":0,"bat":0,"gradle":0,"txt":0}},"authorContributionVariance":{"irw9n":898.90564},"authorDisplayNameMap":{"irw9n":"CS2113-W10-1 IRWA..NOOR"}}
