[{"path":"docs/README.md","fileType":"md","lines":[{"lineNumber":1,"author":{"gitId":"ZT712002"},"content":"# Joebot666 User Guide","lastModifiedDate":"2025-08-23T13:40:35","isFullCredit":false},{"lineNumber":2,"author":{"gitId":"-"},"content":"","lastModifiedDate":"2019-07-29T17:14:46","isFullCredit":false},{"lineNumber":3,"author":{"gitId":"-"},"content":"// Update the title above to match the actual product name","lastModifiedDate":"2024-01-07T18:33:52","isFullCredit":false},{"lineNumber":4,"author":{"gitId":"-"},"content":"","lastModifiedDate":"2019-07-29T17:14:46","isFullCredit":false},{"lineNumber":5,"author":{"gitId":"-"},"content":"// Product screenshot goes here","lastModifiedDate":"2024-01-07T18:33:52","isFullCredit":false},{"lineNumber":6,"author":{"gitId":"-"},"content":"","lastModifiedDate":"2021-07-17T16:49:07","isFullCredit":false},{"lineNumber":7,"author":{"gitId":"-"},"content":"// Product intro goes here","lastModifiedDate":"2024-01-07T18:33:52","isFullCredit":false},{"lineNumber":8,"author":{"gitId":"-"},"content":"","lastModifiedDate":"2021-07-17T16:49:07","isFullCredit":false},{"lineNumber":9,"author":{"gitId":"-"},"content":"## Adding deadlines","lastModifiedDate":"2024-01-07T18:33:52","isFullCredit":false},{"lineNumber":10,"author":{"gitId":"-"},"content":"","lastModifiedDate":"2021-07-17T16:49:07","isFullCredit":false},{"lineNumber":11,"author":{"gitId":"-"},"content":"// Describe the action and its outcome.","lastModifiedDate":"2024-01-07T18:33:52","isFullCredit":false},{"lineNumber":12,"author":{"gitId":"-"},"content":"","lastModifiedDate":"2019-07-29T17:14:46","isFullCredit":false},{"lineNumber":13,"author":{"gitId":"-"},"content":"// Give examples of usage","lastModifiedDate":"2024-01-07T18:33:52","isFullCredit":false},{"lineNumber":14,"author":{"gitId":"-"},"content":"","lastModifiedDate":"2019-07-29T17:14:46","isFullCredit":false},{"lineNumber":15,"author":{"gitId":"-"},"content":"Example: `keyword (optional arguments)`","lastModifiedDate":"2024-01-07T18:33:52","isFullCredit":false},{"lineNumber":16,"author":{"gitId":"-"},"content":"","lastModifiedDate":"2019-07-29T17:14:46","isFullCredit":false},{"lineNumber":17,"author":{"gitId":"-"},"content":"// A description of the expected outcome goes here","lastModifiedDate":"2024-01-07T18:33:52","isFullCredit":false},{"lineNumber":18,"author":{"gitId":"-"},"content":"","lastModifiedDate":"2019-07-29T17:14:46","isFullCredit":false},{"lineNumber":19,"author":{"gitId":"-"},"content":"```","lastModifiedDate":"2024-01-07T18:33:52","isFullCredit":false},{"lineNumber":20,"author":{"gitId":"-"},"content":"expected output","lastModifiedDate":"2024-01-07T18:33:52","isFullCredit":false},{"lineNumber":21,"author":{"gitId":"-"},"content":"```","lastModifiedDate":"2024-01-07T18:33:52","isFullCredit":false},{"lineNumber":22,"author":{"gitId":"-"},"content":"","lastModifiedDate":"2019-07-29T17:14:46","isFullCredit":false},{"lineNumber":23,"author":{"gitId":"-"},"content":"## Feature ABC","lastModifiedDate":"2024-01-07T18:33:52","isFullCredit":false},{"lineNumber":24,"author":{"gitId":"-"},"content":"","lastModifiedDate":"2019-07-29T17:14:46","isFullCredit":false},{"lineNumber":25,"author":{"gitId":"-"},"content":"// Feature details","lastModifiedDate":"2024-01-07T18:33:52","isFullCredit":false},{"lineNumber":26,"author":{"gitId":"-"},"content":"","lastModifiedDate":"2019-07-29T17:14:46","isFullCredit":false},{"lineNumber":27,"author":{"gitId":"-"},"content":"","lastModifiedDate":"2021-07-17T16:49:07","isFullCredit":false},{"lineNumber":28,"author":{"gitId":"-"},"content":"## Feature XYZ","lastModifiedDate":"2024-01-07T18:33:52","isFullCredit":false},{"lineNumber":29,"author":{"gitId":"-"},"content":"","lastModifiedDate":"2024-01-07T18:33:52","isFullCredit":false},{"lineNumber":30,"author":{"gitId":"-"},"content":"// Feature details","lastModifiedDate":"2024-01-07T18:33:52","isFullCredit":false}],"authorContributionMap":{"ZT712002":1,"-":29}},{"path":"src/main/java/Deadline.java","fileType":"java","lines":[{"lineNumber":1,"author":{"gitId":"ZT712002"},"content":"public class Deadline extends Task{","lastModifiedDate":"2025-09-01T20:34:11","isFullCredit":false},{"lineNumber":2,"author":{"gitId":"ZT712002"},"content":"    private String by;","lastModifiedDate":"2025-09-01T20:34:11","isFullCredit":false},{"lineNumber":3,"author":{"gitId":"ZT712002"},"content":"    public Deadline(String description, String by) {","lastModifiedDate":"2025-09-01T20:34:11","isFullCredit":false},{"lineNumber":4,"author":{"gitId":"ZT712002"},"content":"        super(description);","lastModifiedDate":"2025-09-01T20:34:11","isFullCredit":false},{"lineNumber":5,"author":{"gitId":"ZT712002"},"content":"        this.by \u003d by;","lastModifiedDate":"2025-09-01T20:34:11","isFullCredit":false},{"lineNumber":6,"author":{"gitId":"ZT712002"},"content":"    }","lastModifiedDate":"2025-09-01T20:34:11","isFullCredit":false},{"lineNumber":7,"author":{"gitId":"ZT712002"},"content":"","lastModifiedDate":"2025-09-01T20:34:11","isFullCredit":false},{"lineNumber":8,"author":{"gitId":"ZT712002"},"content":"    @Override","lastModifiedDate":"2025-09-01T20:34:11","isFullCredit":false},{"lineNumber":9,"author":{"gitId":"ZT712002"},"content":"    public String toString() {","lastModifiedDate":"2025-09-01T20:34:11","isFullCredit":false},{"lineNumber":10,"author":{"gitId":"ZT712002"},"content":"        return \"[D]\" + super.toString() + \" (by: \" + by + \")\";","lastModifiedDate":"2025-09-01T20:34:11","isFullCredit":false},{"lineNumber":11,"author":{"gitId":"ZT712002"},"content":"    }","lastModifiedDate":"2025-09-01T20:34:11","isFullCredit":false},{"lineNumber":12,"author":{"gitId":"ZT712002"},"content":"}","lastModifiedDate":"2025-09-01T20:34:11","isFullCredit":false}],"authorContributionMap":{"ZT712002":12}},{"path":"src/main/java/Event.java","fileType":"java","lines":[{"lineNumber":1,"author":{"gitId":"ZT712002"},"content":"public class Event extends Task {","lastModifiedDate":"2025-09-01T20:34:11","isFullCredit":false},{"lineNumber":2,"author":{"gitId":"ZT712002"},"content":"    private String from;","lastModifiedDate":"2025-09-01T20:34:11","isFullCredit":false},{"lineNumber":3,"author":{"gitId":"ZT712002"},"content":"    private String to;","lastModifiedDate":"2025-09-01T20:34:11","isFullCredit":false},{"lineNumber":4,"author":{"gitId":"ZT712002"},"content":"    public Event(String description, String from, String to) {","lastModifiedDate":"2025-09-01T20:34:11","isFullCredit":false},{"lineNumber":5,"author":{"gitId":"ZT712002"},"content":"        super(description);","lastModifiedDate":"2025-09-01T20:34:11","isFullCredit":false},{"lineNumber":6,"author":{"gitId":"ZT712002"},"content":"        this.from \u003d from;","lastModifiedDate":"2025-09-01T20:34:11","isFullCredit":false},{"lineNumber":7,"author":{"gitId":"ZT712002"},"content":"        this.to \u003d to;","lastModifiedDate":"2025-09-01T20:34:11","isFullCredit":false},{"lineNumber":8,"author":{"gitId":"ZT712002"},"content":"    }","lastModifiedDate":"2025-09-01T20:34:11","isFullCredit":false},{"lineNumber":9,"author":{"gitId":"ZT712002"},"content":"","lastModifiedDate":"2025-09-01T20:34:11","isFullCredit":false},{"lineNumber":10,"author":{"gitId":"ZT712002"},"content":"    @Override","lastModifiedDate":"2025-09-01T20:34:11","isFullCredit":false},{"lineNumber":11,"author":{"gitId":"ZT712002"},"content":"    public String toString() {","lastModifiedDate":"2025-09-01T20:34:11","isFullCredit":false},{"lineNumber":12,"author":{"gitId":"ZT712002"},"content":"        return \"[E]\" + super.toString() + \" (from: \" + from + \" to: \" + to + \")\";","lastModifiedDate":"2025-09-01T20:34:11","isFullCredit":false},{"lineNumber":13,"author":{"gitId":"ZT712002"},"content":"    }","lastModifiedDate":"2025-09-01T20:34:11","isFullCredit":false},{"lineNumber":14,"author":{"gitId":"ZT712002"},"content":"}","lastModifiedDate":"2025-09-01T20:34:11","isFullCredit":false},{"lineNumber":15,"author":{"gitId":"ZT712002"},"content":"","lastModifiedDate":"2025-09-01T20:34:11","isFullCredit":false}],"authorContributionMap":{"ZT712002":15}},{"path":"src/main/java/Joebot666.java","fileType":"java","lines":[{"lineNumber":1,"author":{"gitId":"ZT712002"},"content":"public class Joebot666 {","lastModifiedDate":"2025-08-23T13:40:35","isFullCredit":false},{"lineNumber":2,"author":{"gitId":"ZT712002"},"content":"","lastModifiedDate":"2025-08-28T16:08:01","isFullCredit":false},{"lineNumber":3,"author":{"gitId":"ZT712002"},"content":"    public static void main(String[] args) {","lastModifiedDate":"2025-08-23T13:40:35","isFullCredit":false},{"lineNumber":4,"author":{"gitId":"ZT712002"},"content":"        System.out.println(\"Hello I\u0027m JoeBot666\");","lastModifiedDate":"2025-08-23T13:40:35","isFullCredit":false},{"lineNumber":5,"author":{"gitId":"ZT712002"},"content":"        System.out.println(\"What can I do for you today?\");","lastModifiedDate":"2025-08-23T13:40:35","isFullCredit":false},{"lineNumber":6,"author":{"gitId":"ZT712002"},"content":"","lastModifiedDate":"2025-08-28T16:37:02","isFullCredit":false},{"lineNumber":7,"author":{"gitId":"ZT712002"},"content":"        TaskList tasks \u003d new TaskList();","lastModifiedDate":"2025-08-28T16:53:48","isFullCredit":false},{"lineNumber":8,"author":{"gitId":"ZT712002"},"content":"        Passer passer \u003d new Passer();","lastModifiedDate":"2025-09-01T20:34:11","isFullCredit":false},{"lineNumber":9,"author":{"gitId":"ZT712002"},"content":"        while (passer.isPasserActive()) {","lastModifiedDate":"2025-09-01T20:34:11","isFullCredit":false},{"lineNumber":10,"author":{"gitId":"ZT712002"},"content":"            System.out.println(\"*************************************\");","lastModifiedDate":"2025-08-27T12:16:26","isFullCredit":false},{"lineNumber":11,"author":{"gitId":"ZT712002"},"content":"            passer.setUserInput();","lastModifiedDate":"2025-09-01T20:34:11","isFullCredit":false},{"lineNumber":12,"author":{"gitId":"ZT712002"},"content":"            passer.processCommand(passer.getUserinput(), tasks);","lastModifiedDate":"2025-09-01T20:34:11","isFullCredit":false},{"lineNumber":13,"author":{"gitId":"ZT712002"},"content":"        }","lastModifiedDate":"2025-08-28T16:37:02","isFullCredit":false},{"lineNumber":14,"author":{"gitId":"ZT712002"},"content":"        System.out.println(\"Bye. See you next time!\");","lastModifiedDate":"2025-08-23T13:40:35","isFullCredit":false},{"lineNumber":15,"author":{"gitId":"ZT712002"},"content":"        System.out.println(\"*************************************\");","lastModifiedDate":"2025-08-28T16:08:01","isFullCredit":false},{"lineNumber":16,"author":{"gitId":"ZT712002"},"content":"    }","lastModifiedDate":"2025-08-23T13:40:35","isFullCredit":false},{"lineNumber":17,"author":{"gitId":"ZT712002"},"content":"}","lastModifiedDate":"2025-08-23T13:40:35","isFullCredit":false}],"authorContributionMap":{"ZT712002":17}},{"path":"src/main/java/Passer.java","fileType":"java","lines":[{"lineNumber":1,"author":{"gitId":"ZT712002"},"content":"import java.util.Scanner;","lastModifiedDate":"2025-09-01T20:34:11","isFullCredit":false},{"lineNumber":2,"author":{"gitId":"ZT712002"},"content":"","lastModifiedDate":"2025-09-01T20:34:11","isFullCredit":false},{"lineNumber":3,"author":{"gitId":"ZT712002"},"content":"public class Passer {","lastModifiedDate":"2025-09-01T20:34:11","isFullCredit":false},{"lineNumber":4,"author":{"gitId":"ZT712002"},"content":"    private final Scanner in;","lastModifiedDate":"2025-09-01T20:34:11","isFullCredit":false},{"lineNumber":5,"author":{"gitId":"ZT712002"},"content":"    private boolean isPasserActive;","lastModifiedDate":"2025-09-01T20:34:11","isFullCredit":false},{"lineNumber":6,"author":{"gitId":"ZT712002"},"content":"    private String userInput;","lastModifiedDate":"2025-09-01T20:34:11","isFullCredit":false},{"lineNumber":7,"author":{"gitId":"ZT712002"},"content":"","lastModifiedDate":"2025-09-01T20:34:11","isFullCredit":false},{"lineNumber":8,"author":{"gitId":"ZT712002"},"content":"","lastModifiedDate":"2025-09-01T20:34:11","isFullCredit":false},{"lineNumber":9,"author":{"gitId":"ZT712002"},"content":"    public String getUserinput() {","lastModifiedDate":"2025-09-01T20:34:11","isFullCredit":false},{"lineNumber":10,"author":{"gitId":"ZT712002"},"content":"        return userInput;","lastModifiedDate":"2025-09-01T20:34:11","isFullCredit":false},{"lineNumber":11,"author":{"gitId":"ZT712002"},"content":"    }","lastModifiedDate":"2025-09-01T20:34:11","isFullCredit":false},{"lineNumber":12,"author":{"gitId":"ZT712002"},"content":"","lastModifiedDate":"2025-09-01T20:34:11","isFullCredit":false},{"lineNumber":13,"author":{"gitId":"ZT712002"},"content":"    public Passer() {","lastModifiedDate":"2025-09-01T20:34:11","isFullCredit":false},{"lineNumber":14,"author":{"gitId":"ZT712002"},"content":"        this.in \u003d new Scanner(System.in);","lastModifiedDate":"2025-09-01T20:34:11","isFullCredit":false},{"lineNumber":15,"author":{"gitId":"ZT712002"},"content":"        this.isPasserActive \u003d true;","lastModifiedDate":"2025-09-01T20:34:11","isFullCredit":false},{"lineNumber":16,"author":{"gitId":"ZT712002"},"content":"    }","lastModifiedDate":"2025-09-01T20:34:11","isFullCredit":false},{"lineNumber":17,"author":{"gitId":"ZT712002"},"content":"","lastModifiedDate":"2025-09-01T20:34:11","isFullCredit":false},{"lineNumber":18,"author":{"gitId":"ZT712002"},"content":"    public void setUserInput() {","lastModifiedDate":"2025-09-01T20:34:11","isFullCredit":false},{"lineNumber":19,"author":{"gitId":"ZT712002"},"content":"        this.userInput \u003d in.nextLine();","lastModifiedDate":"2025-09-01T20:34:11","isFullCredit":false},{"lineNumber":20,"author":{"gitId":"ZT712002"},"content":"    }","lastModifiedDate":"2025-09-01T20:34:11","isFullCredit":false},{"lineNumber":21,"author":{"gitId":"ZT712002"},"content":"","lastModifiedDate":"2025-09-01T20:34:11","isFullCredit":false},{"lineNumber":22,"author":{"gitId":"ZT712002"},"content":"    public boolean isPasserActive() {","lastModifiedDate":"2025-09-01T20:34:11","isFullCredit":false},{"lineNumber":23,"author":{"gitId":"ZT712002"},"content":"        return isPasserActive;","lastModifiedDate":"2025-09-01T20:34:11","isFullCredit":false},{"lineNumber":24,"author":{"gitId":"ZT712002"},"content":"    }","lastModifiedDate":"2025-09-01T20:34:11","isFullCredit":false},{"lineNumber":25,"author":{"gitId":"ZT712002"},"content":"","lastModifiedDate":"2025-09-01T20:34:11","isFullCredit":false},{"lineNumber":26,"author":{"gitId":"ZT712002"},"content":"    public void setPasserActive(boolean passerActive) {","lastModifiedDate":"2025-09-01T20:34:11","isFullCredit":false},{"lineNumber":27,"author":{"gitId":"ZT712002"},"content":"        isPasserActive \u003d passerActive;","lastModifiedDate":"2025-09-01T20:34:11","isFullCredit":false},{"lineNumber":28,"author":{"gitId":"ZT712002"},"content":"    }","lastModifiedDate":"2025-09-01T20:34:11","isFullCredit":false},{"lineNumber":29,"author":{"gitId":"ZT712002"},"content":"","lastModifiedDate":"2025-09-01T20:34:11","isFullCredit":false},{"lineNumber":30,"author":{"gitId":"ZT712002"},"content":"    public void processCommand(String userInput, TaskList tasks) {","lastModifiedDate":"2025-09-01T20:34:11","isFullCredit":false},{"lineNumber":31,"author":{"gitId":"ZT712002"},"content":"        String[] commandParts \u003d userInput.split(\" \", 2);","lastModifiedDate":"2025-09-01T20:34:11","isFullCredit":false},{"lineNumber":32,"author":{"gitId":"ZT712002"},"content":"        String command  \u003d commandParts[0].toLowerCase();","lastModifiedDate":"2025-09-01T20:34:11","isFullCredit":false},{"lineNumber":33,"author":{"gitId":"ZT712002"},"content":"        String arguments \u003d commandParts.length \u003e 1 ? commandParts[1] : \"\";","lastModifiedDate":"2025-09-01T20:34:11","isFullCredit":false},{"lineNumber":34,"author":{"gitId":"ZT712002"},"content":"        try {","lastModifiedDate":"2025-09-01T20:34:11","isFullCredit":false},{"lineNumber":35,"author":{"gitId":"ZT712002"},"content":"            switch(command) {","lastModifiedDate":"2025-09-01T20:34:11","isFullCredit":false},{"lineNumber":36,"author":{"gitId":"ZT712002"},"content":"            case \"list\":","lastModifiedDate":"2025-09-01T20:34:11","isFullCredit":false},{"lineNumber":37,"author":{"gitId":"ZT712002"},"content":"                tasks.listTasks();","lastModifiedDate":"2025-09-01T20:34:11","isFullCredit":false},{"lineNumber":38,"author":{"gitId":"ZT712002"},"content":"                break;","lastModifiedDate":"2025-09-01T20:34:11","isFullCredit":false},{"lineNumber":39,"author":{"gitId":"ZT712002"},"content":"            case \"mark\":","lastModifiedDate":"2025-09-01T20:34:11","isFullCredit":false},{"lineNumber":40,"author":{"gitId":"ZT712002"},"content":"                handleMarkUnmark(tasks, arguments, true);","lastModifiedDate":"2025-09-01T20:34:11","isFullCredit":false},{"lineNumber":41,"author":{"gitId":"ZT712002"},"content":"                break;","lastModifiedDate":"2025-09-01T20:34:11","isFullCredit":false},{"lineNumber":42,"author":{"gitId":"ZT712002"},"content":"            case \"unmark\":","lastModifiedDate":"2025-09-01T20:34:11","isFullCredit":false},{"lineNumber":43,"author":{"gitId":"ZT712002"},"content":"                handleMarkUnmark(tasks, arguments, false);","lastModifiedDate":"2025-09-01T20:34:11","isFullCredit":false},{"lineNumber":44,"author":{"gitId":"ZT712002"},"content":"                break;","lastModifiedDate":"2025-09-01T20:34:11","isFullCredit":false},{"lineNumber":45,"author":{"gitId":"ZT712002"},"content":"            case \"todo\":","lastModifiedDate":"2025-09-01T20:34:11","isFullCredit":false},{"lineNumber":46,"author":{"gitId":"ZT712002"},"content":"                handleTodo(tasks, arguments);","lastModifiedDate":"2025-09-01T20:34:11","isFullCredit":false},{"lineNumber":47,"author":{"gitId":"ZT712002"},"content":"                break;","lastModifiedDate":"2025-09-01T20:34:11","isFullCredit":false},{"lineNumber":48,"author":{"gitId":"ZT712002"},"content":"            case \"deadline\":","lastModifiedDate":"2025-09-01T20:34:11","isFullCredit":false},{"lineNumber":49,"author":{"gitId":"ZT712002"},"content":"                handleDeadline(tasks, arguments);","lastModifiedDate":"2025-09-01T20:34:11","isFullCredit":false},{"lineNumber":50,"author":{"gitId":"ZT712002"},"content":"                break;","lastModifiedDate":"2025-09-01T20:34:11","isFullCredit":false},{"lineNumber":51,"author":{"gitId":"ZT712002"},"content":"            case \"event\":","lastModifiedDate":"2025-09-01T20:34:11","isFullCredit":false},{"lineNumber":52,"author":{"gitId":"ZT712002"},"content":"                handleEvent(tasks, arguments);","lastModifiedDate":"2025-09-01T20:34:11","isFullCredit":false},{"lineNumber":53,"author":{"gitId":"ZT712002"},"content":"                break;","lastModifiedDate":"2025-09-01T20:34:11","isFullCredit":false},{"lineNumber":54,"author":{"gitId":"ZT712002"},"content":"            case \"bye\":","lastModifiedDate":"2025-09-01T21:01:12","isFullCredit":false},{"lineNumber":55,"author":{"gitId":"ZT712002"},"content":"                setPasserActive(false);","lastModifiedDate":"2025-09-01T21:01:12","isFullCredit":false},{"lineNumber":56,"author":{"gitId":"ZT712002"},"content":"                break;","lastModifiedDate":"2025-09-01T21:01:12","isFullCredit":false},{"lineNumber":57,"author":{"gitId":"ZT712002"},"content":"            }","lastModifiedDate":"2025-09-01T20:34:11","isFullCredit":false},{"lineNumber":58,"author":{"gitId":"ZT712002"},"content":"","lastModifiedDate":"2025-09-01T20:34:11","isFullCredit":false},{"lineNumber":59,"author":{"gitId":"ZT712002"},"content":"        } catch (Exception e){","lastModifiedDate":"2025-09-01T20:34:11","isFullCredit":false},{"lineNumber":60,"author":{"gitId":"ZT712002"},"content":"                System.out.println(\"An error occurred: \" + e.getMessage());","lastModifiedDate":"2025-09-01T20:34:11","isFullCredit":false},{"lineNumber":61,"author":{"gitId":"ZT712002"},"content":"            }","lastModifiedDate":"2025-09-01T20:34:11","isFullCredit":false},{"lineNumber":62,"author":{"gitId":"ZT712002"},"content":"","lastModifiedDate":"2025-09-01T20:34:11","isFullCredit":false},{"lineNumber":63,"author":{"gitId":"ZT712002"},"content":"    }","lastModifiedDate":"2025-09-01T20:34:11","isFullCredit":false},{"lineNumber":64,"author":{"gitId":"ZT712002"},"content":"    private void handleMarkUnmark(TaskList tasks, String arguments, boolean isMark) {","lastModifiedDate":"2025-09-01T20:34:11","isFullCredit":false},{"lineNumber":65,"author":{"gitId":"ZT712002"},"content":"        try {","lastModifiedDate":"2025-09-01T20:34:11","isFullCredit":false},{"lineNumber":66,"author":{"gitId":"ZT712002"},"content":"            int taskNumber \u003d Integer.parseInt(arguments.trim());","lastModifiedDate":"2025-09-01T20:34:11","isFullCredit":false},{"lineNumber":67,"author":{"gitId":"ZT712002"},"content":"            if (isMark) {","lastModifiedDate":"2025-09-01T20:34:11","isFullCredit":false},{"lineNumber":68,"author":{"gitId":"ZT712002"},"content":"                tasks.markTask(taskNumber);","lastModifiedDate":"2025-09-01T20:34:11","isFullCredit":false},{"lineNumber":69,"author":{"gitId":"ZT712002"},"content":"            } else {","lastModifiedDate":"2025-09-01T20:34:11","isFullCredit":false},{"lineNumber":70,"author":{"gitId":"ZT712002"},"content":"                tasks.unmarkTask(taskNumber);","lastModifiedDate":"2025-09-01T20:34:11","isFullCredit":false},{"lineNumber":71,"author":{"gitId":"ZT712002"},"content":"            }","lastModifiedDate":"2025-09-01T20:34:11","isFullCredit":false},{"lineNumber":72,"author":{"gitId":"ZT712002"},"content":"        } catch (NumberFormatException e) {","lastModifiedDate":"2025-09-01T20:34:11","isFullCredit":false},{"lineNumber":73,"author":{"gitId":"ZT712002"},"content":"            System.out.println(\"Please provide a valid task number.\");","lastModifiedDate":"2025-09-01T20:34:11","isFullCredit":false},{"lineNumber":74,"author":{"gitId":"ZT712002"},"content":"        }","lastModifiedDate":"2025-09-01T20:34:11","isFullCredit":false},{"lineNumber":75,"author":{"gitId":"ZT712002"},"content":"    }","lastModifiedDate":"2025-09-01T20:34:11","isFullCredit":false},{"lineNumber":76,"author":{"gitId":"ZT712002"},"content":"    private void handleTodo(TaskList tasks, String arguments) {","lastModifiedDate":"2025-09-01T20:34:11","isFullCredit":false},{"lineNumber":77,"author":{"gitId":"ZT712002"},"content":"        if (arguments.isEmpty()) {","lastModifiedDate":"2025-09-01T20:34:11","isFullCredit":false},{"lineNumber":78,"author":{"gitId":"ZT712002"},"content":"            System.out.println(\"The description of a todo cannot be empty.\");","lastModifiedDate":"2025-09-01T20:34:11","isFullCredit":false},{"lineNumber":79,"author":{"gitId":"ZT712002"},"content":"            return;","lastModifiedDate":"2025-09-01T20:34:11","isFullCredit":false},{"lineNumber":80,"author":{"gitId":"ZT712002"},"content":"        }","lastModifiedDate":"2025-09-01T20:34:11","isFullCredit":false},{"lineNumber":81,"author":{"gitId":"ZT712002"},"content":"        tasks.addTask(new ToDo(arguments));","lastModifiedDate":"2025-09-01T20:34:11","isFullCredit":false},{"lineNumber":82,"author":{"gitId":"ZT712002"},"content":"    }","lastModifiedDate":"2025-09-01T20:34:11","isFullCredit":false},{"lineNumber":83,"author":{"gitId":"ZT712002"},"content":"    private void handleEvent(TaskList tasks, String arguments) {","lastModifiedDate":"2025-09-01T20:34:11","isFullCredit":false},{"lineNumber":84,"author":{"gitId":"ZT712002"},"content":"        String[] parts \u003d arguments.split(\" /from\");","lastModifiedDate":"2025-09-01T20:34:11","isFullCredit":false},{"lineNumber":85,"author":{"gitId":"ZT712002"},"content":"        if (parts.length \u003c 2) {","lastModifiedDate":"2025-09-01T20:34:11","isFullCredit":false},{"lineNumber":86,"author":{"gitId":"ZT712002"},"content":"            System.out.println(\"Please provide both description and start time for the event in this format \" +","lastModifiedDate":"2025-09-01T20:34:11","isFullCredit":false},{"lineNumber":87,"author":{"gitId":"ZT712002"},"content":"                    \"event \u003cdescription\u003e /from \u003cstart\u003e /to \u003cend\u003e.\");","lastModifiedDate":"2025-09-01T20:34:11","isFullCredit":false},{"lineNumber":88,"author":{"gitId":"ZT712002"},"content":"            return;","lastModifiedDate":"2025-09-01T20:34:11","isFullCredit":false},{"lineNumber":89,"author":{"gitId":"ZT712002"},"content":"        }","lastModifiedDate":"2025-09-01T20:34:11","isFullCredit":false},{"lineNumber":90,"author":{"gitId":"ZT712002"},"content":"        String[] timeParts \u003d parts[1].split(\" /to\");","lastModifiedDate":"2025-09-01T20:34:11","isFullCredit":false},{"lineNumber":91,"author":{"gitId":"ZT712002"},"content":"        if (timeParts.length \u003c 2) {","lastModifiedDate":"2025-09-01T20:34:11","isFullCredit":false},{"lineNumber":92,"author":{"gitId":"ZT712002"},"content":"            System.out.println(\"Please provide both description and start time for the event in this format \" +","lastModifiedDate":"2025-09-01T20:34:11","isFullCredit":false},{"lineNumber":93,"author":{"gitId":"ZT712002"},"content":"                    \"event \u003cdescription\u003e /from \u003cstart\u003e /to \u003cend\u003e.\");","lastModifiedDate":"2025-09-01T20:34:11","isFullCredit":false},{"lineNumber":94,"author":{"gitId":"ZT712002"},"content":"            return;","lastModifiedDate":"2025-09-01T20:34:11","isFullCredit":false},{"lineNumber":95,"author":{"gitId":"ZT712002"},"content":"        }","lastModifiedDate":"2025-09-01T20:34:11","isFullCredit":false},{"lineNumber":96,"author":{"gitId":"ZT712002"},"content":"        tasks.addTask(new Event(parts[0], timeParts[0], timeParts[1]));","lastModifiedDate":"2025-09-01T20:34:11","isFullCredit":false},{"lineNumber":97,"author":{"gitId":"ZT712002"},"content":"    }","lastModifiedDate":"2025-09-01T20:34:11","isFullCredit":false},{"lineNumber":98,"author":{"gitId":"ZT712002"},"content":"    private void handleDeadline(TaskList tasks, String arguments) {","lastModifiedDate":"2025-09-01T20:34:11","isFullCredit":false},{"lineNumber":99,"author":{"gitId":"ZT712002"},"content":"        String[] parts \u003d arguments.split(\" /by\");","lastModifiedDate":"2025-09-01T20:34:11","isFullCredit":false},{"lineNumber":100,"author":{"gitId":"ZT712002"},"content":"        if (parts.length \u003c 2) {","lastModifiedDate":"2025-09-01T20:34:11","isFullCredit":false},{"lineNumber":101,"author":{"gitId":"ZT712002"},"content":"            System.out.println(\"Please provide both description and due date for the deadline in this format \" +","lastModifiedDate":"2025-09-01T20:34:11","isFullCredit":false},{"lineNumber":102,"author":{"gitId":"ZT712002"},"content":"                    \"deadline \u003cdescription\u003e /by \u003cdue date\u003e.\");","lastModifiedDate":"2025-09-01T20:34:11","isFullCredit":false},{"lineNumber":103,"author":{"gitId":"ZT712002"},"content":"            return;","lastModifiedDate":"2025-09-01T20:34:11","isFullCredit":false},{"lineNumber":104,"author":{"gitId":"ZT712002"},"content":"        }","lastModifiedDate":"2025-09-01T20:34:11","isFullCredit":false},{"lineNumber":105,"author":{"gitId":"ZT712002"},"content":"        tasks.addTask(new Deadline(parts[0], parts[1]));","lastModifiedDate":"2025-09-01T20:34:11","isFullCredit":false},{"lineNumber":106,"author":{"gitId":"ZT712002"},"content":"    }","lastModifiedDate":"2025-09-01T20:34:11","isFullCredit":false},{"lineNumber":107,"author":{"gitId":"ZT712002"},"content":"}","lastModifiedDate":"2025-09-01T20:34:11","isFullCredit":false}],"authorContributionMap":{"ZT712002":107}},{"path":"src/main/java/Task.java","fileType":"java","lines":[{"lineNumber":1,"author":{"gitId":"ZT712002"},"content":"public class Task {","lastModifiedDate":"2025-08-28T16:37:02","isFullCredit":false},{"lineNumber":2,"author":{"gitId":"ZT712002"},"content":"    private final String description;","lastModifiedDate":"2025-09-01T19:23:58","isFullCredit":false},{"lineNumber":3,"author":{"gitId":"ZT712002"},"content":"    private boolean isDone;","lastModifiedDate":"2025-08-28T16:37:02","isFullCredit":false},{"lineNumber":4,"author":{"gitId":"ZT712002"},"content":"","lastModifiedDate":"2025-08-28T16:37:02","isFullCredit":false},{"lineNumber":5,"author":{"gitId":"ZT712002"},"content":"","lastModifiedDate":"2025-08-28T16:37:02","isFullCredit":false},{"lineNumber":6,"author":{"gitId":"ZT712002"},"content":"    public Task(String description) {","lastModifiedDate":"2025-08-28T16:37:02","isFullCredit":false},{"lineNumber":7,"author":{"gitId":"ZT712002"},"content":"        this.description \u003d description;","lastModifiedDate":"2025-08-28T16:37:02","isFullCredit":false},{"lineNumber":8,"author":{"gitId":"ZT712002"},"content":"        this.isDone \u003d false;","lastModifiedDate":"2025-08-28T16:37:02","isFullCredit":false},{"lineNumber":9,"author":{"gitId":"ZT712002"},"content":"    }","lastModifiedDate":"2025-08-28T16:37:02","isFullCredit":false},{"lineNumber":10,"author":{"gitId":"ZT712002"},"content":"","lastModifiedDate":"2025-08-28T16:37:02","isFullCredit":false},{"lineNumber":11,"author":{"gitId":"ZT712002"},"content":"","lastModifiedDate":"2025-08-28T16:37:02","isFullCredit":false},{"lineNumber":12,"author":{"gitId":"ZT712002"},"content":"    public String getDescription() {","lastModifiedDate":"2025-08-28T16:37:02","isFullCredit":false},{"lineNumber":13,"author":{"gitId":"ZT712002"},"content":"        return this.description;","lastModifiedDate":"2025-08-28T16:37:02","isFullCredit":false},{"lineNumber":14,"author":{"gitId":"ZT712002"},"content":"    }","lastModifiedDate":"2025-08-28T16:37:02","isFullCredit":false},{"lineNumber":15,"author":{"gitId":"ZT712002"},"content":"","lastModifiedDate":"2025-08-28T16:37:02","isFullCredit":false},{"lineNumber":16,"author":{"gitId":"ZT712002"},"content":"","lastModifiedDate":"2025-08-28T16:37:02","isFullCredit":false},{"lineNumber":17,"author":{"gitId":"ZT712002"},"content":"    public void markAsDone() {","lastModifiedDate":"2025-08-28T16:37:02","isFullCredit":false},{"lineNumber":18,"author":{"gitId":"ZT712002"},"content":"        this.isDone \u003d true;","lastModifiedDate":"2025-08-28T16:37:02","isFullCredit":false},{"lineNumber":19,"author":{"gitId":"ZT712002"},"content":"    }","lastModifiedDate":"2025-08-28T16:37:02","isFullCredit":false},{"lineNumber":20,"author":{"gitId":"ZT712002"},"content":"","lastModifiedDate":"2025-08-28T16:37:02","isFullCredit":false},{"lineNumber":21,"author":{"gitId":"ZT712002"},"content":"","lastModifiedDate":"2025-08-28T16:37:02","isFullCredit":false},{"lineNumber":22,"author":{"gitId":"ZT712002"},"content":"    public void unmarkAsDone() {","lastModifiedDate":"2025-08-28T16:37:02","isFullCredit":false},{"lineNumber":23,"author":{"gitId":"ZT712002"},"content":"        this.isDone \u003d false;","lastModifiedDate":"2025-08-28T16:37:02","isFullCredit":false},{"lineNumber":24,"author":{"gitId":"ZT712002"},"content":"    }","lastModifiedDate":"2025-08-28T16:37:02","isFullCredit":false},{"lineNumber":25,"author":{"gitId":"ZT712002"},"content":"","lastModifiedDate":"2025-08-28T16:37:02","isFullCredit":false},{"lineNumber":26,"author":{"gitId":"ZT712002"},"content":"    public String getStatusIcon() {","lastModifiedDate":"2025-08-28T16:37:02","isFullCredit":false},{"lineNumber":27,"author":{"gitId":"ZT712002"},"content":"        return (isDone ? \"[X]\" : \"[ ]\");","lastModifiedDate":"2025-08-28T16:37:02","isFullCredit":false},{"lineNumber":28,"author":{"gitId":"ZT712002"},"content":"    }","lastModifiedDate":"2025-08-28T16:37:02","isFullCredit":false},{"lineNumber":29,"author":{"gitId":"ZT712002"},"content":"","lastModifiedDate":"2025-09-01T19:23:58","isFullCredit":false},{"lineNumber":30,"author":{"gitId":"ZT712002"},"content":"    @Override","lastModifiedDate":"2025-08-28T16:37:02","isFullCredit":false},{"lineNumber":31,"author":{"gitId":"ZT712002"},"content":"    public String toString() {","lastModifiedDate":"2025-08-28T16:37:02","isFullCredit":false},{"lineNumber":32,"author":{"gitId":"ZT712002"},"content":"        return getStatusIcon() + \" \" + getDescription();","lastModifiedDate":"2025-08-28T16:37:02","isFullCredit":false},{"lineNumber":33,"author":{"gitId":"ZT712002"},"content":"    }","lastModifiedDate":"2025-08-28T16:37:02","isFullCredit":false},{"lineNumber":34,"author":{"gitId":"ZT712002"},"content":"}","lastModifiedDate":"2025-08-28T16:37:02","isFullCredit":false}],"authorContributionMap":{"ZT712002":34}},{"path":"src/main/java/TaskList.java","fileType":"java","lines":[{"lineNumber":1,"author":{"gitId":"ZT712002"},"content":"import java.util.ArrayList;","lastModifiedDate":"2025-08-28T16:37:02","isFullCredit":false},{"lineNumber":2,"author":{"gitId":"ZT712002"},"content":"","lastModifiedDate":"2025-08-28T16:37:02","isFullCredit":false},{"lineNumber":3,"author":{"gitId":"ZT712002"},"content":"public class TaskList {","lastModifiedDate":"2025-08-28T16:37:02","isFullCredit":false},{"lineNumber":4,"author":{"gitId":"ZT712002"},"content":"    private final ArrayList\u003cTask\u003e tasks;","lastModifiedDate":"2025-09-01T19:23:58","isFullCredit":false},{"lineNumber":5,"author":{"gitId":"ZT712002"},"content":"","lastModifiedDate":"2025-08-28T16:37:02","isFullCredit":false},{"lineNumber":6,"author":{"gitId":"ZT712002"},"content":"    public TaskList() {","lastModifiedDate":"2025-08-28T16:37:02","isFullCredit":false},{"lineNumber":7,"author":{"gitId":"ZT712002"},"content":"        this.tasks \u003d new ArrayList\u003c\u003e();","lastModifiedDate":"2025-08-28T16:37:02","isFullCredit":false},{"lineNumber":8,"author":{"gitId":"ZT712002"},"content":"    }","lastModifiedDate":"2025-08-28T16:37:02","isFullCredit":false},{"lineNumber":9,"author":{"gitId":"ZT712002"},"content":"","lastModifiedDate":"2025-08-28T16:37:02","isFullCredit":false},{"lineNumber":10,"author":{"gitId":"ZT712002"},"content":"    public void addTask(Task task) {","lastModifiedDate":"2025-09-01T20:34:11","isFullCredit":false},{"lineNumber":11,"author":{"gitId":"ZT712002"},"content":"        tasks.add(task);","lastModifiedDate":"2025-09-01T20:34:11","isFullCredit":false},{"lineNumber":12,"author":{"gitId":"ZT712002"},"content":"        System.out.println(\"Got it. I\u0027ve added this task:\");","lastModifiedDate":"2025-09-01T20:34:11","isFullCredit":false},{"lineNumber":13,"author":{"gitId":"ZT712002"},"content":"        System.out.println(\"  \" + task);","lastModifiedDate":"2025-09-01T20:34:11","isFullCredit":false},{"lineNumber":14,"author":{"gitId":"ZT712002"},"content":"        System.out.println(\"Now you have \" + tasks.size() + \" tasks in the list.\");","lastModifiedDate":"2025-09-01T20:34:11","isFullCredit":false},{"lineNumber":15,"author":{"gitId":"ZT712002"},"content":"    }","lastModifiedDate":"2025-08-28T16:37:02","isFullCredit":false},{"lineNumber":16,"author":{"gitId":"ZT712002"},"content":"","lastModifiedDate":"2025-08-28T16:37:02","isFullCredit":false},{"lineNumber":17,"author":{"gitId":"ZT712002"},"content":"    public void listTasks() {","lastModifiedDate":"2025-08-28T16:37:02","isFullCredit":false},{"lineNumber":18,"author":{"gitId":"ZT712002"},"content":"        if (tasks.isEmpty()) {","lastModifiedDate":"2025-08-28T16:37:02","isFullCredit":false},{"lineNumber":19,"author":{"gitId":"ZT712002"},"content":"            System.out.println(\"Your task list is empty.\");","lastModifiedDate":"2025-08-28T16:37:02","isFullCredit":false},{"lineNumber":20,"author":{"gitId":"ZT712002"},"content":"            return;","lastModifiedDate":"2025-08-28T16:37:02","isFullCredit":false},{"lineNumber":21,"author":{"gitId":"ZT712002"},"content":"        }","lastModifiedDate":"2025-08-28T16:37:02","isFullCredit":false},{"lineNumber":22,"author":{"gitId":"ZT712002"},"content":"        System.out.println(\"Here are the tasks in your list:\");","lastModifiedDate":"2025-08-28T16:37:02","isFullCredit":false},{"lineNumber":23,"author":{"gitId":"ZT712002"},"content":"        for (int i \u003d 0; i \u003c tasks.size(); i++) {","lastModifiedDate":"2025-08-28T16:37:02","isFullCredit":false},{"lineNumber":24,"author":{"gitId":"ZT712002"},"content":"            System.out.println((i + 1) + \". \" + tasks.get(i));","lastModifiedDate":"2025-08-28T16:37:02","isFullCredit":false},{"lineNumber":25,"author":{"gitId":"ZT712002"},"content":"        }","lastModifiedDate":"2025-08-28T16:37:02","isFullCredit":false},{"lineNumber":26,"author":{"gitId":"ZT712002"},"content":"    }","lastModifiedDate":"2025-08-28T16:37:02","isFullCredit":false},{"lineNumber":27,"author":{"gitId":"ZT712002"},"content":"","lastModifiedDate":"2025-08-28T16:37:02","isFullCredit":false},{"lineNumber":28,"author":{"gitId":"ZT712002"},"content":"    public void markTask(int taskNumber) {","lastModifiedDate":"2025-08-28T16:37:02","isFullCredit":false},{"lineNumber":29,"author":{"gitId":"ZT712002"},"content":"        if (isValidIndex(taskNumber)) {","lastModifiedDate":"2025-08-28T16:37:02","isFullCredit":false},{"lineNumber":30,"author":{"gitId":"ZT712002"},"content":"            Task task \u003d tasks.get(taskNumber - 1);","lastModifiedDate":"2025-08-28T16:37:02","isFullCredit":false},{"lineNumber":31,"author":{"gitId":"ZT712002"},"content":"            task.markAsDone();","lastModifiedDate":"2025-08-28T16:37:02","isFullCredit":false},{"lineNumber":32,"author":{"gitId":"ZT712002"},"content":"            System.out.println(\"Nice! I\u0027ve marked this task as done:\");","lastModifiedDate":"2025-08-28T16:37:02","isFullCredit":false},{"lineNumber":33,"author":{"gitId":"ZT712002"},"content":"            System.out.println(\"  \" + task);","lastModifiedDate":"2025-08-28T16:37:02","isFullCredit":false},{"lineNumber":34,"author":{"gitId":"ZT712002"},"content":"        } else {","lastModifiedDate":"2025-08-28T16:37:02","isFullCredit":false},{"lineNumber":35,"author":{"gitId":"ZT712002"},"content":"            System.out.println(\"Invalid task number.\");","lastModifiedDate":"2025-08-28T16:37:02","isFullCredit":false},{"lineNumber":36,"author":{"gitId":"ZT712002"},"content":"        }","lastModifiedDate":"2025-08-28T16:37:02","isFullCredit":false},{"lineNumber":37,"author":{"gitId":"ZT712002"},"content":"    }","lastModifiedDate":"2025-08-28T16:37:02","isFullCredit":false},{"lineNumber":38,"author":{"gitId":"ZT712002"},"content":"","lastModifiedDate":"2025-08-28T16:37:02","isFullCredit":false},{"lineNumber":39,"author":{"gitId":"ZT712002"},"content":"    public void unmarkTask(int taskNumber) {","lastModifiedDate":"2025-08-28T16:37:02","isFullCredit":false},{"lineNumber":40,"author":{"gitId":"ZT712002"},"content":"        if (isValidIndex(taskNumber)) {","lastModifiedDate":"2025-08-28T16:37:02","isFullCredit":false},{"lineNumber":41,"author":{"gitId":"ZT712002"},"content":"            Task task \u003d tasks.get(taskNumber - 1);","lastModifiedDate":"2025-08-28T16:37:02","isFullCredit":false},{"lineNumber":42,"author":{"gitId":"ZT712002"},"content":"            task.unmarkAsDone();","lastModifiedDate":"2025-08-28T16:37:02","isFullCredit":false},{"lineNumber":43,"author":{"gitId":"ZT712002"},"content":"            System.out.println(\"OK, I\u0027ve marked this task as not done yet:\");","lastModifiedDate":"2025-08-28T16:37:02","isFullCredit":false},{"lineNumber":44,"author":{"gitId":"ZT712002"},"content":"            System.out.println(\"  \" + task);","lastModifiedDate":"2025-08-28T16:37:02","isFullCredit":false},{"lineNumber":45,"author":{"gitId":"ZT712002"},"content":"        } else {","lastModifiedDate":"2025-08-28T16:37:02","isFullCredit":false},{"lineNumber":46,"author":{"gitId":"ZT712002"},"content":"            System.out.println(\"Invalid task number.\");","lastModifiedDate":"2025-08-28T16:37:02","isFullCredit":false},{"lineNumber":47,"author":{"gitId":"ZT712002"},"content":"        }","lastModifiedDate":"2025-08-28T16:37:02","isFullCredit":false},{"lineNumber":48,"author":{"gitId":"ZT712002"},"content":"    }","lastModifiedDate":"2025-08-28T16:37:02","isFullCredit":false},{"lineNumber":49,"author":{"gitId":"ZT712002"},"content":"","lastModifiedDate":"2025-08-28T16:37:02","isFullCredit":false},{"lineNumber":50,"author":{"gitId":"ZT712002"},"content":"    private boolean isValidIndex(int taskNumber) {","lastModifiedDate":"2025-08-28T16:37:02","isFullCredit":false},{"lineNumber":51,"author":{"gitId":"ZT712002"},"content":"        return taskNumber \u003e 0 \u0026\u0026 taskNumber \u003c\u003d tasks.size();","lastModifiedDate":"2025-08-28T16:37:02","isFullCredit":false},{"lineNumber":52,"author":{"gitId":"ZT712002"},"content":"    }","lastModifiedDate":"2025-08-28T16:37:02","isFullCredit":false},{"lineNumber":53,"author":{"gitId":"ZT712002"},"content":"}","lastModifiedDate":"2025-08-28T16:37:02","isFullCredit":false}],"authorContributionMap":{"ZT712002":53}},{"path":"src/main/java/ToDo.java","fileType":"java","lines":[{"lineNumber":1,"author":{"gitId":"ZT712002"},"content":"public class ToDo extends Task{","lastModifiedDate":"2025-09-01T20:34:11","isFullCredit":false},{"lineNumber":2,"author":{"gitId":"ZT712002"},"content":"    public ToDo(String description) {","lastModifiedDate":"2025-09-01T20:34:11","isFullCredit":false},{"lineNumber":3,"author":{"gitId":"ZT712002"},"content":"        super(description);","lastModifiedDate":"2025-09-01T20:34:11","isFullCredit":false},{"lineNumber":4,"author":{"gitId":"ZT712002"},"content":"    }","lastModifiedDate":"2025-09-01T20:34:11","isFullCredit":false},{"lineNumber":5,"author":{"gitId":"ZT712002"},"content":"","lastModifiedDate":"2025-09-01T20:34:11","isFullCredit":false},{"lineNumber":6,"author":{"gitId":"ZT712002"},"content":"    @Override","lastModifiedDate":"2025-09-01T20:34:11","isFullCredit":false},{"lineNumber":7,"author":{"gitId":"ZT712002"},"content":"    public String toString() {","lastModifiedDate":"2025-09-01T20:34:11","isFullCredit":false},{"lineNumber":8,"author":{"gitId":"ZT712002"},"content":"        return \"[T]\" + super.toString();","lastModifiedDate":"2025-09-01T20:34:11","isFullCredit":false},{"lineNumber":9,"author":{"gitId":"ZT712002"},"content":"    }","lastModifiedDate":"2025-09-01T20:34:11","isFullCredit":false},{"lineNumber":10,"author":{"gitId":"ZT712002"},"content":"}","lastModifiedDate":"2025-09-01T20:34:11","isFullCredit":false}],"authorContributionMap":{"ZT712002":10}},{"path":"text-ui-test/runtest.bat","fileType":"bat","lines":[{"lineNumber":1,"author":{"gitId":"-"},"content":"@ECHO OFF","lastModifiedDate":"2020-05-25T00:03:55","isFullCredit":false},{"lineNumber":2,"author":{"gitId":"-"},"content":"","lastModifiedDate":"2020-05-25T00:03:55","isFullCredit":false},{"lineNumber":3,"author":{"gitId":"-"},"content":"REM create bin directory if it doesn\u0027t exist","lastModifiedDate":"2020-05-25T00:03:55","isFullCredit":false},{"lineNumber":4,"author":{"gitId":"-"},"content":"if not exist ..\\bin mkdir ..\\bin","lastModifiedDate":"2020-05-25T00:03:55","isFullCredit":false},{"lineNumber":5,"author":{"gitId":"-"},"content":"","lastModifiedDate":"2020-05-25T00:03:55","isFullCredit":false},{"lineNumber":6,"author":{"gitId":"-"},"content":"REM delete output from previous run","lastModifiedDate":"2020-05-25T00:03:55","isFullCredit":false},{"lineNumber":7,"author":{"gitId":"-"},"content":"if exist ACTUAL.TXT del ACTUAL.TXT","lastModifiedDate":"2020-08-25T17:23:26","isFullCredit":false},{"lineNumber":8,"author":{"gitId":"-"},"content":"","lastModifiedDate":"2020-05-25T00:03:55","isFullCredit":false},{"lineNumber":9,"author":{"gitId":"-"},"content":"REM compile the code into the bin folder","lastModifiedDate":"2020-05-25T00:03:55","isFullCredit":false},{"lineNumber":10,"author":{"gitId":"-"},"content":"javac  -cp ..\\src\\main\\java -Xlint:none -d ..\\bin ..\\src\\main\\java\\*.java","lastModifiedDate":"2020-08-25T17:23:26","isFullCredit":false},{"lineNumber":11,"author":{"gitId":"-"},"content":"IF ERRORLEVEL 1 (","lastModifiedDate":"2020-05-25T00:03:55","isFullCredit":false},{"lineNumber":12,"author":{"gitId":"-"},"content":"    echo ********** BUILD FAILURE **********","lastModifiedDate":"2020-05-25T00:03:55","isFullCredit":false},{"lineNumber":13,"author":{"gitId":"-"},"content":"    exit /b 1","lastModifiedDate":"2020-05-25T00:03:55","isFullCredit":false},{"lineNumber":14,"author":{"gitId":"-"},"content":")","lastModifiedDate":"2020-05-25T00:03:55","isFullCredit":false},{"lineNumber":15,"author":{"gitId":"-"},"content":"REM no error here, errorlevel \u003d\u003d 0","lastModifiedDate":"2020-05-25T00:03:55","isFullCredit":false},{"lineNumber":16,"author":{"gitId":"-"},"content":"","lastModifiedDate":"2020-05-25T00:03:55","isFullCredit":false},{"lineNumber":17,"author":{"gitId":"-"},"content":"REM run the program, feed commands from input.txt file and redirect the output to the ACTUAL.TXT","lastModifiedDate":"2020-05-25T00:03:55","isFullCredit":false},{"lineNumber":18,"author":{"gitId":"ZT712002"},"content":"java -classpath ..\\bin Joebot666 \u003c input.txt \u003e ACTUAL.TXT","lastModifiedDate":"2025-08-23T13:40:35","isFullCredit":false},{"lineNumber":19,"author":{"gitId":"-"},"content":"","lastModifiedDate":"2020-05-25T00:03:55","isFullCredit":false},{"lineNumber":20,"author":{"gitId":"-"},"content":"REM compare the output to the expected output","lastModifiedDate":"2020-05-25T00:03:55","isFullCredit":false},{"lineNumber":21,"author":{"gitId":"-"},"content":"FC ACTUAL.TXT EXPECTED.TXT","lastModifiedDate":"2020-05-25T00:03:55","isFullCredit":false}],"authorContributionMap":{"ZT712002":1,"-":20}}]
