[{"path":"data/Tasks.txt","fileType":"txt","lines":[{"lineNumber":1,"author":{"gitId":"ZT712002"},"content":"T , 1 , read book","lastModifiedDate":"2025-09-15T14:55:19","isFullCredit":false},{"lineNumber":2,"author":{"gitId":"ZT712002"},"content":"T , 0 , return book","lastModifiedDate":"2025-09-15T14:55:19","isFullCredit":false},{"lineNumber":3,"author":{"gitId":"ZT712002"},"content":"D , 0 , idk , testingfornow","lastModifiedDate":"2025-09-15T14:36:02","isFullCredit":false},{"lineNumber":4,"author":{"gitId":"ZT712002"},"content":"E , 1 , idk2 , now , later","lastModifiedDate":"2025-09-15T14:36:02","isFullCredit":false},{"lineNumber":5,"author":{"gitId":"ZT712002"},"content":"T , 1 , say hello","lastModifiedDate":"2025-09-15T14:55:19","isFullCredit":false}],"authorContributionMap":{"ZT712002":5}},{"path":"docs/README.md","fileType":"md","lines":[{"lineNumber":1,"author":{"gitId":"ZT712002"},"content":"# Joebot666 User Guide","lastModifiedDate":"2025-08-23T13:40:35","isFullCredit":false},{"lineNumber":2,"author":{"gitId":"-"},"content":"","lastModifiedDate":"2019-07-29T17:14:46","isFullCredit":false},{"lineNumber":3,"author":{"gitId":"-"},"content":"// Update the title above to match the actual product name","lastModifiedDate":"2024-01-07T18:33:52","isFullCredit":false},{"lineNumber":4,"author":{"gitId":"-"},"content":"","lastModifiedDate":"2019-07-29T17:14:46","isFullCredit":false},{"lineNumber":5,"author":{"gitId":"-"},"content":"// Product screenshot goes here","lastModifiedDate":"2024-01-07T18:33:52","isFullCredit":false},{"lineNumber":6,"author":{"gitId":"-"},"content":"","lastModifiedDate":"2021-07-17T16:49:07","isFullCredit":false},{"lineNumber":7,"author":{"gitId":"-"},"content":"// Product intro goes here","lastModifiedDate":"2024-01-07T18:33:52","isFullCredit":false},{"lineNumber":8,"author":{"gitId":"-"},"content":"","lastModifiedDate":"2021-07-17T16:49:07","isFullCredit":false},{"lineNumber":9,"author":{"gitId":"-"},"content":"## Adding deadlines","lastModifiedDate":"2024-01-07T18:33:52","isFullCredit":false},{"lineNumber":10,"author":{"gitId":"-"},"content":"","lastModifiedDate":"2021-07-17T16:49:07","isFullCredit":false},{"lineNumber":11,"author":{"gitId":"-"},"content":"// Describe the action and its outcome.","lastModifiedDate":"2024-01-07T18:33:52","isFullCredit":false},{"lineNumber":12,"author":{"gitId":"-"},"content":"","lastModifiedDate":"2019-07-29T17:14:46","isFullCredit":false},{"lineNumber":13,"author":{"gitId":"-"},"content":"// Give examples of usage","lastModifiedDate":"2024-01-07T18:33:52","isFullCredit":false},{"lineNumber":14,"author":{"gitId":"-"},"content":"","lastModifiedDate":"2019-07-29T17:14:46","isFullCredit":false},{"lineNumber":15,"author":{"gitId":"-"},"content":"Example: `keyword (optional arguments)`","lastModifiedDate":"2024-01-07T18:33:52","isFullCredit":false},{"lineNumber":16,"author":{"gitId":"-"},"content":"","lastModifiedDate":"2019-07-29T17:14:46","isFullCredit":false},{"lineNumber":17,"author":{"gitId":"-"},"content":"// A description of the expected outcome goes here","lastModifiedDate":"2024-01-07T18:33:52","isFullCredit":false},{"lineNumber":18,"author":{"gitId":"-"},"content":"","lastModifiedDate":"2019-07-29T17:14:46","isFullCredit":false},{"lineNumber":19,"author":{"gitId":"-"},"content":"```","lastModifiedDate":"2024-01-07T18:33:52","isFullCredit":false},{"lineNumber":20,"author":{"gitId":"-"},"content":"expected output","lastModifiedDate":"2024-01-07T18:33:52","isFullCredit":false},{"lineNumber":21,"author":{"gitId":"-"},"content":"```","lastModifiedDate":"2024-01-07T18:33:52","isFullCredit":false},{"lineNumber":22,"author":{"gitId":"-"},"content":"","lastModifiedDate":"2019-07-29T17:14:46","isFullCredit":false},{"lineNumber":23,"author":{"gitId":"-"},"content":"## Feature ABC","lastModifiedDate":"2024-01-07T18:33:52","isFullCredit":false},{"lineNumber":24,"author":{"gitId":"-"},"content":"","lastModifiedDate":"2019-07-29T17:14:46","isFullCredit":false},{"lineNumber":25,"author":{"gitId":"-"},"content":"// Feature details","lastModifiedDate":"2024-01-07T18:33:52","isFullCredit":false},{"lineNumber":26,"author":{"gitId":"-"},"content":"","lastModifiedDate":"2019-07-29T17:14:46","isFullCredit":false},{"lineNumber":27,"author":{"gitId":"-"},"content":"","lastModifiedDate":"2021-07-17T16:49:07","isFullCredit":false},{"lineNumber":28,"author":{"gitId":"-"},"content":"## Feature XYZ","lastModifiedDate":"2024-01-07T18:33:52","isFullCredit":false},{"lineNumber":29,"author":{"gitId":"-"},"content":"","lastModifiedDate":"2024-01-07T18:33:52","isFullCredit":false},{"lineNumber":30,"author":{"gitId":"-"},"content":"// Feature details","lastModifiedDate":"2024-01-07T18:33:52","isFullCredit":false}],"authorContributionMap":{"ZT712002":1,"-":29}},{"path":"src/main/java/Joebot666.java","fileType":"java","lines":[{"lineNumber":1,"author":{"gitId":"ZT712002"},"content":"import command.Passer;","lastModifiedDate":"2025-09-08T13:00:34","isFullCredit":false},{"lineNumber":2,"author":{"gitId":"ZT712002"},"content":"import logic.TaskList;","lastModifiedDate":"2025-09-08T13:00:34","isFullCredit":false},{"lineNumber":3,"author":{"gitId":"ZT712002"},"content":"","lastModifiedDate":"2025-09-08T13:00:34","isFullCredit":false},{"lineNumber":4,"author":{"gitId":"ZT712002"},"content":"import java.io.IOException;","lastModifiedDate":"2025-09-15T14:55:19","isFullCredit":false},{"lineNumber":5,"author":{"gitId":"ZT712002"},"content":"","lastModifiedDate":"2025-09-15T14:55:19","isFullCredit":false},{"lineNumber":6,"author":{"gitId":"ZT712002"},"content":"","lastModifiedDate":"2025-09-15T10:21:20","isFullCredit":false},{"lineNumber":7,"author":{"gitId":"ZT712002"},"content":"public class Joebot666 {","lastModifiedDate":"2025-08-23T13:40:35","isFullCredit":false},{"lineNumber":8,"author":{"gitId":"ZT712002"},"content":"","lastModifiedDate":"2025-08-28T16:08:01","isFullCredit":false},{"lineNumber":9,"author":{"gitId":"ZT712002"},"content":"    public static void main(String[] args) throws IOException {","lastModifiedDate":"2025-09-15T14:55:19","isFullCredit":false},{"lineNumber":10,"author":{"gitId":"ZT712002"},"content":"        System.out.println(\"Hello I\u0027m JoeBot666\");","lastModifiedDate":"2025-08-23T13:40:35","isFullCredit":false},{"lineNumber":11,"author":{"gitId":"ZT712002"},"content":"        System.out.println(\"What can I do for you today?\");","lastModifiedDate":"2025-08-23T13:40:35","isFullCredit":false},{"lineNumber":12,"author":{"gitId":"ZT712002"},"content":"        TaskList tasks \u003d new TaskList();","lastModifiedDate":"2025-08-28T16:53:48","isFullCredit":false},{"lineNumber":13,"author":{"gitId":"ZT712002"},"content":"        Passer passer \u003d new Passer();","lastModifiedDate":"2025-09-01T20:34:11","isFullCredit":false},{"lineNumber":14,"author":{"gitId":"ZT712002"},"content":"        passer.initializeList(tasks);","lastModifiedDate":"2025-09-15T14:55:19","isFullCredit":false},{"lineNumber":15,"author":{"gitId":"ZT712002"},"content":"        while (passer.isPasserActive()) {","lastModifiedDate":"2025-09-01T20:34:11","isFullCredit":false},{"lineNumber":16,"author":{"gitId":"ZT712002"},"content":"            System.out.println(\"*************************************\");","lastModifiedDate":"2025-08-27T12:16:26","isFullCredit":false},{"lineNumber":17,"author":{"gitId":"ZT712002"},"content":"            passer.setUserInput();","lastModifiedDate":"2025-09-01T20:34:11","isFullCredit":false},{"lineNumber":18,"author":{"gitId":"ZT712002"},"content":"            passer.processCommand(passer.getUserInput(), tasks);","lastModifiedDate":"2025-09-02T19:41:39","isFullCredit":false},{"lineNumber":19,"author":{"gitId":"ZT712002"},"content":"        }","lastModifiedDate":"2025-08-28T16:37:02","isFullCredit":false},{"lineNumber":20,"author":{"gitId":"ZT712002"},"content":"        System.out.println(\"Bye. See you next time!\");","lastModifiedDate":"2025-08-23T13:40:35","isFullCredit":false},{"lineNumber":21,"author":{"gitId":"ZT712002"},"content":"        System.out.println(\"*************************************\");","lastModifiedDate":"2025-08-28T16:08:01","isFullCredit":false},{"lineNumber":22,"author":{"gitId":"ZT712002"},"content":"    }","lastModifiedDate":"2025-08-23T13:40:35","isFullCredit":false},{"lineNumber":23,"author":{"gitId":"ZT712002"},"content":"","lastModifiedDate":"2025-09-15T10:21:20","isFullCredit":false},{"lineNumber":24,"author":{"gitId":"ZT712002"},"content":"}","lastModifiedDate":"2025-08-23T13:40:35","isFullCredit":false}],"authorContributionMap":{"ZT712002":24}},{"path":"src/main/java/command/Passer.java","fileType":"java","lines":[{"lineNumber":1,"author":{"gitId":"ZT712002"},"content":"package command;","lastModifiedDate":"2025-09-08T13:00:34","isFullCredit":false},{"lineNumber":2,"author":{"gitId":"ZT712002"},"content":"","lastModifiedDate":"2025-09-08T13:00:34","isFullCredit":false},{"lineNumber":3,"author":{"gitId":"ZT712002"},"content":"import exception.IllegalTaskNumberException;","lastModifiedDate":"2025-09-08T13:19:45","isFullCredit":false},{"lineNumber":4,"author":{"gitId":"ZT712002"},"content":"import logic.TaskList;","lastModifiedDate":"2025-09-08T13:00:34","isFullCredit":false},{"lineNumber":5,"author":{"gitId":"ZT712002"},"content":"import tasks.Deadline;","lastModifiedDate":"2025-09-08T13:00:34","isFullCredit":false},{"lineNumber":6,"author":{"gitId":"ZT712002"},"content":"import tasks.Event;","lastModifiedDate":"2025-09-08T13:00:34","isFullCredit":false},{"lineNumber":7,"author":{"gitId":"ZT712002"},"content":"import tasks.Todo;","lastModifiedDate":"2025-09-08T13:00:34","isFullCredit":false},{"lineNumber":8,"author":{"gitId":"ZT712002"},"content":"","lastModifiedDate":"2025-09-08T13:00:34","isFullCredit":false},{"lineNumber":9,"author":{"gitId":"ZT712002"},"content":"import java.io.BufferedReader;","lastModifiedDate":"2025-09-15T14:55:19","isFullCredit":false},{"lineNumber":10,"author":{"gitId":"ZT712002"},"content":"import java.io.BufferedWriter;","lastModifiedDate":"2025-09-15T14:36:02","isFullCredit":false},{"lineNumber":11,"author":{"gitId":"ZT712002"},"content":"import java.io.File;","lastModifiedDate":"2025-09-15T10:21:20","isFullCredit":false},{"lineNumber":12,"author":{"gitId":"ZT712002"},"content":"import java.io.FileNotFoundException;","lastModifiedDate":"2025-09-15T14:55:19","isFullCredit":false},{"lineNumber":13,"author":{"gitId":"ZT712002"},"content":"import java.io.FileReader;","lastModifiedDate":"2025-09-15T14:55:19","isFullCredit":false},{"lineNumber":14,"author":{"gitId":"ZT712002"},"content":"import java.io.FileWriter;","lastModifiedDate":"2025-09-15T14:36:02","isFullCredit":false},{"lineNumber":15,"author":{"gitId":"ZT712002"},"content":"import java.io.IOException;","lastModifiedDate":"2025-09-15T10:29:08","isFullCredit":false},{"lineNumber":16,"author":{"gitId":"ZT712002"},"content":"import java.nio.file.Files;","lastModifiedDate":"2025-09-15T10:21:20","isFullCredit":false},{"lineNumber":17,"author":{"gitId":"ZT712002"},"content":"import java.nio.file.Path;","lastModifiedDate":"2025-09-15T10:21:20","isFullCredit":false},{"lineNumber":18,"author":{"gitId":"ZT712002"},"content":"import java.nio.file.Paths;","lastModifiedDate":"2025-09-15T10:21:20","isFullCredit":false},{"lineNumber":19,"author":{"gitId":"ZT712002"},"content":"import java.util.Scanner;","lastModifiedDate":"2025-09-01T20:34:11","isFullCredit":false},{"lineNumber":20,"author":{"gitId":"ZT712002"},"content":"","lastModifiedDate":"2025-09-01T20:34:11","isFullCredit":false},{"lineNumber":21,"author":{"gitId":"ZT712002"},"content":"public class Passer {","lastModifiedDate":"2025-09-01T20:34:11","isFullCredit":false},{"lineNumber":22,"author":{"gitId":"ZT712002"},"content":"    private final Scanner IN;","lastModifiedDate":"2025-09-03T08:48:19","isFullCredit":false},{"lineNumber":23,"author":{"gitId":"ZT712002"},"content":"    private boolean isPasserActive;","lastModifiedDate":"2025-09-01T20:34:11","isFullCredit":false},{"lineNumber":24,"author":{"gitId":"ZT712002"},"content":"    private String userInput;","lastModifiedDate":"2025-09-01T20:34:11","isFullCredit":false},{"lineNumber":25,"author":{"gitId":"ZT712002"},"content":"    public static final String FILE_PATH \u003d \"./data/\";","lastModifiedDate":"2025-09-15T10:21:20","isFullCredit":false},{"lineNumber":26,"author":{"gitId":"ZT712002"},"content":"    public static final String FILE_NAME \u003d \"Tasks.txt\";","lastModifiedDate":"2025-09-15T10:21:20","isFullCredit":false},{"lineNumber":27,"author":{"gitId":"ZT712002"},"content":"","lastModifiedDate":"2025-09-01T20:34:11","isFullCredit":false},{"lineNumber":28,"author":{"gitId":"ZT712002"},"content":"","lastModifiedDate":"2025-09-01T20:34:11","isFullCredit":false},{"lineNumber":29,"author":{"gitId":"ZT712002"},"content":"    public String getUserInput() {","lastModifiedDate":"2025-09-02T19:41:39","isFullCredit":false},{"lineNumber":30,"author":{"gitId":"ZT712002"},"content":"        return userInput;","lastModifiedDate":"2025-09-01T20:34:11","isFullCredit":false},{"lineNumber":31,"author":{"gitId":"ZT712002"},"content":"    }","lastModifiedDate":"2025-09-01T20:34:11","isFullCredit":false},{"lineNumber":32,"author":{"gitId":"ZT712002"},"content":"","lastModifiedDate":"2025-09-01T20:34:11","isFullCredit":false},{"lineNumber":33,"author":{"gitId":"ZT712002"},"content":"    public Passer() {","lastModifiedDate":"2025-09-01T20:34:11","isFullCredit":false},{"lineNumber":34,"author":{"gitId":"ZT712002"},"content":"        this.IN \u003d new Scanner(System.in);","lastModifiedDate":"2025-09-03T08:48:19","isFullCredit":false},{"lineNumber":35,"author":{"gitId":"ZT712002"},"content":"        this.isPasserActive \u003d true;","lastModifiedDate":"2025-09-01T20:34:11","isFullCredit":false},{"lineNumber":36,"author":{"gitId":"ZT712002"},"content":"    }","lastModifiedDate":"2025-09-01T20:34:11","isFullCredit":false},{"lineNumber":37,"author":{"gitId":"ZT712002"},"content":"","lastModifiedDate":"2025-09-01T20:34:11","isFullCredit":false},{"lineNumber":38,"author":{"gitId":"ZT712002"},"content":"    public void setUserInput() {","lastModifiedDate":"2025-09-01T20:34:11","isFullCredit":false},{"lineNumber":39,"author":{"gitId":"ZT712002"},"content":"        this.userInput \u003d IN.nextLine();","lastModifiedDate":"2025-09-03T08:48:19","isFullCredit":false},{"lineNumber":40,"author":{"gitId":"ZT712002"},"content":"    }","lastModifiedDate":"2025-09-01T20:34:11","isFullCredit":false},{"lineNumber":41,"author":{"gitId":"ZT712002"},"content":"","lastModifiedDate":"2025-09-01T20:34:11","isFullCredit":false},{"lineNumber":42,"author":{"gitId":"ZT712002"},"content":"    public boolean isPasserActive() {","lastModifiedDate":"2025-09-01T20:34:11","isFullCredit":false},{"lineNumber":43,"author":{"gitId":"ZT712002"},"content":"        return isPasserActive;","lastModifiedDate":"2025-09-01T20:34:11","isFullCredit":false},{"lineNumber":44,"author":{"gitId":"ZT712002"},"content":"    }","lastModifiedDate":"2025-09-01T20:34:11","isFullCredit":false},{"lineNumber":45,"author":{"gitId":"ZT712002"},"content":"","lastModifiedDate":"2025-09-01T20:34:11","isFullCredit":false},{"lineNumber":46,"author":{"gitId":"ZT712002"},"content":"    public void setIsPasserActiveOff() {","lastModifiedDate":"2025-09-08T12:49:39","isFullCredit":false},{"lineNumber":47,"author":{"gitId":"ZT712002"},"content":"        isPasserActive \u003d false;","lastModifiedDate":"2025-09-08T12:49:39","isFullCredit":false},{"lineNumber":48,"author":{"gitId":"ZT712002"},"content":"    }","lastModifiedDate":"2025-09-01T20:34:11","isFullCredit":false},{"lineNumber":49,"author":{"gitId":"ZT712002"},"content":"","lastModifiedDate":"2025-09-01T20:34:11","isFullCredit":false},{"lineNumber":50,"author":{"gitId":"ZT712002"},"content":"    public void processCommand(String userInput, TaskList tasks) {","lastModifiedDate":"2025-09-01T20:34:11","isFullCredit":false},{"lineNumber":51,"author":{"gitId":"ZT712002"},"content":"        String[] commandParts \u003d userInput.split(\" \", 2);","lastModifiedDate":"2025-09-01T20:34:11","isFullCredit":false},{"lineNumber":52,"author":{"gitId":"ZT712002"},"content":"        String command \u003d commandParts[0].toLowerCase();","lastModifiedDate":"2025-09-01T20:34:11","isFullCredit":false},{"lineNumber":53,"author":{"gitId":"ZT712002"},"content":"        String arguments \u003d commandParts.length \u003e 1 ? commandParts[1] : \"\";","lastModifiedDate":"2025-09-01T20:34:11","isFullCredit":false},{"lineNumber":54,"author":{"gitId":"ZT712002"},"content":"        try {","lastModifiedDate":"2025-09-01T20:34:11","isFullCredit":false},{"lineNumber":55,"author":{"gitId":"ZT712002"},"content":"            switch (command) {","lastModifiedDate":"2025-09-01T20:34:11","isFullCredit":false},{"lineNumber":56,"author":{"gitId":"ZT712002"},"content":"            case \"list\":","lastModifiedDate":"2025-09-01T20:34:11","isFullCredit":false},{"lineNumber":57,"author":{"gitId":"ZT712002"},"content":"                tasks.listTasks();","lastModifiedDate":"2025-09-01T20:34:11","isFullCredit":false},{"lineNumber":58,"author":{"gitId":"ZT712002"},"content":"                break;","lastModifiedDate":"2025-09-01T20:34:11","isFullCredit":false},{"lineNumber":59,"author":{"gitId":"ZT712002"},"content":"            case \"mark\":","lastModifiedDate":"2025-09-01T20:34:11","isFullCredit":false},{"lineNumber":60,"author":{"gitId":"ZT712002"},"content":"                handleMarkUnmark(tasks, arguments, true);","lastModifiedDate":"2025-09-01T20:34:11","isFullCredit":false},{"lineNumber":61,"author":{"gitId":"ZT712002"},"content":"                break;","lastModifiedDate":"2025-09-01T20:34:11","isFullCredit":false},{"lineNumber":62,"author":{"gitId":"ZT712002"},"content":"            case \"unmark\":","lastModifiedDate":"2025-09-01T20:34:11","isFullCredit":false},{"lineNumber":63,"author":{"gitId":"ZT712002"},"content":"                handleMarkUnmark(tasks, arguments, false);","lastModifiedDate":"2025-09-01T20:34:11","isFullCredit":false},{"lineNumber":64,"author":{"gitId":"ZT712002"},"content":"                break;","lastModifiedDate":"2025-09-01T20:34:11","isFullCredit":false},{"lineNumber":65,"author":{"gitId":"ZT712002"},"content":"            case \"todo\":","lastModifiedDate":"2025-09-01T20:34:11","isFullCredit":false},{"lineNumber":66,"author":{"gitId":"ZT712002"},"content":"                handleTodo(tasks, arguments);","lastModifiedDate":"2025-09-01T20:34:11","isFullCredit":false},{"lineNumber":67,"author":{"gitId":"ZT712002"},"content":"                break;","lastModifiedDate":"2025-09-01T20:34:11","isFullCredit":false},{"lineNumber":68,"author":{"gitId":"ZT712002"},"content":"            case \"deadline\":","lastModifiedDate":"2025-09-01T20:34:11","isFullCredit":false},{"lineNumber":69,"author":{"gitId":"ZT712002"},"content":"                handleDeadline(tasks, arguments);","lastModifiedDate":"2025-09-01T20:34:11","isFullCredit":false},{"lineNumber":70,"author":{"gitId":"ZT712002"},"content":"                break;","lastModifiedDate":"2025-09-01T20:34:11","isFullCredit":false},{"lineNumber":71,"author":{"gitId":"ZT712002"},"content":"            case \"event\":","lastModifiedDate":"2025-09-01T20:34:11","isFullCredit":false},{"lineNumber":72,"author":{"gitId":"ZT712002"},"content":"                handleEvent(tasks, arguments);","lastModifiedDate":"2025-09-01T20:34:11","isFullCredit":false},{"lineNumber":73,"author":{"gitId":"ZT712002"},"content":"                break;","lastModifiedDate":"2025-09-01T20:34:11","isFullCredit":false},{"lineNumber":74,"author":{"gitId":"ZT712002"},"content":"            case \"bye\":","lastModifiedDate":"2025-09-01T21:01:12","isFullCredit":false},{"lineNumber":75,"author":{"gitId":"ZT712002"},"content":"                saveData(tasks);","lastModifiedDate":"2025-09-15T14:55:19","isFullCredit":false},{"lineNumber":76,"author":{"gitId":"ZT712002"},"content":"                setIsPasserActiveOff();","lastModifiedDate":"2025-09-08T12:49:39","isFullCredit":false},{"lineNumber":77,"author":{"gitId":"ZT712002"},"content":"                break;","lastModifiedDate":"2025-09-01T21:01:12","isFullCredit":false},{"lineNumber":78,"author":{"gitId":"ZT712002"},"content":"            case \"delete\":","lastModifiedDate":"2025-09-15T09:43:21","isFullCredit":false},{"lineNumber":79,"author":{"gitId":"ZT712002"},"content":"                handleDelete(tasks, arguments);","lastModifiedDate":"2025-09-15T09:43:21","isFullCredit":false},{"lineNumber":80,"author":{"gitId":"ZT712002"},"content":"                break;","lastModifiedDate":"2025-09-15T09:43:21","isFullCredit":false},{"lineNumber":81,"author":{"gitId":"ZT712002"},"content":"            default:","lastModifiedDate":"2025-09-08T13:07:31","isFullCredit":false},{"lineNumber":82,"author":{"gitId":"ZT712002"},"content":"                System.out.println(\"I\u0027m sorry, but I don\u0027t know what that means.\");","lastModifiedDate":"2025-09-08T13:07:31","isFullCredit":false},{"lineNumber":83,"author":{"gitId":"ZT712002"},"content":"","lastModifiedDate":"2025-09-08T13:07:31","isFullCredit":false},{"lineNumber":84,"author":{"gitId":"ZT712002"},"content":"            }","lastModifiedDate":"2025-09-01T20:34:11","isFullCredit":false},{"lineNumber":85,"author":{"gitId":"ZT712002"},"content":"","lastModifiedDate":"2025-09-01T20:34:11","isFullCredit":false},{"lineNumber":86,"author":{"gitId":"ZT712002"},"content":"        } catch (Exception e) {","lastModifiedDate":"2025-09-01T20:34:11","isFullCredit":false},{"lineNumber":87,"author":{"gitId":"ZT712002"},"content":"            System.out.println(\"An error occurred: \" + e.getMessage());","lastModifiedDate":"2025-09-01T20:34:11","isFullCredit":false},{"lineNumber":88,"author":{"gitId":"ZT712002"},"content":"        }","lastModifiedDate":"2025-09-01T20:34:11","isFullCredit":false},{"lineNumber":89,"author":{"gitId":"ZT712002"},"content":"","lastModifiedDate":"2025-09-01T20:34:11","isFullCredit":false},{"lineNumber":90,"author":{"gitId":"ZT712002"},"content":"    }","lastModifiedDate":"2025-09-01T20:34:11","isFullCredit":false},{"lineNumber":91,"author":{"gitId":"ZT712002"},"content":"","lastModifiedDate":"2025-09-02T13:45:36","isFullCredit":false},{"lineNumber":92,"author":{"gitId":"ZT712002"},"content":"    private void saveData(TaskList tasks) throws IOException {","lastModifiedDate":"2025-09-15T14:55:19","isFullCredit":false},{"lineNumber":93,"author":{"gitId":"ZT712002"},"content":"        System.out.println(\"Saving Data Now...\");","lastModifiedDate":"2025-09-15T14:36:02","isFullCredit":false},{"lineNumber":94,"author":{"gitId":"ZT712002"},"content":"        String fileName \u003d FILE_PATH + FILE_NAME;","lastModifiedDate":"2025-09-15T14:36:02","isFullCredit":false},{"lineNumber":95,"author":{"gitId":"ZT712002"},"content":"        BufferedWriter bw \u003d new BufferedWriter(new FileWriter(fileName));","lastModifiedDate":"2025-09-15T14:36:02","isFullCredit":false},{"lineNumber":96,"author":{"gitId":"ZT712002"},"content":"        try {","lastModifiedDate":"2025-09-15T14:36:02","isFullCredit":false},{"lineNumber":97,"author":{"gitId":"ZT712002"},"content":"            for (int i \u003d 0; i \u003c tasks.getSize(); i++) {","lastModifiedDate":"2025-09-15T14:36:02","isFullCredit":false},{"lineNumber":98,"author":{"gitId":"ZT712002"},"content":"                String taskString \u003d tasks.getTask(i);","lastModifiedDate":"2025-09-15T14:36:02","isFullCredit":false},{"lineNumber":99,"author":{"gitId":"ZT712002"},"content":"                bw.write(taskString);","lastModifiedDate":"2025-09-15T14:36:02","isFullCredit":false},{"lineNumber":100,"author":{"gitId":"ZT712002"},"content":"            }","lastModifiedDate":"2025-09-15T14:36:02","isFullCredit":false},{"lineNumber":101,"author":{"gitId":"ZT712002"},"content":"        }","lastModifiedDate":"2025-09-15T14:36:02","isFullCredit":false},{"lineNumber":102,"author":{"gitId":"ZT712002"},"content":"        catch (Exception e) {","lastModifiedDate":"2025-09-15T14:36:02","isFullCredit":false},{"lineNumber":103,"author":{"gitId":"ZT712002"},"content":"            System.out.println(\"An error occurred: \" + e.getMessage());","lastModifiedDate":"2025-09-15T14:36:02","isFullCredit":false},{"lineNumber":104,"author":{"gitId":"ZT712002"},"content":"        } finally {","lastModifiedDate":"2025-09-15T14:36:02","isFullCredit":false},{"lineNumber":105,"author":{"gitId":"ZT712002"},"content":"            bw.close();","lastModifiedDate":"2025-09-15T14:36:02","isFullCredit":false},{"lineNumber":106,"author":{"gitId":"ZT712002"},"content":"        }","lastModifiedDate":"2025-09-15T14:36:02","isFullCredit":false},{"lineNumber":107,"author":{"gitId":"ZT712002"},"content":"    }","lastModifiedDate":"2025-09-15T14:36:02","isFullCredit":false},{"lineNumber":108,"author":{"gitId":"ZT712002"},"content":"","lastModifiedDate":"2025-09-15T14:36:02","isFullCredit":false},{"lineNumber":109,"author":{"gitId":"ZT712002"},"content":"    private static void handleDelete(TaskList tasks, String arguments) {","lastModifiedDate":"2025-09-15T09:43:21","isFullCredit":false},{"lineNumber":110,"author":{"gitId":"ZT712002"},"content":"        try {","lastModifiedDate":"2025-09-15T09:43:21","isFullCredit":false},{"lineNumber":111,"author":{"gitId":"ZT712002"},"content":"            int taskNumber \u003d Integer.parseInt(arguments.trim());","lastModifiedDate":"2025-09-15T09:43:21","isFullCredit":false},{"lineNumber":112,"author":{"gitId":"ZT712002"},"content":"            tasks.deleteTask(taskNumber);","lastModifiedDate":"2025-09-15T09:43:21","isFullCredit":false},{"lineNumber":113,"author":{"gitId":"ZT712002"},"content":"        } catch (NumberFormatException e) {","lastModifiedDate":"2025-09-15T09:43:21","isFullCredit":false},{"lineNumber":114,"author":{"gitId":"ZT712002"},"content":"            System.out.println(\"Please provide a valid task number.\");","lastModifiedDate":"2025-09-15T09:43:21","isFullCredit":false},{"lineNumber":115,"author":{"gitId":"ZT712002"},"content":"        } catch (IllegalTaskNumberException e) {","lastModifiedDate":"2025-09-15T09:43:21","isFullCredit":false},{"lineNumber":116,"author":{"gitId":"ZT712002"},"content":"            throw new RuntimeException(e);","lastModifiedDate":"2025-09-15T09:43:21","isFullCredit":false},{"lineNumber":117,"author":{"gitId":"ZT712002"},"content":"        }","lastModifiedDate":"2025-09-15T09:43:21","isFullCredit":false},{"lineNumber":118,"author":{"gitId":"ZT712002"},"content":"    }","lastModifiedDate":"2025-09-15T09:43:21","isFullCredit":false},{"lineNumber":119,"author":{"gitId":"ZT712002"},"content":"","lastModifiedDate":"2025-09-15T09:43:21","isFullCredit":false},{"lineNumber":120,"author":{"gitId":"ZT712002"},"content":"    private void handleMarkUnmark(TaskList tasks, String arguments, boolean isMark) {","lastModifiedDate":"2025-09-01T20:34:11","isFullCredit":false},{"lineNumber":121,"author":{"gitId":"ZT712002"},"content":"        try {","lastModifiedDate":"2025-09-01T20:34:11","isFullCredit":false},{"lineNumber":122,"author":{"gitId":"ZT712002"},"content":"            int taskNumber \u003d Integer.parseInt(arguments.trim());","lastModifiedDate":"2025-09-01T20:34:11","isFullCredit":false},{"lineNumber":123,"author":{"gitId":"ZT712002"},"content":"            if (isMark) {","lastModifiedDate":"2025-09-01T20:34:11","isFullCredit":false},{"lineNumber":124,"author":{"gitId":"ZT712002"},"content":"                tasks.markTask(taskNumber);","lastModifiedDate":"2025-09-01T20:34:11","isFullCredit":false},{"lineNumber":125,"author":{"gitId":"ZT712002"},"content":"            } else {","lastModifiedDate":"2025-09-01T20:34:11","isFullCredit":false},{"lineNumber":126,"author":{"gitId":"ZT712002"},"content":"                tasks.unmarkTask(taskNumber);","lastModifiedDate":"2025-09-01T20:34:11","isFullCredit":false},{"lineNumber":127,"author":{"gitId":"ZT712002"},"content":"            }","lastModifiedDate":"2025-09-01T20:34:11","isFullCredit":false},{"lineNumber":128,"author":{"gitId":"ZT712002"},"content":"        } catch (NumberFormatException e) {","lastModifiedDate":"2025-09-01T20:34:11","isFullCredit":false},{"lineNumber":129,"author":{"gitId":"ZT712002"},"content":"            System.out.println(\"Please provide a valid task number.\");","lastModifiedDate":"2025-09-01T20:34:11","isFullCredit":false},{"lineNumber":130,"author":{"gitId":"ZT712002"},"content":"        } catch (IllegalTaskNumberException e) {","lastModifiedDate":"2025-09-08T13:19:45","isFullCredit":false},{"lineNumber":131,"author":{"gitId":"ZT712002"},"content":"            throw new RuntimeException(e);","lastModifiedDate":"2025-09-08T13:19:45","isFullCredit":false},{"lineNumber":132,"author":{"gitId":"ZT712002"},"content":"        }","lastModifiedDate":"2025-09-01T20:34:11","isFullCredit":false},{"lineNumber":133,"author":{"gitId":"ZT712002"},"content":"    }","lastModifiedDate":"2025-09-01T20:34:11","isFullCredit":false},{"lineNumber":134,"author":{"gitId":"ZT712002"},"content":"","lastModifiedDate":"2025-09-02T13:45:36","isFullCredit":false},{"lineNumber":135,"author":{"gitId":"ZT712002"},"content":"    private void handleTodo(TaskList tasks, String arguments) {","lastModifiedDate":"2025-09-01T20:34:11","isFullCredit":false},{"lineNumber":136,"author":{"gitId":"ZT712002"},"content":"        if (arguments.isEmpty()) {","lastModifiedDate":"2025-09-01T20:34:11","isFullCredit":false},{"lineNumber":137,"author":{"gitId":"ZT712002"},"content":"            System.out.println(\"The description of a todo cannot be empty.\");","lastModifiedDate":"2025-09-01T20:34:11","isFullCredit":false},{"lineNumber":138,"author":{"gitId":"ZT712002"},"content":"            return;","lastModifiedDate":"2025-09-01T20:34:11","isFullCredit":false},{"lineNumber":139,"author":{"gitId":"ZT712002"},"content":"        }","lastModifiedDate":"2025-09-01T20:34:11","isFullCredit":false},{"lineNumber":140,"author":{"gitId":"ZT712002"},"content":"        tasks.addTask(new Todo(arguments));","lastModifiedDate":"2025-09-02T19:34:59","isFullCredit":false},{"lineNumber":141,"author":{"gitId":"ZT712002"},"content":"    }","lastModifiedDate":"2025-09-01T20:34:11","isFullCredit":false},{"lineNumber":142,"author":{"gitId":"ZT712002"},"content":"","lastModifiedDate":"2025-09-02T13:45:36","isFullCredit":false},{"lineNumber":143,"author":{"gitId":"ZT712002"},"content":"    private void handleEvent(TaskList tasks, String arguments) {","lastModifiedDate":"2025-09-01T20:34:11","isFullCredit":false},{"lineNumber":144,"author":{"gitId":"ZT712002"},"content":"        String[] parts \u003d arguments.split(\" /from\");","lastModifiedDate":"2025-09-01T20:34:11","isFullCredit":false},{"lineNumber":145,"author":{"gitId":"ZT712002"},"content":"        if (parts.length \u003c 2) {","lastModifiedDate":"2025-09-01T20:34:11","isFullCredit":false},{"lineNumber":146,"author":{"gitId":"ZT712002"},"content":"            System.out.println(\"Please provide both description and start time for the event in this format \" +","lastModifiedDate":"2025-09-01T20:34:11","isFullCredit":false},{"lineNumber":147,"author":{"gitId":"ZT712002"},"content":"                    \"event \u003cdescription\u003e /from \u003cstart\u003e /to \u003cend\u003e.\");","lastModifiedDate":"2025-09-01T20:34:11","isFullCredit":false},{"lineNumber":148,"author":{"gitId":"ZT712002"},"content":"            return;","lastModifiedDate":"2025-09-01T20:34:11","isFullCredit":false},{"lineNumber":149,"author":{"gitId":"ZT712002"},"content":"        }","lastModifiedDate":"2025-09-01T20:34:11","isFullCredit":false},{"lineNumber":150,"author":{"gitId":"ZT712002"},"content":"        String[] timeParts \u003d parts[1].split(\" /to\");","lastModifiedDate":"2025-09-01T20:34:11","isFullCredit":false},{"lineNumber":151,"author":{"gitId":"ZT712002"},"content":"        if (timeParts.length \u003c 2) {","lastModifiedDate":"2025-09-01T20:34:11","isFullCredit":false},{"lineNumber":152,"author":{"gitId":"ZT712002"},"content":"            System.out.println(\"Please provide both description and start time for the event in this format \" +","lastModifiedDate":"2025-09-01T20:34:11","isFullCredit":false},{"lineNumber":153,"author":{"gitId":"ZT712002"},"content":"                    \"event \u003cdescription\u003e /from \u003cstart\u003e /to \u003cend\u003e.\");","lastModifiedDate":"2025-09-01T20:34:11","isFullCredit":false},{"lineNumber":154,"author":{"gitId":"ZT712002"},"content":"            return;","lastModifiedDate":"2025-09-01T20:34:11","isFullCredit":false},{"lineNumber":155,"author":{"gitId":"ZT712002"},"content":"        }","lastModifiedDate":"2025-09-01T20:34:11","isFullCredit":false},{"lineNumber":156,"author":{"gitId":"ZT712002"},"content":"        tasks.addTask(new Event(parts[0], timeParts[0], timeParts[1]));","lastModifiedDate":"2025-09-01T20:34:11","isFullCredit":false},{"lineNumber":157,"author":{"gitId":"ZT712002"},"content":"    }","lastModifiedDate":"2025-09-01T20:34:11","isFullCredit":false},{"lineNumber":158,"author":{"gitId":"ZT712002"},"content":"","lastModifiedDate":"2025-09-02T13:45:36","isFullCredit":false},{"lineNumber":159,"author":{"gitId":"ZT712002"},"content":"    private void handleDeadline(TaskList tasks, String arguments) {","lastModifiedDate":"2025-09-01T20:34:11","isFullCredit":false},{"lineNumber":160,"author":{"gitId":"ZT712002"},"content":"        String[] parts \u003d arguments.split(\" /by\");","lastModifiedDate":"2025-09-01T20:34:11","isFullCredit":false},{"lineNumber":161,"author":{"gitId":"ZT712002"},"content":"        if (parts.length \u003c 2) {","lastModifiedDate":"2025-09-01T20:34:11","isFullCredit":false},{"lineNumber":162,"author":{"gitId":"ZT712002"},"content":"            System.out.println(\"Please provide both description and due date for the deadline in this format \" +","lastModifiedDate":"2025-09-01T20:34:11","isFullCredit":false},{"lineNumber":163,"author":{"gitId":"ZT712002"},"content":"                    \"deadline \u003cdescription\u003e /by \u003cdue date\u003e.\");","lastModifiedDate":"2025-09-01T20:34:11","isFullCredit":false},{"lineNumber":164,"author":{"gitId":"ZT712002"},"content":"            return;","lastModifiedDate":"2025-09-01T20:34:11","isFullCredit":false},{"lineNumber":165,"author":{"gitId":"ZT712002"},"content":"        }","lastModifiedDate":"2025-09-01T20:34:11","isFullCredit":false},{"lineNumber":166,"author":{"gitId":"ZT712002"},"content":"        tasks.addTask(new Deadline(parts[0], parts[1]));","lastModifiedDate":"2025-09-01T20:34:11","isFullCredit":false},{"lineNumber":167,"author":{"gitId":"ZT712002"},"content":"    }","lastModifiedDate":"2025-09-01T20:34:11","isFullCredit":false},{"lineNumber":168,"author":{"gitId":"ZT712002"},"content":"","lastModifiedDate":"2025-09-15T10:21:20","isFullCredit":false},{"lineNumber":169,"author":{"gitId":"ZT712002"},"content":"    public void initializeList(TaskList tasks) throws IOException {","lastModifiedDate":"2025-09-15T14:55:19","isFullCredit":false},{"lineNumber":170,"author":{"gitId":"ZT712002"},"content":"        checkIfPathExists();","lastModifiedDate":"2025-09-15T10:21:20","isFullCredit":false},{"lineNumber":171,"author":{"gitId":"ZT712002"},"content":"        try {","lastModifiedDate":"2025-09-15T10:29:08","isFullCredit":false},{"lineNumber":172,"author":{"gitId":"ZT712002"},"content":"            File file \u003d new File(FILE_PATH + FILE_NAME);","lastModifiedDate":"2025-09-15T10:29:08","isFullCredit":false},{"lineNumber":173,"author":{"gitId":"ZT712002"},"content":"            if(!file.exists()) {","lastModifiedDate":"2025-09-15T10:29:08","isFullCredit":false},{"lineNumber":174,"author":{"gitId":"ZT712002"},"content":"                System.out.println(\"File does not exist. Creating new file...\");","lastModifiedDate":"2025-09-15T10:29:08","isFullCredit":false},{"lineNumber":175,"author":{"gitId":"ZT712002"},"content":"                file.createNewFile();","lastModifiedDate":"2025-09-15T10:29:08","isFullCredit":false},{"lineNumber":176,"author":{"gitId":"ZT712002"},"content":"            }","lastModifiedDate":"2025-09-15T10:29:08","isFullCredit":false},{"lineNumber":177,"author":{"gitId":"ZT712002"},"content":"        } catch (IOException e) {","lastModifiedDate":"2025-09-15T10:29:08","isFullCredit":false},{"lineNumber":178,"author":{"gitId":"ZT712002"},"content":"            throw new RuntimeException(e);","lastModifiedDate":"2025-09-15T10:29:08","isFullCredit":false},{"lineNumber":179,"author":{"gitId":"ZT712002"},"content":"        }","lastModifiedDate":"2025-09-15T10:29:08","isFullCredit":false},{"lineNumber":180,"author":{"gitId":"ZT712002"},"content":"        System.out.println(\"Loading Data Now...\");","lastModifiedDate":"2025-09-15T10:29:08","isFullCredit":false},{"lineNumber":181,"author":{"gitId":"ZT712002"},"content":"        loadData(tasks);","lastModifiedDate":"2025-09-15T14:55:19","isFullCredit":false},{"lineNumber":182,"author":{"gitId":"ZT712002"},"content":"        tasks.listTasks();","lastModifiedDate":"2025-09-15T14:55:19","isFullCredit":false},{"lineNumber":183,"author":{"gitId":"ZT712002"},"content":"","lastModifiedDate":"2025-09-15T14:55:19","isFullCredit":false},{"lineNumber":184,"author":{"gitId":"ZT712002"},"content":"","lastModifiedDate":"2025-09-15T10:29:08","isFullCredit":false},{"lineNumber":185,"author":{"gitId":"ZT712002"},"content":"","lastModifiedDate":"2025-09-15T10:29:08","isFullCredit":false},{"lineNumber":186,"author":{"gitId":"ZT712002"},"content":"    }","lastModifiedDate":"2025-09-15T14:55:19","isFullCredit":false},{"lineNumber":187,"author":{"gitId":"ZT712002"},"content":"","lastModifiedDate":"2025-09-15T14:55:19","isFullCredit":false},{"lineNumber":188,"author":{"gitId":"ZT712002"},"content":"    private void loadData(TaskList tasks) throws IOException {","lastModifiedDate":"2025-09-15T14:55:19","isFullCredit":false},{"lineNumber":189,"author":{"gitId":"ZT712002"},"content":"        String fileName \u003d FILE_PATH + FILE_NAME;","lastModifiedDate":"2025-09-15T14:55:19","isFullCredit":false},{"lineNumber":190,"author":{"gitId":"ZT712002"},"content":"        try(BufferedReader br \u003d new BufferedReader(new FileReader(fileName))) {","lastModifiedDate":"2025-09-15T14:55:19","isFullCredit":false},{"lineNumber":191,"author":{"gitId":"ZT712002"},"content":"            String line \u003d br.readLine();","lastModifiedDate":"2025-09-15T14:55:19","isFullCredit":false},{"lineNumber":192,"author":{"gitId":"ZT712002"},"content":"            while (line !\u003d null) {","lastModifiedDate":"2025-09-15T14:55:19","isFullCredit":false},{"lineNumber":193,"author":{"gitId":"ZT712002"},"content":"                String[] args \u003d line.split(\",\");","lastModifiedDate":"2025-09-15T14:55:19","isFullCredit":false},{"lineNumber":194,"author":{"gitId":"ZT712002"},"content":"                String taskType \u003d args[0].trim();","lastModifiedDate":"2025-09-15T14:55:19","isFullCredit":false},{"lineNumber":195,"author":{"gitId":"ZT712002"},"content":"                boolean isDone \u003d args[1].trim().equals(\"1\");","lastModifiedDate":"2025-09-15T14:55:19","isFullCredit":false},{"lineNumber":196,"author":{"gitId":"ZT712002"},"content":"                String description \u003d args[2].trim();","lastModifiedDate":"2025-09-15T14:55:19","isFullCredit":false},{"lineNumber":197,"author":{"gitId":"ZT712002"},"content":"                switch (taskType) {","lastModifiedDate":"2025-09-15T14:55:19","isFullCredit":false},{"lineNumber":198,"author":{"gitId":"ZT712002"},"content":"                case \"T\":","lastModifiedDate":"2025-09-15T14:55:19","isFullCredit":false},{"lineNumber":199,"author":{"gitId":"ZT712002"},"content":"                    Todo todo \u003d new Todo(description);","lastModifiedDate":"2025-09-15T14:55:19","isFullCredit":false},{"lineNumber":200,"author":{"gitId":"ZT712002"},"content":"                    if (isDone) {","lastModifiedDate":"2025-09-15T14:55:19","isFullCredit":false},{"lineNumber":201,"author":{"gitId":"ZT712002"},"content":"                        todo.markAsDone();","lastModifiedDate":"2025-09-15T14:55:19","isFullCredit":false},{"lineNumber":202,"author":{"gitId":"ZT712002"},"content":"                    }","lastModifiedDate":"2025-09-15T14:55:19","isFullCredit":false},{"lineNumber":203,"author":{"gitId":"ZT712002"},"content":"                    tasks.addTask(todo, false);","lastModifiedDate":"2025-09-15T14:55:19","isFullCredit":false},{"lineNumber":204,"author":{"gitId":"ZT712002"},"content":"                    break;","lastModifiedDate":"2025-09-15T14:55:19","isFullCredit":false},{"lineNumber":205,"author":{"gitId":"ZT712002"},"content":"                case \"D\":","lastModifiedDate":"2025-09-15T14:55:19","isFullCredit":false},{"lineNumber":206,"author":{"gitId":"ZT712002"},"content":"                    String by \u003d args[3].trim();","lastModifiedDate":"2025-09-15T14:55:19","isFullCredit":false},{"lineNumber":207,"author":{"gitId":"ZT712002"},"content":"                    Deadline deadline \u003d new Deadline(description, by);","lastModifiedDate":"2025-09-15T14:55:19","isFullCredit":false},{"lineNumber":208,"author":{"gitId":"ZT712002"},"content":"                    if (isDone) {","lastModifiedDate":"2025-09-15T14:55:19","isFullCredit":false},{"lineNumber":209,"author":{"gitId":"ZT712002"},"content":"                        deadline.markAsDone();","lastModifiedDate":"2025-09-15T14:55:19","isFullCredit":false},{"lineNumber":210,"author":{"gitId":"ZT712002"},"content":"                    }","lastModifiedDate":"2025-09-15T14:55:19","isFullCredit":false},{"lineNumber":211,"author":{"gitId":"ZT712002"},"content":"                    tasks.addTask(deadline, false);","lastModifiedDate":"2025-09-15T14:55:19","isFullCredit":false},{"lineNumber":212,"author":{"gitId":"ZT712002"},"content":"                    break;","lastModifiedDate":"2025-09-15T14:55:19","isFullCredit":false},{"lineNumber":213,"author":{"gitId":"ZT712002"},"content":"                case \"E\":","lastModifiedDate":"2025-09-15T14:55:19","isFullCredit":false},{"lineNumber":214,"author":{"gitId":"ZT712002"},"content":"                    String from \u003d args[3].trim();","lastModifiedDate":"2025-09-15T14:55:19","isFullCredit":false},{"lineNumber":215,"author":{"gitId":"ZT712002"},"content":"                    String to \u003d args[4].trim();","lastModifiedDate":"2025-09-15T14:55:19","isFullCredit":false},{"lineNumber":216,"author":{"gitId":"ZT712002"},"content":"                    Event event \u003d new Event(description, from, to);","lastModifiedDate":"2025-09-15T14:55:19","isFullCredit":false},{"lineNumber":217,"author":{"gitId":"ZT712002"},"content":"                    if (isDone) {","lastModifiedDate":"2025-09-15T14:55:19","isFullCredit":false},{"lineNumber":218,"author":{"gitId":"ZT712002"},"content":"                        event.markAsDone();","lastModifiedDate":"2025-09-15T14:55:19","isFullCredit":false},{"lineNumber":219,"author":{"gitId":"ZT712002"},"content":"                    }","lastModifiedDate":"2025-09-15T14:55:19","isFullCredit":false},{"lineNumber":220,"author":{"gitId":"ZT712002"},"content":"                    tasks.addTask(event,false);","lastModifiedDate":"2025-09-15T14:55:19","isFullCredit":false},{"lineNumber":221,"author":{"gitId":"ZT712002"},"content":"                    break;","lastModifiedDate":"2025-09-15T14:55:19","isFullCredit":false},{"lineNumber":222,"author":{"gitId":"ZT712002"},"content":"                default:","lastModifiedDate":"2025-09-15T14:55:19","isFullCredit":false},{"lineNumber":223,"author":{"gitId":"ZT712002"},"content":"                    System.out.println(\"Unknown task type or file corrupted please check your file. \" + taskType);","lastModifiedDate":"2025-09-15T14:55:19","isFullCredit":false},{"lineNumber":224,"author":{"gitId":"ZT712002"},"content":"                    break;","lastModifiedDate":"2025-09-15T14:55:19","isFullCredit":false},{"lineNumber":225,"author":{"gitId":"ZT712002"},"content":"                }","lastModifiedDate":"2025-09-15T14:55:19","isFullCredit":false},{"lineNumber":226,"author":{"gitId":"ZT712002"},"content":"                line \u003d br.readLine();","lastModifiedDate":"2025-09-15T14:55:19","isFullCredit":false},{"lineNumber":227,"author":{"gitId":"ZT712002"},"content":"","lastModifiedDate":"2025-09-15T10:29:08","isFullCredit":false},{"lineNumber":228,"author":{"gitId":"ZT712002"},"content":"            }","lastModifiedDate":"2025-09-15T10:29:08","isFullCredit":false},{"lineNumber":229,"author":{"gitId":"ZT712002"},"content":"        } catch (FileNotFoundException e) {","lastModifiedDate":"2025-09-15T14:55:19","isFullCredit":false},{"lineNumber":230,"author":{"gitId":"ZT712002"},"content":"            System.out.println(\"File not found: \" + e.getMessage());","lastModifiedDate":"2025-09-15T14:55:19","isFullCredit":false},{"lineNumber":231,"author":{"gitId":"ZT712002"},"content":"        } catch (IOException e) {","lastModifiedDate":"2025-09-15T14:55:19","isFullCredit":false},{"lineNumber":232,"author":{"gitId":"ZT712002"},"content":"            System.out.println(\"An error occurred while reading the file: \" + e.getMessage());","lastModifiedDate":"2025-09-15T14:55:19","isFullCredit":false},{"lineNumber":233,"author":{"gitId":"ZT712002"},"content":"        }","lastModifiedDate":"2025-09-15T14:55:19","isFullCredit":false},{"lineNumber":234,"author":{"gitId":"ZT712002"},"content":"","lastModifiedDate":"2025-09-15T10:21:20","isFullCredit":false},{"lineNumber":235,"author":{"gitId":"ZT712002"},"content":"","lastModifiedDate":"2025-09-15T10:21:20","isFullCredit":false},{"lineNumber":236,"author":{"gitId":"ZT712002"},"content":"    }","lastModifiedDate":"2025-09-15T10:21:20","isFullCredit":false},{"lineNumber":237,"author":{"gitId":"ZT712002"},"content":"","lastModifiedDate":"2025-09-15T10:21:20","isFullCredit":false},{"lineNumber":238,"author":{"gitId":"ZT712002"},"content":"    private void checkIfPathExists() {","lastModifiedDate":"2025-09-15T10:21:20","isFullCredit":false},{"lineNumber":239,"author":{"gitId":"ZT712002"},"content":"        Path dirPath \u003d Paths.get(FILE_PATH);","lastModifiedDate":"2025-09-15T10:21:20","isFullCredit":false},{"lineNumber":240,"author":{"gitId":"ZT712002"},"content":"        if (!Files.exists(dirPath)) {","lastModifiedDate":"2025-09-15T10:21:20","isFullCredit":false},{"lineNumber":241,"author":{"gitId":"ZT712002"},"content":"            try {","lastModifiedDate":"2025-09-15T10:21:20","isFullCredit":false},{"lineNumber":242,"author":{"gitId":"ZT712002"},"content":"                Files.createDirectories(dirPath);","lastModifiedDate":"2025-09-15T10:21:20","isFullCredit":false},{"lineNumber":243,"author":{"gitId":"ZT712002"},"content":"                System.out.println(\"Directory created: \" + dirPath.toAbsolutePath());","lastModifiedDate":"2025-09-15T10:21:20","isFullCredit":false},{"lineNumber":244,"author":{"gitId":"ZT712002"},"content":"            } catch (Exception e) {","lastModifiedDate":"2025-09-15T10:21:20","isFullCredit":false},{"lineNumber":245,"author":{"gitId":"ZT712002"},"content":"                System.out.println(\"Failed to create directory: \" + e.getMessage());","lastModifiedDate":"2025-09-15T10:21:20","isFullCredit":false},{"lineNumber":246,"author":{"gitId":"ZT712002"},"content":"            }","lastModifiedDate":"2025-09-15T10:21:20","isFullCredit":false},{"lineNumber":247,"author":{"gitId":"ZT712002"},"content":"        }","lastModifiedDate":"2025-09-15T10:21:20","isFullCredit":false},{"lineNumber":248,"author":{"gitId":"ZT712002"},"content":"","lastModifiedDate":"2025-09-15T14:36:02","isFullCredit":false},{"lineNumber":249,"author":{"gitId":"ZT712002"},"content":"    }","lastModifiedDate":"2025-09-15T10:21:20","isFullCredit":false},{"lineNumber":250,"author":{"gitId":"ZT712002"},"content":"}","lastModifiedDate":"2025-09-01T20:34:11","isFullCredit":false}],"authorContributionMap":{"ZT712002":250}},{"path":"src/main/java/exception/IllegalTaskNumberException.java","fileType":"java","lines":[{"lineNumber":1,"author":{"gitId":"ZT712002"},"content":"package exception;","lastModifiedDate":"2025-09-08T13:19:45","isFullCredit":false},{"lineNumber":2,"author":{"gitId":"ZT712002"},"content":"","lastModifiedDate":"2025-09-08T13:19:45","isFullCredit":false},{"lineNumber":3,"author":{"gitId":"ZT712002"},"content":"public class IllegalTaskNumberException extends Exception {","lastModifiedDate":"2025-09-08T13:19:45","isFullCredit":false},{"lineNumber":4,"author":{"gitId":"ZT712002"},"content":"}","lastModifiedDate":"2025-09-08T13:19:45","isFullCredit":false}],"authorContributionMap":{"ZT712002":4}},{"path":"src/main/java/logic/TaskList.java","fileType":"java","lines":[{"lineNumber":1,"author":{"gitId":"ZT712002"},"content":"package logic;","lastModifiedDate":"2025-09-08T13:00:34","isFullCredit":false},{"lineNumber":2,"author":{"gitId":"ZT712002"},"content":"","lastModifiedDate":"2025-09-08T13:00:34","isFullCredit":false},{"lineNumber":3,"author":{"gitId":"ZT712002"},"content":"import exception.IllegalTaskNumberException;","lastModifiedDate":"2025-09-08T13:19:45","isFullCredit":false},{"lineNumber":4,"author":{"gitId":"ZT712002"},"content":"import tasks.Deadline;","lastModifiedDate":"2025-09-15T14:36:02","isFullCredit":false},{"lineNumber":5,"author":{"gitId":"ZT712002"},"content":"import tasks.Event;","lastModifiedDate":"2025-09-15T14:36:02","isFullCredit":false},{"lineNumber":6,"author":{"gitId":"ZT712002"},"content":"import tasks.Task;","lastModifiedDate":"2025-09-08T13:00:34","isFullCredit":false},{"lineNumber":7,"author":{"gitId":"ZT712002"},"content":"import tasks.Todo;","lastModifiedDate":"2025-09-15T15:02:47","isFullCredit":false},{"lineNumber":8,"author":{"gitId":"ZT712002"},"content":"","lastModifiedDate":"2025-09-08T13:00:34","isFullCredit":false},{"lineNumber":9,"author":{"gitId":"ZT712002"},"content":"import java.util.ArrayList;","lastModifiedDate":"2025-08-28T16:37:02","isFullCredit":false},{"lineNumber":10,"author":{"gitId":"ZT712002"},"content":"","lastModifiedDate":"2025-08-28T16:37:02","isFullCredit":false},{"lineNumber":11,"author":{"gitId":"ZT712002"},"content":"public class TaskList {","lastModifiedDate":"2025-08-28T16:37:02","isFullCredit":false},{"lineNumber":12,"author":{"gitId":"ZT712002"},"content":"    private ArrayList\u003cTask\u003e tasks;","lastModifiedDate":"2025-09-03T08:51:23","isFullCredit":false},{"lineNumber":13,"author":{"gitId":"ZT712002"},"content":"","lastModifiedDate":"2025-08-28T16:37:02","isFullCredit":false},{"lineNumber":14,"author":{"gitId":"ZT712002"},"content":"    public TaskList() {","lastModifiedDate":"2025-08-28T16:37:02","isFullCredit":false},{"lineNumber":15,"author":{"gitId":"ZT712002"},"content":"        this.tasks \u003d new ArrayList\u003c\u003e();","lastModifiedDate":"2025-08-28T16:37:02","isFullCredit":false},{"lineNumber":16,"author":{"gitId":"ZT712002"},"content":"    }","lastModifiedDate":"2025-08-28T16:37:02","isFullCredit":false},{"lineNumber":17,"author":{"gitId":"ZT712002"},"content":"","lastModifiedDate":"2025-08-28T16:37:02","isFullCredit":false},{"lineNumber":18,"author":{"gitId":"ZT712002"},"content":"    public void addTask(Task task) {","lastModifiedDate":"2025-09-01T20:34:11","isFullCredit":false},{"lineNumber":19,"author":{"gitId":"ZT712002"},"content":"        tasks.add(task);","lastModifiedDate":"2025-09-01T20:34:11","isFullCredit":false},{"lineNumber":20,"author":{"gitId":"ZT712002"},"content":"        System.out.println(\"Got it. I\u0027ve added this task:\");","lastModifiedDate":"2025-09-01T20:34:11","isFullCredit":false},{"lineNumber":21,"author":{"gitId":"ZT712002"},"content":"        System.out.println(\"  \" + task);","lastModifiedDate":"2025-09-01T20:34:11","isFullCredit":false},{"lineNumber":22,"author":{"gitId":"ZT712002"},"content":"        System.out.println(\"Now you have \" + tasks.size() + \" tasks in the list.\");","lastModifiedDate":"2025-09-01T20:34:11","isFullCredit":false},{"lineNumber":23,"author":{"gitId":"ZT712002"},"content":"    }","lastModifiedDate":"2025-08-28T16:37:02","isFullCredit":false},{"lineNumber":24,"author":{"gitId":"ZT712002"},"content":"    public void addTask(Task task, boolean isLoading){","lastModifiedDate":"2025-09-15T14:55:19","isFullCredit":false},{"lineNumber":25,"author":{"gitId":"ZT712002"},"content":"        //add task without printing when loading from file","lastModifiedDate":"2025-09-15T14:55:19","isFullCredit":false},{"lineNumber":26,"author":{"gitId":"ZT712002"},"content":"        tasks.add(task);","lastModifiedDate":"2025-09-15T14:55:19","isFullCredit":false},{"lineNumber":27,"author":{"gitId":"ZT712002"},"content":"    }","lastModifiedDate":"2025-09-15T14:55:19","isFullCredit":false},{"lineNumber":28,"author":{"gitId":"ZT712002"},"content":"","lastModifiedDate":"2025-08-28T16:37:02","isFullCredit":false},{"lineNumber":29,"author":{"gitId":"ZT712002"},"content":"    public void listTasks() {","lastModifiedDate":"2025-08-28T16:37:02","isFullCredit":false},{"lineNumber":30,"author":{"gitId":"ZT712002"},"content":"        if (tasks.isEmpty()) {","lastModifiedDate":"2025-08-28T16:37:02","isFullCredit":false},{"lineNumber":31,"author":{"gitId":"ZT712002"},"content":"            System.out.println(\"Your task list is empty.\");","lastModifiedDate":"2025-08-28T16:37:02","isFullCredit":false},{"lineNumber":32,"author":{"gitId":"ZT712002"},"content":"            return;","lastModifiedDate":"2025-08-28T16:37:02","isFullCredit":false},{"lineNumber":33,"author":{"gitId":"ZT712002"},"content":"        }","lastModifiedDate":"2025-08-28T16:37:02","isFullCredit":false},{"lineNumber":34,"author":{"gitId":"ZT712002"},"content":"        System.out.println(\"Here are the tasks in your list:\");","lastModifiedDate":"2025-08-28T16:37:02","isFullCredit":false},{"lineNumber":35,"author":{"gitId":"ZT712002"},"content":"        for (int i \u003d 0; i \u003c tasks.size(); i++) {","lastModifiedDate":"2025-08-28T16:37:02","isFullCredit":false},{"lineNumber":36,"author":{"gitId":"ZT712002"},"content":"            System.out.println((i + 1) + \". \" + tasks.get(i));","lastModifiedDate":"2025-08-28T16:37:02","isFullCredit":false},{"lineNumber":37,"author":{"gitId":"ZT712002"},"content":"        }","lastModifiedDate":"2025-08-28T16:37:02","isFullCredit":false},{"lineNumber":38,"author":{"gitId":"ZT712002"},"content":"    }","lastModifiedDate":"2025-08-28T16:37:02","isFullCredit":false},{"lineNumber":39,"author":{"gitId":"ZT712002"},"content":"","lastModifiedDate":"2025-08-28T16:37:02","isFullCredit":false},{"lineNumber":40,"author":{"gitId":"ZT712002"},"content":"    public void markTask(int taskNumber) throws IllegalTaskNumberException {","lastModifiedDate":"2025-09-08T13:19:45","isFullCredit":false},{"lineNumber":41,"author":{"gitId":"ZT712002"},"content":"        try {","lastModifiedDate":"2025-09-08T13:19:45","isFullCredit":false},{"lineNumber":42,"author":{"gitId":"ZT712002"},"content":"            if (isValidIndex(taskNumber)) {","lastModifiedDate":"2025-08-28T16:37:02","isFullCredit":false},{"lineNumber":43,"author":{"gitId":"ZT712002"},"content":"                Task task \u003d tasks.get(taskNumber - 1);","lastModifiedDate":"2025-08-28T16:37:02","isFullCredit":false},{"lineNumber":44,"author":{"gitId":"ZT712002"},"content":"                task.markAsDone();","lastModifiedDate":"2025-08-28T16:37:02","isFullCredit":false},{"lineNumber":45,"author":{"gitId":"ZT712002"},"content":"                System.out.println(\"Nice! I\u0027ve marked this task as done:\");","lastModifiedDate":"2025-08-28T16:37:02","isFullCredit":false},{"lineNumber":46,"author":{"gitId":"ZT712002"},"content":"                System.out.println(\"  \" + task);","lastModifiedDate":"2025-08-28T16:37:02","isFullCredit":false},{"lineNumber":47,"author":{"gitId":"ZT712002"},"content":"            } else {","lastModifiedDate":"2025-08-28T16:37:02","isFullCredit":false},{"lineNumber":48,"author":{"gitId":"ZT712002"},"content":"                System.out.println(\"Invalid task number.\");","lastModifiedDate":"2025-08-28T16:37:02","isFullCredit":false},{"lineNumber":49,"author":{"gitId":"ZT712002"},"content":"            }","lastModifiedDate":"2025-08-28T16:37:02","isFullCredit":false},{"lineNumber":50,"author":{"gitId":"ZT712002"},"content":"        } catch (IllegalTaskNumberException e) {","lastModifiedDate":"2025-09-08T13:19:45","isFullCredit":false},{"lineNumber":51,"author":{"gitId":"ZT712002"},"content":"            throw new IllegalTaskNumberException();","lastModifiedDate":"2025-09-08T13:19:45","isFullCredit":false},{"lineNumber":52,"author":{"gitId":"ZT712002"},"content":"        }","lastModifiedDate":"2025-09-08T13:19:45","isFullCredit":false},{"lineNumber":53,"author":{"gitId":"ZT712002"},"content":"    }","lastModifiedDate":"2025-08-28T16:37:02","isFullCredit":false},{"lineNumber":54,"author":{"gitId":"ZT712002"},"content":"","lastModifiedDate":"2025-08-28T16:37:02","isFullCredit":false},{"lineNumber":55,"author":{"gitId":"ZT712002"},"content":"    public void unmarkTask(int taskNumber) throws IllegalTaskNumberException {","lastModifiedDate":"2025-09-08T13:19:45","isFullCredit":false},{"lineNumber":56,"author":{"gitId":"ZT712002"},"content":"        try {","lastModifiedDate":"2025-09-08T13:19:45","isFullCredit":false},{"lineNumber":57,"author":{"gitId":"ZT712002"},"content":"            if (isValidIndex(taskNumber)) {","lastModifiedDate":"2025-08-28T16:37:02","isFullCredit":false},{"lineNumber":58,"author":{"gitId":"ZT712002"},"content":"                Task task \u003d tasks.get(taskNumber - 1);","lastModifiedDate":"2025-08-28T16:37:02","isFullCredit":false},{"lineNumber":59,"author":{"gitId":"ZT712002"},"content":"                task.unmarkAsDone();","lastModifiedDate":"2025-08-28T16:37:02","isFullCredit":false},{"lineNumber":60,"author":{"gitId":"ZT712002"},"content":"                System.out.println(\"OK, I\u0027ve marked this task as not done yet:\");","lastModifiedDate":"2025-08-28T16:37:02","isFullCredit":false},{"lineNumber":61,"author":{"gitId":"ZT712002"},"content":"                System.out.println(\"  \" + task);","lastModifiedDate":"2025-08-28T16:37:02","isFullCredit":false},{"lineNumber":62,"author":{"gitId":"ZT712002"},"content":"            } else {","lastModifiedDate":"2025-08-28T16:37:02","isFullCredit":false},{"lineNumber":63,"author":{"gitId":"ZT712002"},"content":"                System.out.println(\"Invalid task number.\");","lastModifiedDate":"2025-08-28T16:37:02","isFullCredit":false},{"lineNumber":64,"author":{"gitId":"ZT712002"},"content":"            }","lastModifiedDate":"2025-08-28T16:37:02","isFullCredit":false},{"lineNumber":65,"author":{"gitId":"ZT712002"},"content":"        } catch (IllegalTaskNumberException e) {","lastModifiedDate":"2025-09-08T13:19:45","isFullCredit":false},{"lineNumber":66,"author":{"gitId":"ZT712002"},"content":"            throw new IllegalTaskNumberException();","lastModifiedDate":"2025-09-08T13:19:45","isFullCredit":false},{"lineNumber":67,"author":{"gitId":"ZT712002"},"content":"        }","lastModifiedDate":"2025-09-08T13:19:45","isFullCredit":false},{"lineNumber":68,"author":{"gitId":"ZT712002"},"content":"    }","lastModifiedDate":"2025-08-28T16:37:02","isFullCredit":false},{"lineNumber":69,"author":{"gitId":"ZT712002"},"content":"","lastModifiedDate":"2025-08-28T16:37:02","isFullCredit":false},{"lineNumber":70,"author":{"gitId":"ZT712002"},"content":"    private boolean isValidIndex(int taskNumber) throws IllegalTaskNumberException {","lastModifiedDate":"2025-09-08T13:19:45","isFullCredit":false},{"lineNumber":71,"author":{"gitId":"ZT712002"},"content":"        return taskNumber \u003e 0 \u0026\u0026 taskNumber \u003c\u003d tasks.size();","lastModifiedDate":"2025-08-28T16:37:02","isFullCredit":false},{"lineNumber":72,"author":{"gitId":"ZT712002"},"content":"    }","lastModifiedDate":"2025-08-28T16:37:02","isFullCredit":false},{"lineNumber":73,"author":{"gitId":"ZT712002"},"content":"","lastModifiedDate":"2025-09-15T09:43:21","isFullCredit":false},{"lineNumber":74,"author":{"gitId":"ZT712002"},"content":"    public int getSize() {","lastModifiedDate":"2025-09-15T14:36:02","isFullCredit":false},{"lineNumber":75,"author":{"gitId":"ZT712002"},"content":"        return tasks.size();","lastModifiedDate":"2025-09-15T14:36:02","isFullCredit":false},{"lineNumber":76,"author":{"gitId":"ZT712002"},"content":"    }","lastModifiedDate":"2025-09-15T14:36:02","isFullCredit":false},{"lineNumber":77,"author":{"gitId":"ZT712002"},"content":"","lastModifiedDate":"2025-09-15T14:36:02","isFullCredit":false},{"lineNumber":78,"author":{"gitId":"ZT712002"},"content":"    public String getTask(int i) {","lastModifiedDate":"2025-09-15T14:36:02","isFullCredit":false},{"lineNumber":79,"author":{"gitId":"ZT712002"},"content":"        //Task temp \u003d tasks.get(i);","lastModifiedDate":"2025-09-15T14:36:02","isFullCredit":false},{"lineNumber":80,"author":{"gitId":"ZT712002"},"content":"        String result \u003d\"\";","lastModifiedDate":"2025-09-15T14:36:02","isFullCredit":false},{"lineNumber":81,"author":{"gitId":"ZT712002"},"content":"        if(tasks.get(i) instanceof Todo) {","lastModifiedDate":"2025-09-15T14:36:02","isFullCredit":false},{"lineNumber":82,"author":{"gitId":"ZT712002"},"content":"            Todo temp \u003d (Todo) tasks.get(i);","lastModifiedDate":"2025-09-15T14:36:02","isFullCredit":false},{"lineNumber":83,"author":{"gitId":"ZT712002"},"content":"            result \u003d \"T , \" + (temp.getStatusIcon().equals(\"[X]\") ? \"1\" : \"0\") + \" , \" + temp.getDescription() + \"\\n\";","lastModifiedDate":"2025-09-15T14:36:02","isFullCredit":false},{"lineNumber":84,"author":{"gitId":"ZT712002"},"content":"        }","lastModifiedDate":"2025-09-15T14:36:02","isFullCredit":false},{"lineNumber":85,"author":{"gitId":"ZT712002"},"content":"        else if (tasks.get(i) instanceof Deadline){","lastModifiedDate":"2025-09-15T14:36:02","isFullCredit":false},{"lineNumber":86,"author":{"gitId":"ZT712002"},"content":"            Deadline temp \u003d (Deadline) tasks.get(i);","lastModifiedDate":"2025-09-15T14:36:02","isFullCredit":false},{"lineNumber":87,"author":{"gitId":"ZT712002"},"content":"            result \u003d \"D , \" + (temp.getStatusIcon().equals(\"[X]\") ? \"1\" : \"0\") + \" , \" + temp.getDescription() + \" , \"","lastModifiedDate":"2025-09-15T14:36:02","isFullCredit":false},{"lineNumber":88,"author":{"gitId":"ZT712002"},"content":"                    + ((Deadline) temp).getBy()+ \"\\n\";","lastModifiedDate":"2025-09-15T14:36:02","isFullCredit":false},{"lineNumber":89,"author":{"gitId":"ZT712002"},"content":"        }","lastModifiedDate":"2025-09-15T14:36:02","isFullCredit":false},{"lineNumber":90,"author":{"gitId":"ZT712002"},"content":"        else if (tasks.get(i) instanceof Event){","lastModifiedDate":"2025-09-15T14:36:02","isFullCredit":false},{"lineNumber":91,"author":{"gitId":"ZT712002"},"content":"            Event temp \u003d (Event) tasks.get(i);","lastModifiedDate":"2025-09-15T14:36:02","isFullCredit":false},{"lineNumber":92,"author":{"gitId":"ZT712002"},"content":"            result \u003d \"E , \" + (temp.getStatusIcon().equals(\"[X]\") ? \"1\" : \"0\") + \" , \" + temp.getDescription() + \" , \"","lastModifiedDate":"2025-09-15T14:36:02","isFullCredit":false},{"lineNumber":93,"author":{"gitId":"ZT712002"},"content":"                    + ((Event) temp).getFrom() + \" , \" + ((Event) temp).getTo()+ \"\\n\";","lastModifiedDate":"2025-09-15T14:36:02","isFullCredit":false},{"lineNumber":94,"author":{"gitId":"ZT712002"},"content":"        }","lastModifiedDate":"2025-09-15T14:36:02","isFullCredit":false},{"lineNumber":95,"author":{"gitId":"ZT712002"},"content":"        return result;","lastModifiedDate":"2025-09-15T14:36:02","isFullCredit":false},{"lineNumber":96,"author":{"gitId":"ZT712002"},"content":"    }","lastModifiedDate":"2025-09-15T14:36:02","isFullCredit":false},{"lineNumber":97,"author":{"gitId":"ZT712002"},"content":"","lastModifiedDate":"2025-09-15T15:02:30","isFullCredit":false},{"lineNumber":98,"author":{"gitId":"ZT712002"},"content":"    public void deleteTask(int taskNumber) throws IllegalTaskNumberException {","lastModifiedDate":"2025-09-15T09:43:21","isFullCredit":false},{"lineNumber":99,"author":{"gitId":"ZT712002"},"content":"        try {","lastModifiedDate":"2025-09-15T09:43:21","isFullCredit":false},{"lineNumber":100,"author":{"gitId":"ZT712002"},"content":"            if (isValidIndex(taskNumber)) {","lastModifiedDate":"2025-09-15T09:43:21","isFullCredit":false},{"lineNumber":101,"author":{"gitId":"ZT712002"},"content":"                Task task \u003d tasks.remove(taskNumber - 1);","lastModifiedDate":"2025-09-15T09:43:21","isFullCredit":false},{"lineNumber":102,"author":{"gitId":"ZT712002"},"content":"                System.out.println(\"Noted. I\u0027ve removed this task:\");","lastModifiedDate":"2025-09-15T09:43:21","isFullCredit":false},{"lineNumber":103,"author":{"gitId":"ZT712002"},"content":"                System.out.println(\"  \" + task);","lastModifiedDate":"2025-09-15T09:43:21","isFullCredit":false},{"lineNumber":104,"author":{"gitId":"ZT712002"},"content":"                System.out.println(\"Now you have \" + tasks.size() + \" tasks in the list.\");","lastModifiedDate":"2025-09-15T09:43:21","isFullCredit":false},{"lineNumber":105,"author":{"gitId":"ZT712002"},"content":"            } else {","lastModifiedDate":"2025-09-15T09:43:21","isFullCredit":false},{"lineNumber":106,"author":{"gitId":"ZT712002"},"content":"                System.out.println(\"Invalid task number.\");","lastModifiedDate":"2025-09-15T09:43:21","isFullCredit":false},{"lineNumber":107,"author":{"gitId":"ZT712002"},"content":"            }","lastModifiedDate":"2025-09-15T09:43:21","isFullCredit":false},{"lineNumber":108,"author":{"gitId":"ZT712002"},"content":"        } catch (IllegalTaskNumberException e) {","lastModifiedDate":"2025-09-15T09:43:21","isFullCredit":false},{"lineNumber":109,"author":{"gitId":"ZT712002"},"content":"            throw new IllegalTaskNumberException();","lastModifiedDate":"2025-09-15T09:43:21","isFullCredit":false},{"lineNumber":110,"author":{"gitId":"ZT712002"},"content":"        }","lastModifiedDate":"2025-09-15T09:43:21","isFullCredit":false},{"lineNumber":111,"author":{"gitId":"ZT712002"},"content":"    }","lastModifiedDate":"2025-09-15T09:43:21","isFullCredit":false},{"lineNumber":112,"author":{"gitId":"ZT712002"},"content":"}","lastModifiedDate":"2025-08-28T16:37:02","isFullCredit":false}],"authorContributionMap":{"ZT712002":112}},{"path":"src/main/java/tasks/Deadline.java","fileType":"java","lines":[{"lineNumber":1,"author":{"gitId":"ZT712002"},"content":"package tasks;","lastModifiedDate":"2025-09-08T13:00:34","isFullCredit":false},{"lineNumber":2,"author":{"gitId":"ZT712002"},"content":"","lastModifiedDate":"2025-09-08T13:00:34","isFullCredit":false},{"lineNumber":3,"author":{"gitId":"ZT712002"},"content":"public class Deadline extends Task {","lastModifiedDate":"2025-09-01T20:34:11","isFullCredit":false},{"lineNumber":4,"author":{"gitId":"ZT712002"},"content":"    private String by;","lastModifiedDate":"2025-09-03T08:51:23","isFullCredit":false},{"lineNumber":5,"author":{"gitId":"ZT712002"},"content":"","lastModifiedDate":"2025-09-02T13:45:36","isFullCredit":false},{"lineNumber":6,"author":{"gitId":"ZT712002"},"content":"    public Deadline(String description, String by) {","lastModifiedDate":"2025-09-01T20:34:11","isFullCredit":false},{"lineNumber":7,"author":{"gitId":"ZT712002"},"content":"        super(description);","lastModifiedDate":"2025-09-01T20:34:11","isFullCredit":false},{"lineNumber":8,"author":{"gitId":"ZT712002"},"content":"        this.by \u003d by;","lastModifiedDate":"2025-09-01T20:34:11","isFullCredit":false},{"lineNumber":9,"author":{"gitId":"ZT712002"},"content":"    }","lastModifiedDate":"2025-09-01T20:34:11","isFullCredit":false},{"lineNumber":10,"author":{"gitId":"ZT712002"},"content":"","lastModifiedDate":"2025-09-01T20:34:11","isFullCredit":false},{"lineNumber":11,"author":{"gitId":"ZT712002"},"content":"    public String getBy() {","lastModifiedDate":"2025-09-15T14:36:02","isFullCredit":false},{"lineNumber":12,"author":{"gitId":"ZT712002"},"content":"        return this.by;","lastModifiedDate":"2025-09-15T14:36:02","isFullCredit":false},{"lineNumber":13,"author":{"gitId":"ZT712002"},"content":"    }","lastModifiedDate":"2025-09-15T14:36:02","isFullCredit":false},{"lineNumber":14,"author":{"gitId":"ZT712002"},"content":"","lastModifiedDate":"2025-09-15T14:36:02","isFullCredit":false},{"lineNumber":15,"author":{"gitId":"ZT712002"},"content":"    @Override","lastModifiedDate":"2025-09-01T20:34:11","isFullCredit":false},{"lineNumber":16,"author":{"gitId":"ZT712002"},"content":"    public String toString() {","lastModifiedDate":"2025-09-01T20:34:11","isFullCredit":false},{"lineNumber":17,"author":{"gitId":"ZT712002"},"content":"        return \"[D]\" + super.toString() + \" (by: \" + by + \")\";","lastModifiedDate":"2025-09-01T20:34:11","isFullCredit":false},{"lineNumber":18,"author":{"gitId":"ZT712002"},"content":"    }","lastModifiedDate":"2025-09-01T20:34:11","isFullCredit":false},{"lineNumber":19,"author":{"gitId":"ZT712002"},"content":"}","lastModifiedDate":"2025-09-01T20:34:11","isFullCredit":false}],"authorContributionMap":{"ZT712002":19}},{"path":"src/main/java/tasks/Event.java","fileType":"java","lines":[{"lineNumber":1,"author":{"gitId":"ZT712002"},"content":"package tasks;","lastModifiedDate":"2025-09-08T13:00:34","isFullCredit":false},{"lineNumber":2,"author":{"gitId":"ZT712002"},"content":"","lastModifiedDate":"2025-09-08T13:00:34","isFullCredit":false},{"lineNumber":3,"author":{"gitId":"ZT712002"},"content":"public class Event extends Task {","lastModifiedDate":"2025-09-01T20:34:11","isFullCredit":false},{"lineNumber":4,"author":{"gitId":"ZT712002"},"content":"    private String from;","lastModifiedDate":"2025-09-03T08:51:23","isFullCredit":false},{"lineNumber":5,"author":{"gitId":"ZT712002"},"content":"    private String to;","lastModifiedDate":"2025-09-03T08:51:23","isFullCredit":false},{"lineNumber":6,"author":{"gitId":"ZT712002"},"content":"","lastModifiedDate":"2025-09-02T13:45:36","isFullCredit":false},{"lineNumber":7,"author":{"gitId":"ZT712002"},"content":"    public Event(String description, String from, String to) {","lastModifiedDate":"2025-09-01T20:34:11","isFullCredit":false},{"lineNumber":8,"author":{"gitId":"ZT712002"},"content":"        super(description);","lastModifiedDate":"2025-09-01T20:34:11","isFullCredit":false},{"lineNumber":9,"author":{"gitId":"ZT712002"},"content":"        this.from \u003d from;","lastModifiedDate":"2025-09-01T20:34:11","isFullCredit":false},{"lineNumber":10,"author":{"gitId":"ZT712002"},"content":"        this.to \u003d to;","lastModifiedDate":"2025-09-01T20:34:11","isFullCredit":false},{"lineNumber":11,"author":{"gitId":"ZT712002"},"content":"    }","lastModifiedDate":"2025-09-01T20:34:11","isFullCredit":false},{"lineNumber":12,"author":{"gitId":"ZT712002"},"content":"    public String getFrom() {","lastModifiedDate":"2025-09-15T14:36:02","isFullCredit":false},{"lineNumber":13,"author":{"gitId":"ZT712002"},"content":"        return from;","lastModifiedDate":"2025-09-15T14:36:02","isFullCredit":false},{"lineNumber":14,"author":{"gitId":"ZT712002"},"content":"    }","lastModifiedDate":"2025-09-15T14:36:02","isFullCredit":false},{"lineNumber":15,"author":{"gitId":"ZT712002"},"content":"    public String getTo() {","lastModifiedDate":"2025-09-15T14:36:02","isFullCredit":false},{"lineNumber":16,"author":{"gitId":"ZT712002"},"content":"        return to;","lastModifiedDate":"2025-09-15T14:36:02","isFullCredit":false},{"lineNumber":17,"author":{"gitId":"ZT712002"},"content":"    }","lastModifiedDate":"2025-09-15T14:36:02","isFullCredit":false},{"lineNumber":18,"author":{"gitId":"ZT712002"},"content":"    @Override","lastModifiedDate":"2025-09-01T20:34:11","isFullCredit":false},{"lineNumber":19,"author":{"gitId":"ZT712002"},"content":"    public String toString() {","lastModifiedDate":"2025-09-01T20:34:11","isFullCredit":false},{"lineNumber":20,"author":{"gitId":"ZT712002"},"content":"        return \"[E]\" + super.toString() + \" (from: \" + from + \" to: \" + to + \")\";","lastModifiedDate":"2025-09-01T20:34:11","isFullCredit":false},{"lineNumber":21,"author":{"gitId":"ZT712002"},"content":"    }","lastModifiedDate":"2025-09-01T20:34:11","isFullCredit":false},{"lineNumber":22,"author":{"gitId":"ZT712002"},"content":"}","lastModifiedDate":"2025-09-01T20:34:11","isFullCredit":false},{"lineNumber":23,"author":{"gitId":"ZT712002"},"content":"","lastModifiedDate":"2025-09-01T20:34:11","isFullCredit":false}],"authorContributionMap":{"ZT712002":23}},{"path":"src/main/java/tasks/Task.java","fileType":"java","lines":[{"lineNumber":1,"author":{"gitId":"ZT712002"},"content":"package tasks;","lastModifiedDate":"2025-09-08T13:00:34","isFullCredit":false},{"lineNumber":2,"author":{"gitId":"ZT712002"},"content":"","lastModifiedDate":"2025-09-08T13:00:34","isFullCredit":false},{"lineNumber":3,"author":{"gitId":"ZT712002"},"content":"public abstract class Task {","lastModifiedDate":"2025-09-08T12:53:36","isFullCredit":false},{"lineNumber":4,"author":{"gitId":"ZT712002"},"content":"    private String description;","lastModifiedDate":"2025-09-03T08:51:23","isFullCredit":false},{"lineNumber":5,"author":{"gitId":"ZT712002"},"content":"    private boolean isDone;","lastModifiedDate":"2025-08-28T16:37:02","isFullCredit":false},{"lineNumber":6,"author":{"gitId":"ZT712002"},"content":"","lastModifiedDate":"2025-08-28T16:37:02","isFullCredit":false},{"lineNumber":7,"author":{"gitId":"ZT712002"},"content":"","lastModifiedDate":"2025-08-28T16:37:02","isFullCredit":false},{"lineNumber":8,"author":{"gitId":"ZT712002"},"content":"    public Task(String description) {","lastModifiedDate":"2025-08-28T16:37:02","isFullCredit":false},{"lineNumber":9,"author":{"gitId":"ZT712002"},"content":"        this.description \u003d description;","lastModifiedDate":"2025-08-28T16:37:02","isFullCredit":false},{"lineNumber":10,"author":{"gitId":"ZT712002"},"content":"        this.isDone \u003d false;","lastModifiedDate":"2025-08-28T16:37:02","isFullCredit":false},{"lineNumber":11,"author":{"gitId":"ZT712002"},"content":"    }","lastModifiedDate":"2025-08-28T16:37:02","isFullCredit":false},{"lineNumber":12,"author":{"gitId":"ZT712002"},"content":"","lastModifiedDate":"2025-08-28T16:37:02","isFullCredit":false},{"lineNumber":13,"author":{"gitId":"ZT712002"},"content":"","lastModifiedDate":"2025-08-28T16:37:02","isFullCredit":false},{"lineNumber":14,"author":{"gitId":"ZT712002"},"content":"    public String getDescription() {","lastModifiedDate":"2025-08-28T16:37:02","isFullCredit":false},{"lineNumber":15,"author":{"gitId":"ZT712002"},"content":"        return this.description;","lastModifiedDate":"2025-08-28T16:37:02","isFullCredit":false},{"lineNumber":16,"author":{"gitId":"ZT712002"},"content":"    }","lastModifiedDate":"2025-08-28T16:37:02","isFullCredit":false},{"lineNumber":17,"author":{"gitId":"ZT712002"},"content":"","lastModifiedDate":"2025-08-28T16:37:02","isFullCredit":false},{"lineNumber":18,"author":{"gitId":"ZT712002"},"content":"","lastModifiedDate":"2025-08-28T16:37:02","isFullCredit":false},{"lineNumber":19,"author":{"gitId":"ZT712002"},"content":"    public void markAsDone() {","lastModifiedDate":"2025-08-28T16:37:02","isFullCredit":false},{"lineNumber":20,"author":{"gitId":"ZT712002"},"content":"        this.isDone \u003d true;","lastModifiedDate":"2025-08-28T16:37:02","isFullCredit":false},{"lineNumber":21,"author":{"gitId":"ZT712002"},"content":"    }","lastModifiedDate":"2025-08-28T16:37:02","isFullCredit":false},{"lineNumber":22,"author":{"gitId":"ZT712002"},"content":"","lastModifiedDate":"2025-08-28T16:37:02","isFullCredit":false},{"lineNumber":23,"author":{"gitId":"ZT712002"},"content":"","lastModifiedDate":"2025-08-28T16:37:02","isFullCredit":false},{"lineNumber":24,"author":{"gitId":"ZT712002"},"content":"    public void unmarkAsDone() {","lastModifiedDate":"2025-08-28T16:37:02","isFullCredit":false},{"lineNumber":25,"author":{"gitId":"ZT712002"},"content":"        this.isDone \u003d false;","lastModifiedDate":"2025-08-28T16:37:02","isFullCredit":false},{"lineNumber":26,"author":{"gitId":"ZT712002"},"content":"    }","lastModifiedDate":"2025-08-28T16:37:02","isFullCredit":false},{"lineNumber":27,"author":{"gitId":"ZT712002"},"content":"","lastModifiedDate":"2025-08-28T16:37:02","isFullCredit":false},{"lineNumber":28,"author":{"gitId":"ZT712002"},"content":"    public String getStatusIcon() {","lastModifiedDate":"2025-08-28T16:37:02","isFullCredit":false},{"lineNumber":29,"author":{"gitId":"ZT712002"},"content":"        return (isDone ? \"[X]\" : \"[ ]\");","lastModifiedDate":"2025-08-28T16:37:02","isFullCredit":false},{"lineNumber":30,"author":{"gitId":"ZT712002"},"content":"    }","lastModifiedDate":"2025-08-28T16:37:02","isFullCredit":false},{"lineNumber":31,"author":{"gitId":"ZT712002"},"content":"","lastModifiedDate":"2025-09-01T19:23:58","isFullCredit":false},{"lineNumber":32,"author":{"gitId":"ZT712002"},"content":"    @Override","lastModifiedDate":"2025-08-28T16:37:02","isFullCredit":false},{"lineNumber":33,"author":{"gitId":"ZT712002"},"content":"    public String toString() {","lastModifiedDate":"2025-08-28T16:37:02","isFullCredit":false},{"lineNumber":34,"author":{"gitId":"ZT712002"},"content":"        return getStatusIcon() + \" \" + getDescription();","lastModifiedDate":"2025-08-28T16:37:02","isFullCredit":false},{"lineNumber":35,"author":{"gitId":"ZT712002"},"content":"    }","lastModifiedDate":"2025-08-28T16:37:02","isFullCredit":false},{"lineNumber":36,"author":{"gitId":"ZT712002"},"content":"}","lastModifiedDate":"2025-08-28T16:37:02","isFullCredit":false}],"authorContributionMap":{"ZT712002":36}},{"path":"src/main/java/tasks/Todo.java","fileType":"java","lines":[{"lineNumber":1,"author":{"gitId":"ZT712002"},"content":"package tasks;","lastModifiedDate":"2025-09-08T13:00:34","isFullCredit":false},{"lineNumber":2,"author":{"gitId":"ZT712002"},"content":"","lastModifiedDate":"2025-09-08T13:00:34","isFullCredit":false},{"lineNumber":3,"author":{"gitId":"ZT712002"},"content":"public class Todo extends Task {","lastModifiedDate":"2025-09-02T19:34:59","isFullCredit":false},{"lineNumber":4,"author":{"gitId":"ZT712002"},"content":"    public Todo(String description) {","lastModifiedDate":"2025-09-02T19:34:59","isFullCredit":false},{"lineNumber":5,"author":{"gitId":"ZT712002"},"content":"        super(description);","lastModifiedDate":"2025-09-01T20:34:11","isFullCredit":false},{"lineNumber":6,"author":{"gitId":"ZT712002"},"content":"    }","lastModifiedDate":"2025-09-01T20:34:11","isFullCredit":false},{"lineNumber":7,"author":{"gitId":"ZT712002"},"content":"","lastModifiedDate":"2025-09-01T20:34:11","isFullCredit":false},{"lineNumber":8,"author":{"gitId":"ZT712002"},"content":"    @Override","lastModifiedDate":"2025-09-01T20:34:11","isFullCredit":false},{"lineNumber":9,"author":{"gitId":"ZT712002"},"content":"    public String toString() {","lastModifiedDate":"2025-09-01T20:34:11","isFullCredit":false},{"lineNumber":10,"author":{"gitId":"ZT712002"},"content":"        return \"[T]\" + super.toString();","lastModifiedDate":"2025-09-01T20:34:11","isFullCredit":false},{"lineNumber":11,"author":{"gitId":"ZT712002"},"content":"    }","lastModifiedDate":"2025-09-01T20:34:11","isFullCredit":false},{"lineNumber":12,"author":{"gitId":"ZT712002"},"content":"}","lastModifiedDate":"2025-09-01T20:34:11","isFullCredit":false}],"authorContributionMap":{"ZT712002":12}},{"path":"text-ui-test/input.txt","fileType":"txt","lines":[{"lineNumber":1,"author":{"gitId":"ZT712002"},"content":"todo read book","lastModifiedDate":"2025-09-02T13:45:36","isFullCredit":false},{"lineNumber":2,"author":{"gitId":"ZT712002"},"content":"deadline return book /by next monday","lastModifiedDate":"2025-09-02T13:45:36","isFullCredit":false},{"lineNumber":3,"author":{"gitId":"ZT712002"},"content":"event project meeting /from Aug 6th 2pm /to 4pm","lastModifiedDate":"2025-09-02T13:45:36","isFullCredit":false},{"lineNumber":4,"author":{"gitId":"ZT712002"},"content":"todo buy groceries","lastModifiedDate":"2025-09-02T13:45:36","isFullCredit":false},{"lineNumber":5,"author":{"gitId":"ZT712002"},"content":"deadline submit assignment /by Aug 10th","lastModifiedDate":"2025-09-02T13:45:36","isFullCredit":false},{"lineNumber":6,"author":{"gitId":"ZT712002"},"content":"event birthday party /from Aug 15th 7pm /to 9pm","lastModifiedDate":"2025-09-02T13:45:36","isFullCredit":false},{"lineNumber":7,"author":{"gitId":"ZT712002"},"content":"mark 1","lastModifiedDate":"2025-09-02T13:45:36","isFullCredit":false},{"lineNumber":8,"author":{"gitId":"ZT712002"},"content":"mark 2","lastModifiedDate":"2025-09-02T13:45:36","isFullCredit":false},{"lineNumber":9,"author":{"gitId":"ZT712002"},"content":"list","lastModifiedDate":"2025-09-02T13:45:36","isFullCredit":false},{"lineNumber":10,"author":{"gitId":"ZT712002"},"content":"mark 3","lastModifiedDate":"2025-09-02T13:45:36","isFullCredit":false},{"lineNumber":11,"author":{"gitId":"ZT712002"},"content":"mark 4","lastModifiedDate":"2025-09-02T13:45:36","isFullCredit":false},{"lineNumber":12,"author":{"gitId":"ZT712002"},"content":"mark 5","lastModifiedDate":"2025-09-02T13:45:36","isFullCredit":false},{"lineNumber":13,"author":{"gitId":"ZT712002"},"content":"unmark 1","lastModifiedDate":"2025-09-02T13:45:36","isFullCredit":false},{"lineNumber":14,"author":{"gitId":"ZT712002"},"content":"unmark 2","lastModifiedDate":"2025-09-02T13:45:36","isFullCredit":false},{"lineNumber":15,"author":{"gitId":"ZT712002"},"content":"unmark 3","lastModifiedDate":"2025-09-02T13:45:36","isFullCredit":false},{"lineNumber":16,"author":{"gitId":"ZT712002"},"content":"unmark 4","lastModifiedDate":"2025-09-02T13:45:36","isFullCredit":false},{"lineNumber":17,"author":{"gitId":"ZT712002"},"content":"unmark 5","lastModifiedDate":"2025-09-02T13:45:36","isFullCredit":false},{"lineNumber":18,"author":{"gitId":"ZT712002"},"content":"bye","lastModifiedDate":"2025-09-02T13:45:36","isFullCredit":false}],"authorContributionMap":{"ZT712002":18}},{"path":"text-ui-test/runtest.bat","fileType":"bat","lines":[{"lineNumber":1,"author":{"gitId":"-"},"content":"@ECHO OFF","lastModifiedDate":"2020-05-25T00:03:55","isFullCredit":false},{"lineNumber":2,"author":{"gitId":"-"},"content":"","lastModifiedDate":"2020-05-25T00:03:55","isFullCredit":false},{"lineNumber":3,"author":{"gitId":"-"},"content":"REM create bin directory if it doesn\u0027t exist","lastModifiedDate":"2020-05-25T00:03:55","isFullCredit":false},{"lineNumber":4,"author":{"gitId":"-"},"content":"if not exist ..\\bin mkdir ..\\bin","lastModifiedDate":"2020-05-25T00:03:55","isFullCredit":false},{"lineNumber":5,"author":{"gitId":"-"},"content":"","lastModifiedDate":"2020-05-25T00:03:55","isFullCredit":false},{"lineNumber":6,"author":{"gitId":"-"},"content":"REM delete output from previous run","lastModifiedDate":"2020-05-25T00:03:55","isFullCredit":false},{"lineNumber":7,"author":{"gitId":"-"},"content":"if exist ACTUAL.TXT del ACTUAL.TXT","lastModifiedDate":"2020-08-25T17:23:26","isFullCredit":false},{"lineNumber":8,"author":{"gitId":"-"},"content":"","lastModifiedDate":"2020-05-25T00:03:55","isFullCredit":false},{"lineNumber":9,"author":{"gitId":"-"},"content":"REM compile the code into the bin folder","lastModifiedDate":"2020-05-25T00:03:55","isFullCredit":false},{"lineNumber":10,"author":{"gitId":"-"},"content":"javac  -cp ..\\src\\main\\java -Xlint:none -d ..\\bin ..\\src\\main\\java\\*.java","lastModifiedDate":"2020-08-25T17:23:26","isFullCredit":false},{"lineNumber":11,"author":{"gitId":"-"},"content":"IF ERRORLEVEL 1 (","lastModifiedDate":"2020-05-25T00:03:55","isFullCredit":false},{"lineNumber":12,"author":{"gitId":"-"},"content":"    echo ********** BUILD FAILURE **********","lastModifiedDate":"2020-05-25T00:03:55","isFullCredit":false},{"lineNumber":13,"author":{"gitId":"-"},"content":"    exit /b 1","lastModifiedDate":"2020-05-25T00:03:55","isFullCredit":false},{"lineNumber":14,"author":{"gitId":"-"},"content":")","lastModifiedDate":"2020-05-25T00:03:55","isFullCredit":false},{"lineNumber":15,"author":{"gitId":"-"},"content":"REM no error here, errorlevel \u003d\u003d 0","lastModifiedDate":"2020-05-25T00:03:55","isFullCredit":false},{"lineNumber":16,"author":{"gitId":"-"},"content":"","lastModifiedDate":"2020-05-25T00:03:55","isFullCredit":false},{"lineNumber":17,"author":{"gitId":"ZT712002"},"content":"REM run the program, feed Commands from input.txt file and redirect the output to the ACTUAL.TXT","lastModifiedDate":"2025-09-02T19:34:59","isFullCredit":false},{"lineNumber":18,"author":{"gitId":"ZT712002"},"content":"java -classpath ..\\bin Joebot666 \u003c input.txt \u003e ACTUAL.TXT","lastModifiedDate":"2025-08-23T13:40:35","isFullCredit":false},{"lineNumber":19,"author":{"gitId":"-"},"content":"","lastModifiedDate":"2020-05-25T00:03:55","isFullCredit":false},{"lineNumber":20,"author":{"gitId":"-"},"content":"REM compare the output to the expected output","lastModifiedDate":"2020-05-25T00:03:55","isFullCredit":false},{"lineNumber":21,"author":{"gitId":"-"},"content":"FC ACTUAL.TXT EXPECTED.TXT","lastModifiedDate":"2020-05-25T00:03:55","isFullCredit":false}],"authorContributionMap":{"ZT712002":2,"-":19}},{"path":"text-ui-test/runtest.sh","fileType":"sh","lines":[{"lineNumber":1,"author":{"gitId":"-"},"content":"#!/usr/bin/env bash","lastModifiedDate":"2020-05-25T00:03:55","isFullCredit":false},{"lineNumber":2,"author":{"gitId":"-"},"content":"","lastModifiedDate":"2020-05-25T00:03:55","isFullCredit":false},{"lineNumber":3,"author":{"gitId":"-"},"content":"# create bin directory if it doesn\u0027t exist","lastModifiedDate":"2020-05-25T00:03:55","isFullCredit":false},{"lineNumber":4,"author":{"gitId":"-"},"content":"if [ ! -d \"../bin\" ]","lastModifiedDate":"2020-05-25T00:03:55","isFullCredit":false},{"lineNumber":5,"author":{"gitId":"-"},"content":"then","lastModifiedDate":"2020-05-25T00:03:55","isFullCredit":false},{"lineNumber":6,"author":{"gitId":"-"},"content":"    mkdir ../bin","lastModifiedDate":"2020-05-25T00:03:55","isFullCredit":false},{"lineNumber":7,"author":{"gitId":"-"},"content":"fi","lastModifiedDate":"2020-05-25T00:03:55","isFullCredit":false},{"lineNumber":8,"author":{"gitId":"-"},"content":"","lastModifiedDate":"2020-05-25T00:03:55","isFullCredit":false},{"lineNumber":9,"author":{"gitId":"-"},"content":"# delete output from previous run","lastModifiedDate":"2020-05-25T00:03:55","isFullCredit":false},{"lineNumber":10,"author":{"gitId":"-"},"content":"if [ -e \"./ACTUAL.TXT\" ]","lastModifiedDate":"2020-05-25T00:03:55","isFullCredit":false},{"lineNumber":11,"author":{"gitId":"-"},"content":"then","lastModifiedDate":"2020-05-25T00:03:55","isFullCredit":false},{"lineNumber":12,"author":{"gitId":"-"},"content":"    rm ACTUAL.TXT","lastModifiedDate":"2020-05-25T00:03:55","isFullCredit":false},{"lineNumber":13,"author":{"gitId":"-"},"content":"fi","lastModifiedDate":"2020-05-25T00:03:55","isFullCredit":false},{"lineNumber":14,"author":{"gitId":"-"},"content":"","lastModifiedDate":"2020-05-25T00:03:55","isFullCredit":false},{"lineNumber":15,"author":{"gitId":"-"},"content":"# compile the code into the bin folder, terminates if error occurred","lastModifiedDate":"2020-05-25T00:03:55","isFullCredit":false},{"lineNumber":16,"author":{"gitId":"-"},"content":"if ! javac -cp ../src/main/java -Xlint:none -d ../bin ../src/main/java/*.java","lastModifiedDate":"2020-08-25T17:23:26","isFullCredit":false},{"lineNumber":17,"author":{"gitId":"-"},"content":"then","lastModifiedDate":"2020-05-25T00:03:55","isFullCredit":false},{"lineNumber":18,"author":{"gitId":"-"},"content":"    echo \"********** BUILD FAILURE **********\"","lastModifiedDate":"2020-05-25T00:03:55","isFullCredit":false},{"lineNumber":19,"author":{"gitId":"-"},"content":"    exit 1","lastModifiedDate":"2020-05-25T00:03:55","isFullCredit":false},{"lineNumber":20,"author":{"gitId":"-"},"content":"fi","lastModifiedDate":"2020-05-25T00:03:55","isFullCredit":false},{"lineNumber":21,"author":{"gitId":"-"},"content":"","lastModifiedDate":"2020-05-25T00:03:55","isFullCredit":false},{"lineNumber":22,"author":{"gitId":"ZT712002"},"content":"# run the program, feed Commands from input.txt file and redirect the output to the ACTUAL.TXT","lastModifiedDate":"2025-09-02T19:34:59","isFullCredit":false},{"lineNumber":23,"author":{"gitId":"-"},"content":"java -classpath ../bin Duke \u003c input.txt \u003e ACTUAL.TXT","lastModifiedDate":"2020-05-25T00:03:55","isFullCredit":false},{"lineNumber":24,"author":{"gitId":"-"},"content":"","lastModifiedDate":"2020-05-25T00:03:55","isFullCredit":false},{"lineNumber":25,"author":{"gitId":"-"},"content":"# convert to UNIX format","lastModifiedDate":"2020-05-25T00:03:55","isFullCredit":false},{"lineNumber":26,"author":{"gitId":"-"},"content":"cp EXPECTED.TXT EXPECTED-UNIX.TXT","lastModifiedDate":"2020-05-25T00:03:55","isFullCredit":false},{"lineNumber":27,"author":{"gitId":"-"},"content":"dos2unix ACTUAL.TXT EXPECTED-UNIX.TXT","lastModifiedDate":"2020-05-25T00:03:55","isFullCredit":false},{"lineNumber":28,"author":{"gitId":"-"},"content":"","lastModifiedDate":"2020-05-25T00:03:55","isFullCredit":false},{"lineNumber":29,"author":{"gitId":"-"},"content":"# compare the output to the expected output","lastModifiedDate":"2020-05-25T00:03:55","isFullCredit":false},{"lineNumber":30,"author":{"gitId":"-"},"content":"diff ACTUAL.TXT EXPECTED-UNIX.TXT","lastModifiedDate":"2020-05-25T00:03:55","isFullCredit":false},{"lineNumber":31,"author":{"gitId":"-"},"content":"if [ $? -eq 0 ]","lastModifiedDate":"2020-05-25T00:03:55","isFullCredit":false},{"lineNumber":32,"author":{"gitId":"-"},"content":"then","lastModifiedDate":"2020-05-25T00:03:55","isFullCredit":false},{"lineNumber":33,"author":{"gitId":"-"},"content":"    echo \"Test result: PASSED\"","lastModifiedDate":"2020-05-25T00:03:55","isFullCredit":false},{"lineNumber":34,"author":{"gitId":"-"},"content":"    exit 0","lastModifiedDate":"2020-05-25T00:03:55","isFullCredit":false},{"lineNumber":35,"author":{"gitId":"-"},"content":"else","lastModifiedDate":"2020-05-25T00:03:55","isFullCredit":false},{"lineNumber":36,"author":{"gitId":"-"},"content":"    echo \"Test result: FAILED\"","lastModifiedDate":"2020-05-25T00:03:55","isFullCredit":false},{"lineNumber":37,"author":{"gitId":"-"},"content":"    exit 1","lastModifiedDate":"2020-05-25T00:03:55","isFullCredit":false},{"lineNumber":38,"author":{"gitId":"-"},"content":"fi","lastModifiedDate":"2020-05-25T00:03:55","isFullCredit":false}],"authorContributionMap":{"ZT712002":1,"-":37}}]
