{"authorDailyContributionsMap":{"ZT712002":[{"date":"2025-08-23T00:00:00","commitResults":[{"hash":"0948fb6b66dc609999763a16c9a21fa6ab750614","isMergeCommit":false,"messageTitle":"Added Joebot","messageBody":"Start of Level-0 and project. Changed the text to the requirements of Level-0\n","tags":["Level-0"],"fileTypesAndContributionMap":{"java":{"insertions":7,"deletions":10},"bat":{"insertions":1,"deletions":1},"md":{"insertions":1,"deletions":1}}}]},{"date":"2025-08-27T00:00:00","commitResults":[{"hash":"42738e085dff20d3d078f6b4b9f8d95637186222","isMergeCommit":false,"messageTitle":"Added Extra Bot Prompt Flavors","messageBody":"","tags":["Level-1"],"fileTypesAndContributionMap":{"java":{"insertions":10,"deletions":0}}}]},{"date":"2025-08-28T00:00:00","commitResults":[{"hash":"d2d96029a53462001a9923ac186acc984a5198ec","isMergeCommit":false,"messageTitle":"Finished Level 2 exercises, added list and inserting items function","messageBody":"","fileTypesAndContributionMap":{"java":{"insertions":32,"deletions":4}}},{"hash":"e9541bfeb8c34a9986677300d3de80ca84c1a012","isMergeCommit":false,"messageTitle":"fixed minor output bug where insertItem does not insert the first word into the array","messageBody":"","tags":["Level-2"],"fileTypesAndContributionMap":{"java":{"insertions":2,"deletions":4}}},{"hash":"8231d0fbc5829675b9927089af65bcb2ca68a336","isMergeCommit":false,"messageTitle":"Refactored code to comply with OOP standards","messageBody":"Added 2 new classes Task and TaskList respectively to comply with OOP\nStandards. Tidied up main code as well.\n","fileTypesAndContributionMap":{"java":{"insertions":119,"deletions":27}}},{"hash":"1129aa093ac7e85bdda601cbf2d3411413908cdf","isMergeCommit":false,"messageTitle":"Refactor Main","messageBody":"Changed \"tasklist\" to tasks to comply with A-CodingStandard for\nsubmisison.\n","tags":["Level-3","A-CodingStandard"],"fileTypesAndContributionMap":{"java":{"insertions":5,"deletions":5}}}]},{"date":"2025-09-01T00:00:00","commitResults":[{"hash":"a435cd471faff8d0ed8e81ffc296eb6164ef0bc2","isMergeCommit":false,"messageTitle":"Add 2 class files","messageBody":"","fileTypesAndContributionMap":{"java":{"insertions":4,"deletions":3}}},{"hash":"3173a77945a87e4fffea3a9680671065fcbca4a1","isMergeCommit":false,"messageTitle":"Add deadline, event, passer, todo","messageBody":"For Level-4, needed to do the required - deadline -event and todo\nCreated 3 new class files that inherits from task class to follow the\nInheritance requirement A-inheritance. Added Passer as a new class so\nThe main class old functionality is abstracted away to this Passer class\n","fileTypesAndContributionMap":{"java":{"insertions":151,"deletions":40}}},{"hash":"da3bf1798b42ab4db55f7b6d47bdd1f8966f12f0","isMergeCommit":false,"messageTitle":"Fix bye command in Passer","messageBody":"Added Bye command when handling passer. Now program can exit the\nLoop elegantly without throwing an exception error\n","tags":["Level-4","A-Inheritance"],"fileTypesAndContributionMap":{"java":{"insertions":6,"deletions":5}}}]},{"date":"2025-09-02T00:00:00","commitResults":[{"hash":"ce78f3203064e4961117056af137ff6795d942af","isMergeCommit":false,"messageTitle":"Add test files","messageBody":"Added input and expected text files to fulfil text-ui-testing. Also ran\na linter to lint the rest of the class files.\n","tags":["A-TextUiTesting"],"fileTypesAndContributionMap":{"txt":{"insertions":18,"deletions":0},"java":{"insertions":16,"deletions":10}}},{"hash":"c8544e66086939c2538420858e7affde788f847f","isMergeCommit":false,"messageTitle":"Rename ToDo to Todo","messageBody":"","fileTypesAndContributionMap":{"java":{"insertions":3,"deletions":3},"bat":{"insertions":1,"deletions":1},"sh":{"insertions":1,"deletions":1}}},{"hash":"d839e239e43b06aefaf9817114dbe6e62bf1cbab","isMergeCommit":false,"messageTitle":"Rename getUserinput to getUserInput","messageBody":"","fileTypesAndContributionMap":{"java":{"insertions":2,"deletions":2}}}]},{"date":"2025-09-03T00:00:00","commitResults":[{"hash":"e88e4138395339dc64716cd234ff325756bf1eea","isMergeCommit":false,"messageTitle":"Rename in to IN","messageBody":"","fileTypesAndContributionMap":{"java":{"insertions":3,"deletions":3}}},{"hash":"6c6a10492e6cb24bb173695b0a3fcfa1e02f25c8","isMergeCommit":false,"messageTitle":"Change variable types","messageBody":"For classes Deadline, Events, Todo and Task removed final from their\nvariable types as I\u0027ve realised in the future some of this variables\nmight be modified\n","tags":["A-CodeQuality"],"fileTypesAndContributionMap":{"java":{"insertions":5,"deletions":5}}}]},{"date":"2025-09-08T00:00:00","commitResults":[{"hash":"8e03f46240ba7e69675e87d978222db46a35eb35","isMergeCommit":false,"messageTitle":"Change setPasserActive functionality","messageBody":"setPassActive is now changed to setIsPasserActive off\nreason for this is to just turn it off, by default is turned off so to\nclear any confusion\n","fileTypesAndContributionMap":{"java":{"insertions":3,"deletions":3}}},{"hash":"6475e954865fa8b1992e1bf5a220b50536cf1569","isMergeCommit":false,"messageTitle":"Change Task class type","messageBody":"Task class is now abstract as all subclasses are called respectively and\ntask should not be created in the program\n","fileTypesAndContributionMap":{"java":{"insertions":1,"deletions":1}}},{"hash":"08b37e138f4105ba71b5da415a3ba87ed466864b","isMergeCommit":false,"messageTitle":"Add package directories","messageBody":"Added package directories to divide the classes into suitable java\npackages to keep a clean root structure of the project. Also added the\nimport statements appropriately\n","fileTypesAndContributionMap":{"java":{"insertions":22,"deletions":0}}},{"hash":"e2d2f1f374c17509e8f34d747fe75bd9ceb588d6","isMergeCommit":false,"messageTitle":"Add error check","messageBody":"Added error check for keywords not detected by joebot\n","fileTypesAndContributionMap":{"java":{"insertions":3,"deletions":0}}},{"hash":"70df0e56e80d9708ad17c472e228c7472b713374","isMergeCommit":true,"messageTitle":"Merge branch \u0027branch-A-Packages\u0027 into branch-Level-5","messageBody":"","fileTypesAndContributionMap":{}},{"hash":"315e74f1fe34c5ca496741bb134aa20f342242e8","isMergeCommit":false,"messageTitle":"Add exception handling","messageBody":"Created an IllegalTaskNumberException class that handles the error\nchecker between task numbers\n","fileTypesAndContributionMap":{"java":{"insertions":33,"deletions":17}}},{"hash":"ad72bac4c278ee5ef3640f5e90f371b3e9dab46f","isMergeCommit":true,"messageTitle":"Merge branch \u0027branch-Level-5\u0027 Merge branch-Level-5 to Master","messageBody":"Merging as exception handling task\nrequired for Level-5 is completed\n","tags":["Level-5","A-Packages","A-Exceptions"],"fileTypesAndContributionMap":{}}]},{"date":"2025-09-15T00:00:00","commitResults":[{"hash":"26c66dad73527b4c909e22ca134d529651e220bb","isMergeCommit":false,"messageTitle":"Add delete method","messageBody":"Added delete method to delete tasks from list, Since my TaskList class\nis already implemented with arraylist from the collections class, the\nadditional tag can be added as well.\n","fileTypesAndContributionMap":{"java":{"insertions":29,"deletions":0}}},{"hash":"dbfe0a11ca5fe9237cfe02c13eb2d3134436f95e","isMergeCommit":false,"messageTitle":"Add check if path exists","messageBody":"","fileTypesAndContributionMap":{"java":{"insertions":31,"deletions":1}}},{"hash":"80983ff72429de04073077feebf940154d992507","isMergeCommit":false,"messageTitle":"Add check if file exists","messageBody":"","fileTypesAndContributionMap":{"txt":{"insertions":0,"deletions":0},"java":{"insertions":18,"deletions":1}}},{"hash":"e7c275f00d3f02f5c7569ab6a741217e9066abb2","isMergeCommit":false,"messageTitle":"Add save data method","messageBody":"","fileTypesAndContributionMap":{"txt":{"insertions":4,"deletions":0},"java":{"insertions":59,"deletions":5}}},{"hash":"6593d6fbcedfa3d8dece99e2f110519f15d2abed","isMergeCommit":false,"messageTitle":"Add load data method","messageBody":"Load data method now handles the text file elegantly and closes without\nissues\n","fileTypesAndContributionMap":{"txt":{"insertions":5,"deletions":4},"java":{"insertions":63,"deletions":8}}},{"hash":"a8d4b0980ac1e0c845b6a682c6e46775c962e2a9","isMergeCommit":true,"messageTitle":"Merge branch \u0027branch-Level-6\u0027","messageBody":"","tags":["Level-6","A-Collections"],"fileTypesAndContributionMap":{}},{"hash":"a2abc0b0c822447b802fa3f2fc917cc4f870f658","isMergeCommit":true,"messageTitle":"Merge branch \u0027branch-Level-7\u0027","messageBody":"# Conflicts:\n#\tsrc/main/java/command/Passer.java\n#\tsrc/main/java/logic/TaskList.java\n","fileTypesAndContributionMap":{}},{"hash":"0e47a37772e2939490d97a3b58f62af8507119de","isMergeCommit":false,"messageTitle":"Add import statement","messageBody":"","tags":["Level-7"],"fileTypesAndContributionMap":{"java":{"insertions":1,"deletions":0}}}]},{"date":"2025-09-25T00:00:00","commitResults":[{"hash":"9e8bfbe5b5d11bd432e80f3e7687f83b5088e17e","isMergeCommit":false,"messageTitle":"Rename Passer to Ui","messageBody":"","fileTypesAndContributionMap":{"java":{"insertions":22,"deletions":9}}},{"hash":"a1f0103ac0d753cbdde53525dca7ca39ff9346dd","isMergeCommit":false,"messageTitle":"Add Storage Class","messageBody":"","fileTypesAndContributionMap":{"java":{"insertions":145,"deletions":119}}},{"hash":"2c4a245325a77f9ece896eb1e370600a0dbfae1a","isMergeCommit":false,"messageTitle":"Add Command and Parser Class","messageBody":"","fileTypesAndContributionMap":{"txt":{"insertions":1,"deletions":1},"java":{"insertions":161,"deletions":109}}},{"hash":"3a0c4ee3629670c0500c067c0a4ca06958a1b109","isMergeCommit":false,"messageTitle":"Refactor Classes","messageBody":"","tags":["A-MoreOOP"],"fileTypesAndContributionMap":{"java":{"insertions":2,"deletions":8}}},{"hash":"34450d5f4d1928d2120a9407f0ff309ba10c7f1c","isMergeCommit":false,"messageTitle":"Add date time format","messageBody":"","fileTypesAndContributionMap":{"txt":{"insertions":1,"deletions":5},"java":{"insertions":64,"deletions":9}}},{"hash":"4058ca103509edddbb719c18edb60145ce7e55e8","isMergeCommit":false,"messageTitle":"Add event and deadline functionality","messageBody":"","fileTypesAndContributionMap":{"txt":{"insertions":1,"deletions":0},"java":{"insertions":28,"deletions":8}}},{"hash":"b821c966f0f91c93c0e91a236d102ecef3f49f4f","isMergeCommit":true,"messageTitle":"Merge pull request #1 from ZT712002/branch-Level-8","messageBody":"Add date and time formatting to save/store data","fileTypesAndContributionMap":{}}]},{"date":"2025-09-26T00:00:00","commitResults":[{"hash":"276f7103a450179c08c9c7c3abde8efa7117fd16","isMergeCommit":false,"messageTitle":"Add Find Function","messageBody":"","fileTypesAndContributionMap":{"txt":{"insertions":6,"deletions":0},"java":{"insertions":47,"deletions":1}}},{"hash":"bf6a3f8d6ddf9b86bd8febd58864b78817875044","isMergeCommit":false,"messageTitle":"Fix typo","messageBody":"","tags":["Level-9"],"fileTypesAndContributionMap":{"java":{"insertions":0,"deletions":1}}},{"hash":"4c08aa3c1f26d47739d4b706dc7f7b3ebff9ef0f","isMergeCommit":true,"messageTitle":"Merge pull request #2 from ZT712002/branch-Level-9","messageBody":"Level 9 functionality","fileTypesAndContributionMap":{}},{"hash":"4355f93e8bc0338970c1cb99520d6c780b61521c","isMergeCommit":false,"messageTitle":"Add JavaDoc Comments","messageBody":"","fileTypesAndContributionMap":{"java":{"insertions":286,"deletions":7}}},{"hash":"98f80694d16e6d0824c8829c184e6808869baef8","isMergeCommit":true,"messageTitle":"Merge pull request #3 from ZT712002/branch-A-JavaDoc","messageBody":"JavaDoc Documentation","fileTypesAndContributionMap":{}},{"hash":"fc77c4fac6edf0f554c4763315a0afa256c0635b","isMergeCommit":false,"messageTitle":"Add User Guide","messageBody":"","fileTypesAndContributionMap":{"txt":{"insertions":3,"deletions":0},"java":{"insertions":1,"deletions":1},"md":{"insertions":165,"deletions":13}}},{"hash":"8c29de5783767b2dcfa3b3035116749cb99010cd","isMergeCommit":false,"messageTitle":"Add table of contents","messageBody":"","tags":["A-UserGuide"],"fileTypesAndContributionMap":{"md":{"insertions":15,"deletions":1}}},{"hash":"6a802a2f4d4d02ec009cb54bc909f433bcca3900","isMergeCommit":false,"messageTitle":"Add Date error Check","messageBody":"","tags":["Level-8"],"fileTypesAndContributionMap":{"java":{"insertions":22,"deletions":13}}}]},{"date":"2025-09-29T00:00:00","commitResults":[{"hash":"ba9e385849d1d3db83db161f58ede8bd636e8cf2","isMergeCommit":false,"messageTitle":"Update root readme","messageBody":"","fileTypesAndContributionMap":{"md":{"insertions":4,"deletions":25}}},{"hash":"24953cb0f20d88849451aecd888e1ca586e38024","isMergeCommit":false,"messageTitle":"Fix readme typo","messageBody":"","fileTypesAndContributionMap":{"md":{"insertions":1,"deletions":1}}}]},{"date":"2025-09-30T00:00:00","commitResults":[{"hash":"941eb1b7ff1760e731e8155528f46d00765e7559","isMergeCommit":false,"messageTitle":"Fix deadline bug","messageBody":"","fileTypesAndContributionMap":{"java":{"insertions":5,"deletions":0}}},{"hash":"037d0066cf22fa232ef286bc99ece7074cc990ed","isMergeCommit":false,"messageTitle":"Fix repeat welcome message bug","messageBody":"","fileTypesAndContributionMap":{"java":{"insertions":0,"deletions":2}}},{"hash":"a78b135d38912041670edc311a348c34899ffb3b","isMergeCommit":false,"messageTitle":"Fix line divider bug","messageBody":"","tags":["A-Release"],"fileTypesAndContributionMap":{"java":{"insertions":1,"deletions":0}}}]},{"date":"2025-10-03T00:00:00","commitResults":[{"hash":"eaf2162d06ba9c35fb64aa0ec87ec0cb2cec9f8a","isMergeCommit":false,"messageTitle":"Add more JavaDoc Comments","messageBody":"","tags":["A-JavaDoc"],"fileTypesAndContributionMap":{"java":{"insertions":107,"deletions":21}}},{"hash":"6a6e02b7e0def24848aa3c80f9e2f08db5713350","isMergeCommit":false,"messageTitle":"Add newlines for end of java class","messageBody":"","fileTypesAndContributionMap":{"java":{"insertions":3,"deletions":4}}}]}]},"authorFileTypeContributionMap":{"ZT712002":{"java":1062,"md":178,"fxml":0,"sh":1,"bat":2,"gradle":0,"txt":29}},"authorContributionVariance":{"ZT712002":15683.475},"authorDisplayNameMap":{"ZT712002":"CS2113-W12-2 TAN ..NDEN"}}
