{"authorDailyContributionsMap":{"ZT712002":[{"date":"2025-08-23T00:00:00","commitResults":[{"hash":"0948fb6b66dc609999763a16c9a21fa6ab750614","isMergeCommit":false,"messageTitle":"Added Joebot","messageBody":"Start of Level-0 and project. Changed the text to the requirements of Level-0\n","tags":["Level-0"],"fileTypesAndContributionMap":{"java":{"insertions":7,"deletions":10},"bat":{"insertions":1,"deletions":1},"md":{"insertions":1,"deletions":1}}}]},{"date":"2025-08-27T00:00:00","commitResults":[{"hash":"42738e085dff20d3d078f6b4b9f8d95637186222","isMergeCommit":false,"messageTitle":"Added Extra Bot Prompt Flavors","messageBody":"","tags":["Level-1"],"fileTypesAndContributionMap":{"java":{"insertions":10,"deletions":0}}}]},{"date":"2025-08-28T00:00:00","commitResults":[{"hash":"d2d96029a53462001a9923ac186acc984a5198ec","isMergeCommit":false,"messageTitle":"Finished Level 2 exercises, added list and inserting items function","messageBody":"","fileTypesAndContributionMap":{"java":{"insertions":32,"deletions":4}}},{"hash":"e9541bfeb8c34a9986677300d3de80ca84c1a012","isMergeCommit":false,"messageTitle":"fixed minor output bug where insertItem does not insert the first word into the array","messageBody":"","tags":["Level-2"],"fileTypesAndContributionMap":{"java":{"insertions":2,"deletions":4}}},{"hash":"8231d0fbc5829675b9927089af65bcb2ca68a336","isMergeCommit":false,"messageTitle":"Refactored code to comply with OOP standards","messageBody":"Added 2 new classes Task and TaskList respectively to comply with OOP\nStandards. Tidied up main code as well.\n","fileTypesAndContributionMap":{"java":{"insertions":119,"deletions":27}}},{"hash":"1129aa093ac7e85bdda601cbf2d3411413908cdf","isMergeCommit":false,"messageTitle":"Refactor Main","messageBody":"Changed \"tasklist\" to tasks to comply with A-CodingStandard for\nsubmisison.\n","tags":["Level-3","A-CodingStandard"],"fileTypesAndContributionMap":{"java":{"insertions":5,"deletions":5}}}]},{"date":"2025-09-01T00:00:00","commitResults":[{"hash":"a435cd471faff8d0ed8e81ffc296eb6164ef0bc2","isMergeCommit":false,"messageTitle":"Add 2 class files","messageBody":"","fileTypesAndContributionMap":{"java":{"insertions":4,"deletions":3}}},{"hash":"3173a77945a87e4fffea3a9680671065fcbca4a1","isMergeCommit":false,"messageTitle":"Add deadline, event, passer, todo","messageBody":"For Level-4, needed to do the required - deadline -event and todo\nCreated 3 new class files that inherits from task class to follow the\nInheritance requirement A-inheritance. Added Passer as a new class so\nThe main class old functionality is abstracted away to this Passer class\n","fileTypesAndContributionMap":{"java":{"insertions":151,"deletions":40}}},{"hash":"da3bf1798b42ab4db55f7b6d47bdd1f8966f12f0","isMergeCommit":false,"messageTitle":"Fix bye command in Passer","messageBody":"Added Bye command when handling passer. Now program can exit the\nLoop elegantly without throwing an exception error\n","tags":["Level-4","A-Inheritance"],"fileTypesAndContributionMap":{"java":{"insertions":6,"deletions":5}}}]},{"date":"2025-09-02T00:00:00","commitResults":[{"hash":"ce78f3203064e4961117056af137ff6795d942af","isMergeCommit":false,"messageTitle":"Add test files","messageBody":"Added input and expected text files to fulfil text-ui-testing. Also ran\na linter to lint the rest of the class files.\n","tags":["A-TextUiTesting"],"fileTypesAndContributionMap":{"txt":{"insertions":18,"deletions":0},"java":{"insertions":16,"deletions":10}}},{"hash":"c8544e66086939c2538420858e7affde788f847f","isMergeCommit":false,"messageTitle":"Rename ToDo to Todo","messageBody":"","fileTypesAndContributionMap":{"java":{"insertions":3,"deletions":3},"bat":{"insertions":1,"deletions":1},"sh":{"insertions":1,"deletions":1}}},{"hash":"d839e239e43b06aefaf9817114dbe6e62bf1cbab","isMergeCommit":false,"messageTitle":"Rename getUserinput to getUserInput","messageBody":"","tags":["A-CodeQuality"],"fileTypesAndContributionMap":{"java":{"insertions":2,"deletions":2}}}]}]},"authorFileTypeContributionMap":{"ZT712002":{"java":254,"md":1,"fxml":0,"sh":1,"bat":2,"gradle":0,"txt":18}},"authorContributionVariance":{"ZT712002":2974.1482},"authorDisplayNameMap":{"ZT712002":"CS2113-W12-2 TAN ..NDEN"}}
