[{"path":"README.md","fileType":"md","lines":[{"lineNumber":1,"author":{"gitId":"Kurokishi592"},"content":"# Kurokishi Chatbot project","lastModifiedDate":"2025-09-03T14:18:47","isFullCredit":false},{"lineNumber":2,"author":{"gitId":"-"},"content":"","lastModifiedDate":"2020-05-25T00:03:55","isFullCredit":false},{"lineNumber":3,"author":{"gitId":"Kurokishi592"},"content":"This is a project adapted from _Duke_ ","lastModifiedDate":"2025-09-03T14:18:47","isFullCredit":false},{"lineNumber":4,"author":{"gitId":"-"},"content":"","lastModifiedDate":"2020-05-25T00:03:55","isFullCredit":false},{"lineNumber":5,"author":{"gitId":"Kurokishi592"},"content":"## Setting up in Intellij (or you can run in VSCode or any IDE)","lastModifiedDate":"2025-09-03T14:18:47","isFullCredit":false},{"lineNumber":6,"author":{"gitId":"-"},"content":"","lastModifiedDate":"2020-05-25T00:03:55","isFullCredit":false},{"lineNumber":7,"author":{"gitId":"-"},"content":"Prerequisites: JDK 17, update Intellij to the most recent version.","lastModifiedDate":"2024-07-11T16:50:14","isFullCredit":false},{"lineNumber":8,"author":{"gitId":"-"},"content":"","lastModifiedDate":"2020-05-25T00:03:55","isFullCredit":false},{"lineNumber":9,"author":{"gitId":"-"},"content":"1. Open Intellij (if you are not in the welcome screen, click `File` \u003e `Close Project` to close the existing project first)","lastModifiedDate":"2021-01-17T12:25:53","isFullCredit":false},{"lineNumber":10,"author":{"gitId":"-"},"content":"1. Open the project into Intellij as follows:","lastModifiedDate":"2021-01-17T12:25:53","isFullCredit":false},{"lineNumber":11,"author":{"gitId":"-"},"content":"   1. Click `Open`.","lastModifiedDate":"2021-01-17T12:25:53","isFullCredit":false},{"lineNumber":12,"author":{"gitId":"-"},"content":"   1. Select the project directory, and click `OK`.","lastModifiedDate":"2021-01-17T12:25:53","isFullCredit":false},{"lineNumber":13,"author":{"gitId":"-"},"content":"   1. If there are any further prompts, accept the defaults.","lastModifiedDate":"2020-05-25T00:03:55","isFullCredit":false},{"lineNumber":14,"author":{"gitId":"-"},"content":"1. Configure the project to use **JDK 17** (not other versions) as explained in [here](https://www.jetbrains.com/help/idea/sdk.html#set-up-jdk).\u003cbr\u003e","lastModifiedDate":"2024-07-11T16:50:14","isFullCredit":false},{"lineNumber":15,"author":{"gitId":"-"},"content":"   In the same dialog, set the **Project language level** field to the `SDK default` option.","lastModifiedDate":"2021-07-29T20:29:39","isFullCredit":false},{"lineNumber":16,"author":{"gitId":"Kurokishi592"},"content":"1. After that, locate the `src/main/java/Kurokishi.java` file, right-click it, and choose `Run Kurokishi.main()` (if the code editor is showing compile errors, try restarting the IDE). If the setup is correct, you should see something like the below as the output:","lastModifiedDate":"2025-09-03T14:18:47","isFullCredit":false},{"lineNumber":17,"author":{"gitId":"Kurokishi592"},"content":"","lastModifiedDate":"2025-09-03T18:00:02","isFullCredit":false},{"lineNumber":18,"author":{"gitId":"Kurokishi592"},"content":" _  __  ","lastModifiedDate":"2025-09-03T14:18:47","isFullCredit":false},{"lineNumber":19,"author":{"gitId":"Kurokishi592"},"content":"| |/ /  ","lastModifiedDate":"2025-09-03T14:18:47","isFullCredit":false},{"lineNumber":20,"author":{"gitId":"Kurokishi592"},"content":"| \u0027 /   ","lastModifiedDate":"2025-09-03T14:18:47","isFullCredit":false},{"lineNumber":21,"author":{"gitId":"Kurokishi592"},"content":"| . \\   ","lastModifiedDate":"2025-09-03T14:18:47","isFullCredit":false},{"lineNumber":22,"author":{"gitId":"Kurokishi592"},"content":"|_|\\_\\  ","lastModifiedDate":"2025-09-03T14:18:47","isFullCredit":false},{"lineNumber":23,"author":{"gitId":"Kurokishi592"},"content":" _    _  ","lastModifiedDate":"2025-09-03T14:18:47","isFullCredit":false},{"lineNumber":24,"author":{"gitId":"Kurokishi592"},"content":"| |  | | ","lastModifiedDate":"2025-09-03T14:18:47","isFullCredit":false},{"lineNumber":25,"author":{"gitId":"Kurokishi592"},"content":"| |  | | ","lastModifiedDate":"2025-09-03T14:18:47","isFullCredit":false},{"lineNumber":26,"author":{"gitId":"Kurokishi592"},"content":"| |__| | ","lastModifiedDate":"2025-09-03T14:18:47","isFullCredit":false},{"lineNumber":27,"author":{"gitId":"Kurokishi592"},"content":" \\____/  ","lastModifiedDate":"2025-09-03T14:18:47","isFullCredit":false},{"lineNumber":28,"author":{"gitId":"Kurokishi592"},"content":" ____   ","lastModifiedDate":"2025-09-03T14:18:47","isFullCredit":false},{"lineNumber":29,"author":{"gitId":"Kurokishi592"},"content":"|  _ \\  ","lastModifiedDate":"2025-09-03T14:18:47","isFullCredit":false},{"lineNumber":30,"author":{"gitId":"Kurokishi592"},"content":"| |_) | ","lastModifiedDate":"2025-09-03T14:18:47","isFullCredit":false},{"lineNumber":31,"author":{"gitId":"Kurokishi592"},"content":"|  _ \u003c  ","lastModifiedDate":"2025-09-03T14:18:47","isFullCredit":false},{"lineNumber":32,"author":{"gitId":"Kurokishi592"},"content":"|_| \\_\\ ","lastModifiedDate":"2025-09-03T14:18:47","isFullCredit":false},{"lineNumber":33,"author":{"gitId":"Kurokishi592"},"content":"  ____   ","lastModifiedDate":"2025-09-03T14:18:47","isFullCredit":false},{"lineNumber":34,"author":{"gitId":"Kurokishi592"},"content":" / __ \\","lastModifiedDate":"2025-09-03T14:18:47","isFullCredit":false},{"lineNumber":35,"author":{"gitId":"Kurokishi592"},"content":"| |  | |","lastModifiedDate":"2025-09-03T14:18:47","isFullCredit":false},{"lineNumber":36,"author":{"gitId":"Kurokishi592"},"content":"| |__| |","lastModifiedDate":"2025-09-03T14:18:47","isFullCredit":false},{"lineNumber":37,"author":{"gitId":"Kurokishi592"},"content":" \\____/","lastModifiedDate":"2025-09-03T14:18:47","isFullCredit":false},{"lineNumber":38,"author":{"gitId":"Kurokishi592"},"content":"","lastModifiedDate":"2025-09-03T14:18:47","isFullCredit":false},{"lineNumber":39,"author":{"gitId":"Kurokishi592"},"content":"Hello! I\u0027m Kurokishi","lastModifiedDate":"2025-09-03T14:18:47","isFullCredit":false},{"lineNumber":40,"author":{"gitId":"Kurokishi592"},"content":"","lastModifiedDate":"2025-09-03T18:00:02","isFullCredit":false},{"lineNumber":41,"author":{"gitId":"-"},"content":"","lastModifiedDate":"2025-01-04T21:44:28","isFullCredit":false},{"lineNumber":42,"author":{"gitId":"-"},"content":"**Warning:** Keep the `src\\main\\java` folder as the root folder for Java files (i.e., don\u0027t rename those folders or move Java files to another folder outside of this folder path), as this is the default location some tools (e.g., Gradle) expect to find Java files.","lastModifiedDate":"2025-01-04T21:44:28","isFullCredit":false}],"authorContributionMap":{"Kurokishi592":28,"-":14}},{"path":"src/main/java/Deadline.java","fileType":"java","lines":[{"lineNumber":1,"author":{"gitId":"Kurokishi592"},"content":"/*","lastModifiedDate":"2025-09-03T12:36:26","isFullCredit":false},{"lineNumber":2,"author":{"gitId":"Kurokishi592"},"content":" * Inherits a task with added [D] tag  and a by (deadline)","lastModifiedDate":"2025-09-03T12:36:26","isFullCredit":false},{"lineNumber":3,"author":{"gitId":"Kurokishi592"},"content":" */","lastModifiedDate":"2025-09-03T12:36:26","isFullCredit":false},{"lineNumber":4,"author":{"gitId":"Kurokishi592"},"content":"","lastModifiedDate":"2025-09-03T12:36:26","isFullCredit":false},{"lineNumber":5,"author":{"gitId":"Kurokishi592"},"content":"public class Deadline extends Task {","lastModifiedDate":"2025-09-03T12:36:26","isFullCredit":false},{"lineNumber":6,"author":{"gitId":"Kurokishi592"},"content":"    protected String by;","lastModifiedDate":"2025-09-03T12:36:26","isFullCredit":false},{"lineNumber":7,"author":{"gitId":"Kurokishi592"},"content":"","lastModifiedDate":"2025-09-03T12:36:26","isFullCredit":false},{"lineNumber":8,"author":{"gitId":"Kurokishi592"},"content":"    public Deadline(String description, String by) {","lastModifiedDate":"2025-09-03T12:36:26","isFullCredit":false},{"lineNumber":9,"author":{"gitId":"Kurokishi592"},"content":"        super(description);","lastModifiedDate":"2025-09-03T12:36:26","isFullCredit":false},{"lineNumber":10,"author":{"gitId":"Kurokishi592"},"content":"        this.by \u003d by;","lastModifiedDate":"2025-09-03T12:36:26","isFullCredit":false},{"lineNumber":11,"author":{"gitId":"Kurokishi592"},"content":"    }","lastModifiedDate":"2025-09-03T12:36:26","isFullCredit":false},{"lineNumber":12,"author":{"gitId":"Kurokishi592"},"content":"","lastModifiedDate":"2025-09-03T12:36:26","isFullCredit":false},{"lineNumber":13,"author":{"gitId":"Kurokishi592"},"content":"    @Override","lastModifiedDate":"2025-09-03T12:36:26","isFullCredit":false},{"lineNumber":14,"author":{"gitId":"Kurokishi592"},"content":"    public String toString() {","lastModifiedDate":"2025-09-03T12:36:26","isFullCredit":false},{"lineNumber":15,"author":{"gitId":"Kurokishi592"},"content":"        return \"[D]\" + super.toString() + \" (by: \" + by + \")\";","lastModifiedDate":"2025-09-03T12:36:26","isFullCredit":false},{"lineNumber":16,"author":{"gitId":"Kurokishi592"},"content":"    }","lastModifiedDate":"2025-09-03T12:36:26","isFullCredit":false},{"lineNumber":17,"author":{"gitId":"Kurokishi592"},"content":"}","lastModifiedDate":"2025-09-03T12:36:26","isFullCredit":false}],"authorContributionMap":{"Kurokishi592":17}},{"path":"src/main/java/Event.java","fileType":"java","lines":[{"lineNumber":1,"author":{"gitId":"Kurokishi592"},"content":"/*","lastModifiedDate":"2025-09-03T12:36:26","isFullCredit":false},{"lineNumber":2,"author":{"gitId":"Kurokishi592"},"content":" * Inherits a task with added [E] tag  and a from and to (event duration)","lastModifiedDate":"2025-09-03T12:36:26","isFullCredit":false},{"lineNumber":3,"author":{"gitId":"Kurokishi592"},"content":" */","lastModifiedDate":"2025-09-03T12:36:26","isFullCredit":false},{"lineNumber":4,"author":{"gitId":"Kurokishi592"},"content":"","lastModifiedDate":"2025-09-03T12:36:26","isFullCredit":false},{"lineNumber":5,"author":{"gitId":"Kurokishi592"},"content":"public class Event extends Task{","lastModifiedDate":"2025-09-03T12:36:26","isFullCredit":false},{"lineNumber":6,"author":{"gitId":"Kurokishi592"},"content":"    public String from;","lastModifiedDate":"2025-09-03T12:36:26","isFullCredit":false},{"lineNumber":7,"author":{"gitId":"Kurokishi592"},"content":"    public String to;","lastModifiedDate":"2025-09-03T12:36:26","isFullCredit":false},{"lineNumber":8,"author":{"gitId":"Kurokishi592"},"content":"","lastModifiedDate":"2025-09-03T12:36:26","isFullCredit":false},{"lineNumber":9,"author":{"gitId":"Kurokishi592"},"content":"    public Event(String description, String from, String to) {","lastModifiedDate":"2025-09-03T12:36:26","isFullCredit":false},{"lineNumber":10,"author":{"gitId":"Kurokishi592"},"content":"        super(description);","lastModifiedDate":"2025-09-03T12:36:26","isFullCredit":false},{"lineNumber":11,"author":{"gitId":"Kurokishi592"},"content":"        this.from \u003d from;","lastModifiedDate":"2025-09-03T12:36:26","isFullCredit":false},{"lineNumber":12,"author":{"gitId":"Kurokishi592"},"content":"        this.to \u003d to;","lastModifiedDate":"2025-09-03T12:36:26","isFullCredit":false},{"lineNumber":13,"author":{"gitId":"Kurokishi592"},"content":"    }","lastModifiedDate":"2025-09-03T12:36:26","isFullCredit":false},{"lineNumber":14,"author":{"gitId":"Kurokishi592"},"content":"","lastModifiedDate":"2025-09-03T12:36:26","isFullCredit":false},{"lineNumber":15,"author":{"gitId":"Kurokishi592"},"content":"    public String toString() {","lastModifiedDate":"2025-09-03T12:36:26","isFullCredit":false},{"lineNumber":16,"author":{"gitId":"Kurokishi592"},"content":"        return \"[E]\" + super.toString() + \" (from: \" + from + \" to: \" + to + \")\";","lastModifiedDate":"2025-09-03T12:36:26","isFullCredit":false},{"lineNumber":17,"author":{"gitId":"Kurokishi592"},"content":"    }","lastModifiedDate":"2025-09-03T12:36:26","isFullCredit":false},{"lineNumber":18,"author":{"gitId":"Kurokishi592"},"content":"}","lastModifiedDate":"2025-09-03T12:36:26","isFullCredit":false}],"authorContributionMap":{"Kurokishi592":18}},{"path":"src/main/java/Kurokishi.java","fileType":"java","lines":[{"lineNumber":1,"author":{"gitId":"Kurokishi592"},"content":"import java.util.Scanner;","lastModifiedDate":"2025-08-27T17:03:34","isFullCredit":false},{"lineNumber":2,"author":{"gitId":"Kurokishi592"},"content":"","lastModifiedDate":"2025-08-27T17:03:34","isFullCredit":false},{"lineNumber":3,"author":{"gitId":"Kurokishi592"},"content":"public class Kurokishi {","lastModifiedDate":"2025-08-27T16:17:38","isFullCredit":false},{"lineNumber":4,"author":{"gitId":"Kurokishi592"},"content":"    ","lastModifiedDate":"2025-08-27T18:48:56","isFullCredit":false},{"lineNumber":5,"author":{"gitId":"Kurokishi592"},"content":"    private static final int MAX_TASKS \u003d 100;","lastModifiedDate":"2025-09-03T18:00:02","isFullCredit":false},{"lineNumber":6,"author":{"gitId":"Kurokishi592"},"content":"    private static final String DASH_LINE \u003d\"------------------------------------------------------------\";","lastModifiedDate":"2025-09-03T18:00:02","isFullCredit":false},{"lineNumber":7,"author":{"gitId":"Kurokishi592"},"content":"    private static final String NAME \u003d \"Kurokishi\";","lastModifiedDate":"2025-09-03T18:00:02","isFullCredit":false},{"lineNumber":8,"author":{"gitId":"Kurokishi592"},"content":"    private static final String PROMPT_COMMAND \u003d (","lastModifiedDate":"2025-09-03T18:00:02","isFullCredit":false},{"lineNumber":9,"author":{"gitId":"Kurokishi592"},"content":"            \"\u003e\u003e SYSTEM DIRECTIVE: Awaiting your command...\\n\" + ","lastModifiedDate":"2025-09-09T20:20:42","isFullCredit":false},{"lineNumber":10,"author":{"gitId":"Kurokishi592"},"content":"            \"\u003e\u003e     Use \u0027add \u003cdescription\u003e\u0027 to register a new item.\\n\" +","lastModifiedDate":"2025-09-09T20:20:42","isFullCredit":false},{"lineNumber":11,"author":{"gitId":"Kurokishi592"},"content":"            \"\u003e\u003e     Use \u0027list\u0027 to review all stored records.\\n\" +","lastModifiedDate":"2025-09-09T20:20:42","isFullCredit":false},{"lineNumber":12,"author":{"gitId":"Kurokishi592"},"content":"            \"\u003e\u003e     Use \u0027mark \u003ctask number\u003e\u0027 to confirm task completion.\\n\" +","lastModifiedDate":"2025-09-09T20:20:42","isFullCredit":false},{"lineNumber":13,"author":{"gitId":"Kurokishi592"},"content":"            \"\u003e\u003e     Use \u0027unmark \u003ctask number\u003e\u0027 to revoke completion status.\\n\" +","lastModifiedDate":"2025-09-09T20:20:42","isFullCredit":false},{"lineNumber":14,"author":{"gitId":"Kurokishi592"},"content":"            \"\u003e\u003e     Use \u0027todo \u003cdescription\u003e\u0027 to log a standard task.\\n\" +","lastModifiedDate":"2025-09-09T20:20:42","isFullCredit":false},{"lineNumber":15,"author":{"gitId":"Kurokishi592"},"content":"            \"\u003e\u003e     Use \u0027deadline \u003cdescription\u003e /by \u003cdate/time\u003e\u0027 to establish a time-bound objective.\\n\" +","lastModifiedDate":"2025-09-09T20:20:42","isFullCredit":false},{"lineNumber":16,"author":{"gitId":"Kurokishi592"},"content":"            \"\u003e\u003e     Use \u0027event \u003cdescription\u003e /from \u003cstart\u003e /to \u003cend\u003e\u0027 to schedule an occurrence.\\n\" +","lastModifiedDate":"2025-09-09T20:20:42","isFullCredit":false},{"lineNumber":17,"author":{"gitId":"Kurokishi592"},"content":"            \"\u003e\u003e     Use \u0027bye\u0027 to terminate the current connection.\\n\" +","lastModifiedDate":"2025-09-09T20:20:42","isFullCredit":false},{"lineNumber":18,"author":{"gitId":"Kurokishi592"},"content":"            \"\u003e\u003e SYSTEM DIRECTIVE: Standing by for your command.\\n\"","lastModifiedDate":"2025-09-09T20:20:42","isFullCredit":false},{"lineNumber":19,"author":{"gitId":"Kurokishi592"},"content":"    );","lastModifiedDate":"2025-08-27T18:48:56","isFullCredit":false},{"lineNumber":20,"author":{"gitId":"Kurokishi592"},"content":"","lastModifiedDate":"2025-09-03T18:00:02","isFullCredit":false},{"lineNumber":21,"author":{"gitId":"Kurokishi592"},"content":"    // A simple array to store tasks","lastModifiedDate":"2025-09-03T18:00:02","isFullCredit":false},{"lineNumber":22,"author":{"gitId":"Kurokishi592"},"content":"    private static Task[] taskList \u003d new Task[MAX_TASKS];","lastModifiedDate":"2025-09-03T18:00:02","isFullCredit":false},{"lineNumber":23,"author":{"gitId":"Kurokishi592"},"content":"    ","lastModifiedDate":"2025-09-03T18:00:02","isFullCredit":false},{"lineNumber":24,"author":{"gitId":"Kurokishi592"},"content":"    public static void main(String[] args) {","lastModifiedDate":"2025-09-03T18:00:02","isFullCredit":false},{"lineNumber":25,"author":{"gitId":"Kurokishi592"},"content":"        printLogo();","lastModifiedDate":"2025-09-03T18:00:02","isFullCredit":false},{"lineNumber":26,"author":{"gitId":"Kurokishi592"},"content":"        printBotIntro();","lastModifiedDate":"2025-09-03T18:00:02","isFullCredit":false},{"lineNumber":27,"author":{"gitId":"Kurokishi592"},"content":"        printPrompt();","lastModifiedDate":"2025-09-03T18:00:02","isFullCredit":false},{"lineNumber":28,"author":{"gitId":"Kurokishi592"},"content":"        printDashLine();","lastModifiedDate":"2025-09-03T18:00:02","isFullCredit":false},{"lineNumber":29,"author":{"gitId":"Kurokishi592"},"content":"        ","lastModifiedDate":"2025-09-03T18:00:02","isFullCredit":false},{"lineNumber":30,"author":{"gitId":"Kurokishi592"},"content":"        // Reads command by user and execute corresponding action","lastModifiedDate":"2025-09-03T18:00:02","isFullCredit":false},{"lineNumber":31,"author":{"gitId":"Kurokishi592"},"content":"        Scanner in \u003d new Scanner(System.in);","lastModifiedDate":"2025-09-03T18:00:02","isFullCredit":false},{"lineNumber":32,"author":{"gitId":"Kurokishi592"},"content":"        int taskIndex \u003d 0;","lastModifiedDate":"2025-09-03T18:00:02","isFullCredit":false},{"lineNumber":33,"author":{"gitId":"Kurokishi592"},"content":"        ","lastModifiedDate":"2025-09-03T18:00:02","isFullCredit":false},{"lineNumber":34,"author":{"gitId":"Kurokishi592"},"content":"        while(true) {","lastModifiedDate":"2025-09-03T18:00:02","isFullCredit":false},{"lineNumber":35,"author":{"gitId":"Kurokishi592"},"content":"            String input \u003d in.nextLine().trim();","lastModifiedDate":"2025-09-03T18:00:02","isFullCredit":false},{"lineNumber":36,"author":{"gitId":"Kurokishi592"},"content":"            String[] parts \u003d input.split(\" \", 2);","lastModifiedDate":"2025-09-03T18:00:02","isFullCredit":false},{"lineNumber":37,"author":{"gitId":"Kurokishi592"},"content":"            String command \u003d parts[0];","lastModifiedDate":"2025-09-03T18:00:02","isFullCredit":false},{"lineNumber":38,"author":{"gitId":"Kurokishi592"},"content":"            printDashLine();","lastModifiedDate":"2025-09-03T18:00:02","isFullCredit":false},{"lineNumber":39,"author":{"gitId":"Kurokishi592"},"content":"","lastModifiedDate":"2025-09-03T18:00:02","isFullCredit":false},{"lineNumber":40,"author":{"gitId":"Kurokishi592"},"content":"            // Exit the program upon \"bye\" command","lastModifiedDate":"2025-09-03T18:00:02","isFullCredit":false},{"lineNumber":41,"author":{"gitId":"Kurokishi592"},"content":"            try {","lastModifiedDate":"2025-09-09T20:51:45","isFullCredit":false},{"lineNumber":42,"author":{"gitId":"Kurokishi592"},"content":"                if (command.equals(\"bye\")) {","lastModifiedDate":"2025-09-03T18:00:02","isFullCredit":false},{"lineNumber":43,"author":{"gitId":"Kurokishi592"},"content":"                    System.out.println(\"[SYSTEM NOTICE] Session concluded. Probability of future contact: high. Glory to Humanity.\");","lastModifiedDate":"2025-09-09T20:20:42","isFullCredit":false},{"lineNumber":44,"author":{"gitId":"Kurokishi592"},"content":"                    printDashLine();","lastModifiedDate":"2025-09-03T18:00:02","isFullCredit":false},{"lineNumber":45,"author":{"gitId":"Kurokishi592"},"content":"                    break;","lastModifiedDate":"2025-09-03T18:00:02","isFullCredit":false},{"lineNumber":46,"author":{"gitId":"Kurokishi592"},"content":"                }","lastModifiedDate":"2025-09-03T18:00:02","isFullCredit":false},{"lineNumber":47,"author":{"gitId":"Kurokishi592"},"content":"                ","lastModifiedDate":"2025-09-03T18:00:02","isFullCredit":false},{"lineNumber":48,"author":{"gitId":"Kurokishi592"},"content":"                switch (command) {","lastModifiedDate":"2025-09-03T18:00:02","isFullCredit":false},{"lineNumber":49,"author":{"gitId":"Kurokishi592"},"content":"                    case \"add\":","lastModifiedDate":"2025-09-09T20:20:42","isFullCredit":false},{"lineNumber":50,"author":{"gitId":"Kurokishi592"},"content":"                        if (parts.length \u003c 2 || parts[1].trim().isEmpty()) {","lastModifiedDate":"2025-09-09T20:51:45","isFullCredit":false},{"lineNumber":51,"author":{"gitId":"Kurokishi592"},"content":"                            throw new KurokishiException(\"    [ERROR] Missing item description for \u0027add\u0027 command.\\n\" +","lastModifiedDate":"2025-09-09T20:51:45","isFullCredit":false},{"lineNumber":52,"author":{"gitId":"Kurokishi592"},"content":"                                    \"    [SYSTEM NOTICE] Please provide a valid description to add an item.\");","lastModifiedDate":"2025-09-09T20:51:45","isFullCredit":false},{"lineNumber":53,"author":{"gitId":"Kurokishi592"},"content":"                        }","lastModifiedDate":"2025-09-09T20:51:45","isFullCredit":false},{"lineNumber":54,"author":{"gitId":"Kurokishi592"},"content":"                        taskIndex \u003d handleAdd(parts[1], taskIndex);","lastModifiedDate":"2025-09-09T20:20:42","isFullCredit":false},{"lineNumber":55,"author":{"gitId":"Kurokishi592"},"content":"                        break;","lastModifiedDate":"2025-09-09T20:20:42","isFullCredit":false},{"lineNumber":56,"author":{"gitId":"Kurokishi592"},"content":"                    case \"list\":","lastModifiedDate":"2025-09-03T18:00:02","isFullCredit":false},{"lineNumber":57,"author":{"gitId":"Kurokishi592"},"content":"                        printTaskList(taskIndex);","lastModifiedDate":"2025-09-03T18:00:02","isFullCredit":false},{"lineNumber":58,"author":{"gitId":"Kurokishi592"},"content":"                        break;","lastModifiedDate":"2025-09-03T18:00:02","isFullCredit":false},{"lineNumber":59,"author":{"gitId":"Kurokishi592"},"content":"                    // handle both \u0027mark\u0027 and \u0027unmark\u0027 user inputs together","lastModifiedDate":"2025-09-03T18:00:02","isFullCredit":false},{"lineNumber":60,"author":{"gitId":"Kurokishi592"},"content":"                    case \"mark\":","lastModifiedDate":"2025-09-03T18:00:02","isFullCredit":false},{"lineNumber":61,"author":{"gitId":"Kurokishi592"},"content":"                    case \"unmark\":","lastModifiedDate":"2025-09-03T18:00:02","isFullCredit":false},{"lineNumber":62,"author":{"gitId":"Kurokishi592"},"content":"                        handleMarkUnmark(parts, command, taskIndex);","lastModifiedDate":"2025-09-03T18:00:02","isFullCredit":false},{"lineNumber":63,"author":{"gitId":"Kurokishi592"},"content":"                        break;","lastModifiedDate":"2025-09-03T18:00:02","isFullCredit":false},{"lineNumber":64,"author":{"gitId":"Kurokishi592"},"content":"                    case \"todo\":","lastModifiedDate":"2025-09-03T18:00:02","isFullCredit":false},{"lineNumber":65,"author":{"gitId":"Kurokishi592"},"content":"                        if (parts.length \u003c 2 || parts[1].trim().isEmpty()) {","lastModifiedDate":"2025-09-09T20:51:45","isFullCredit":false},{"lineNumber":66,"author":{"gitId":"Kurokishi592"},"content":"                            throw new KurokishiException(\"    [ERROR] Missing todo task description.\\n\" +","lastModifiedDate":"2025-09-09T20:51:45","isFullCredit":false},{"lineNumber":67,"author":{"gitId":"Kurokishi592"},"content":"                                    \"    [SYSTEM NOTICE] Please provide a valid description to add a todo task.\");","lastModifiedDate":"2025-09-09T20:51:45","isFullCredit":false},{"lineNumber":68,"author":{"gitId":"Kurokishi592"},"content":"                        }","lastModifiedDate":"2025-09-09T20:51:45","isFullCredit":false},{"lineNumber":69,"author":{"gitId":"Kurokishi592"},"content":"                        taskIndex \u003d handleTodo(parts, taskIndex);","lastModifiedDate":"2025-09-03T18:00:02","isFullCredit":false},{"lineNumber":70,"author":{"gitId":"Kurokishi592"},"content":"                        break;","lastModifiedDate":"2025-09-03T18:00:02","isFullCredit":false},{"lineNumber":71,"author":{"gitId":"Kurokishi592"},"content":"                    case \"deadline\":","lastModifiedDate":"2025-09-03T18:00:02","isFullCredit":false},{"lineNumber":72,"author":{"gitId":"Kurokishi592"},"content":"                        if (parts.length \u003c 2 || parts[1].trim().isEmpty()) {","lastModifiedDate":"2025-09-09T20:51:45","isFullCredit":false},{"lineNumber":73,"author":{"gitId":"Kurokishi592"},"content":"                            throw new KurokishiException(\"    [ERROR] Missing deadline task description and time.\\n\" +","lastModifiedDate":"2025-09-09T20:51:45","isFullCredit":false},{"lineNumber":74,"author":{"gitId":"Kurokishi592"},"content":"                                    \"    [SYSTEM NOTICE] Please provide a valid description and time using \u0027/by\u0027 to add a deadline task.\");","lastModifiedDate":"2025-09-09T20:51:45","isFullCredit":false},{"lineNumber":75,"author":{"gitId":"Kurokishi592"},"content":"                        }","lastModifiedDate":"2025-09-09T20:51:45","isFullCredit":false},{"lineNumber":76,"author":{"gitId":"Kurokishi592"},"content":"                        taskIndex \u003d handleDeadline(parts, taskIndex);","lastModifiedDate":"2025-09-03T18:00:02","isFullCredit":false},{"lineNumber":77,"author":{"gitId":"Kurokishi592"},"content":"                        break;","lastModifiedDate":"2025-09-03T18:00:02","isFullCredit":false},{"lineNumber":78,"author":{"gitId":"Kurokishi592"},"content":"                    case \"event\":","lastModifiedDate":"2025-09-03T18:00:02","isFullCredit":false},{"lineNumber":79,"author":{"gitId":"Kurokishi592"},"content":"                        if (parts.length \u003c 2 || parts[1].trim().isEmpty()) {","lastModifiedDate":"2025-09-09T20:51:45","isFullCredit":false},{"lineNumber":80,"author":{"gitId":"Kurokishi592"},"content":"                            throw new KurokishiException(\"    [ERROR] Missing event task description, start time and end time.\\n\" +","lastModifiedDate":"2025-09-09T20:51:45","isFullCredit":false},{"lineNumber":81,"author":{"gitId":"Kurokishi592"},"content":"                                    \"    [SYSTEM NOTICE] Please provide a valid description, start time using \u0027/from\u0027 and end time using \u0027/to\u0027 to add an event task.\");","lastModifiedDate":"2025-09-09T20:51:45","isFullCredit":false},{"lineNumber":82,"author":{"gitId":"Kurokishi592"},"content":"                        }","lastModifiedDate":"2025-09-09T20:51:45","isFullCredit":false},{"lineNumber":83,"author":{"gitId":"Kurokishi592"},"content":"                        taskIndex \u003d handleEvent(parts, taskIndex);","lastModifiedDate":"2025-09-03T18:00:02","isFullCredit":false},{"lineNumber":84,"author":{"gitId":"Kurokishi592"},"content":"                        break;","lastModifiedDate":"2025-09-03T18:00:02","isFullCredit":false},{"lineNumber":85,"author":{"gitId":"Kurokishi592"},"content":"                    default:","lastModifiedDate":"2025-09-03T18:00:02","isFullCredit":false},{"lineNumber":86,"author":{"gitId":"Kurokishi592"},"content":"                        throw new KurokishiException(\"    [ERROR] Unrecognized command: \u0027\" + input + \"\u0027.\\n\" +   ","lastModifiedDate":"2025-09-09T20:51:45","isFullCredit":false},{"lineNumber":87,"author":{"gitId":"Kurokishi592"},"content":"                                \"    [SYSTEM NOTICE] Please use a valid command word:\" +","lastModifiedDate":"2025-09-09T20:51:45","isFullCredit":false},{"lineNumber":88,"author":{"gitId":"Kurokishi592"},"content":"                                \"    (known commands by Humanity: add, list, mark, unmark, todo, deadline, event, bye).\\n\" +","lastModifiedDate":"2025-09-09T20:20:42","isFullCredit":false},{"lineNumber":89,"author":{"gitId":"Kurokishi592"},"content":"                                \"    [SYSTEM NOTICE] User to follow instructions more carefully in future.\");","lastModifiedDate":"2025-09-09T20:20:42","isFullCredit":false},{"lineNumber":90,"author":{"gitId":"Kurokishi592"},"content":"                }","lastModifiedDate":"2025-09-03T18:00:02","isFullCredit":false},{"lineNumber":91,"author":{"gitId":"Kurokishi592"},"content":"            } catch (KurokishiException e) {","lastModifiedDate":"2025-09-09T20:51:45","isFullCredit":false},{"lineNumber":92,"author":{"gitId":"Kurokishi592"},"content":"                System.out.println(e.getMessage());","lastModifiedDate":"2025-09-09T20:51:45","isFullCredit":false},{"lineNumber":93,"author":{"gitId":"Kurokishi592"},"content":"            }","lastModifiedDate":"2025-09-09T20:51:45","isFullCredit":false},{"lineNumber":94,"author":{"gitId":"Kurokishi592"},"content":"            // Indicate user command executed and prompt for next command","lastModifiedDate":"2025-09-03T18:00:02","isFullCredit":false},{"lineNumber":95,"author":{"gitId":"Kurokishi592"},"content":"            printDashLine();","lastModifiedDate":"2025-09-03T18:00:02","isFullCredit":false},{"lineNumber":96,"author":{"gitId":"Kurokishi592"},"content":"            printDone();","lastModifiedDate":"2025-09-03T18:00:02","isFullCredit":false},{"lineNumber":97,"author":{"gitId":"Kurokishi592"},"content":"            printPrompt();","lastModifiedDate":"2025-09-03T18:00:02","isFullCredit":false},{"lineNumber":98,"author":{"gitId":"Kurokishi592"},"content":"        }","lastModifiedDate":"2025-09-03T18:00:02","isFullCredit":false},{"lineNumber":99,"author":{"gitId":"Kurokishi592"},"content":"    }","lastModifiedDate":"2025-09-03T18:00:02","isFullCredit":false},{"lineNumber":100,"author":{"gitId":"Kurokishi592"},"content":"","lastModifiedDate":"2025-09-03T18:00:02","isFullCredit":false},{"lineNumber":101,"author":{"gitId":"Kurokishi592"},"content":"    private static void printLogo() {","lastModifiedDate":"2025-09-03T18:00:02","isFullCredit":false},{"lineNumber":102,"author":{"gitId":"Kurokishi592"},"content":"        String logo \u003d \" _  __  \\n\"","lastModifiedDate":"2025-08-27T19:05:07","isFullCredit":false},{"lineNumber":103,"author":{"gitId":"Kurokishi592"},"content":"                + \"| |/ /  \\n\"","lastModifiedDate":"2025-08-27T16:17:38","isFullCredit":false},{"lineNumber":104,"author":{"gitId":"Kurokishi592"},"content":"                + \"| \u0027 /   \\n\"","lastModifiedDate":"2025-08-27T16:17:38","isFullCredit":false},{"lineNumber":105,"author":{"gitId":"Kurokishi592"},"content":"                + \"| . \\\\   \\n\"","lastModifiedDate":"2025-08-27T16:17:38","isFullCredit":false},{"lineNumber":106,"author":{"gitId":"Kurokishi592"},"content":"                + \"|_|\\\\_\\\\  \\n\"","lastModifiedDate":"2025-08-27T16:17:38","isFullCredit":false},{"lineNumber":107,"author":{"gitId":"Kurokishi592"},"content":"                + \" _    _  \\n\"","lastModifiedDate":"2025-08-27T16:17:38","isFullCredit":false},{"lineNumber":108,"author":{"gitId":"Kurokishi592"},"content":"                + \"| |  | | \\n\"","lastModifiedDate":"2025-08-27T16:17:38","isFullCredit":false},{"lineNumber":109,"author":{"gitId":"Kurokishi592"},"content":"                + \"| |  | | \\n\"","lastModifiedDate":"2025-08-27T16:17:38","isFullCredit":false},{"lineNumber":110,"author":{"gitId":"Kurokishi592"},"content":"                + \"| |__| | \\n\"","lastModifiedDate":"2025-08-27T16:17:38","isFullCredit":false},{"lineNumber":111,"author":{"gitId":"Kurokishi592"},"content":"                + \" \\\\____/  \\n\"","lastModifiedDate":"2025-08-27T16:17:38","isFullCredit":false},{"lineNumber":112,"author":{"gitId":"Kurokishi592"},"content":"                + \" ____   \\n\"","lastModifiedDate":"2025-08-27T16:17:38","isFullCredit":false},{"lineNumber":113,"author":{"gitId":"Kurokishi592"},"content":"                + \"|  _ \\\\  \\n\"","lastModifiedDate":"2025-08-27T16:17:38","isFullCredit":false},{"lineNumber":114,"author":{"gitId":"Kurokishi592"},"content":"                + \"| |_) | \\n\"","lastModifiedDate":"2025-08-27T16:17:38","isFullCredit":false},{"lineNumber":115,"author":{"gitId":"Kurokishi592"},"content":"                + \"|  _ \u003c  \\n\"","lastModifiedDate":"2025-08-27T16:17:38","isFullCredit":false},{"lineNumber":116,"author":{"gitId":"Kurokishi592"},"content":"                + \"|_| \\\\_\\\\ \\n\"","lastModifiedDate":"2025-08-27T16:17:38","isFullCredit":false},{"lineNumber":117,"author":{"gitId":"Kurokishi592"},"content":"                + \"  ____   \\n\"","lastModifiedDate":"2025-08-27T16:17:38","isFullCredit":false},{"lineNumber":118,"author":{"gitId":"Kurokishi592"},"content":"                + \" / __ \\\\  \\n\"","lastModifiedDate":"2025-08-27T16:17:38","isFullCredit":false},{"lineNumber":119,"author":{"gitId":"Kurokishi592"},"content":"                + \"| |  | | \\n\"","lastModifiedDate":"2025-08-27T16:17:38","isFullCredit":false},{"lineNumber":120,"author":{"gitId":"Kurokishi592"},"content":"                + \"| |__| | \\n\"","lastModifiedDate":"2025-08-27T16:17:38","isFullCredit":false},{"lineNumber":121,"author":{"gitId":"Kurokishi592"},"content":"                + \" \\\\____/  \\n\";","lastModifiedDate":"2025-08-27T16:17:38","isFullCredit":false},{"lineNumber":122,"author":{"gitId":"Kurokishi592"},"content":"        System.out.println(logo);","lastModifiedDate":"2025-08-27T17:03:34","isFullCredit":false},{"lineNumber":123,"author":{"gitId":"Kurokishi592"},"content":"    }","lastModifiedDate":"2025-09-03T18:00:02","isFullCredit":false},{"lineNumber":124,"author":{"gitId":"Kurokishi592"},"content":"","lastModifiedDate":"2025-09-03T11:07:51","isFullCredit":false},{"lineNumber":125,"author":{"gitId":"Kurokishi592"},"content":"    private static void printBotIntro() {","lastModifiedDate":"2025-09-03T18:00:02","isFullCredit":false},{"lineNumber":126,"author":{"gitId":"Kurokishi592"},"content":"        System.out.println(\"Unit \" + NAME + \" activated.\\n\" +","lastModifiedDate":"2025-09-09T20:20:42","isFullCredit":false},{"lineNumber":127,"author":{"gitId":"Kurokishi592"},"content":"                \"My role is to support you in organizing your tasks.\\n\");","lastModifiedDate":"2025-09-09T20:20:42","isFullCredit":false},{"lineNumber":128,"author":{"gitId":"Kurokishi592"},"content":"    }","lastModifiedDate":"2025-09-03T18:00:02","isFullCredit":false},{"lineNumber":129,"author":{"gitId":"Kurokishi592"},"content":"    private static void printDashLine() {","lastModifiedDate":"2025-09-03T18:00:02","isFullCredit":false},{"lineNumber":130,"author":{"gitId":"Kurokishi592"},"content":"        System.out.println(DASH_LINE);","lastModifiedDate":"2025-09-03T18:00:02","isFullCredit":false},{"lineNumber":131,"author":{"gitId":"Kurokishi592"},"content":"    }","lastModifiedDate":"2025-09-03T11:07:51","isFullCredit":false},{"lineNumber":132,"author":{"gitId":"Kurokishi592"},"content":"","lastModifiedDate":"2025-09-03T11:07:51","isFullCredit":false},{"lineNumber":133,"author":{"gitId":"Kurokishi592"},"content":"    private static void printPrompt() {","lastModifiedDate":"2025-09-03T18:00:02","isFullCredit":false},{"lineNumber":134,"author":{"gitId":"Kurokishi592"},"content":"        System.out.println(PROMPT_COMMAND);","lastModifiedDate":"2025-09-03T18:00:02","isFullCredit":false},{"lineNumber":135,"author":{"gitId":"Kurokishi592"},"content":"    }","lastModifiedDate":"2025-09-03T18:00:02","isFullCredit":false},{"lineNumber":136,"author":{"gitId":"Kurokishi592"},"content":"","lastModifiedDate":"2025-09-03T11:07:51","isFullCredit":false},{"lineNumber":137,"author":{"gitId":"Kurokishi592"},"content":"    private static void printDone() {","lastModifiedDate":"2025-09-03T18:00:02","isFullCredit":false},{"lineNumber":138,"author":{"gitId":"Kurokishi592"},"content":"        System.out.println(\"[SYSTEM NOTICE] Ready for next command. Glory to Humanity!\\n\");","lastModifiedDate":"2025-09-09T20:20:42","isFullCredit":false},{"lineNumber":139,"author":{"gitId":"Kurokishi592"},"content":"    }","lastModifiedDate":"2025-09-03T18:00:02","isFullCredit":false},{"lineNumber":140,"author":{"gitId":"Kurokishi592"},"content":"    ","lastModifiedDate":"2025-08-27T18:48:56","isFullCredit":false},{"lineNumber":141,"author":{"gitId":"Kurokishi592"},"content":"    private static void printTaskList(int taskIndex) {","lastModifiedDate":"2025-09-03T18:00:02","isFullCredit":false},{"lineNumber":142,"author":{"gitId":"Kurokishi592"},"content":"        System.out.println(\"[SYSTEM NOTICE] Compiling list of active tasks:\");","lastModifiedDate":"2025-09-09T20:20:42","isFullCredit":false},{"lineNumber":143,"author":{"gitId":"Kurokishi592"},"content":"        for (int i \u003d 0; i \u003c taskIndex; i++) {","lastModifiedDate":"2025-08-27T18:48:56","isFullCredit":false},{"lineNumber":144,"author":{"gitId":"Kurokishi592"},"content":"            System.out.println((i + 1) + \". \" + taskList[i]);","lastModifiedDate":"2025-09-03T18:00:02","isFullCredit":false},{"lineNumber":145,"author":{"gitId":"Kurokishi592"},"content":"        }","lastModifiedDate":"2025-09-03T18:00:02","isFullCredit":false},{"lineNumber":146,"author":{"gitId":"Kurokishi592"},"content":"    }","lastModifiedDate":"2025-08-27T18:48:56","isFullCredit":false},{"lineNumber":147,"author":{"gitId":"Kurokishi592"},"content":"","lastModifiedDate":"2025-09-03T11:07:51","isFullCredit":false},{"lineNumber":148,"author":{"gitId":"Kurokishi592"},"content":"    private static void handleMarkUnmark(String[] parts, String command, int taskIndex) throws KurokishiException {","lastModifiedDate":"2025-09-09T20:51:45","isFullCredit":false},{"lineNumber":149,"author":{"gitId":"Kurokishi592"},"content":"        // Handle unexpected input","lastModifiedDate":"2025-09-03T11:07:51","isFullCredit":false},{"lineNumber":150,"author":{"gitId":"Kurokishi592"},"content":"        if (parts.length \u003c 2) {","lastModifiedDate":"2025-09-03T11:07:51","isFullCredit":false},{"lineNumber":151,"author":{"gitId":"Kurokishi592"},"content":"            throw new KurokishiException(\"    [ERROR] Please specify a task number.\\n\" +","lastModifiedDate":"2025-09-09T20:51:45","isFullCredit":false},{"lineNumber":152,"author":{"gitId":"Kurokishi592"},"content":"                    \"    [SYSTEM NOTICE] Usage: \" + command + \" \u003ctask number\u003e\");","lastModifiedDate":"2025-09-09T20:51:45","isFullCredit":false},{"lineNumber":153,"author":{"gitId":"Kurokishi592"},"content":"        }","lastModifiedDate":"2025-08-27T18:48:56","isFullCredit":false},{"lineNumber":154,"author":{"gitId":"Kurokishi592"},"content":"        try {","lastModifiedDate":"2025-09-03T18:00:02","isFullCredit":false},{"lineNumber":155,"author":{"gitId":"Kurokishi592"},"content":"            int taskNumber \u003d Integer.parseInt(parts[1]) - 1; // indexed zero ","lastModifiedDate":"2025-09-03T18:00:02","isFullCredit":false},{"lineNumber":156,"author":{"gitId":"Kurokishi592"},"content":"            if (taskNumber \u003c 0 || taskNumber \u003e\u003d taskIndex) {","lastModifiedDate":"2025-09-09T20:51:45","isFullCredit":false},{"lineNumber":157,"author":{"gitId":"Kurokishi592"},"content":"                throw new KurokishiException(\"    [ERROR] Input does not match valid task index.\\n\" +","lastModifiedDate":"2025-09-09T20:51:45","isFullCredit":false},{"lineNumber":158,"author":{"gitId":"Kurokishi592"},"content":"                        \"    [SYSTEM NOTICE] Use \u0027list\u0027 to view valid task numbers.\");","lastModifiedDate":"2025-09-09T20:51:45","isFullCredit":false},{"lineNumber":159,"author":{"gitId":"Kurokishi592"},"content":"            }","lastModifiedDate":"2025-09-09T20:51:45","isFullCredit":false},{"lineNumber":160,"author":{"gitId":"Kurokishi592"},"content":"            boolean isMark \u003d command.equals(\"mark\");","lastModifiedDate":"2025-09-03T12:36:26","isFullCredit":false},{"lineNumber":161,"author":{"gitId":"Kurokishi592"},"content":"            taskList[taskNumber].setDone(isMark);","lastModifiedDate":"2025-09-03T12:36:26","isFullCredit":false},{"lineNumber":162,"author":{"gitId":"Kurokishi592"},"content":"            if (isMark) {","lastModifiedDate":"2025-09-03T12:36:26","isFullCredit":false},{"lineNumber":163,"author":{"gitId":"Kurokishi592"},"content":"                System.out.println(\"    [SYSTEM UPDATE] Task status: marked as complete.\");","lastModifiedDate":"2025-09-09T20:20:42","isFullCredit":false},{"lineNumber":164,"author":{"gitId":"Kurokishi592"},"content":"            } else {","lastModifiedDate":"2025-08-27T18:48:56","isFullCredit":false},{"lineNumber":165,"author":{"gitId":"Kurokishi592"},"content":"                System.out.println(\"    [SYSTEM UPDATE] Task status: reverted to incomplete.\");","lastModifiedDate":"2025-09-09T20:20:42","isFullCredit":false},{"lineNumber":166,"author":{"gitId":"Kurokishi592"},"content":"            }","lastModifiedDate":"2025-08-27T18:48:56","isFullCredit":false},{"lineNumber":167,"author":{"gitId":"Kurokishi592"},"content":"            System.out.println(\"    \" + taskList[taskNumber]);","lastModifiedDate":"2025-08-27T18:48:56","isFullCredit":false},{"lineNumber":168,"author":{"gitId":"Kurokishi592"},"content":"        } catch (NumberFormatException e) {","lastModifiedDate":"2025-09-03T18:00:02","isFullCredit":false},{"lineNumber":169,"author":{"gitId":"Kurokishi592"},"content":"            throw new KurokishiException(\"    [ERROR] Invalid task number format\\n\" +","lastModifiedDate":"2025-09-09T20:51:45","isFullCredit":false},{"lineNumber":170,"author":{"gitId":"Kurokishi592"},"content":"                    \"    [SYSTEM NOTICE] Task number must be an integer.\");","lastModifiedDate":"2025-09-09T20:51:45","isFullCredit":false},{"lineNumber":171,"author":{"gitId":"Kurokishi592"},"content":"        }","lastModifiedDate":"2025-09-03T18:00:02","isFullCredit":false},{"lineNumber":172,"author":{"gitId":"Kurokishi592"},"content":"    }","lastModifiedDate":"2025-09-03T18:00:02","isFullCredit":false},{"lineNumber":173,"author":{"gitId":"Kurokishi592"},"content":"","lastModifiedDate":"2025-09-03T11:07:51","isFullCredit":false},{"lineNumber":174,"author":{"gitId":"Kurokishi592"},"content":"    private static int handleTodo(String[] parts, int taskIndex) throws KurokishiException {","lastModifiedDate":"2025-09-09T20:51:45","isFullCredit":false},{"lineNumber":175,"author":{"gitId":"Kurokishi592"},"content":"        if (parts.length \u003c 2 || parts[1].trim().isEmpty()) {","lastModifiedDate":"2025-09-09T20:51:45","isFullCredit":false},{"lineNumber":176,"author":{"gitId":"Kurokishi592"},"content":"            throw new KurokishiException(\"    [ERROR] Missing todo task description.\\n\" +","lastModifiedDate":"2025-09-09T20:51:45","isFullCredit":false},{"lineNumber":177,"author":{"gitId":"Kurokishi592"},"content":"                    \"    [SYSTEM NOTICE] Usage: todo \u003cdescription\u003e\");","lastModifiedDate":"2025-09-09T20:51:45","isFullCredit":false},{"lineNumber":178,"author":{"gitId":"Kurokishi592"},"content":"        }","lastModifiedDate":"2025-09-03T18:00:02","isFullCredit":false},{"lineNumber":179,"author":{"gitId":"Kurokishi592"},"content":"        if (taskIndex \u003e\u003d MAX_TASKS) {","lastModifiedDate":"2025-09-03T18:00:02","isFullCredit":false},{"lineNumber":180,"author":{"gitId":"Kurokishi592"},"content":"            throw new KurokishiException(\"    [SYSTEM WARNING] Memory capacity exceeded. Task list full.\");","lastModifiedDate":"2025-09-09T20:51:45","isFullCredit":false},{"lineNumber":181,"author":{"gitId":"Kurokishi592"},"content":"        }","lastModifiedDate":"2025-09-03T12:36:26","isFullCredit":false},{"lineNumber":182,"author":{"gitId":"Kurokishi592"},"content":"        Todo todoTask \u003d new Todo(parts[1].trim()); // get rid of the space used to split too","lastModifiedDate":"2025-09-03T12:36:26","isFullCredit":false},{"lineNumber":183,"author":{"gitId":"Kurokishi592"},"content":"        taskList[taskIndex] \u003d todoTask;","lastModifiedDate":"2025-09-03T12:36:26","isFullCredit":false},{"lineNumber":184,"author":{"gitId":"Kurokishi592"},"content":"        System.out.println(\"    [SYSTEM NOTICE] Todo task added successfully.\\n \" + \"         \" + todoTask);","lastModifiedDate":"2025-09-09T20:20:42","isFullCredit":false},{"lineNumber":185,"author":{"gitId":"Kurokishi592"},"content":"        taskIndex++;","lastModifiedDate":"2025-09-03T12:36:26","isFullCredit":false},{"lineNumber":186,"author":{"gitId":"Kurokishi592"},"content":"        System.out.println(\"    [STATUS] Current number of active tasks: \" + taskIndex);","lastModifiedDate":"2025-09-09T20:20:42","isFullCredit":false},{"lineNumber":187,"author":{"gitId":"Kurokishi592"},"content":"        return taskIndex;","lastModifiedDate":"2025-09-03T18:00:02","isFullCredit":false},{"lineNumber":188,"author":{"gitId":"Kurokishi592"},"content":"    }","lastModifiedDate":"2025-09-03T18:00:02","isFullCredit":false},{"lineNumber":189,"author":{"gitId":"Kurokishi592"},"content":"","lastModifiedDate":"2025-09-03T12:36:26","isFullCredit":false},{"lineNumber":190,"author":{"gitId":"Kurokishi592"},"content":"    private static int handleDeadline(String[] parts, int taskIndex) throws KurokishiException {","lastModifiedDate":"2025-09-09T20:51:45","isFullCredit":false},{"lineNumber":191,"author":{"gitId":"Kurokishi592"},"content":"        if (parts.length \u003c 2 || !parts[1].contains(\" /by \")) {","lastModifiedDate":"2025-09-03T12:36:26","isFullCredit":false},{"lineNumber":192,"author":{"gitId":"Kurokishi592"},"content":"            throw new KurokishiException(\"    [ERROR] Please specify a deadline description and time using \u0027/by\u0027.\\n\" +","lastModifiedDate":"2025-09-09T20:51:45","isFullCredit":false},{"lineNumber":193,"author":{"gitId":"Kurokishi592"},"content":"                    \"    [SYSTEM NOTICE] Usage: deadline \u003cdescription\u003e /by \u003cdate/time\u003e\");","lastModifiedDate":"2025-09-09T20:51:45","isFullCredit":false},{"lineNumber":194,"author":{"gitId":"Kurokishi592"},"content":"        }","lastModifiedDate":"2025-09-03T18:00:02","isFullCredit":false},{"lineNumber":195,"author":{"gitId":"Kurokishi592"},"content":"        if (taskIndex \u003e\u003d MAX_TASKS) {","lastModifiedDate":"2025-09-03T18:00:02","isFullCredit":false},{"lineNumber":196,"author":{"gitId":"Kurokishi592"},"content":"            throw new KurokishiException(\"    [SYSTEM WARNING] Memory capacity exceeded. Task list full.\");","lastModifiedDate":"2025-09-09T20:51:45","isFullCredit":false},{"lineNumber":197,"author":{"gitId":"Kurokishi592"},"content":"        }","lastModifiedDate":"2025-09-03T12:36:26","isFullCredit":false},{"lineNumber":198,"author":{"gitId":"Kurokishi592"},"content":"        String[] deadlineParts \u003d parts[1].split(\" /by \", 2);","lastModifiedDate":"2025-09-03T12:36:26","isFullCredit":false},{"lineNumber":199,"author":{"gitId":"Kurokishi592"},"content":"        Deadline deadlineTask \u003d new Deadline(deadlineParts[0].trim(), deadlineParts[1].trim());","lastModifiedDate":"2025-09-03T18:00:02","isFullCredit":false},{"lineNumber":200,"author":{"gitId":"Kurokishi592"},"content":"        taskList[taskIndex] \u003d deadlineTask;","lastModifiedDate":"2025-09-03T12:36:26","isFullCredit":false},{"lineNumber":201,"author":{"gitId":"Kurokishi592"},"content":"        System.out.println(\"    [SYSTEM NOTICE] Deadline task added successfully.\\n \" + \"         \" + deadlineTask);","lastModifiedDate":"2025-09-09T20:20:42","isFullCredit":false},{"lineNumber":202,"author":{"gitId":"Kurokishi592"},"content":"        taskIndex++;","lastModifiedDate":"2025-09-03T12:36:26","isFullCredit":false},{"lineNumber":203,"author":{"gitId":"Kurokishi592"},"content":"        System.out.println(\"    [STATUS] Current number of active tasks: \" + taskIndex);","lastModifiedDate":"2025-09-09T20:20:42","isFullCredit":false},{"lineNumber":204,"author":{"gitId":"Kurokishi592"},"content":"        return taskIndex;","lastModifiedDate":"2025-09-03T18:00:02","isFullCredit":false},{"lineNumber":205,"author":{"gitId":"Kurokishi592"},"content":"    }","lastModifiedDate":"2025-09-03T18:00:02","isFullCredit":false},{"lineNumber":206,"author":{"gitId":"Kurokishi592"},"content":"","lastModifiedDate":"2025-09-03T12:36:26","isFullCredit":false},{"lineNumber":207,"author":{"gitId":"Kurokishi592"},"content":"    private static int handleEvent(String[] parts, int taskIndex) throws KurokishiException {","lastModifiedDate":"2025-09-09T20:51:45","isFullCredit":false},{"lineNumber":208,"author":{"gitId":"Kurokishi592"},"content":"        if (parts.length \u003c 2 || !parts[1].contains(\" /from \") || !parts[1].contains(\" /to \")) {","lastModifiedDate":"2025-09-03T12:36:26","isFullCredit":false},{"lineNumber":209,"author":{"gitId":"Kurokishi592"},"content":"        throw new KurokishiException(\"    [ERROR] Please specify an event description, start time using \u0027/from\u0027 and end time using \u0027/to\u0027.\\n\" +","lastModifiedDate":"2025-09-09T20:51:45","isFullCredit":false},{"lineNumber":210,"author":{"gitId":"Kurokishi592"},"content":"                \"    [SYSTEM NOTICE] Usage: event \u003cdescription\u003e /from \u003cstart\u003e /to \u003cend\u003e\");","lastModifiedDate":"2025-09-09T20:51:45","isFullCredit":false},{"lineNumber":211,"author":{"gitId":"Kurokishi592"},"content":"        }","lastModifiedDate":"2025-09-03T18:00:02","isFullCredit":false},{"lineNumber":212,"author":{"gitId":"Kurokishi592"},"content":"        if (taskIndex \u003e\u003d MAX_TASKS) {","lastModifiedDate":"2025-09-03T18:00:02","isFullCredit":false},{"lineNumber":213,"author":{"gitId":"Kurokishi592"},"content":"            throw new KurokishiException(\"    [SYSTEM WARNING] Memory capacity exceeded. Task list full.\");","lastModifiedDate":"2025-09-09T20:51:45","isFullCredit":false},{"lineNumber":214,"author":{"gitId":"Kurokishi592"},"content":"        }","lastModifiedDate":"2025-09-03T12:36:26","isFullCredit":false},{"lineNumber":215,"author":{"gitId":"Kurokishi592"},"content":"        String[] eventParts1 \u003d parts[1].split(\" /from \", 2);","lastModifiedDate":"2025-09-03T12:36:26","isFullCredit":false},{"lineNumber":216,"author":{"gitId":"Kurokishi592"},"content":"        String[] eventParts2 \u003d eventParts1[1].split(\" /to \", 2);","lastModifiedDate":"2025-09-03T12:36:26","isFullCredit":false},{"lineNumber":217,"author":{"gitId":"Kurokishi592"},"content":"        Event eventTask \u003d new Event(eventParts1[0].trim(), eventParts2[0].trim(), eventParts2[1].trim());","lastModifiedDate":"2025-09-03T18:00:02","isFullCredit":false},{"lineNumber":218,"author":{"gitId":"Kurokishi592"},"content":"        taskList[taskIndex] \u003d eventTask;","lastModifiedDate":"2025-09-03T12:36:26","isFullCredit":false},{"lineNumber":219,"author":{"gitId":"Kurokishi592"},"content":"        System.out.println(\"    [SYSTEM NOTICE] Event task added successfully.\\n \" + \"         \" + eventTask);","lastModifiedDate":"2025-09-09T20:20:42","isFullCredit":false},{"lineNumber":220,"author":{"gitId":"Kurokishi592"},"content":"        taskIndex++;","lastModifiedDate":"2025-09-03T12:36:26","isFullCredit":false},{"lineNumber":221,"author":{"gitId":"Kurokishi592"},"content":"        System.out.println(\"    [STATUS] Current number of active tasks: \" + taskIndex);","lastModifiedDate":"2025-09-09T20:20:42","isFullCredit":false},{"lineNumber":222,"author":{"gitId":"Kurokishi592"},"content":"        return taskIndex;","lastModifiedDate":"2025-09-03T18:00:02","isFullCredit":false},{"lineNumber":223,"author":{"gitId":"Kurokishi592"},"content":"    }","lastModifiedDate":"2025-09-03T18:00:02","isFullCredit":false},{"lineNumber":224,"author":{"gitId":"Kurokishi592"},"content":"","lastModifiedDate":"2025-09-03T12:36:26","isFullCredit":false},{"lineNumber":225,"author":{"gitId":"Kurokishi592"},"content":"    private static int handleAdd(String input, int taskIndex) throws KurokishiException {","lastModifiedDate":"2025-09-09T20:51:45","isFullCredit":false},{"lineNumber":226,"author":{"gitId":"Kurokishi592"},"content":"        if (input.trim().isEmpty()) {","lastModifiedDate":"2025-09-09T20:51:45","isFullCredit":false},{"lineNumber":227,"author":{"gitId":"Kurokishi592"},"content":"            throw new KurokishiException(\"    [ERROR] Missing item description for \u0027add\u0027 command.\\n\" +","lastModifiedDate":"2025-09-09T20:51:45","isFullCredit":false},{"lineNumber":228,"author":{"gitId":"Kurokishi592"},"content":"                    \"    [SYSTEM NOTICE] Usage: add \u003cdescription\u003e\");","lastModifiedDate":"2025-09-09T20:51:45","isFullCredit":false},{"lineNumber":229,"author":{"gitId":"Kurokishi592"},"content":"        }","lastModifiedDate":"2025-09-09T20:51:45","isFullCredit":false},{"lineNumber":230,"author":{"gitId":"Kurokishi592"},"content":"        if (taskIndex \u003e\u003d MAX_TASKS) {","lastModifiedDate":"2025-09-03T18:00:02","isFullCredit":false},{"lineNumber":231,"author":{"gitId":"Kurokishi592"},"content":"            throw new KurokishiException(\"    [SYSTEM WARNING] Memory capacity exceeded. Task list full.\");","lastModifiedDate":"2025-09-09T20:51:45","isFullCredit":false},{"lineNumber":232,"author":{"gitId":"Kurokishi592"},"content":"        }","lastModifiedDate":"2025-09-03T18:00:02","isFullCredit":false},{"lineNumber":233,"author":{"gitId":"Kurokishi592"},"content":"        Task t \u003d new Task(input);","lastModifiedDate":"2025-08-27T18:48:56","isFullCredit":false},{"lineNumber":234,"author":{"gitId":"Kurokishi592"},"content":"        taskList[taskIndex] \u003d t;","lastModifiedDate":"2025-09-03T12:36:26","isFullCredit":false},{"lineNumber":235,"author":{"gitId":"Kurokishi592"},"content":"        System.out.println(\"    [SYSTEM NOTICE] Item has been registered in memory: \" + t);","lastModifiedDate":"2025-09-09T20:20:42","isFullCredit":false},{"lineNumber":236,"author":{"gitId":"Kurokishi592"},"content":"        taskIndex++;","lastModifiedDate":"2025-08-27T18:48:56","isFullCredit":false},{"lineNumber":237,"author":{"gitId":"Kurokishi592"},"content":"        return taskIndex;","lastModifiedDate":"2025-09-03T18:00:02","isFullCredit":false},{"lineNumber":238,"author":{"gitId":"Kurokishi592"},"content":"    }","lastModifiedDate":"2025-08-27T17:38:34","isFullCredit":false},{"lineNumber":239,"author":{"gitId":"Kurokishi592"},"content":"}","lastModifiedDate":"2025-08-27T16:17:38","isFullCredit":false}],"authorContributionMap":{"Kurokishi592":239}},{"path":"src/main/java/KurokishiException.java","fileType":"java","lines":[{"lineNumber":1,"author":{"gitId":"Kurokishi592"},"content":"public class KurokishiException extends Exception {","lastModifiedDate":"2025-09-09T20:51:45","isFullCredit":false},{"lineNumber":2,"author":{"gitId":"Kurokishi592"},"content":"    public KurokishiException(String message) {","lastModifiedDate":"2025-09-09T20:51:45","isFullCredit":false},{"lineNumber":3,"author":{"gitId":"Kurokishi592"},"content":"        super(message);","lastModifiedDate":"2025-09-09T20:51:45","isFullCredit":false},{"lineNumber":4,"author":{"gitId":"Kurokishi592"},"content":"    }","lastModifiedDate":"2025-09-09T20:51:45","isFullCredit":false},{"lineNumber":5,"author":{"gitId":"Kurokishi592"},"content":"}","lastModifiedDate":"2025-09-09T20:51:45","isFullCredit":false}],"authorContributionMap":{"Kurokishi592":5}},{"path":"src/main/java/Task.java","fileType":"java","lines":[{"lineNumber":1,"author":{"gitId":"Kurokishi592"},"content":"/**","lastModifiedDate":"2025-08-27T18:48:56","isFullCredit":false},{"lineNumber":2,"author":{"gitId":"Kurokishi592"},"content":" * Represents a task with a description and completion status.","lastModifiedDate":"2025-08-27T18:48:56","isFullCredit":false},{"lineNumber":3,"author":{"gitId":"Kurokishi592"},"content":" */","lastModifiedDate":"2025-08-27T18:48:56","isFullCredit":false},{"lineNumber":4,"author":{"gitId":"Kurokishi592"},"content":"","lastModifiedDate":"2025-08-27T18:48:56","isFullCredit":false},{"lineNumber":5,"author":{"gitId":"Kurokishi592"},"content":"public class Task {","lastModifiedDate":"2025-08-27T18:48:56","isFullCredit":false},{"lineNumber":6,"author":{"gitId":"Kurokishi592"},"content":"    protected String description;","lastModifiedDate":"2025-08-27T18:48:56","isFullCredit":false},{"lineNumber":7,"author":{"gitId":"Kurokishi592"},"content":"    protected boolean isDone;","lastModifiedDate":"2025-08-27T18:48:56","isFullCredit":false},{"lineNumber":8,"author":{"gitId":"Kurokishi592"},"content":"","lastModifiedDate":"2025-08-27T18:48:56","isFullCredit":false},{"lineNumber":9,"author":{"gitId":"Kurokishi592"},"content":"    public Task(String description) {","lastModifiedDate":"2025-08-27T18:48:56","isFullCredit":false},{"lineNumber":10,"author":{"gitId":"Kurokishi592"},"content":"        this.description \u003d description;","lastModifiedDate":"2025-08-27T18:48:56","isFullCredit":false},{"lineNumber":11,"author":{"gitId":"Kurokishi592"},"content":"        this.isDone \u003d false;","lastModifiedDate":"2025-08-27T18:48:56","isFullCredit":false},{"lineNumber":12,"author":{"gitId":"Kurokishi592"},"content":"    }","lastModifiedDate":"2025-08-27T18:48:56","isFullCredit":false},{"lineNumber":13,"author":{"gitId":"Kurokishi592"},"content":"","lastModifiedDate":"2025-08-27T18:48:56","isFullCredit":false},{"lineNumber":14,"author":{"gitId":"Kurokishi592"},"content":"    public String getStatusIcon() {","lastModifiedDate":"2025-08-27T18:48:56","isFullCredit":false},{"lineNumber":15,"author":{"gitId":"Kurokishi592"},"content":"        return (isDone ? \"[X]\" : \"[ ]\"); // return tick or X symbols","lastModifiedDate":"2025-08-27T18:48:56","isFullCredit":false},{"lineNumber":16,"author":{"gitId":"Kurokishi592"},"content":"    }","lastModifiedDate":"2025-08-27T18:48:56","isFullCredit":false},{"lineNumber":17,"author":{"gitId":"Kurokishi592"},"content":"","lastModifiedDate":"2025-08-27T18:48:56","isFullCredit":false},{"lineNumber":18,"author":{"gitId":"Kurokishi592"},"content":"    public void setDone(boolean isMark) {","lastModifiedDate":"2025-08-27T19:05:07","isFullCredit":false},{"lineNumber":19,"author":{"gitId":"Kurokishi592"},"content":"        this.isDone \u003d isMark;","lastModifiedDate":"2025-08-27T19:05:07","isFullCredit":false},{"lineNumber":20,"author":{"gitId":"Kurokishi592"},"content":"    }","lastModifiedDate":"2025-08-27T18:48:56","isFullCredit":false},{"lineNumber":21,"author":{"gitId":"Kurokishi592"},"content":"","lastModifiedDate":"2025-09-03T12:36:26","isFullCredit":false},{"lineNumber":22,"author":{"gitId":"Kurokishi592"},"content":"    public String toString() {","lastModifiedDate":"2025-09-03T12:36:26","isFullCredit":false},{"lineNumber":23,"author":{"gitId":"Kurokishi592"},"content":"        return getStatusIcon() + \" \" + description;","lastModifiedDate":"2025-09-03T12:36:26","isFullCredit":false},{"lineNumber":24,"author":{"gitId":"Kurokishi592"},"content":"    }","lastModifiedDate":"2025-09-03T12:36:26","isFullCredit":false},{"lineNumber":25,"author":{"gitId":"Kurokishi592"},"content":"}","lastModifiedDate":"2025-08-27T18:48:56","isFullCredit":false}],"authorContributionMap":{"Kurokishi592":25}},{"path":"src/main/java/Todo.java","fileType":"java","lines":[{"lineNumber":1,"author":{"gitId":"Kurokishi592"},"content":"/*","lastModifiedDate":"2025-09-03T12:36:26","isFullCredit":false},{"lineNumber":2,"author":{"gitId":"Kurokishi592"},"content":" * Inherits a task with added [T] tag","lastModifiedDate":"2025-09-03T12:36:26","isFullCredit":false},{"lineNumber":3,"author":{"gitId":"Kurokishi592"},"content":" */","lastModifiedDate":"2025-09-03T12:36:26","isFullCredit":false},{"lineNumber":4,"author":{"gitId":"Kurokishi592"},"content":"","lastModifiedDate":"2025-09-03T12:36:26","isFullCredit":false},{"lineNumber":5,"author":{"gitId":"Kurokishi592"},"content":"public class Todo extends Task {","lastModifiedDate":"2025-09-03T11:07:51","isFullCredit":false},{"lineNumber":6,"author":{"gitId":"Kurokishi592"},"content":"    public Todo(String description) {","lastModifiedDate":"2025-09-03T11:07:51","isFullCredit":false},{"lineNumber":7,"author":{"gitId":"Kurokishi592"},"content":"        super(description);","lastModifiedDate":"2025-09-03T11:07:51","isFullCredit":false},{"lineNumber":8,"author":{"gitId":"Kurokishi592"},"content":"    }","lastModifiedDate":"2025-09-03T11:07:51","isFullCredit":false},{"lineNumber":9,"author":{"gitId":"Kurokishi592"},"content":"","lastModifiedDate":"2025-09-03T11:07:51","isFullCredit":false},{"lineNumber":10,"author":{"gitId":"Kurokishi592"},"content":"    @Override","lastModifiedDate":"2025-09-03T11:07:51","isFullCredit":false},{"lineNumber":11,"author":{"gitId":"Kurokishi592"},"content":"    public String toString() {","lastModifiedDate":"2025-09-03T11:07:51","isFullCredit":false},{"lineNumber":12,"author":{"gitId":"Kurokishi592"},"content":"        return \"[T]\" + super.toString();","lastModifiedDate":"2025-09-03T12:36:26","isFullCredit":false},{"lineNumber":13,"author":{"gitId":"Kurokishi592"},"content":"    }   ","lastModifiedDate":"2025-09-03T11:07:51","isFullCredit":false},{"lineNumber":14,"author":{"gitId":"Kurokishi592"},"content":"    ","lastModifiedDate":"2025-09-03T11:07:51","isFullCredit":false},{"lineNumber":15,"author":{"gitId":"Kurokishi592"},"content":"}","lastModifiedDate":"2025-09-03T11:07:51","isFullCredit":false}],"authorContributionMap":{"Kurokishi592":15}},{"path":"text-ui-test/input.txt","fileType":"txt","lines":[{"lineNumber":1,"author":{"gitId":"Kurokishi592"},"content":"Task 1","lastModifiedDate":"2025-09-03T14:18:47","isFullCredit":false},{"lineNumber":2,"author":{"gitId":"Kurokishi592"},"content":"todo Todo 1","lastModifiedDate":"2025-09-03T14:18:47","isFullCredit":false},{"lineNumber":3,"author":{"gitId":"Kurokishi592"},"content":"deadline Deadline 1 /by string","lastModifiedDate":"2025-09-03T18:00:02","isFullCredit":false},{"lineNumber":4,"author":{"gitId":"Kurokishi592"},"content":"event Event 1 /from string /to string","lastModifiedDate":"2025-09-03T18:00:02","isFullCredit":false},{"lineNumber":5,"author":{"gitId":"Kurokishi592"},"content":"list","lastModifiedDate":"2025-09-03T14:18:47","isFullCredit":false},{"lineNumber":6,"author":{"gitId":"Kurokishi592"},"content":"mark 3","lastModifiedDate":"2025-09-03T14:18:47","isFullCredit":false},{"lineNumber":7,"author":{"gitId":"Kurokishi592"},"content":"list","lastModifiedDate":"2025-09-03T14:18:47","isFullCredit":false},{"lineNumber":8,"author":{"gitId":"Kurokishi592"},"content":"bye","lastModifiedDate":"2025-09-03T14:18:47","isFullCredit":false}],"authorContributionMap":{"Kurokishi592":8}},{"path":"text-ui-test/runtest.bat","fileType":"bat","lines":[{"lineNumber":1,"author":{"gitId":"-"},"content":"@ECHO OFF","lastModifiedDate":"2020-05-25T00:03:55","isFullCredit":false},{"lineNumber":2,"author":{"gitId":"-"},"content":"","lastModifiedDate":"2020-05-25T00:03:55","isFullCredit":false},{"lineNumber":3,"author":{"gitId":"-"},"content":"REM create bin directory if it doesn\u0027t exist","lastModifiedDate":"2020-05-25T00:03:55","isFullCredit":false},{"lineNumber":4,"author":{"gitId":"-"},"content":"if not exist ..\\bin mkdir ..\\bin","lastModifiedDate":"2020-05-25T00:03:55","isFullCredit":false},{"lineNumber":5,"author":{"gitId":"-"},"content":"","lastModifiedDate":"2020-05-25T00:03:55","isFullCredit":false},{"lineNumber":6,"author":{"gitId":"-"},"content":"REM delete output from previous run","lastModifiedDate":"2020-05-25T00:03:55","isFullCredit":false},{"lineNumber":7,"author":{"gitId":"-"},"content":"if exist ACTUAL.TXT del ACTUAL.TXT","lastModifiedDate":"2020-08-25T17:23:26","isFullCredit":false},{"lineNumber":8,"author":{"gitId":"-"},"content":"","lastModifiedDate":"2020-05-25T00:03:55","isFullCredit":false},{"lineNumber":9,"author":{"gitId":"-"},"content":"REM compile the code into the bin folder","lastModifiedDate":"2020-05-25T00:03:55","isFullCredit":false},{"lineNumber":10,"author":{"gitId":"-"},"content":"javac  -cp ..\\src\\main\\java -Xlint:none -d ..\\bin ..\\src\\main\\java\\*.java","lastModifiedDate":"2020-08-25T17:23:26","isFullCredit":false},{"lineNumber":11,"author":{"gitId":"-"},"content":"IF ERRORLEVEL 1 (","lastModifiedDate":"2020-05-25T00:03:55","isFullCredit":false},{"lineNumber":12,"author":{"gitId":"-"},"content":"    echo ********** BUILD FAILURE **********","lastModifiedDate":"2020-05-25T00:03:55","isFullCredit":false},{"lineNumber":13,"author":{"gitId":"-"},"content":"    exit /b 1","lastModifiedDate":"2020-05-25T00:03:55","isFullCredit":false},{"lineNumber":14,"author":{"gitId":"-"},"content":")","lastModifiedDate":"2020-05-25T00:03:55","isFullCredit":false},{"lineNumber":15,"author":{"gitId":"-"},"content":"REM no error here, errorlevel \u003d\u003d 0","lastModifiedDate":"2020-05-25T00:03:55","isFullCredit":false},{"lineNumber":16,"author":{"gitId":"-"},"content":"","lastModifiedDate":"2020-05-25T00:03:55","isFullCredit":false},{"lineNumber":17,"author":{"gitId":"-"},"content":"REM run the program, feed commands from input.txt file and redirect the output to the ACTUAL.TXT","lastModifiedDate":"2020-05-25T00:03:55","isFullCredit":false},{"lineNumber":18,"author":{"gitId":"Kurokishi592"},"content":"java -classpath ..\\bin Kurokishi \u003c input.txt \u003e ACTUAL.TXT","lastModifiedDate":"2025-09-03T14:18:47","isFullCredit":false},{"lineNumber":19,"author":{"gitId":"-"},"content":"","lastModifiedDate":"2020-05-25T00:03:55","isFullCredit":false},{"lineNumber":20,"author":{"gitId":"-"},"content":"REM compare the output to the expected output","lastModifiedDate":"2020-05-25T00:03:55","isFullCredit":false},{"lineNumber":21,"author":{"gitId":"-"},"content":"FC ACTUAL.TXT EXPECTED.TXT","lastModifiedDate":"2020-05-25T00:03:55","isFullCredit":false}],"authorContributionMap":{"Kurokishi592":1,"-":20}}]
