{"authorDailyContributionsMap":{"Kurokishi592":[{"date":"2025-08-27T00:00:00","commitResults":[{"hash":"25bbd8ff362367ac32f63455d2e18a069108cd6e","isMergeCommit":false,"messageTitle":"add level 0: personalise chatbot name and implement skeletal version","messageBody":"","fileTypesAndContributionMap":{"java":{"insertions":0,"deletions":10}}},{"hash":"0b4cdb51386d1d7fcaca0546db4608b35c6ed8c4","isMergeCommit":false,"messageTitle":"add level 0: personalise chatbot name and implement skeletal version","messageBody":"","fileTypesAndContributionMap":{"java":{"insertions":30,"deletions":0}}},{"hash":"f72e151f3db711eb13dd5e28e4fa06fab59fea35","isMergeCommit":false,"messageTitle":"add level 0: personalise chatbot name and implement skeletal version","messageBody":"","tags":["level-0"],"fileTypesAndContributionMap":{"java":{"insertions":1,"deletions":1}}},{"hash":"6f59d54747019db3db27621df7922c24c078a663","isMergeCommit":false,"messageTitle":"Add level-1: echo feature and exit upon \u0027bye\u0027 input","messageBody":"","tags":["level-1"],"fileTypesAndContributionMap":{"java":{"insertions":22,"deletions":1}}},{"hash":"8ba339fb13e0e833b97e8e0d723e6584bb74ca6d","isMergeCommit":false,"messageTitle":"Add level 2: the ability to store whatever text entered by the user and display them back to the user when requested.","messageBody":"","tags":["level-2"],"fileTypesAndContributionMap":{"java":{"insertions":29,"deletions":11}}},{"hash":"8ecab5fbf0ad4d63b76ef5097e2cd57d0aefa1cf","isMergeCommit":false,"messageTitle":"Add level 3: Add the ability to mark tasks as done and change the status back to not done.","messageBody":"","fileTypesAndContributionMap":{"java":{"insertions":0,"deletions":0}}},{"hash":"a94f6f5959c6f4384562bcbd45dba79ee1885b1d","isMergeCommit":false,"messageTitle":"Add level 3: Add the ability to mark tasks as done and change the status back to not done.","messageBody":"","tags":["level-3"],"fileTypesAndContributionMap":{"java":{"insertions":70,"deletions":23}}},{"hash":"3f2d1c21512dd7e76ad30266705c78eddb3683f9","isMergeCommit":false,"messageTitle":"Tweak the code to comply with good Java coding standard given","messageBody":"","tags":["A-CodingStandard"],"fileTypesAndContributionMap":{"java":{"insertions":5,"deletions":7}}}]},{"date":"2025-09-03T00:00:00","commitResults":[{"hash":"399d281171e9e06fbdb4cfe65a66da5bdc6dda3a","isMergeCommit":false,"messageTitle":"Clean up the code for better readibility","messageBody":"","fileTypesAndContributionMap":{"java":{"insertions":76,"deletions":45}}},{"hash":"6b57b5b1c5fa783e1b6b33c442b65e07bc99470d","isMergeCommit":false,"messageTitle":"Add Level-4 with Inheritance: Todo, Deadlines, Events tracking","messageBody":"","tags":["level-4"],"fileTypesAndContributionMap":{"java":{"insertions":93,"deletions":12}}},{"hash":"127fb3cb5f7cf7b49c70da541a3522e02c417e1c","isMergeCommit":false,"messageTitle":"Add simple text-ui-test","messageBody":"","tags":["A-TextUiTesting"],"fileTypesAndContributionMap":{"txt":{"insertions":8,"deletions":0},"bat":{"insertions":1,"deletions":1},"md":{"insertions":26,"deletions":10}}},{"hash":"c8c3393f54670d9703069d18aaaa140ca98710c8","isMergeCommit":false,"messageTitle":"Refactor code to improve code quality and readability","messageBody":"","tags":["A-CodeQuality"],"fileTypesAndContributionMap":{"txt":{"insertions":2,"deletions":2},"java":{"insertions":171,"deletions":111},"md":{"insertions":2,"deletions":2}}}]},{"date":"2025-09-09T00:00:00","commitResults":[{"hash":"2f81f937d660953a3bc969e6a7a7e8e1e3a2b968","isMergeCommit":false,"messageTitle":"Change logic to only operate on command words.","messageBody":"Add \u0027add\u0027 as one command, to retain level 2.\nAny non-command are handled as the default for switch cases\n","fileTypesAndContributionMap":{"java":{"insertions":42,"deletions":33}}},{"hash":"f88492932a6450def46471d0f5e4a087f35a427f","isMergeCommit":false,"messageTitle":"Add proper error handling using exceptions.","messageBody":"No longer use print lines for error, use KurokishiException class instead.\nAll methods use exceptions too instead of printing messages directly.\nError handling is now consistent.\n","fileTypesAndContributionMap":{"java":{"insertions":90,"deletions":66}}},{"hash":"d2f46b13c7aa8d2476b56ed3b71535421777457a","isMergeCommit":true,"messageTitle":"Merge branch \u0027branch_Level-5\u0027 into master","messageBody":"","tags":["Level-5","A-Exceptions"],"fileTypesAndContributionMap":{}}]},{"date":"2025-09-17T00:00:00","commitResults":[{"hash":"c6eedfb5e678b65eab01096646cc6803527111ef","isMergeCommit":false,"messageTitle":"Organise classes into packages","messageBody":"","tags":["A-Packages"],"fileTypesAndContributionMap":{"java":{"insertions":19,"deletions":1}}},{"hash":"83e85710790f741aaeb85880e8b2e32eb121781a","isMergeCommit":false,"messageTitle":"Refactor phase 1","messageBody":"Kurokishi.java main code is shortened significantly\nAdded new packages to better organise code: command, parser, ui\nCompleted Ui.java, TaskList.java and Command.java\n","fileTypesAndContributionMap":{"java":{"insertions":66,"deletions":0}}},{"hash":"93f3de39b1f7ad06cbbc64b347090ed3ef24439f","isMergeCommit":false,"messageTitle":"Complete command package:","messageBody":"command package handles all the commands parsed by inputs.\nCommand.java is an interface, which all other specific command implements.\n","tags":["A-Collections"],"fileTypesAndContributionMap":{"java":{"insertions":521,"deletions":198}}},{"hash":"82cb162580ba5e3324f191d33bc712d1eb235b91","isMergeCommit":false,"messageTitle":"Finalise parser and main, refactored code runs as intended.","messageBody":"","fileTypesAndContributionMap":{"java":{"insertions":95,"deletions":87}}},{"hash":"02a6b6953894c228181526823e5a123655368bee","isMergeCommit":true,"messageTitle":"Merge branch \u0027refactor\u0027 Merge refactored code into master, with packages, interfaces, and exceptions for condensed and clean main logic.","messageBody":"","fileTypesAndContributionMap":{}},{"hash":"3e1d2b935b1948dfae71c4123f4fafaaf218344e","isMergeCommit":false,"messageTitle":"Delete dead code of old main() logic after refactoring.","messageBody":"Current refactored code works after merging to master branch.\nOld code is redundant, hence deleted.\n","fileTypesAndContributionMap":{"java":{"insertions":1,"deletions":245}}},{"hash":"8013b0b73ca2ae230e4646218f109631242a4b99","isMergeCommit":false,"messageTitle":"Add level-6: delete","messageBody":"","fileTypesAndContributionMap":{"java":{"insertions":45,"deletions":0}}},{"hash":"e3c368788c26fa56b83c5b7aac1eead82d42bf20","isMergeCommit":false,"messageTitle":"Add storage funtion under data package.","messageBody":"","fileTypesAndContributionMap":{"java":{"insertions":163,"deletions":0}}},{"hash":"c329f0eff1f6b7d647d3375afa771e16101e9f53","isMergeCommit":false,"messageTitle":"Integrate save feature","messageBody":"","fileTypesAndContributionMap":{"java":{"insertions":92,"deletions":40}}},{"hash":"29cd5856272d4905345cad968e91ce2e963f7911","isMergeCommit":true,"messageTitle":"Merge branch \u0027branch-Level-6\u0027 Add delete feature.","messageBody":"","tags":["Level-6"],"fileTypesAndContributionMap":{}},{"hash":"b6719067ff0e7c0b4d5ae4b3411071103aecfb14","isMergeCommit":true,"messageTitle":"Merge branch \u0027branch-Level-7\u0027 Add save and storage feature.","messageBody":"","fileTypesAndContributionMap":{}},{"hash":"5dcf289ab56825bd7c98da23507cbd5782a3266a","isMergeCommit":false,"messageTitle":"Integrate save feature and delete feature and fix bugs.","messageBody":"","tags":["Level-7","A-Jar"],"fileTypesAndContributionMap":{"java":{"insertions":6,"deletions":2}}}]}]},"authorFileTypeContributionMap":{"Kurokishi592":{"java":754,"md":28,"fxml":0,"sh":0,"bat":1,"gradle":0,"txt":8}},"authorContributionVariance":{"Kurokishi592":67073.43},"authorDisplayNameMap":{"Kurokishi592":"CS2113-W12-1 KENN..N WI"}}
