[{"path":"README.md","fileType":"md","lines":[{"lineNumber":1,"author":{"gitId":"Wrooi"},"content":"# Rudeus project template","lastModifiedDate":"2025-09-02T12:09:23","isFullCredit":false},{"lineNumber":2,"author":{"gitId":"-"},"content":"","lastModifiedDate":"2020-05-25T00:03:55","isFullCredit":false},{"lineNumber":3,"author":{"gitId":"-"},"content":"This is a project template for a greenfield Java project. It\u0027s named after the Java mascot _Duke_. Given below are instructions on how to use it.","lastModifiedDate":"2020-05-25T00:03:55","isFullCredit":false},{"lineNumber":4,"author":{"gitId":"-"},"content":"","lastModifiedDate":"2020-05-25T00:03:55","isFullCredit":false},{"lineNumber":5,"author":{"gitId":"-"},"content":"## Setting up in Intellij","lastModifiedDate":"2020-05-25T00:03:55","isFullCredit":false},{"lineNumber":6,"author":{"gitId":"-"},"content":"","lastModifiedDate":"2020-05-25T00:03:55","isFullCredit":false},{"lineNumber":7,"author":{"gitId":"-"},"content":"Prerequisites: JDK 17, update Intellij to the most recent version.","lastModifiedDate":"2024-07-11T16:50:14","isFullCredit":false},{"lineNumber":8,"author":{"gitId":"-"},"content":"","lastModifiedDate":"2020-05-25T00:03:55","isFullCredit":false},{"lineNumber":9,"author":{"gitId":"-"},"content":"1. Open Intellij (if you are not in the welcome screen, click `File` \u003e `Close Project` to close the existing project first)","lastModifiedDate":"2021-01-17T12:25:53","isFullCredit":false},{"lineNumber":10,"author":{"gitId":"-"},"content":"1. Open the project into Intellij as follows:","lastModifiedDate":"2021-01-17T12:25:53","isFullCredit":false},{"lineNumber":11,"author":{"gitId":"-"},"content":"   1. Click `Open`.","lastModifiedDate":"2021-01-17T12:25:53","isFullCredit":false},{"lineNumber":12,"author":{"gitId":"-"},"content":"   1. Select the project directory, and click `OK`.","lastModifiedDate":"2021-01-17T12:25:53","isFullCredit":false},{"lineNumber":13,"author":{"gitId":"-"},"content":"   1. If there are any further prompts, accept the defaults.","lastModifiedDate":"2020-05-25T00:03:55","isFullCredit":false},{"lineNumber":14,"author":{"gitId":"-"},"content":"1. Configure the project to use **JDK 17** (not other versions) as explained in [here](https://www.jetbrains.com/help/idea/sdk.html#set-up-jdk).\u003cbr\u003e","lastModifiedDate":"2024-07-11T16:50:14","isFullCredit":false},{"lineNumber":15,"author":{"gitId":"-"},"content":"   In the same dialog, set the **Project language level** field to the `SDK default` option.","lastModifiedDate":"2021-07-29T20:29:39","isFullCredit":false},{"lineNumber":16,"author":{"gitId":"Wrooi"},"content":"1. After that, locate the `src/main/java/Rudeus.java` file, right-click it, and choose `Run Rudeus.main()` (if the code editor is showing compile errors, try restarting the IDE). If the setup is correct, you should see something like the below as the output:","lastModifiedDate":"2025-09-02T12:09:23","isFullCredit":false},{"lineNumber":17,"author":{"gitId":"-"},"content":"   ```","lastModifiedDate":"2020-05-25T00:03:55","isFullCredit":false},{"lineNumber":18,"author":{"gitId":"Wrooi"},"content":"Yo! The name\u0027s ","lastModifiedDate":"2025-09-02T12:09:23","isFullCredit":false},{"lineNumber":19,"author":{"gitId":"Wrooi"},"content":"┌──────────────────────────────────────────────────────────────────────┐","lastModifiedDate":"2025-09-02T18:04:10","isFullCredit":false},{"lineNumber":20,"author":{"gitId":"Wrooi"},"content":"│░█████████  ░██     ░██ ░███████   ░██████████ ░██     ░██   ░██████  │","lastModifiedDate":"2025-09-02T12:09:23","isFullCredit":false},{"lineNumber":21,"author":{"gitId":"Wrooi"},"content":"│░██     ░██ ░██     ░██ ░██   ░██  ░██         ░██     ░██  ░██   ░██ │","lastModifiedDate":"2025-09-02T12:09:23","isFullCredit":false},{"lineNumber":22,"author":{"gitId":"Wrooi"},"content":"│░██     ░██ ░██     ░██ ░██    ░██ ░██         ░██     ░██ ░██        │","lastModifiedDate":"2025-09-02T12:09:23","isFullCredit":false},{"lineNumber":23,"author":{"gitId":"Wrooi"},"content":"│░█████████  ░██     ░██ ░██    ░██ ░█████████  ░██     ░██  ░████████ │","lastModifiedDate":"2025-09-02T12:09:23","isFullCredit":false},{"lineNumber":24,"author":{"gitId":"Wrooi"},"content":"│░██   ░██   ░██     ░██ ░██    ░██ ░██         ░██     ░██         ░██│","lastModifiedDate":"2025-09-02T12:09:23","isFullCredit":false},{"lineNumber":25,"author":{"gitId":"Wrooi"},"content":"│░██    ░██   ░██   ░██  ░██   ░██  ░██          ░██   ░██   ░██   ░██ │","lastModifiedDate":"2025-09-02T12:09:23","isFullCredit":false},{"lineNumber":26,"author":{"gitId":"Wrooi"},"content":"│░██     ░██   ░██████   ░███████   ░██████████   ░██████     ░██████  │","lastModifiedDate":"2025-09-02T12:09:23","isFullCredit":false},{"lineNumber":27,"author":{"gitId":"Wrooi"},"content":"└──────────────────────────────────────────────────────────────────────┘","lastModifiedDate":"2025-09-02T18:04:10","isFullCredit":false},{"lineNumber":28,"author":{"gitId":"Wrooi"},"content":"At your service, as always. Need some magic—or maybe just a hand? Ask away!","lastModifiedDate":"2025-09-02T12:09:23","isFullCredit":false},{"lineNumber":29,"author":{"gitId":"Wrooi"},"content":"──────────────────────────────────────────────────────────────────────────","lastModifiedDate":"2025-09-02T12:09:23","isFullCredit":false},{"lineNumber":30,"author":{"gitId":"-"},"content":"   ```","lastModifiedDate":"2020-05-25T00:03:55","isFullCredit":false},{"lineNumber":31,"author":{"gitId":"-"},"content":"","lastModifiedDate":"2025-01-04T21:44:28","isFullCredit":false},{"lineNumber":32,"author":{"gitId":"-"},"content":"**Warning:** Keep the `src\\main\\java` folder as the root folder for Java files (i.e., don\u0027t rename those folders or move Java files to another folder outside of this folder path), as this is the default location some tools (e.g., Gradle) expect to find Java files.","lastModifiedDate":"2025-01-04T21:44:28","isFullCredit":false}],"authorContributionMap":{"Wrooi":14,"-":18}},{"path":"docs/README.md","fileType":"md","lines":[{"lineNumber":1,"author":{"gitId":"Wrooi"},"content":"# Rudeus User Guide","lastModifiedDate":"2025-09-02T12:09:23","isFullCredit":false},{"lineNumber":2,"author":{"gitId":"-"},"content":"","lastModifiedDate":"2019-07-29T17:14:46","isFullCredit":false},{"lineNumber":3,"author":{"gitId":"-"},"content":"// Update the title above to match the actual product name","lastModifiedDate":"2024-01-07T18:33:52","isFullCredit":false},{"lineNumber":4,"author":{"gitId":"-"},"content":"","lastModifiedDate":"2019-07-29T17:14:46","isFullCredit":false},{"lineNumber":5,"author":{"gitId":"-"},"content":"// Product screenshot goes here","lastModifiedDate":"2024-01-07T18:33:52","isFullCredit":false},{"lineNumber":6,"author":{"gitId":"-"},"content":"","lastModifiedDate":"2021-07-17T16:49:07","isFullCredit":false},{"lineNumber":7,"author":{"gitId":"-"},"content":"// Product intro goes here","lastModifiedDate":"2024-01-07T18:33:52","isFullCredit":false},{"lineNumber":8,"author":{"gitId":"-"},"content":"","lastModifiedDate":"2021-07-17T16:49:07","isFullCredit":false},{"lineNumber":9,"author":{"gitId":"-"},"content":"## Adding deadlines","lastModifiedDate":"2024-01-07T18:33:52","isFullCredit":false},{"lineNumber":10,"author":{"gitId":"-"},"content":"","lastModifiedDate":"2021-07-17T16:49:07","isFullCredit":false},{"lineNumber":11,"author":{"gitId":"-"},"content":"// Describe the action and its outcome.","lastModifiedDate":"2024-01-07T18:33:52","isFullCredit":false},{"lineNumber":12,"author":{"gitId":"-"},"content":"","lastModifiedDate":"2019-07-29T17:14:46","isFullCredit":false},{"lineNumber":13,"author":{"gitId":"-"},"content":"// Give examples of usage","lastModifiedDate":"2024-01-07T18:33:52","isFullCredit":false},{"lineNumber":14,"author":{"gitId":"-"},"content":"","lastModifiedDate":"2019-07-29T17:14:46","isFullCredit":false},{"lineNumber":15,"author":{"gitId":"-"},"content":"Example: `keyword (optional arguments)`","lastModifiedDate":"2024-01-07T18:33:52","isFullCredit":false},{"lineNumber":16,"author":{"gitId":"-"},"content":"","lastModifiedDate":"2019-07-29T17:14:46","isFullCredit":false},{"lineNumber":17,"author":{"gitId":"-"},"content":"// A description of the expected outcome goes here","lastModifiedDate":"2024-01-07T18:33:52","isFullCredit":false},{"lineNumber":18,"author":{"gitId":"-"},"content":"","lastModifiedDate":"2019-07-29T17:14:46","isFullCredit":false},{"lineNumber":19,"author":{"gitId":"-"},"content":"```","lastModifiedDate":"2024-01-07T18:33:52","isFullCredit":false},{"lineNumber":20,"author":{"gitId":"-"},"content":"expected output","lastModifiedDate":"2024-01-07T18:33:52","isFullCredit":false},{"lineNumber":21,"author":{"gitId":"-"},"content":"```","lastModifiedDate":"2024-01-07T18:33:52","isFullCredit":false},{"lineNumber":22,"author":{"gitId":"-"},"content":"","lastModifiedDate":"2019-07-29T17:14:46","isFullCredit":false},{"lineNumber":23,"author":{"gitId":"-"},"content":"## Feature ABC","lastModifiedDate":"2024-01-07T18:33:52","isFullCredit":false},{"lineNumber":24,"author":{"gitId":"-"},"content":"","lastModifiedDate":"2019-07-29T17:14:46","isFullCredit":false},{"lineNumber":25,"author":{"gitId":"-"},"content":"// Feature details","lastModifiedDate":"2024-01-07T18:33:52","isFullCredit":false},{"lineNumber":26,"author":{"gitId":"-"},"content":"","lastModifiedDate":"2019-07-29T17:14:46","isFullCredit":false},{"lineNumber":27,"author":{"gitId":"-"},"content":"","lastModifiedDate":"2021-07-17T16:49:07","isFullCredit":false},{"lineNumber":28,"author":{"gitId":"-"},"content":"## Feature XYZ","lastModifiedDate":"2024-01-07T18:33:52","isFullCredit":false},{"lineNumber":29,"author":{"gitId":"-"},"content":"","lastModifiedDate":"2024-01-07T18:33:52","isFullCredit":false},{"lineNumber":30,"author":{"gitId":"-"},"content":"// Feature details","lastModifiedDate":"2024-01-07T18:33:52","isFullCredit":false}],"authorContributionMap":{"Wrooi":1,"-":29}},{"path":"src/main/java/Rudeus.java","fileType":"java","lines":[{"lineNumber":1,"author":{"gitId":"Wrooi"},"content":"import java.util.Scanner;","lastModifiedDate":"2025-09-02T12:42:21","isFullCredit":false},{"lineNumber":2,"author":{"gitId":"Wrooi"},"content":"import java.util.Vector;","lastModifiedDate":"2025-09-10T00:56:49","isFullCredit":false},{"lineNumber":3,"author":{"gitId":"Wrooi"},"content":"","lastModifiedDate":"2025-09-02T12:42:21","isFullCredit":false},{"lineNumber":4,"author":{"gitId":"Wrooi"},"content":"public class Rudeus {","lastModifiedDate":"2025-09-02T12:09:23","isFullCredit":false},{"lineNumber":5,"author":{"gitId":"Wrooi"},"content":"    /** Maximum indent level */","lastModifiedDate":"2025-09-10T00:09:05","isFullCredit":false},{"lineNumber":6,"author":{"gitId":"Wrooi"},"content":"    private static final int MAX_INDENT_LEVEL \u003d 4;","lastModifiedDate":"2025-09-10T00:09:05","isFullCredit":false},{"lineNumber":7,"author":{"gitId":"Wrooi"},"content":"    /** Vector to store tasks dynamically */","lastModifiedDate":"2025-09-10T00:56:49","isFullCredit":false},{"lineNumber":8,"author":{"gitId":"Wrooi"},"content":"    private static final Vector\u003cTask\u003e taskList \u003d new Vector\u003c\u003e();","lastModifiedDate":"2025-09-10T00:56:49","isFullCredit":false},{"lineNumber":9,"author":{"gitId":"Wrooi"},"content":"","lastModifiedDate":"2025-09-02T13:19:28","isFullCredit":false},{"lineNumber":10,"author":{"gitId":"Wrooi"},"content":"    /**","lastModifiedDate":"2025-09-10T00:09:05","isFullCredit":false},{"lineNumber":11,"author":{"gitId":"Wrooi"},"content":"     * Automatically prints a message with indents.","lastModifiedDate":"2025-09-10T00:09:05","isFullCredit":false},{"lineNumber":12,"author":{"gitId":"Wrooi"},"content":"     * @param message The message to print.","lastModifiedDate":"2025-09-10T00:09:05","isFullCredit":false},{"lineNumber":13,"author":{"gitId":"Wrooi"},"content":"     */","lastModifiedDate":"2025-09-10T00:09:05","isFullCredit":false},{"lineNumber":14,"author":{"gitId":"Wrooi"},"content":"    private static void printWithIndents(String message) {","lastModifiedDate":"2025-09-02T13:19:28","isFullCredit":false},{"lineNumber":15,"author":{"gitId":"Wrooi"},"content":"        String indent \u003d \" \".repeat(MAX_INDENT_LEVEL); // 4 spaces per indent level","lastModifiedDate":"2025-09-02T13:19:28","isFullCredit":false},{"lineNumber":16,"author":{"gitId":"Wrooi"},"content":"        System.out.println(indent + message);","lastModifiedDate":"2025-09-02T13:19:28","isFullCredit":false},{"lineNumber":17,"author":{"gitId":"Wrooi"},"content":"    }","lastModifiedDate":"2025-09-02T13:19:28","isFullCredit":false},{"lineNumber":18,"author":{"gitId":"Wrooi"},"content":"","lastModifiedDate":"2025-09-02T13:19:28","isFullCredit":false},{"lineNumber":19,"author":{"gitId":"Wrooi"},"content":"    /**","lastModifiedDate":"2025-09-10T00:09:05","isFullCredit":false},{"lineNumber":20,"author":{"gitId":"Wrooi"},"content":"     * Automatically prints a message with borders.","lastModifiedDate":"2025-09-10T00:09:05","isFullCredit":false},{"lineNumber":21,"author":{"gitId":"Wrooi"},"content":"     * @param message The message to print.","lastModifiedDate":"2025-09-10T00:09:05","isFullCredit":false},{"lineNumber":22,"author":{"gitId":"Wrooi"},"content":"     */","lastModifiedDate":"2025-09-10T00:09:05","isFullCredit":false},{"lineNumber":23,"author":{"gitId":"Wrooi"},"content":"    private static void printMessageWithBorders(String message) {","lastModifiedDate":"2025-09-02T19:47:00","isFullCredit":false},{"lineNumber":24,"author":{"gitId":"Wrooi"},"content":"        String border \u003d \"──────────────────────────────────────────────────────────────────────────\";","lastModifiedDate":"2025-09-02T13:19:28","isFullCredit":false},{"lineNumber":25,"author":{"gitId":"Wrooi"},"content":"            printWithIndents(border);","lastModifiedDate":"2025-09-02T13:19:28","isFullCredit":false},{"lineNumber":26,"author":{"gitId":"Wrooi"},"content":"            printWithIndents(message);","lastModifiedDate":"2025-09-02T13:19:28","isFullCredit":false},{"lineNumber":27,"author":{"gitId":"Wrooi"},"content":"            printWithIndents(border);","lastModifiedDate":"2025-09-02T13:19:28","isFullCredit":false},{"lineNumber":28,"author":{"gitId":"Wrooi"},"content":"    }","lastModifiedDate":"2025-09-02T13:19:28","isFullCredit":false},{"lineNumber":29,"author":{"gitId":"Wrooi"},"content":"","lastModifiedDate":"2025-09-02T13:19:28","isFullCredit":false},{"lineNumber":30,"author":{"gitId":"Wrooi"},"content":"    /**","lastModifiedDate":"2025-09-10T00:09:05","isFullCredit":false},{"lineNumber":31,"author":{"gitId":"Wrooi"},"content":"     * Adds a task to the task list.","lastModifiedDate":"2025-09-10T00:09:05","isFullCredit":false},{"lineNumber":32,"author":{"gitId":"Wrooi"},"content":"     * @param description The description of the task.","lastModifiedDate":"2025-09-10T00:09:05","isFullCredit":false},{"lineNumber":33,"author":{"gitId":"Wrooi"},"content":"     */","lastModifiedDate":"2025-09-10T00:09:05","isFullCredit":false},{"lineNumber":34,"author":{"gitId":"Wrooi"},"content":"    private static void addTask(String description) {","lastModifiedDate":"2025-09-02T19:07:32","isFullCredit":false},{"lineNumber":35,"author":{"gitId":"Wrooi"},"content":"        taskList.add(new Task(description));","lastModifiedDate":"2025-09-10T00:56:49","isFullCredit":false},{"lineNumber":36,"author":{"gitId":"Wrooi"},"content":"        printMessageWithBorders(\"added: \" + description);","lastModifiedDate":"2025-09-02T19:47:00","isFullCredit":false},{"lineNumber":37,"author":{"gitId":"Wrooi"},"content":"    }","lastModifiedDate":"2025-09-02T19:07:32","isFullCredit":false},{"lineNumber":38,"author":{"gitId":"Wrooi"},"content":"","lastModifiedDate":"2025-09-02T19:07:32","isFullCredit":false},{"lineNumber":39,"author":{"gitId":"Wrooi"},"content":"    /**","lastModifiedDate":"2025-09-10T00:09:05","isFullCredit":false},{"lineNumber":40,"author":{"gitId":"Wrooi"},"content":"     * Prints the task list.","lastModifiedDate":"2025-09-10T00:09:05","isFullCredit":false},{"lineNumber":41,"author":{"gitId":"Wrooi"},"content":"     */","lastModifiedDate":"2025-09-10T00:09:05","isFullCredit":false},{"lineNumber":42,"author":{"gitId":"Wrooi"},"content":"    private static void printTaskList() {","lastModifiedDate":"2025-09-02T19:07:32","isFullCredit":false},{"lineNumber":43,"author":{"gitId":"Wrooi"},"content":"        if (taskList.isEmpty()) {","lastModifiedDate":"2025-09-10T00:56:49","isFullCredit":false},{"lineNumber":44,"author":{"gitId":"Wrooi"},"content":"            printMessageWithBorders(\"No tasks available.\");","lastModifiedDate":"2025-09-02T19:47:00","isFullCredit":false},{"lineNumber":45,"author":{"gitId":"Wrooi"},"content":"            return;","lastModifiedDate":"2025-09-02T19:07:32","isFullCredit":false},{"lineNumber":46,"author":{"gitId":"Wrooi"},"content":"        }","lastModifiedDate":"2025-09-02T19:07:32","isFullCredit":false},{"lineNumber":47,"author":{"gitId":"Wrooi"},"content":"        StringBuilder taskListMessage \u003d new StringBuilder(\"Here are the tasks in your list:\\n\");","lastModifiedDate":"2025-09-02T19:07:32","isFullCredit":false},{"lineNumber":48,"author":{"gitId":"Wrooi"},"content":"        String indent \u003d \" \".repeat(MAX_INDENT_LEVEL); // 4 spaces per indent level","lastModifiedDate":"2025-09-02T19:07:32","isFullCredit":false},{"lineNumber":49,"author":{"gitId":"Wrooi"},"content":"        for (int i \u003d 0; i \u003c taskList.size(); i++) {","lastModifiedDate":"2025-09-10T00:56:49","isFullCredit":false},{"lineNumber":50,"author":{"gitId":"Wrooi"},"content":"            taskListMessage.append(indent)","lastModifiedDate":"2025-09-02T19:43:15","isFullCredit":false},{"lineNumber":51,"author":{"gitId":"Wrooi"},"content":"                    .append((i + 1))","lastModifiedDate":"2025-09-02T19:43:15","isFullCredit":false},{"lineNumber":52,"author":{"gitId":"Wrooi"},"content":"                    .append(\". \")","lastModifiedDate":"2025-09-02T19:43:15","isFullCredit":false},{"lineNumber":53,"author":{"gitId":"Wrooi"},"content":"                    .append(taskList.get(i).toString())","lastModifiedDate":"2025-09-10T00:56:49","isFullCredit":false},{"lineNumber":54,"author":{"gitId":"Wrooi"},"content":"                    .append(\"\\n\");","lastModifiedDate":"2025-09-02T19:43:15","isFullCredit":false},{"lineNumber":55,"author":{"gitId":"Wrooi"},"content":"        }","lastModifiedDate":"2025-09-02T19:07:32","isFullCredit":false},{"lineNumber":56,"author":{"gitId":"Wrooi"},"content":"        printMessageWithBorders(taskListMessage.toString().trim());","lastModifiedDate":"2025-09-02T19:47:00","isFullCredit":false},{"lineNumber":57,"author":{"gitId":"Wrooi"},"content":"    }","lastModifiedDate":"2025-09-02T19:07:32","isFullCredit":false},{"lineNumber":58,"author":{"gitId":"Wrooi"},"content":"","lastModifiedDate":"2025-09-02T19:07:32","isFullCredit":false},{"lineNumber":59,"author":{"gitId":"Wrooi"},"content":"    /**","lastModifiedDate":"2025-09-10T00:09:05","isFullCredit":false},{"lineNumber":60,"author":{"gitId":"Wrooi"},"content":"     * Marks or unmarks a task as done.","lastModifiedDate":"2025-09-10T00:09:05","isFullCredit":false},{"lineNumber":61,"author":{"gitId":"Wrooi"},"content":"     * Notifies if the task is already marked/unmarked.","lastModifiedDate":"2025-09-10T00:49:28","isFullCredit":false},{"lineNumber":62,"author":{"gitId":"Wrooi"},"content":"     * @param index The index of the task.","lastModifiedDate":"2025-09-10T00:09:05","isFullCredit":false},{"lineNumber":63,"author":{"gitId":"Wrooi"},"content":"     * @param isDone True to mark as done, false to unmark.","lastModifiedDate":"2025-09-10T00:49:28","isFullCredit":false},{"lineNumber":64,"author":{"gitId":"Wrooi"},"content":"     */","lastModifiedDate":"2025-09-10T00:09:05","isFullCredit":false},{"lineNumber":65,"author":{"gitId":"Wrooi"},"content":"    private static void markTaskIsDone(int index, boolean isDone) {","lastModifiedDate":"2025-09-10T00:49:28","isFullCredit":false},{"lineNumber":66,"author":{"gitId":"Wrooi"},"content":"        String extraIndent \u003d \" \".repeat(MAX_INDENT_LEVEL + 2); // 6 spaces per indent level","lastModifiedDate":"2025-09-02T19:43:15","isFullCredit":false},{"lineNumber":67,"author":{"gitId":"Wrooi"},"content":"        if (index \u003c 0 || index \u003e\u003d taskList.size()) {","lastModifiedDate":"2025-09-10T00:56:49","isFullCredit":false},{"lineNumber":68,"author":{"gitId":"Wrooi"},"content":"            printMessageWithBorders(\"Invalid task number.\");","lastModifiedDate":"2025-09-02T19:47:00","isFullCredit":false},{"lineNumber":69,"author":{"gitId":"Wrooi"},"content":"            return;","lastModifiedDate":"2025-09-02T19:43:15","isFullCredit":false},{"lineNumber":70,"author":{"gitId":"Wrooi"},"content":"        }","lastModifiedDate":"2025-09-02T19:43:15","isFullCredit":false},{"lineNumber":71,"author":{"gitId":"Wrooi"},"content":"        if (isDone) {","lastModifiedDate":"2025-09-10T00:49:28","isFullCredit":false},{"lineNumber":72,"author":{"gitId":"Wrooi"},"content":"            if (taskList.get(index).getIsDone()) {","lastModifiedDate":"2025-09-10T00:56:49","isFullCredit":false},{"lineNumber":73,"author":{"gitId":"Wrooi"},"content":"                printMessageWithBorders(\"Task is already marked as done:\\n\" + extraIndent + taskList.get(index));","lastModifiedDate":"2025-09-10T00:56:49","isFullCredit":false},{"lineNumber":74,"author":{"gitId":"Wrooi"},"content":"            } else {","lastModifiedDate":"2025-09-10T00:49:28","isFullCredit":false},{"lineNumber":75,"author":{"gitId":"Wrooi"},"content":"                taskList.get(index).setIsDone(true);","lastModifiedDate":"2025-09-10T00:56:49","isFullCredit":false},{"lineNumber":76,"author":{"gitId":"Wrooi"},"content":"                printMessageWithBorders(\"Nice! I\u0027ve marked this task as done:\\n\" + extraIndent + taskList.get(index));","lastModifiedDate":"2025-09-10T00:56:49","isFullCredit":false},{"lineNumber":77,"author":{"gitId":"Wrooi"},"content":"            }","lastModifiedDate":"2025-09-10T00:49:28","isFullCredit":false},{"lineNumber":78,"author":{"gitId":"Wrooi"},"content":"        } else {","lastModifiedDate":"2025-09-10T00:49:28","isFullCredit":false},{"lineNumber":79,"author":{"gitId":"Wrooi"},"content":"            if (!taskList.get(index).getIsDone()) {","lastModifiedDate":"2025-09-10T00:56:49","isFullCredit":false},{"lineNumber":80,"author":{"gitId":"Wrooi"},"content":"                printMessageWithBorders(\"Task is already not marked as done:\\n\" + extraIndent + taskList.get(index));","lastModifiedDate":"2025-09-10T00:56:49","isFullCredit":false},{"lineNumber":81,"author":{"gitId":"Wrooi"},"content":"            } else {","lastModifiedDate":"2025-09-02T19:43:15","isFullCredit":false},{"lineNumber":82,"author":{"gitId":"Wrooi"},"content":"                taskList.get(index).setIsDone(false);","lastModifiedDate":"2025-09-10T00:56:49","isFullCredit":false},{"lineNumber":83,"author":{"gitId":"Wrooi"},"content":"                printMessageWithBorders(\"OK, I\u0027ve marked this task as not done yet:\\n\" + extraIndent + taskList.get(index));","lastModifiedDate":"2025-09-10T00:56:49","isFullCredit":false},{"lineNumber":84,"author":{"gitId":"Wrooi"},"content":"            }","lastModifiedDate":"2025-09-02T19:43:15","isFullCredit":false},{"lineNumber":85,"author":{"gitId":"Wrooi"},"content":"        }","lastModifiedDate":"2025-09-02T19:43:15","isFullCredit":false},{"lineNumber":86,"author":{"gitId":"Wrooi"},"content":"    }","lastModifiedDate":"2025-09-10T00:49:28","isFullCredit":false},{"lineNumber":87,"author":{"gitId":"Wrooi"},"content":"","lastModifiedDate":"2025-09-02T19:43:15","isFullCredit":false},{"lineNumber":88,"author":{"gitId":"Wrooi"},"content":"    /**","lastModifiedDate":"2025-09-10T00:09:05","isFullCredit":false},{"lineNumber":89,"author":{"gitId":"Wrooi"},"content":"     * Reads and processes user input.","lastModifiedDate":"2025-09-10T00:09:05","isFullCredit":false},{"lineNumber":90,"author":{"gitId":"Wrooi"},"content":"     */","lastModifiedDate":"2025-09-10T00:09:05","isFullCredit":false},{"lineNumber":91,"author":{"gitId":"Wrooi"},"content":"    public static void readAndProcessUserInput() {","lastModifiedDate":"2025-09-02T13:29:54","isFullCredit":false},{"lineNumber":92,"author":{"gitId":"Wrooi"},"content":"        Scanner scanner \u003d new Scanner(System.in);","lastModifiedDate":"2025-09-02T13:29:54","isFullCredit":false},{"lineNumber":93,"author":{"gitId":"Wrooi"},"content":"        String userInput;","lastModifiedDate":"2025-09-02T13:29:54","isFullCredit":false},{"lineNumber":94,"author":{"gitId":"Wrooi"},"content":"        do {","lastModifiedDate":"2025-09-02T13:29:54","isFullCredit":false},{"lineNumber":95,"author":{"gitId":"Wrooi"},"content":"            userInput \u003d scanner.nextLine().trim();","lastModifiedDate":"2025-09-02T13:29:54","isFullCredit":false},{"lineNumber":96,"author":{"gitId":"Wrooi"},"content":"            if (userInput.equalsIgnoreCase(\"bye\")) {","lastModifiedDate":"2025-09-02T13:29:54","isFullCredit":false},{"lineNumber":97,"author":{"gitId":"Wrooi"},"content":"                break;","lastModifiedDate":"2025-09-02T13:29:54","isFullCredit":false},{"lineNumber":98,"author":{"gitId":"Wrooi"},"content":"            } else if (userInput.equalsIgnoreCase(\"list\")) {","lastModifiedDate":"2025-09-02T19:07:32","isFullCredit":false},{"lineNumber":99,"author":{"gitId":"Wrooi"},"content":"                printTaskList();","lastModifiedDate":"2025-09-02T19:07:32","isFullCredit":false},{"lineNumber":100,"author":{"gitId":"Wrooi"},"content":"            } else if (userInput.startsWith(\"mark \")) {","lastModifiedDate":"2025-09-02T19:43:15","isFullCredit":false},{"lineNumber":101,"author":{"gitId":"Wrooi"},"content":"                try {","lastModifiedDate":"2025-09-02T19:43:15","isFullCredit":false},{"lineNumber":102,"author":{"gitId":"Wrooi"},"content":"                    int idx \u003d Integer.parseInt(userInput.substring(5).trim()) - 1; // Convert to zero-based index","lastModifiedDate":"2025-09-10T00:56:49","isFullCredit":false},{"lineNumber":103,"author":{"gitId":"Wrooi"},"content":"                    markTaskIsDone(idx, true);","lastModifiedDate":"2025-09-10T00:49:28","isFullCredit":false},{"lineNumber":104,"author":{"gitId":"Wrooi"},"content":"                } catch (NumberFormatException e) {","lastModifiedDate":"2025-09-10T00:56:49","isFullCredit":false},{"lineNumber":105,"author":{"gitId":"Wrooi"},"content":"                    printMessageWithBorders(\"Please provide a valid task number to mark.\");","lastModifiedDate":"2025-09-02T19:47:00","isFullCredit":false},{"lineNumber":106,"author":{"gitId":"Wrooi"},"content":"                }","lastModifiedDate":"2025-09-02T19:43:15","isFullCredit":false},{"lineNumber":107,"author":{"gitId":"Wrooi"},"content":"            } else if (userInput.startsWith(\"unmark \")) {","lastModifiedDate":"2025-09-02T19:43:15","isFullCredit":false},{"lineNumber":108,"author":{"gitId":"Wrooi"},"content":"                try {","lastModifiedDate":"2025-09-02T19:43:15","isFullCredit":false},{"lineNumber":109,"author":{"gitId":"Wrooi"},"content":"                    int idx \u003d Integer.parseInt(userInput.substring(7).trim()) - 1; // Convert to zero-based index","lastModifiedDate":"2025-09-10T00:56:49","isFullCredit":false},{"lineNumber":110,"author":{"gitId":"Wrooi"},"content":"                    markTaskIsDone(idx, false);","lastModifiedDate":"2025-09-10T00:49:28","isFullCredit":false},{"lineNumber":111,"author":{"gitId":"Wrooi"},"content":"                } catch (NumberFormatException e) {","lastModifiedDate":"2025-09-10T00:56:49","isFullCredit":false},{"lineNumber":112,"author":{"gitId":"Wrooi"},"content":"                    printMessageWithBorders(\"Please provide a valid task number to unmark.\");","lastModifiedDate":"2025-09-02T19:47:00","isFullCredit":false},{"lineNumber":113,"author":{"gitId":"Wrooi"},"content":"                }","lastModifiedDate":"2025-09-02T19:43:15","isFullCredit":false},{"lineNumber":114,"author":{"gitId":"Wrooi"},"content":"            } else {","lastModifiedDate":"2025-09-02T19:07:32","isFullCredit":false},{"lineNumber":115,"author":{"gitId":"Wrooi"},"content":"                addTask(userInput);","lastModifiedDate":"2025-09-02T19:07:32","isFullCredit":false},{"lineNumber":116,"author":{"gitId":"Wrooi"},"content":"            }","lastModifiedDate":"2025-09-02T13:29:54","isFullCredit":false},{"lineNumber":117,"author":{"gitId":"Wrooi"},"content":"        } while (true);","lastModifiedDate":"2025-09-02T13:29:54","isFullCredit":false},{"lineNumber":118,"author":{"gitId":"Wrooi"},"content":"        printMessageWithBorders(\"See you around! Don’t get into too much trouble without me!\");","lastModifiedDate":"2025-09-02T19:47:00","isFullCredit":false},{"lineNumber":119,"author":{"gitId":"Wrooi"},"content":"        scanner.close();","lastModifiedDate":"2025-09-02T13:29:54","isFullCredit":false},{"lineNumber":120,"author":{"gitId":"Wrooi"},"content":"    }","lastModifiedDate":"2025-09-02T13:29:54","isFullCredit":false},{"lineNumber":121,"author":{"gitId":"Wrooi"},"content":"","lastModifiedDate":"2025-09-02T13:29:54","isFullCredit":false},{"lineNumber":122,"author":{"gitId":"Wrooi"},"content":"    /**","lastModifiedDate":"2025-09-10T00:09:05","isFullCredit":false},{"lineNumber":123,"author":{"gitId":"Wrooi"},"content":"     * Prints the greeting message.","lastModifiedDate":"2025-09-10T00:09:05","isFullCredit":false},{"lineNumber":124,"author":{"gitId":"Wrooi"},"content":"     */","lastModifiedDate":"2025-09-10T00:09:05","isFullCredit":false},{"lineNumber":125,"author":{"gitId":"Wrooi"},"content":"    private static void printGreetingMessage() {","lastModifiedDate":"2025-09-02T13:29:54","isFullCredit":false},{"lineNumber":126,"author":{"gitId":"Wrooi"},"content":"        String logo \u003d","lastModifiedDate":"2025-09-02T12:09:23","isFullCredit":false},{"lineNumber":127,"author":{"gitId":"Wrooi"},"content":"                \"┌──────────────────────────────────────────────────────────────────────┐\\n\" +","lastModifiedDate":"2025-09-02T18:04:10","isFullCredit":false},{"lineNumber":128,"author":{"gitId":"Wrooi"},"content":"                        \"│░█████████  ░██     ░██ ░███████   ░██████████ ░██     ░██   ░██████  │\\n\" +","lastModifiedDate":"2025-09-02T12:09:23","isFullCredit":false},{"lineNumber":129,"author":{"gitId":"Wrooi"},"content":"                        \"│░██     ░██ ░██     ░██ ░██   ░██  ░██         ░██     ░██  ░██   ░██ │\\n\" +","lastModifiedDate":"2025-09-02T12:09:23","isFullCredit":false},{"lineNumber":130,"author":{"gitId":"Wrooi"},"content":"                        \"│░██     ░██ ░██     ░██ ░██    ░██ ░██         ░██     ░██ ░██        │\\n\" +","lastModifiedDate":"2025-09-02T12:09:23","isFullCredit":false},{"lineNumber":131,"author":{"gitId":"Wrooi"},"content":"                        \"│░█████████  ░██     ░██ ░██    ░██ ░█████████  ░██     ░██  ░████████ │\\n\" +","lastModifiedDate":"2025-09-02T12:09:23","isFullCredit":false},{"lineNumber":132,"author":{"gitId":"Wrooi"},"content":"                        \"│░██   ░██   ░██     ░██ ░██    ░██ ░██         ░██     ░██         ░██│\\n\" +","lastModifiedDate":"2025-09-02T12:09:23","isFullCredit":false},{"lineNumber":133,"author":{"gitId":"Wrooi"},"content":"                        \"│░██    ░██   ░██   ░██  ░██   ░██  ░██          ░██   ░██   ░██   ░██ │\\n\" +","lastModifiedDate":"2025-09-02T12:09:23","isFullCredit":false},{"lineNumber":134,"author":{"gitId":"Wrooi"},"content":"                        \"│░██     ░██   ░██████   ░███████   ░██████████   ░██████     ░██████  │\\n\" +","lastModifiedDate":"2025-09-02T12:09:23","isFullCredit":false},{"lineNumber":135,"author":{"gitId":"Wrooi"},"content":"                        \"└──────────────────────────────────────────────────────────────────────┘\\n\";","lastModifiedDate":"2025-09-02T18:04:10","isFullCredit":false},{"lineNumber":136,"author":{"gitId":"Wrooi"},"content":"        System.out.println(\"Yo! The name\u0027s \\n\" + logo + \"At your service, as always. Need some magic—or maybe just a hand? Ask away!\\n\" +","lastModifiedDate":"2025-09-02T12:09:23","isFullCredit":false},{"lineNumber":137,"author":{"gitId":"Wrooi"},"content":"                \"──────────────────────────────────────────────────────────────────────────\");","lastModifiedDate":"2025-09-02T13:19:28","isFullCredit":false},{"lineNumber":138,"author":{"gitId":"Wrooi"},"content":"    }","lastModifiedDate":"2025-09-02T12:42:21","isFullCredit":false},{"lineNumber":139,"author":{"gitId":"Wrooi"},"content":"","lastModifiedDate":"2025-09-02T12:42:21","isFullCredit":false},{"lineNumber":140,"author":{"gitId":"Wrooi"},"content":"    public static void main(String[] args) {","lastModifiedDate":"2025-09-02T13:29:54","isFullCredit":false},{"lineNumber":141,"author":{"gitId":"Wrooi"},"content":"        try {","lastModifiedDate":"2025-09-10T00:49:28","isFullCredit":false},{"lineNumber":142,"author":{"gitId":"Wrooi"},"content":"            printGreetingMessage();","lastModifiedDate":"2025-09-02T13:29:54","isFullCredit":false},{"lineNumber":143,"author":{"gitId":"Wrooi"},"content":"            readAndProcessUserInput();","lastModifiedDate":"2025-09-02T13:29:54","isFullCredit":false},{"lineNumber":144,"author":{"gitId":"Wrooi"},"content":"        } catch (Exception e) {","lastModifiedDate":"2025-09-10T00:49:28","isFullCredit":false},{"lineNumber":145,"author":{"gitId":"Wrooi"},"content":"            printMessageWithBorders(\"An unexpected error occurred: \" + e.getMessage());","lastModifiedDate":"2025-09-10T00:49:28","isFullCredit":false},{"lineNumber":146,"author":{"gitId":"Wrooi"},"content":"        }","lastModifiedDate":"2025-09-10T00:49:28","isFullCredit":false},{"lineNumber":147,"author":{"gitId":"Wrooi"},"content":"    }","lastModifiedDate":"2025-09-02T12:09:23","isFullCredit":false},{"lineNumber":148,"author":{"gitId":"Wrooi"},"content":"}","lastModifiedDate":"2025-09-02T12:09:23","isFullCredit":false}],"authorContributionMap":{"Wrooi":148}},{"path":"src/main/java/Task.java","fileType":"java","lines":[{"lineNumber":1,"author":{"gitId":"Wrooi"},"content":"public class Task {","lastModifiedDate":"2025-09-02T19:07:32","isFullCredit":false},{"lineNumber":2,"author":{"gitId":"Wrooi"},"content":"    private String description;","lastModifiedDate":"2025-09-10T00:49:28","isFullCredit":false},{"lineNumber":3,"author":{"gitId":"Wrooi"},"content":"    private boolean isDone;","lastModifiedDate":"2025-09-10T00:49:28","isFullCredit":false},{"lineNumber":4,"author":{"gitId":"Wrooi"},"content":"","lastModifiedDate":"2025-09-02T19:07:32","isFullCredit":false},{"lineNumber":5,"author":{"gitId":"Wrooi"},"content":"    public Task(String description) {","lastModifiedDate":"2025-09-02T19:07:32","isFullCredit":false},{"lineNumber":6,"author":{"gitId":"Wrooi"},"content":"        this.description \u003d description;","lastModifiedDate":"2025-09-02T19:07:32","isFullCredit":false},{"lineNumber":7,"author":{"gitId":"Wrooi"},"content":"        this.isDone \u003d false;","lastModifiedDate":"2025-09-02T19:43:15","isFullCredit":false},{"lineNumber":8,"author":{"gitId":"Wrooi"},"content":"    }","lastModifiedDate":"2025-09-02T19:07:32","isFullCredit":false},{"lineNumber":9,"author":{"gitId":"Wrooi"},"content":"","lastModifiedDate":"2025-09-02T19:43:15","isFullCredit":false},{"lineNumber":10,"author":{"gitId":"Wrooi"},"content":"    public void setIsDone(boolean isDone) {","lastModifiedDate":"2025-09-02T19:43:15","isFullCredit":false},{"lineNumber":11,"author":{"gitId":"Wrooi"},"content":"        this.isDone \u003d isDone;","lastModifiedDate":"2025-09-02T19:43:15","isFullCredit":false},{"lineNumber":12,"author":{"gitId":"Wrooi"},"content":"    }","lastModifiedDate":"2025-09-02T19:43:15","isFullCredit":false},{"lineNumber":13,"author":{"gitId":"Wrooi"},"content":"","lastModifiedDate":"2025-09-02T19:43:15","isFullCredit":false},{"lineNumber":14,"author":{"gitId":"Wrooi"},"content":"    public boolean getIsDone() {","lastModifiedDate":"2025-09-10T00:49:28","isFullCredit":false},{"lineNumber":15,"author":{"gitId":"Wrooi"},"content":"        return isDone;","lastModifiedDate":"2025-09-10T00:49:28","isFullCredit":false},{"lineNumber":16,"author":{"gitId":"Wrooi"},"content":"    }","lastModifiedDate":"2025-09-10T00:49:28","isFullCredit":false},{"lineNumber":17,"author":{"gitId":"Wrooi"},"content":"","lastModifiedDate":"2025-09-10T00:49:28","isFullCredit":false},{"lineNumber":18,"author":{"gitId":"Wrooi"},"content":"    @Override","lastModifiedDate":"2025-09-02T19:43:15","isFullCredit":false},{"lineNumber":19,"author":{"gitId":"Wrooi"},"content":"    public String toString() {","lastModifiedDate":"2025-09-02T19:43:15","isFullCredit":false},{"lineNumber":20,"author":{"gitId":"Wrooi"},"content":"        return \"[\" + (isDone ? \"X\" : \" \") + \"] \" + description;","lastModifiedDate":"2025-09-02T19:43:15","isFullCredit":false},{"lineNumber":21,"author":{"gitId":"Wrooi"},"content":"    }","lastModifiedDate":"2025-09-02T19:07:32","isFullCredit":false},{"lineNumber":22,"author":{"gitId":"Wrooi"},"content":"}","lastModifiedDate":"2025-09-02T19:07:32","isFullCredit":false}],"authorContributionMap":{"Wrooi":22}},{"path":"text-ui-test/runtest.bat","fileType":"bat","lines":[{"lineNumber":1,"author":{"gitId":"-"},"content":"@ECHO OFF","lastModifiedDate":"2020-05-25T00:03:55","isFullCredit":false},{"lineNumber":2,"author":{"gitId":"-"},"content":"","lastModifiedDate":"2020-05-25T00:03:55","isFullCredit":false},{"lineNumber":3,"author":{"gitId":"-"},"content":"REM create bin directory if it doesn\u0027t exist","lastModifiedDate":"2020-05-25T00:03:55","isFullCredit":false},{"lineNumber":4,"author":{"gitId":"-"},"content":"if not exist ..\\bin mkdir ..\\bin","lastModifiedDate":"2020-05-25T00:03:55","isFullCredit":false},{"lineNumber":5,"author":{"gitId":"-"},"content":"","lastModifiedDate":"2020-05-25T00:03:55","isFullCredit":false},{"lineNumber":6,"author":{"gitId":"-"},"content":"REM delete output from previous run","lastModifiedDate":"2020-05-25T00:03:55","isFullCredit":false},{"lineNumber":7,"author":{"gitId":"-"},"content":"if exist ACTUAL.TXT del ACTUAL.TXT","lastModifiedDate":"2020-08-25T17:23:26","isFullCredit":false},{"lineNumber":8,"author":{"gitId":"-"},"content":"","lastModifiedDate":"2020-05-25T00:03:55","isFullCredit":false},{"lineNumber":9,"author":{"gitId":"-"},"content":"REM compile the code into the bin folder","lastModifiedDate":"2020-05-25T00:03:55","isFullCredit":false},{"lineNumber":10,"author":{"gitId":"-"},"content":"javac  -cp ..\\src\\main\\java -Xlint:none -d ..\\bin ..\\src\\main\\java\\*.java","lastModifiedDate":"2020-08-25T17:23:26","isFullCredit":false},{"lineNumber":11,"author":{"gitId":"-"},"content":"IF ERRORLEVEL 1 (","lastModifiedDate":"2020-05-25T00:03:55","isFullCredit":false},{"lineNumber":12,"author":{"gitId":"-"},"content":"    echo ********** BUILD FAILURE **********","lastModifiedDate":"2020-05-25T00:03:55","isFullCredit":false},{"lineNumber":13,"author":{"gitId":"-"},"content":"    exit /b 1","lastModifiedDate":"2020-05-25T00:03:55","isFullCredit":false},{"lineNumber":14,"author":{"gitId":"-"},"content":")","lastModifiedDate":"2020-05-25T00:03:55","isFullCredit":false},{"lineNumber":15,"author":{"gitId":"-"},"content":"REM no error here, errorlevel \u003d\u003d 0","lastModifiedDate":"2020-05-25T00:03:55","isFullCredit":false},{"lineNumber":16,"author":{"gitId":"-"},"content":"","lastModifiedDate":"2020-05-25T00:03:55","isFullCredit":false},{"lineNumber":17,"author":{"gitId":"-"},"content":"REM run the program, feed commands from input.txt file and redirect the output to the ACTUAL.TXT","lastModifiedDate":"2020-05-25T00:03:55","isFullCredit":false},{"lineNumber":18,"author":{"gitId":"Wrooi"},"content":"java -classpath ..\\bin Rudeus \u003c input.txt \u003e ACTUAL.TXT","lastModifiedDate":"2025-09-02T12:09:23","isFullCredit":false},{"lineNumber":19,"author":{"gitId":"-"},"content":"","lastModifiedDate":"2020-05-25T00:03:55","isFullCredit":false},{"lineNumber":20,"author":{"gitId":"-"},"content":"REM compare the output to the expected output","lastModifiedDate":"2020-05-25T00:03:55","isFullCredit":false},{"lineNumber":21,"author":{"gitId":"-"},"content":"FC ACTUAL.TXT EXPECTED.TXT","lastModifiedDate":"2020-05-25T00:03:55","isFullCredit":false}],"authorContributionMap":{"Wrooi":1,"-":20}}]
