{"authorDailyContributionsMap":{"Wrooi":[{"date":"2025-08-28T00:00:00","commitResults":[{"hash":"e6046c8908944155736f85be4007258db7cb56f4","isMergeCommit":false,"messageTitle":"refactor: Rename bot \u0026 update personality","messageBody":"","fileTypesAndContributionMap":{"java":{"insertions":22,"deletions":10},"bat":{"insertions":1,"deletions":1},"md":{"insertions":3,"deletions":3}}}]}]},"authorFileTypeContributionMap":{"Wrooi":{"java":22,"md":3,"fxml":0,"sh":0,"bat":1,"gradle":0,"txt":0}},"authorContributionVariance":{"Wrooi":72.562355},"authorDisplayNameMap":{"Wrooi":"CS2113-W14-2 OOI .. REE"}}
