{"authorDailyContributionsMap":{"zhengjie2002":[{"date":"2025-08-27T00:00:00","commitResults":[{"hash":"611cd22814a5ae65a5cf8aaffc63a5256a1622df","isMergeCommit":false,"messageTitle":"Rename project and add greeting","messageBody":"","tags":["Level-0"],"fileTypesAndContributionMap":{"java":{"insertions":10,"deletions":10}}},{"hash":"630f17b1e03ff4fda9d00605c031467df41f41f7","isMergeCommit":false,"messageTitle":"Add feature to repeat user input","messageBody":"","tags":["Level-1"],"fileTypesAndContributionMap":{"java":{"insertions":13,"deletions":0}}},{"hash":"1817014df5eaf117792ffe6e8a689e5719347f58","isMergeCommit":false,"messageTitle":"Add feature to store tasks and display when requested","messageBody":"","tags":["Level-2"],"fileTypesAndContributionMap":{"java":{"insertions":23,"deletions":3}}}]},{"date":"2025-08-28T00:00:00","commitResults":[{"hash":"3f27b477b6ee85bc1576f3d27c8c6edbbd0e1c63","isMergeCommit":false,"messageTitle":"Refactor to encapsulate task properties into Task class","messageBody":"","tags":["A-Classes"],"fileTypesAndContributionMap":{"java":{"insertions":20,"deletions":8}}},{"hash":"965d635a0c7fe72639f15e0127a8dee1cee106bb","isMergeCommit":false,"messageTitle":"Add mark and unmark task as done feature","messageBody":"","tags":["Level-3"],"fileTypesAndContributionMap":{"java":{"insertions":33,"deletions":6}}},{"hash":"1bf45eedb3550b1e39890f2d43d633b120c345ab","isMergeCommit":false,"messageTitle":"Refactor to meet coding standards","messageBody":"","tags":["A-CodingStandard"],"fileTypesAndContributionMap":{"java":{"insertions":1,"deletions":1}}}]},{"date":"2025-09-02T00:00:00","commitResults":[{"hash":"b12d0397549f66e42fef3d74cb29230170242c71","isMergeCommit":false,"messageTitle":"Add Todo Class that extend Task class for Todos","messageBody":"","fileTypesAndContributionMap":{"java":{"insertions":18,"deletions":4}}},{"hash":"f6df892c75ed3f6280f713c9e94653d0c52542ce","isMergeCommit":false,"messageTitle":"Add Deadline class that extend Task class for tasks with dateline","messageBody":"","fileTypesAndContributionMap":{"java":{"insertions":20,"deletions":0}}},{"hash":"be05bb72f30b534ac230d3f9fc0ac3e64d5c6ca1","isMergeCommit":false,"messageTitle":"Add Event class that extend Task class for events","messageBody":"","fileTypesAndContributionMap":{"java":{"insertions":26,"deletions":1}}},{"hash":"f2acbe70388427a9b3674a893b01df12449c6338","isMergeCommit":false,"messageTitle":"Update system output to follow requirements","messageBody":"","tags":["Level-4","A-Inheritance"],"fileTypesAndContributionMap":{"java":{"insertions":18,"deletions":3}}}]},{"date":"2025-09-03T00:00:00","commitResults":[{"hash":"05ac4c7313812a64c446ce2a48ff225941e8a3a1","isMergeCommit":false,"messageTitle":"Add automated testing","messageBody":"","tags":["A-TextUiTesting"],"fileTypesAndContributionMap":{"txt":{"insertions":11,"deletions":0},"bat":{"insertions":1,"deletions":1}}}]},{"date":"2025-09-04T00:00:00","commitResults":[{"hash":"163033a54ad1d4b067e3e33ec900601a11953de7","isMergeCommit":false,"messageTitle":"refactor: add new UI and TaskManager class","messageBody":"","fileTypesAndContributionMap":{"java":{"insertions":86,"deletions":56}}},{"hash":"0745420e914834ae11d90dbd96fb08dcd50de280","isMergeCommit":false,"messageTitle":"refactor: add new Command and Parser class","messageBody":"","tags":["A-CodeQuality"],"fileTypesAndContributionMap":{"java":{"insertions":176,"deletions":43}}}]},{"date":"2025-09-10T00:00:00","commitResults":[{"hash":"1a5b65a13a75fca60e19006efc663f4cd366bc79","isMergeCommit":false,"messageTitle":"Add error handling for missing task description","messageBody":"","fileTypesAndContributionMap":{"java":{"insertions":31,"deletions":4}}},{"hash":"980214b18150b26f43ada126bb41bdf25030c060","isMergeCommit":false,"messageTitle":"Add error handling for missing deadline","messageBody":"","fileTypesAndContributionMap":{"java":{"insertions":11,"deletions":0}}},{"hash":"14c5e09552f00e8590ae0e07d45bf47d6878e277","isMergeCommit":true,"messageTitle":"Merge branch \u0027branch-Level-5\u0027","messageBody":"","tags":["Level-5","A-Exceptions"],"fileTypesAndContributionMap":{}}]},{"date":"2025-09-11T00:00:00","commitResults":[{"hash":"2eb5f64948dc1bf109ad1f71d8b1548a3b19f82d","isMergeCommit":false,"messageTitle":"Reorganise project structure into packages","messageBody":"","fileTypesAndContributionMap":{"java":{"insertions":38,"deletions":1}}},{"hash":"a5bba26fad277df4109d9d28aeffb6723b1fb835","isMergeCommit":true,"messageTitle":"Merge branch \u0027branch-A-Packages\u0027","messageBody":"","tags":["A-Packages"],"fileTypesAndContributionMap":{}},{"hash":"954bb85b4b93e8a83158606786cfab4b1826f63a","isMergeCommit":false,"messageTitle":"Refactor Tony into tony package","messageBody":"","fileTypesAndContributionMap":{"java":{"insertions":2,"deletions":0}}},{"hash":"f5c31ab8ae84f044b52a5621cef0d7968f23dc22","isMergeCommit":false,"messageTitle":"Update automatic testing with package path","messageBody":"","fileTypesAndContributionMap":{"bat":{"insertions":1,"deletions":1}}},{"hash":"e0b28e2f18b7c2f3e5fdd45cc3e3349944d6f098","isMergeCommit":false,"messageTitle":"Add exception handling for events","messageBody":"","fileTypesAndContributionMap":{"java":{"insertions":35,"deletions":5}}},{"hash":"44586bfd7cc03a7951bccc6486f3d57ea98331cc","isMergeCommit":false,"messageTitle":"Add exception handling for marking task","messageBody":"","fileTypesAndContributionMap":{"java":{"insertions":47,"deletions":31}}}]},{"date":"2025-09-17T00:00:00","commitResults":[{"hash":"ebdf878917454cedccb1bb215a5862d1c913321e","isMergeCommit":false,"messageTitle":"Refactor to use ArrayList instead of Array for tasks","messageBody":"","tags":["A-Collections"],"fileTypesAndContributionMap":{"java":{"insertions":15,"deletions":15},"bat":{"insertions":2,"deletions":2}}},{"hash":"6da7f1fb3b966447d89eac94b68532bb652a9aad","isMergeCommit":false,"messageTitle":"Add delete task feature","messageBody":"","fileTypesAndContributionMap":{"java":{"insertions":35,"deletions":3}}},{"hash":"9055e99c45edb2f3b37be7b61d6d1b3ef3b187d4","isMergeCommit":false,"messageTitle":"Add test case for delete feature","messageBody":"","fileTypesAndContributionMap":{"txt":{"insertions":7,"deletions":0}}},{"hash":"89085a9f75e48dd4c230dcdd636ae3685d5ae903","isMergeCommit":false,"messageTitle":"Add file utilities to support file operation","messageBody":"","fileTypesAndContributionMap":{"java":{"insertions":85,"deletions":0}}},{"hash":"6e4606464dfe98fb27e1a8863987243e4492da11","isMergeCommit":false,"messageTitle":"Add feature to read task from file","messageBody":"","fileTypesAndContributionMap":{"java":{"insertions":75,"deletions":3}}},{"hash":"f5b469490e895b80c97f312fdfd45a007f378f43","isMergeCommit":false,"messageTitle":"Add function to read if task is done from txt file","messageBody":"","fileTypesAndContributionMap":{"java":{"insertions":27,"deletions":9}}},{"hash":"0d7629d0d0188f965c619dc71c9a2c7a6adc988b","isMergeCommit":true,"messageTitle":"Merge branch \u0027branch-Level-6\u0027","messageBody":"","tags":["Level-6"],"fileTypesAndContributionMap":{}},{"hash":"17af48dd295427aba792d9f1a38016be06c1d0ff","isMergeCommit":true,"messageTitle":"Merge branch \u0027branch-Level-7\u0027","messageBody":"","tags":["Level-7","A-Jar"],"fileTypesAndContributionMap":{}}]},{"date":"2025-09-27T00:00:00","commitResults":[{"hash":"28b270fd7ca3bc0c5eb9955d361009d82f21ec2c","isMergeCommit":false,"messageTitle":"Refactor marking of task to conform to SLAP","messageBody":"","fileTypesAndContributionMap":{"java":{"insertions":29,"deletions":19}}},{"hash":"3d89e2f5201c583c1eeb47e96b86520ede53851b","isMergeCommit":false,"messageTitle":"Edit test script for nix OS","messageBody":"","fileTypesAndContributionMap":{"sh":{"insertions":2,"deletions":2}}},{"hash":"39873c419f52947f5a69b536107f5ad601a76916","isMergeCommit":false,"messageTitle":"Add addition auto test to test error handling","messageBody":"","fileTypesAndContributionMap":{"txt":{"insertions":7,"deletions":0}}},{"hash":"e80c181bcc0a1530b6d7d98c9863433870b802bb","isMergeCommit":false,"messageTitle":"Refactor UI printing for error handling to conform to SLAP","messageBody":"","fileTypesAndContributionMap":{"txt":{"insertions":1,"deletions":0},"java":{"insertions":48,"deletions":7}}},{"hash":"1dc39c75953184eb5a7f38c922b155ef8d4b2fd4","isMergeCommit":false,"messageTitle":"Edit to delete old storage file on execution","messageBody":"","fileTypesAndContributionMap":{"sh":{"insertions":6,"deletions":0}}},{"hash":"e9d99cb628f11b98067b58bcb89f7c06877a820f","isMergeCommit":false,"messageTitle":"Add error handling for opening files","messageBody":"","fileTypesAndContributionMap":{"java":{"insertions":10,"deletions":1}}},{"hash":"fa7b46f155718c21b141b12fcb92a59da7aa74eb","isMergeCommit":false,"messageTitle":"Refactor file data reading to adhere to OOP","messageBody":"","fileTypesAndContributionMap":{"java":{"insertions":180,"deletions":105}}},{"hash":"19395fe4ebd31ec87b24cc4b4272e887861f6f9d","isMergeCommit":false,"messageTitle":"Add error handling for corrupted file","messageBody":"","tags":["A-MoreOOP"],"fileTypesAndContributionMap":{"java":{"insertions":4,"deletions":0}}},{"hash":"71695f82dc28cc9eda9b90670d88a0feab0aeec7","isMergeCommit":false,"messageTitle":"Refactor to make Task an abstract class","messageBody":"","tags":["A-AbstractClasses"],"fileTypesAndContributionMap":{"java":{"insertions":2,"deletions":4}}},{"hash":"9b995927cf589b7c1f900994edb9e4d697d86d88","isMergeCommit":false,"messageTitle":"Refactor error handling for file utilities","messageBody":"","fileTypesAndContributionMap":{"java":{"insertions":15,"deletions":10}}},{"hash":"69e830f535d9fd1422803cffa18c4b6c7b3dd2d5","isMergeCommit":false,"messageTitle":"Add writeback to file for delete and mark","messageBody":"","fileTypesAndContributionMap":{"java":{"insertions":23,"deletions":0}}},{"hash":"42d728dc1425c8aaa18d330aa17588feefcbccab","isMergeCommit":false,"messageTitle":"Add search functionality","messageBody":"","tags":["Level-9"],"fileTypesAndContributionMap":{"java":{"insertions":61,"deletions":7}}}]},{"date":"2025-09-28T00:00:00","commitResults":[{"hash":"03f1588c7c76323e2b96aaaf66ba2be4e212ac70","isMergeCommit":false,"messageTitle":"Refactor command class with OOP and encapsulation","messageBody":"","fileTypesAndContributionMap":{"java":{"insertions":325,"deletions":202}}},{"hash":"57896890bef613815a51347b68647c86b85ad216","isMergeCommit":false,"messageTitle":"Implement local date type for deadline class","messageBody":"","fileTypesAndContributionMap":{"txt":{"insertions":3,"deletions":2},"java":{"insertions":73,"deletions":20}}},{"hash":"ce5d7a1f90d2cd571c6d2d3cdbca43ac0777a2d7","isMergeCommit":false,"messageTitle":"Refactor format as static variable","messageBody":"","fileTypesAndContributionMap":{"java":{"insertions":2,"deletions":1}}},{"hash":"16e3a5d4bdab69982ef92511e9a41d1600caa599","isMergeCommit":false,"messageTitle":"Implement local date type for event class","messageBody":"","tags":["Level-8"],"fileTypesAndContributionMap":{"txt":{"insertions":5,"deletions":4},"java":{"insertions":52,"deletions":29}}},{"hash":"9fe71651ddf2c7855e6627d0e649301dab77463b","isMergeCommit":false,"messageTitle":"Prevent re-marking a completed task with exception","messageBody":"","fileTypesAndContributionMap":{"java":{"insertions":24,"deletions":0}}},{"hash":"fbae669b041c260986bd40ece31554b251effd35","isMergeCommit":false,"messageTitle":"Prevent event start date from being after end date","messageBody":"","fileTypesAndContributionMap":{"java":{"insertions":21,"deletions":1}}},{"hash":"c6a57597d9888bb7eb8efc21ebb46d0b01a7914b","isMergeCommit":false,"messageTitle":"Add error handling for invalid event format","messageBody":"","fileTypesAndContributionMap":{"java":{"insertions":24,"deletions":4}}},{"hash":"cd2bb42e140c84531184c231d7b2e9c5ec5afa97","isMergeCommit":false,"messageTitle":"Add JavaDoc for task package","messageBody":"","fileTypesAndContributionMap":{"java":{"insertions":101,"deletions":0}}},{"hash":"934b25b29a612e42310c853eaf004ea2f700b5a1","isMergeCommit":false,"messageTitle":"Add JavaDoc for file package","messageBody":"","fileTypesAndContributionMap":{"java":{"insertions":87,"deletions":4}}},{"hash":"a24bbaebd2b9096f844cd7e4d134382c4a98124c","isMergeCommit":false,"messageTitle":"Add JavaDoc for command package","messageBody":"","fileTypesAndContributionMap":{"java":{"insertions":212,"deletions":5}}},{"hash":"d9f05f404fef78fd25d12cc2cd6d4fcd2a38b022","isMergeCommit":false,"messageTitle":"Add JavaDoc for tony class","messageBody":"","fileTypesAndContributionMap":{"java":{"insertions":8,"deletions":0}}},{"hash":"d194268639f6634d92ba2b5877b0e101a10f4751","isMergeCommit":true,"messageTitle":"Merge pull request #1 from zhengjie2002/branch-A-JavaDoc","messageBody":"Branch a java doc","tags":["A-JavaDoc"],"fileTypesAndContributionMap":{}}]},{"date":"2025-09-29T00:00:00","commitResults":[{"hash":"026b44dffc907daa8b2bcf73a0936bf0af997088","isMergeCommit":false,"messageTitle":"Update user guide for Tony","messageBody":"","tags":["A-UserGuide"],"fileTypesAndContributionMap":{"md":{"insertions":286,"deletions":14}}},{"hash":"e2a906f76b58801a8cb9924a9c0a865fe6583cd8","isMergeCommit":false,"messageTitle":"Fix formatting issue for user guide","messageBody":"","fileTypesAndContributionMap":{"md":{"insertions":2,"deletions":3}}}]},{"date":"2025-10-01T00:00:00","commitResults":[{"hash":"764476ed8612bb77ebd1423da593f39488df9b89","isMergeCommit":false,"messageTitle":"Refactor UI class by extracting code to methods","messageBody":"","fileTypesAndContributionMap":{"java":{"insertions":59,"deletions":50}}},{"hash":"df466ba97b83c7d0b9715b1b6e25c179e79c7841","isMergeCommit":false,"messageTitle":"Add documentation for classes","messageBody":"","fileTypesAndContributionMap":{"java":{"insertions":30,"deletions":0}}}]}]},"authorFileTypeContributionMap":{"zhengjie2002":{"java":1570,"md":280,"fxml":0,"sh":8,"bat":2,"gradle":0,"txt":28}},"authorContributionVariance":{"zhengjie2002":35022.836},"authorDisplayNameMap":{"zhengjie2002":"CS2113-W13-3 TAN .. JIE"}}
