{"authorDailyContributionsMap":{"zhengjie2002":[{"date":"2025-08-27T00:00:00","commitResults":[{"hash":"611cd22814a5ae65a5cf8aaffc63a5256a1622df","isMergeCommit":false,"messageTitle":"Rename project and add greeting","messageBody":"","tags":["Level-0"],"fileTypesAndContributionMap":{"java":{"insertions":10,"deletions":10}}},{"hash":"630f17b1e03ff4fda9d00605c031467df41f41f7","isMergeCommit":false,"messageTitle":"Add feature to repeat user input","messageBody":"","tags":["Level-1"],"fileTypesAndContributionMap":{"java":{"insertions":13,"deletions":0}}},{"hash":"1817014df5eaf117792ffe6e8a689e5719347f58","isMergeCommit":false,"messageTitle":"Add feature to store tasks and display when requested","messageBody":"","tags":["Level-2"],"fileTypesAndContributionMap":{"java":{"insertions":23,"deletions":3}}}]},{"date":"2025-08-28T00:00:00","commitResults":[{"hash":"3f27b477b6ee85bc1576f3d27c8c6edbbd0e1c63","isMergeCommit":false,"messageTitle":"Refactor to encapsulate task properties into Task class","messageBody":"","tags":["A-Classes"],"fileTypesAndContributionMap":{"java":{"insertions":20,"deletions":8}}},{"hash":"965d635a0c7fe72639f15e0127a8dee1cee106bb","isMergeCommit":false,"messageTitle":"Add mark and unmark task as done feature","messageBody":"","tags":["Level-3"],"fileTypesAndContributionMap":{"java":{"insertions":33,"deletions":6}}},{"hash":"1bf45eedb3550b1e39890f2d43d633b120c345ab","isMergeCommit":false,"messageTitle":"Refactor to meet coding standards","messageBody":"","tags":["A-CodingStandard"],"fileTypesAndContributionMap":{"java":{"insertions":1,"deletions":1}}}]},{"date":"2025-09-02T00:00:00","commitResults":[{"hash":"b12d0397549f66e42fef3d74cb29230170242c71","isMergeCommit":false,"messageTitle":"Add Todo Class that extend Task class for Todos","messageBody":"","fileTypesAndContributionMap":{"java":{"insertions":18,"deletions":4}}},{"hash":"f6df892c75ed3f6280f713c9e94653d0c52542ce","isMergeCommit":false,"messageTitle":"Add Deadline class that extend Task class for tasks with dateline","messageBody":"","fileTypesAndContributionMap":{"java":{"insertions":20,"deletions":0}}},{"hash":"be05bb72f30b534ac230d3f9fc0ac3e64d5c6ca1","isMergeCommit":false,"messageTitle":"Add Event class that extend Task class for events","messageBody":"","fileTypesAndContributionMap":{"java":{"insertions":26,"deletions":1}}},{"hash":"f2acbe70388427a9b3674a893b01df12449c6338","isMergeCommit":false,"messageTitle":"Update system output to follow requirements","messageBody":"","tags":["Level-4","A-Inheritance"],"fileTypesAndContributionMap":{"java":{"insertions":18,"deletions":3}}}]},{"date":"2025-09-03T00:00:00","commitResults":[{"hash":"05ac4c7313812a64c446ce2a48ff225941e8a3a1","isMergeCommit":false,"messageTitle":"Add automated testing","messageBody":"","tags":["A-TextUiTesting"],"fileTypesAndContributionMap":{"txt":{"insertions":11,"deletions":0},"bat":{"insertions":1,"deletions":1}}}]},{"date":"2025-09-04T00:00:00","commitResults":[{"hash":"163033a54ad1d4b067e3e33ec900601a11953de7","isMergeCommit":false,"messageTitle":"refactor: add new UI and TaskManager class","messageBody":"","fileTypesAndContributionMap":{"java":{"insertions":86,"deletions":56}}},{"hash":"0745420e914834ae11d90dbd96fb08dcd50de280","isMergeCommit":false,"messageTitle":"refactor: add new Command and Parser class","messageBody":"","tags":["A-CodeQuality"],"fileTypesAndContributionMap":{"java":{"insertions":176,"deletions":43}}}]}]},"authorFileTypeContributionMap":{"zhengjie2002":{"java":319,"md":0,"fxml":0,"sh":0,"bat":1,"gradle":0,"txt":11}},"authorContributionVariance":{"zhengjie2002":4796.98},"authorDisplayNameMap":{"zhengjie2002":"CS2113-W13-3 TAN .. JIE"}}
