{"authorDailyContributionsMap":{"zhengjie2002":[{"date":"2025-08-27T00:00:00","commitResults":[{"hash":"611cd22814a5ae65a5cf8aaffc63a5256a1622df","isMergeCommit":false,"messageTitle":"Rename project and add greeting","messageBody":"","fileTypesAndContributionMap":{"java":{"insertions":10,"deletions":10}}},{"hash":"630f17b1e03ff4fda9d00605c031467df41f41f7","isMergeCommit":false,"messageTitle":"Add feature to repeat user input","messageBody":"","tags":["Level-1"],"fileTypesAndContributionMap":{"java":{"insertions":13,"deletions":0}}},{"hash":"1817014df5eaf117792ffe6e8a689e5719347f58","isMergeCommit":false,"messageTitle":"Add feature to store tasks and display when requested","messageBody":"","tags":["Level-2"],"fileTypesAndContributionMap":{"java":{"insertions":23,"deletions":3}}}]},{"date":"2025-08-28T00:00:00","commitResults":[{"hash":"3f27b477b6ee85bc1576f3d27c8c6edbbd0e1c63","isMergeCommit":false,"messageTitle":"Refactor to encapsulate task properties into Task class","messageBody":"","tags":["A-Classes"],"fileTypesAndContributionMap":{"java":{"insertions":20,"deletions":8}}},{"hash":"965d635a0c7fe72639f15e0127a8dee1cee106bb","isMergeCommit":false,"messageTitle":"Add mark and unmark task as done feature","messageBody":"","tags":["Level-3"],"fileTypesAndContributionMap":{"java":{"insertions":33,"deletions":6}}},{"hash":"1bf45eedb3550b1e39890f2d43d633b120c345ab","isMergeCommit":false,"messageTitle":"Refactor to meet coding standards","messageBody":"","tags":["A-CodingStandard"],"fileTypesAndContributionMap":{"java":{"insertions":1,"deletions":1}}}]}]},"authorFileTypeContributionMap":{"zhengjie2002":{"java":82,"md":0,"fxml":0,"sh":0,"bat":0,"gradle":0,"txt":0}},"authorContributionVariance":{"zhengjie2002":355.32428},"authorDisplayNameMap":{"zhengjie2002":"TAN .. JIE"}}
