[{"path":"src/main/java/Chandler.java","fileType":"java","lines":[{"lineNumber":1,"author":{"gitId":"Pavithra6-Srinivasan"},"content":"import java.util.Scanner;","lastModifiedDate":"2025-08-31T23:02:33","isFullCredit":false},{"lineNumber":2,"author":{"gitId":"Pavithra6-Srinivasan"},"content":"","lastModifiedDate":"2025-08-31T23:02:33","isFullCredit":false},{"lineNumber":3,"author":{"gitId":"Pavithra6-Srinivasan"},"content":"public class Chandler {","lastModifiedDate":"2025-08-28T13:19:55","isFullCredit":false},{"lineNumber":4,"author":{"gitId":"-"},"content":"    public static void main(String[] args) {","lastModifiedDate":"2019-07-29T17:14:46","isFullCredit":false},{"lineNumber":5,"author":{"gitId":"Pavithra6-Srinivasan"},"content":"","lastModifiedDate":"2025-08-31T23:02:33","isFullCredit":false},{"lineNumber":6,"author":{"gitId":"Pavithra6-Srinivasan"},"content":"        Scanner in \u003d new Scanner(System.in);","lastModifiedDate":"2025-08-31T23:02:33","isFullCredit":false},{"lineNumber":7,"author":{"gitId":"Pavithra6-Srinivasan"},"content":"        String[] tasks \u003d new String[100];","lastModifiedDate":"2025-09-01T12:46:16","isFullCredit":false},{"lineNumber":8,"author":{"gitId":"Pavithra6-Srinivasan"},"content":"        int taskCount \u003d 0;","lastModifiedDate":"2025-09-01T12:46:16","isFullCredit":false},{"lineNumber":9,"author":{"gitId":"Pavithra6-Srinivasan"},"content":"","lastModifiedDate":"2025-08-31T23:02:33","isFullCredit":false},{"lineNumber":10,"author":{"gitId":"Pavithra6-Srinivasan"},"content":"        System.out.println(\"    ____________________________________________________________\");","lastModifiedDate":"2025-08-31T23:02:33","isFullCredit":false},{"lineNumber":11,"author":{"gitId":"Pavithra6-Srinivasan"},"content":"        System.out.println(\"    Hello! I\u0027m Chandler\\n    What can I do for you?\");","lastModifiedDate":"2025-08-28T13:19:55","isFullCredit":false},{"lineNumber":12,"author":{"gitId":"Pavithra6-Srinivasan"},"content":"        System.out.println(\"    ____________________________________________________________\");","lastModifiedDate":"2025-08-31T23:02:33","isFullCredit":false},{"lineNumber":13,"author":{"gitId":"Pavithra6-Srinivasan"},"content":"","lastModifiedDate":"2025-08-31T23:02:33","isFullCredit":false},{"lineNumber":14,"author":{"gitId":"Pavithra6-Srinivasan"},"content":"        boolean isRunning \u003d true;","lastModifiedDate":"2025-08-31T23:02:33","isFullCredit":false},{"lineNumber":15,"author":{"gitId":"Pavithra6-Srinivasan"},"content":"","lastModifiedDate":"2025-08-31T23:02:33","isFullCredit":false},{"lineNumber":16,"author":{"gitId":"Pavithra6-Srinivasan"},"content":"        while (isRunning) {","lastModifiedDate":"2025-08-31T23:02:33","isFullCredit":false},{"lineNumber":17,"author":{"gitId":"Pavithra6-Srinivasan"},"content":"            String input \u003d in.nextLine();","lastModifiedDate":"2025-08-31T23:02:33","isFullCredit":false},{"lineNumber":18,"author":{"gitId":"Pavithra6-Srinivasan"},"content":"","lastModifiedDate":"2025-08-31T23:02:33","isFullCredit":false},{"lineNumber":19,"author":{"gitId":"Pavithra6-Srinivasan"},"content":"            switch (input.toLowerCase()) {","lastModifiedDate":"2025-08-31T23:02:33","isFullCredit":false},{"lineNumber":20,"author":{"gitId":"Pavithra6-Srinivasan"},"content":"            case \"bye\":","lastModifiedDate":"2025-08-31T23:02:33","isFullCredit":false},{"lineNumber":21,"author":{"gitId":"Pavithra6-Srinivasan"},"content":"                System.out.println(\"    ____________________________________________________________\");","lastModifiedDate":"2025-08-31T23:02:33","isFullCredit":false},{"lineNumber":22,"author":{"gitId":"Pavithra6-Srinivasan"},"content":"                System.out.println(\"    Bye. Hope I don\u0027t see you again!\");","lastModifiedDate":"2025-08-31T23:02:33","isFullCredit":false},{"lineNumber":23,"author":{"gitId":"Pavithra6-Srinivasan"},"content":"                System.out.println(\"    ____________________________________________________________\");","lastModifiedDate":"2025-08-31T23:02:33","isFullCredit":false},{"lineNumber":24,"author":{"gitId":"Pavithra6-Srinivasan"},"content":"                isRunning \u003d false;","lastModifiedDate":"2025-08-31T23:02:33","isFullCredit":false},{"lineNumber":25,"author":{"gitId":"Pavithra6-Srinivasan"},"content":"                break;","lastModifiedDate":"2025-08-31T23:02:33","isFullCredit":false},{"lineNumber":26,"author":{"gitId":"Pavithra6-Srinivasan"},"content":"","lastModifiedDate":"2025-08-31T23:02:33","isFullCredit":false},{"lineNumber":27,"author":{"gitId":"Pavithra6-Srinivasan"},"content":"            case \"list\":","lastModifiedDate":"2025-09-01T12:46:16","isFullCredit":false},{"lineNumber":28,"author":{"gitId":"Pavithra6-Srinivasan"},"content":"                System.out.println(\"    ____________________________________________________________\");","lastModifiedDate":"2025-09-01T12:46:16","isFullCredit":false},{"lineNumber":29,"author":{"gitId":"Pavithra6-Srinivasan"},"content":"                for (int i \u003d 0; i \u003c taskCount; i++) {","lastModifiedDate":"2025-09-01T12:46:16","isFullCredit":false},{"lineNumber":30,"author":{"gitId":"Pavithra6-Srinivasan"},"content":"                    System.out.println(\"    \" + (i + 1) + \". \" + tasks[i]);","lastModifiedDate":"2025-09-01T12:46:16","isFullCredit":false},{"lineNumber":31,"author":{"gitId":"Pavithra6-Srinivasan"},"content":"                }","lastModifiedDate":"2025-09-01T12:46:16","isFullCredit":false},{"lineNumber":32,"author":{"gitId":"Pavithra6-Srinivasan"},"content":"                if (taskCount \u003d\u003d 0) {","lastModifiedDate":"2025-09-01T12:46:16","isFullCredit":false},{"lineNumber":33,"author":{"gitId":"Pavithra6-Srinivasan"},"content":"                    System.out.println(\"    (no tasks yet)\");","lastModifiedDate":"2025-09-01T12:46:16","isFullCredit":false},{"lineNumber":34,"author":{"gitId":"Pavithra6-Srinivasan"},"content":"                }","lastModifiedDate":"2025-09-01T12:46:16","isFullCredit":false},{"lineNumber":35,"author":{"gitId":"Pavithra6-Srinivasan"},"content":"                System.out.println(\"    ____________________________________________________________\");","lastModifiedDate":"2025-09-01T12:46:16","isFullCredit":false},{"lineNumber":36,"author":{"gitId":"Pavithra6-Srinivasan"},"content":"                break;","lastModifiedDate":"2025-09-01T12:46:16","isFullCredit":false},{"lineNumber":37,"author":{"gitId":"Pavithra6-Srinivasan"},"content":"","lastModifiedDate":"2025-09-01T12:46:16","isFullCredit":false},{"lineNumber":38,"author":{"gitId":"Pavithra6-Srinivasan"},"content":"            default:","lastModifiedDate":"2025-08-31T23:02:33","isFullCredit":false},{"lineNumber":39,"author":{"gitId":"Pavithra6-Srinivasan"},"content":"                tasks[taskCount] \u003d input;","lastModifiedDate":"2025-09-01T12:46:16","isFullCredit":false},{"lineNumber":40,"author":{"gitId":"Pavithra6-Srinivasan"},"content":"                taskCount++;","lastModifiedDate":"2025-09-01T12:46:16","isFullCredit":false},{"lineNumber":41,"author":{"gitId":"Pavithra6-Srinivasan"},"content":"                System.out.println(\"    ____________________________________________________________\");","lastModifiedDate":"2025-08-31T23:02:33","isFullCredit":false},{"lineNumber":42,"author":{"gitId":"Pavithra6-Srinivasan"},"content":"                System.out.println(\"    added: \" + input);","lastModifiedDate":"2025-09-01T12:46:16","isFullCredit":false},{"lineNumber":43,"author":{"gitId":"Pavithra6-Srinivasan"},"content":"                System.out.println(\"    ____________________________________________________________\");","lastModifiedDate":"2025-08-31T23:02:33","isFullCredit":false},{"lineNumber":44,"author":{"gitId":"Pavithra6-Srinivasan"},"content":"                break;","lastModifiedDate":"2025-08-31T23:02:33","isFullCredit":false},{"lineNumber":45,"author":{"gitId":"Pavithra6-Srinivasan"},"content":"            }","lastModifiedDate":"2025-08-31T23:02:33","isFullCredit":false},{"lineNumber":46,"author":{"gitId":"Pavithra6-Srinivasan"},"content":"        }","lastModifiedDate":"2025-08-31T23:02:33","isFullCredit":false},{"lineNumber":47,"author":{"gitId":"Pavithra6-Srinivasan"},"content":"        in.close();","lastModifiedDate":"2025-08-31T23:02:33","isFullCredit":false},{"lineNumber":48,"author":{"gitId":"-"},"content":"    }","lastModifiedDate":"2019-07-29T17:14:46","isFullCredit":false},{"lineNumber":49,"author":{"gitId":"-"},"content":"}","lastModifiedDate":"2019-07-29T17:14:46","isFullCredit":false}],"authorContributionMap":{"-":3,"Pavithra6-Srinivasan":46}}]
