{"authorDailyContributionsMap":{"Pavithra6-Srinivasan":[{"date":"2025-08-28T00:00:00","commitResults":[{"hash":"1ccab2c859237274b05994bd3535df22983e3092","isMergeCommit":false,"messageTitle":"Add Level-0: Rename, Greet, Exit","messageBody":"","tags":["Level-0"],"fileTypesAndContributionMap":{"java":{"insertions":3,"deletions":2}}}]},{"date":"2025-08-31T00:00:00","commitResults":[{"hash":"b0f3794f7f8f4e3b650b46541e296225caccd11a","isMergeCommit":false,"messageTitle":"Add Level-1","messageBody":"","tags":["Level-1"],"fileTypesAndContributionMap":{"java":{"insertions":30,"deletions":7}}}]},{"date":"2025-09-01T00:00:00","commitResults":[{"hash":"bd8bbd52c5d545df17e4977ca7372af7eb0e164b","isMergeCommit":false,"messageTitle":"Add Level-2","messageBody":"","tags":["Level-2"],"fileTypesAndContributionMap":{"java":{"insertions":16,"deletions":1}}},{"hash":"d85e35bb9655655c4785a6491ac48bf33a499401","isMergeCommit":false,"messageTitle":"Level-3","messageBody":"","tags":["Level-3"],"fileTypesAndContributionMap":{"java":{"insertions":53,"deletions":5}}}]},{"date":"2025-09-04T00:00:00","commitResults":[{"hash":"0d3f7175cf99210b056ac7ae1178fec09ed4229f","isMergeCommit":false,"messageTitle":"Level-4","messageBody":"","tags":["Level-4"],"fileTypesAndContributionMap":{"java":{"insertions":116,"deletions":28}}}]},{"date":"2025-09-05T00:00:00","commitResults":[{"hash":"3740c37e59330aaf2660eb399781023981e1bb95","isMergeCommit":false,"messageTitle":"A-TextUiTesting: Automated Text UI Testing","messageBody":"","tags":["A-TextUiTesting"],"fileTypesAndContributionMap":{"txt":{"insertions":8,"deletions":0},"java":{"insertions":2,"deletions":0},"bat":{"insertions":2,"deletions":2}}},{"hash":"cc87d63d0178bb5ff6f27819b7315d274b5dcd2c","isMergeCommit":false,"messageTitle":"A-CodeQuality: Improve Code Quality","messageBody":"","tags":["A-CodingStandard","A-CodeQuality"],"fileTypesAndContributionMap":{"java":{"insertions":2,"deletions":1}}}]},{"date":"2025-09-11T00:00:00","commitResults":[{"hash":"4147593483149183a6c9c4ca4362363ae890abcc","isMergeCommit":false,"messageTitle":"Add ChandlerException and error handling","messageBody":"","fileTypesAndContributionMap":{"java":{"insertions":99,"deletions":80}}},{"hash":"b1d74152912ccc3e56cc91e0fe1b16f874528baf","isMergeCommit":false,"messageTitle":"Fix error messages","messageBody":"","fileTypesAndContributionMap":{"java":{"insertions":6,"deletions":6}}},{"hash":"0ad937e95dbc1ccd2e4ae2a4e448d8fd02c7566c","isMergeCommit":false,"messageTitle":"Fix coding standards","messageBody":"","fileTypesAndContributionMap":{"java":{"insertions":4,"deletions":4}}},{"hash":"9c3e34b0704da6b5c62afe2a12215b170b65f803","isMergeCommit":false,"messageTitle":"update readme","messageBody":"","fileTypesAndContributionMap":{"md":{"insertions":1,"deletions":9}}},{"hash":"f25519098b736d4518b148be785e61b7d094f813","isMergeCommit":true,"messageTitle":"Merge branch \u0027master\u0027 into branch-Level-5","messageBody":"","tags":["Level-5"],"fileTypesAndContributionMap":{}},{"hash":"e14eddb6293ef6bc3264d73026e4b4492e0b715e","isMergeCommit":true,"messageTitle":"Merge branch \u0027branch-Level-5\u0027 merging in correct direction","messageBody":"","fileTypesAndContributionMap":{}},{"hash":"6491ba04f40c976fedae61f8e4486c81b8ac2781","isMergeCommit":false,"messageTitle":"Organise into Packages","messageBody":"","tags":["A-Packages"],"fileTypesAndContributionMap":{"java":{"insertions":16,"deletions":4},"bat":{"insertions":1,"deletions":1},"md":{"insertions":1,"deletions":1}}}]},{"date":"2025-09-14T00:00:00","commitResults":[{"hash":"cffee5fc10f423de342c7f63fe9ddbabb8d5402e","isMergeCommit":false,"messageTitle":"Exception to handle errors","messageBody":"","tags":["A-Exceptions"],"fileTypesAndContributionMap":{"java":{"insertions":1,"deletions":0}}}]},{"date":"2025-09-18T00:00:00","commitResults":[{"hash":"bd11430990b40341167de8732a42c49f8c428b69","isMergeCommit":false,"messageTitle":"Collection class","messageBody":"","tags":["A-Collections"],"fileTypesAndContributionMap":{"java":{"insertions":4,"deletions":0}}},{"hash":"6efa0055a03938e3eb31b8ef5565da34ed9f6289","isMergeCommit":false,"messageTitle":"Add delete functionality","messageBody":"","tags":["Level-6"],"fileTypesAndContributionMap":{"java":{"insertions":129,"deletions":87}}}]},{"date":"2025-09-19T00:00:00","commitResults":[{"hash":"ec5f2e562fa25647a21785a63bcad07702f48ea6","isMergeCommit":false,"messageTitle":"Saving feature","messageBody":"","fileTypesAndContributionMap":{"txt":{"insertions":3,"deletions":0},"java":{"insertions":110,"deletions":6}}},{"hash":"dc629640d2ab17359816dc3a4947e27b928ca088","isMergeCommit":true,"messageTitle":"Merge branch \u0027branch-Level-7\u0027","messageBody":"# Conflicts:\n#\tsrc/main/java/Chandler/Chandler.java\n","tags":["v0.1","Level-7"],"fileTypesAndContributionMap":{}},{"hash":"8927ddec8b026be2a834513cab2fa712616d953b","isMergeCommit":false,"messageTitle":"comment update and A-Jar","messageBody":"","tags":["A-Jar"],"fileTypesAndContributionMap":{"java":{"insertions":0,"deletions":2}}}]},{"date":"2025-09-26T00:00:00","commitResults":[{"hash":"612cb2efabc04a32d595c0f70e09e86396a7b25f","isMergeCommit":false,"messageTitle":"Adding more OOP","messageBody":"","tags":["A-MoreOOP"],"fileTypesAndContributionMap":{"txt":{"insertions":1,"deletions":1},"java":{"insertions":392,"deletions":213}}},{"hash":"779f1f1b9f7001e8701f53caa1258ae32a7fde05","isMergeCommit":false,"messageTitle":"Add find functionality to search tasks by keyword","messageBody":"","tags":["Level-9"],"fileTypesAndContributionMap":{"java":{"insertions":39,"deletions":1}}},{"hash":"0f2c2b785198ffb40ca65ff1c8a21a3d88567a70","isMergeCommit":false,"messageTitle":"Added JavaDoc comments","messageBody":"","tags":["A-JavaDoc"],"fileTypesAndContributionMap":{"java":{"insertions":57,"deletions":0}}},{"hash":"2df41399adace5b51c026b41a71b5d2d282c3b42","isMergeCommit":true,"messageTitle":"Merge branch \u0027branch-Level-9\u0027","messageBody":"","fileTypesAndContributionMap":{}},{"hash":"4556ed5dc247da95cd07b0b8d822eb4d8a9cb00f","isMergeCommit":true,"messageTitle":"Merge branch \u0027branch-A-JavaDoc\u0027","messageBody":"","fileTypesAndContributionMap":{}}]},{"date":"2025-09-27T00:00:00","commitResults":[{"hash":"21ce94484c7e25c3c0f4bcc547eb3658117ed308","isMergeCommit":false,"messageTitle":"Added a User Guide","messageBody":"","tags":["A-UserGuide"],"fileTypesAndContributionMap":{"java":{"insertions":4,"deletions":7},"md":{"insertions":133,"deletions":14}}},{"hash":"1899049bbadbf34230f2815edb304c8ca19a08b2","isMergeCommit":false,"messageTitle":"Updated User Guide","messageBody":"","fileTypesAndContributionMap":{"md":{"insertions":7,"deletions":0}}},{"hash":"d48508d0e46fb3e3efcb9611f518b6229cde859b","isMergeCommit":false,"messageTitle":"Updated User Guide and made some final changes","messageBody":"","fileTypesAndContributionMap":{"txt":{"insertions":0,"deletions":2},"md":{"insertions":8,"deletions":8}}}]}]},"authorFileTypeContributionMap":{"Pavithra6-Srinivasan":{"java":642,"md":134,"fxml":0,"sh":0,"bat":2,"gradle":0,"txt":8}},"authorContributionVariance":{"Pavithra6-Srinivasan":12061.083},"authorDisplayNameMap":{"Pavithra6-Srinivasan":"CS2113-T11-4 PAVI..ASAN"}}
