{"authorDailyContributionsMap":{"Pavithra6-Srinivasan":[{"date":"2025-08-28T00:00:00","commitResults":[{"hash":"1ccab2c859237274b05994bd3535df22983e3092","isMergeCommit":false,"messageTitle":"Add Level-0: Rename, Greet, Exit","messageBody":"","tags":["Level-0"],"fileTypesAndContributionMap":{"java":{"insertions":3,"deletions":2}}}]}]},"authorFileTypeContributionMap":{"Pavithra6-Srinivasan":{"java":3,"md":0,"fxml":0,"sh":0,"bat":0,"gradle":0,"txt":0}},"authorContributionVariance":{"Pavithra6-Srinivasan":1.1337868},"authorDisplayNameMap":{"Pavithra6-Srinivasan":"CS2113-T11-4 PAVI..ASAN"}}
