{"authorDailyContributionsMap":{"W1ndB10w":[{"date":"2025-09-03T00:00:00","commitResults":[{"hash":"b5f4ffac4beebd872496b42f28346bf1d705eb22","isMergeCommit":false,"messageTitle":"Rename Duke to Reverie","messageBody":"","fileTypesAndContributionMap":{"java":{"insertions":17,"deletions":10},"bat":{"insertions":1,"deletions":1},"md":{"insertions":3,"deletions":3}}},{"hash":"c95dbfe6a9a33aa6812b9131a77aad66fb5ba573","isMergeCommit":false,"messageTitle":"Reset greeting pattern","messageBody":"","fileTypesAndContributionMap":{"java":{"insertions":11,"deletions":4}}},{"hash":"f77879bd0b4f45aae332b496202b6eca8e575a6d","isMergeCommit":false,"messageTitle":"Change greeting pattern","messageBody":"","fileTypesAndContributionMap":{"java":{"insertions":4,"deletions":11}}},{"hash":"c23b2d6178e9bd73188aaaff6f253ba8c4d0fa66","isMergeCommit":false,"messageTitle":"Add welcome message, exit message","messageBody":"","fileTypesAndContributionMap":{"java":{"insertions":14,"deletions":1}}}]},{"date":"2025-09-12T00:00:00","commitResults":[{"hash":"e28a36076da5d4c1e0c74d708afad56c4f070fbe","isMergeCommit":false,"messageTitle":"Add partial response","messageBody":"","fileTypesAndContributionMap":{"java":{"insertions":18,"deletions":0}}}]},{"date":"2025-09-15T00:00:00","commitResults":[{"hash":"5e166a8bd523f71e03c020a2bd8695db1116dea3","isMergeCommit":false,"messageTitle":"Comment the responses temporarily","messageBody":"","tags":["Level-0"],"fileTypesAndContributionMap":{"java":{"insertions":2,"deletions":2}}}]},{"date":"2025-09-17T00:00:00","commitResults":[{"hash":"05740f73e1a69f464ec67082e538bd786620a667","isMergeCommit":false,"messageTitle":"Finalize the horizontal line variable","messageBody":"","fileTypesAndContributionMap":{"java":{"insertions":2,"deletions":1}}},{"hash":"d1e729e1943541e9d11bf77034a9ff80e344989f","isMergeCommit":false,"messageTitle":"Add scanner to read input","messageBody":"","fileTypesAndContributionMap":{"java":{"insertions":24,"deletions":6}}},{"hash":"643b2719e4cf3cb47104bd08c6cbd37ccefa03cc","isMergeCommit":false,"messageTitle":"Update the exit mechanism","messageBody":"","tags":["Level-1"],"fileTypesAndContributionMap":{"java":{"insertions":1,"deletions":6}}},{"hash":"25ae315c7d7c5d874e008fa233e85048220f7e87","isMergeCommit":false,"messageTitle":"Add storage variables","messageBody":"","fileTypesAndContributionMap":{"java":{"insertions":2,"deletions":0}}},{"hash":"52f3020b95dd22836e61a689379b64d64944965b","isMergeCommit":false,"messageTitle":"Complete the add and list functions","messageBody":"","tags":["Level-2"],"fileTypesAndContributionMap":{"java":{"insertions":13,"deletions":16}}},{"hash":"a2d986f698b627a5c57669d0fccc6249ca312a6b","isMergeCommit":false,"messageTitle":"Create Task Class","messageBody":"","fileTypesAndContributionMap":{"java":{"insertions":4,"deletions":0}}},{"hash":"4f69e6c46997249560da0ecf783ee7e3b9197685","isMergeCommit":false,"messageTitle":"Update Task Class features","messageBody":"","fileTypesAndContributionMap":{"java":{"insertions":25,"deletions":2}}}]},{"date":"2025-09-18T00:00:00","commitResults":[{"hash":"3b165b454108b240ff40d4f28b14608f93b158e5","isMergeCommit":false,"messageTitle":"Update list features","messageBody":"","fileTypesAndContributionMap":{"java":{"insertions":4,"deletions":5}}},{"hash":"179a8d5ed3ce76b9f1859e5c839e6f3f197c257f","isMergeCommit":false,"messageTitle":"Add mark feature","messageBody":"","fileTypesAndContributionMap":{"java":{"insertions":10,"deletions":0}}},{"hash":"4546255c73399192f6f1fbeaf72d92d0b4f7aa5f","isMergeCommit":false,"messageTitle":"Add unmark feature","messageBody":"","tags":["Level-3","A-Classes"],"fileTypesAndContributionMap":{"java":{"insertions":10,"deletions":0}}},{"hash":"465bb716dd0892db98395a59020cba5f5c7506a9","isMergeCommit":false,"messageTitle":"Change response for empty tasks","messageBody":"","tags":["A-CodingStandard"],"fileTypesAndContributionMap":{"java":{"insertions":3,"deletions":3}}},{"hash":"47030ce690eeb1c16f901f6a2ada05687c938924","isMergeCommit":false,"messageTitle":"Create subclasses of Task Class","messageBody":"","fileTypesAndContributionMap":{"java":{"insertions":12,"deletions":0}}},{"hash":"aafc344b9c6d697a94d2c9461e4454b9f850c69a","isMergeCommit":false,"messageTitle":"Update Todo feature","messageBody":"","fileTypesAndContributionMap":{"java":{"insertions":10,"deletions":8}}},{"hash":"db2b677ea4192d77d4cafba8a8bb2975269ba64d","isMergeCommit":false,"messageTitle":"Update Deadline feature","messageBody":"","fileTypesAndContributionMap":{"java":{"insertions":11,"deletions":0}}},{"hash":"ab0ae30c251b1baf0004dfdf0523bfe6da6a259c","isMergeCommit":false,"messageTitle":"Update Event feature","messageBody":"","fileTypesAndContributionMap":{"java":{"insertions":13,"deletions":0}}},{"hash":"d1d26aff3f9feae175746ab2dc213baeee0c9c32","isMergeCommit":false,"messageTitle":"Update Todo response","messageBody":"","fileTypesAndContributionMap":{"java":{"insertions":8,"deletions":0}}},{"hash":"fe61ecee162f0de4b5aa6ca04adb1171304e002b","isMergeCommit":false,"messageTitle":"Update Deadline response","messageBody":"","fileTypesAndContributionMap":{"java":{"insertions":9,"deletions":0}}},{"hash":"7fc78d22276ff33ff77dfb7868203c31b7039047","isMergeCommit":false,"messageTitle":"Update Event response","messageBody":"","fileTypesAndContributionMap":{"java":{"insertions":9,"deletions":0}}},{"hash":"f5a442bde8676943def943db83d3f8800a0a825b","isMergeCommit":false,"messageTitle":"Change description for undone tasks","messageBody":"","tags":["Level-4","A-Inheritance"],"fileTypesAndContributionMap":{"java":{"insertions":1,"deletions":1}}},{"hash":"5d9ad2834220fd45f61194d7d227a841ac980626","isMergeCommit":false,"messageTitle":"Refactor the welcome message","messageBody":"","fileTypesAndContributionMap":{"java":{"insertions":16,"deletions":9}}},{"hash":"b0995e065d09878ea74eb2982be6d0124747d62c","isMergeCommit":false,"messageTitle":"Refactor the user commands","messageBody":"","fileTypesAndContributionMap":{"java":{"insertions":41,"deletions":1}}},{"hash":"99ef12eab2d5a36f32ff930837260aeb7dfb244f","isMergeCommit":false,"messageTitle":"Refactor exit handling","messageBody":"","fileTypesAndContributionMap":{"java":{"insertions":8,"deletions":2}}},{"hash":"6b01212a57560f7b19a259bb7c80b99ef11cbd30","isMergeCommit":false,"messageTitle":"Refactor list handling","messageBody":"","fileTypesAndContributionMap":{"java":{"insertions":12,"deletions":0}}},{"hash":"898bf3a1544971de4ed1f592e1ea86cc345e30f6","isMergeCommit":false,"messageTitle":"Refactor mark and unmark handling","messageBody":"","fileTypesAndContributionMap":{"java":{"insertions":21,"deletions":0}}},{"hash":"d6ca1a2d48cdb05dbdc3b220757c057e5def0f40","isMergeCommit":false,"messageTitle":"Refactor todo handling","messageBody":"","fileTypesAndContributionMap":{"java":{"insertions":5,"deletions":0}}},{"hash":"260296e4872bfbdb53b86ce307e7769a03149809","isMergeCommit":false,"messageTitle":"Refactor deadline handling","messageBody":"","fileTypesAndContributionMap":{"java":{"insertions":5,"deletions":0}}},{"hash":"46c48eaa0d6a2ce6d8a809ed92106fc5f7a72ac2","isMergeCommit":false,"messageTitle":"Refactor event handling","messageBody":"","fileTypesAndContributionMap":{"java":{"insertions":6,"deletions":1}}},{"hash":"2e7b1a8ac837853a061cafcbfef0b4af9ec07ff3","isMergeCommit":false,"messageTitle":"Refactor default handling","messageBody":"","fileTypesAndContributionMap":{"java":{"insertions":7,"deletions":0}}},{"hash":"0b206e73066a0337f931538cea5befa2e7942543","isMergeCommit":false,"messageTitle":"Refactor task adding","messageBody":"","fileTypesAndContributionMap":{"java":{"insertions":12,"deletions":3}}},{"hash":"43b5c69ce16c5374d8f19c825edf8dc9acc19714","isMergeCommit":false,"messageTitle":"Delete redundant codes","messageBody":"","tags":["A-CodeQuality"],"fileTypesAndContributionMap":{"java":{"insertions":0,"deletions":77}}}]},{"date":"2025-09-28T00:00:00","commitResults":[{"hash":"970cb70adc5231bb2822612ea842285efb85bb28","isMergeCommit":false,"messageTitle":"Initialize ReverieException Class","messageBody":"","fileTypesAndContributionMap":{"java":{"insertions":4,"deletions":0}}},{"hash":"b7b78b6d83bcbd262d9f2362cace6fe91e725d81","isMergeCommit":false,"messageTitle":"Add try-catch when processing user commands","messageBody":"","fileTypesAndContributionMap":{"java":{"insertions":31,"deletions":25}}},{"hash":"18098bde19894bb850915cde70710f9dc2b42aab","isMergeCommit":false,"messageTitle":"Modify default case in user commands","messageBody":"","fileTypesAndContributionMap":{"java":{"insertions":4,"deletions":7}}},{"hash":"8e1fa96c86cfe137fc18f63f573e75d963ffb0ff","isMergeCommit":false,"messageTitle":"Handle errors in list function","messageBody":"","fileTypesAndContributionMap":{"java":{"insertions":7,"deletions":2}}},{"hash":"5c49f7d3e2ed1bb2fe5e56658119dc995dae596a","isMergeCommit":false,"messageTitle":"Handle errors in mark function","messageBody":"","fileTypesAndContributionMap":{"java":{"insertions":16,"deletions":12}}},{"hash":"c683f429f7316feb86df586e2f455332b5dbab6d","isMergeCommit":false,"messageTitle":"Handle errors in todo function","messageBody":"","fileTypesAndContributionMap":{"java":{"insertions":11,"deletions":3}}},{"hash":"81941a38550736e785ef5bbee8a7e3cb177efd32","isMergeCommit":false,"messageTitle":"Handle numerical errors in mark function","messageBody":"","fileTypesAndContributionMap":{"java":{"insertions":9,"deletions":1}}},{"hash":"ebf90ea1fdde9fa72e40e97be397e5558788b220","isMergeCommit":false,"messageTitle":"Handle errors in deadline function","messageBody":"","fileTypesAndContributionMap":{"java":{"insertions":16,"deletions":3}}},{"hash":"1c49b0bfd8802aab17b74b928effc5da15d4b2e6","isMergeCommit":false,"messageTitle":"Improve code quality in deadline function","messageBody":"","fileTypesAndContributionMap":{"java":{"insertions":6,"deletions":3}}},{"hash":"c6b7bcca88bef5b2dd55db4c4674467f5974c8d1","isMergeCommit":false,"messageTitle":"Handle errors in event function","messageBody":"","fileTypesAndContributionMap":{"java":{"insertions":5,"deletions":1}}},{"hash":"54bd71320f1945be2b46b604a4b042c18d1e6bcd","isMergeCommit":false,"messageTitle":"Improve code quality in event function","messageBody":"","fileTypesAndContributionMap":{"java":{"insertions":8,"deletions":2}}},{"hash":"86fda9293c007a6c9937ed4ce4e34f04a48008c7","isMergeCommit":false,"messageTitle":"Handle format errors in event function","messageBody":"","fileTypesAndContributionMap":{"java":{"insertions":16,"deletions":2}}},{"hash":"0a3ad8ae4afb0c6f32d1e5d6a8d074ab9068211a","isMergeCommit":false,"messageTitle":"Modify error messages","messageBody":"","fileTypesAndContributionMap":{"java":{"insertions":1,"deletions":8}}},{"hash":"bcfc6c3869f2d3af997bbb86679b2e6aa1619486","isMergeCommit":true,"messageTitle":"Merge branch \u0027branch-Level-5\u0027","messageBody":"","tags":["Level-5","A-Exceptions"],"fileTypesAndContributionMap":{}},{"hash":"3b3596e1ab6d9307057700554cc35bccddd59613","isMergeCommit":false,"messageTitle":"Import ArrayList","messageBody":"","fileTypesAndContributionMap":{"java":{"insertions":3,"deletions":2}}},{"hash":"faf6cfacebdf078b9d8ad0192bb7766f7b5dad24","isMergeCommit":false,"messageTitle":"Add delete function in Reverie","messageBody":"","fileTypesAndContributionMap":{"java":{"insertions":7,"deletions":0}}},{"hash":"bef0ea667abcbc969a3ca09b56488c4d1cbd9ee2","isMergeCommit":false,"messageTitle":"Complete delete function in Reverie","messageBody":"","fileTypesAndContributionMap":{"java":{"insertions":25,"deletions":1}}},{"hash":"a465166b67ec4a75440741f67f9b0e949a361a09","isMergeCommit":false,"messageTitle":"Modify ArrayList implementations","messageBody":"","tags":["A-Collections"],"fileTypesAndContributionMap":{"java":{"insertions":11,"deletions":13}}},{"hash":"a72606164e5bf9361b400904a59eb1a30bfde802","isMergeCommit":false,"messageTitle":"Improve code quality","messageBody":"","fileTypesAndContributionMap":{"java":{"insertions":4,"deletions":3}}},{"hash":"85787be4bb9311cb11b35aabd069c856eb2aa58a","isMergeCommit":false,"messageTitle":"Use regex in command extraction","messageBody":"","fileTypesAndContributionMap":{"java":{"insertions":1,"deletions":1}}},{"hash":"2ee1e0bf0cc0aaad245854aab183eded75946e9e","isMergeCommit":false,"messageTitle":"Use regex in mark/unmark handling","messageBody":"","fileTypesAndContributionMap":{"java":{"insertions":3,"deletions":5}}},{"hash":"0aad90e51cda7f5707d58d4af049b66752b8327d","isMergeCommit":false,"messageTitle":"Use regex in todo handling","messageBody":"","fileTypesAndContributionMap":{"java":{"insertions":1,"deletions":1}}},{"hash":"7b6b3c406595d5341ad61a0f18485de0739eb5cb","isMergeCommit":false,"messageTitle":"Use regex in deadline handling","messageBody":"","fileTypesAndContributionMap":{"java":{"insertions":2,"deletions":2}}},{"hash":"c7a252c564a1013bbd3b490e009160f53df401bc","isMergeCommit":false,"messageTitle":"Use regex in event handling","messageBody":"","fileTypesAndContributionMap":{"java":{"insertions":2,"deletions":2}}},{"hash":"d93fae80dd396e555efb0a5c3a6aa4c26de56f4e","isMergeCommit":false,"messageTitle":"Use regex in delete handling","messageBody":"","tags":["Level-6"],"fileTypesAndContributionMap":{"java":{"insertions":4,"deletions":4}}}]},{"date":"2025-10-01T00:00:00","commitResults":[{"hash":"6b128d28a2fcc5e24f9459e31d8b73ba27eca2c5","isMergeCommit":false,"messageTitle":"Create Storage Class","messageBody":"","fileTypesAndContributionMap":{"java":{"insertions":4,"deletions":0}}},{"hash":"cfe3e0aea9e2d9750533e1901e6e9a0dff0a1ac3","isMergeCommit":false,"messageTitle":"Initiate file path and data directory","messageBody":"","fileTypesAndContributionMap":{"java":{"insertions":13,"deletions":1}}},{"hash":"a72b85d5e0d18fc58436f9f0fc2d63cdc06e88bc","isMergeCommit":false,"messageTitle":"Initialize save function","messageBody":"","fileTypesAndContributionMap":{"java":{"insertions":14,"deletions":0}}},{"hash":"4bb2e5757086ef58d79e582221d92964be52a7c5","isMergeCommit":false,"messageTitle":"Initialize load function","messageBody":"","fileTypesAndContributionMap":{"java":{"insertions":32,"deletions":0}}},{"hash":"bb02ce870557d5456af31be5e9ecd02dddc1b2a8","isMergeCommit":false,"messageTitle":"Handle file writing format","messageBody":"","fileTypesAndContributionMap":{"java":{"insertions":16,"deletions":0}}},{"hash":"be43da91f929884b65973ca96e546b6d01b27fed","isMergeCommit":false,"messageTitle":"Handle file reading format","messageBody":"","fileTypesAndContributionMap":{"java":{"insertions":46,"deletions":0}}},{"hash":"f4ce3cde493b6556ea2a6a74bdba177276ca3c86","isMergeCommit":false,"messageTitle":"Create Storage instance in Reverie","messageBody":"","fileTypesAndContributionMap":{"java":{"insertions":1,"deletions":0}}},{"hash":"cc51508495bca100643d731652e5c5c1d282554f","isMergeCommit":false,"messageTitle":"Add loading feature in Reverie","messageBody":"","fileTypesAndContributionMap":{"java":{"insertions":17,"deletions":0}}},{"hash":"1a19667f395b80ef276da95d0878744709118805","isMergeCommit":false,"messageTitle":"Add saving feature in Reverie","messageBody":"","fileTypesAndContributionMap":{"java":{"insertions":8,"deletions":0}}},{"hash":"fd55bad0c3be7de63927c2997b2a500e1d0bb520","isMergeCommit":false,"messageTitle":"Add save and load in Reverie methods","messageBody":"","fileTypesAndContributionMap":{"java":{"insertions":5,"deletions":1}}},{"hash":"6095e52104677a93a8af08ad6ebdb49699953e79","isMergeCommit":false,"messageTitle":"Capture the result when directory does not exist","messageBody":"","fileTypesAndContributionMap":{"java":{"insertions":4,"deletions":1}}},{"hash":"abf3adbf3a8ff08ef6ede19b26b3e8cff36933c0","isMergeCommit":false,"messageTitle":"Fix issues in Storage Class","messageBody":"","fileTypesAndContributionMap":{"java":{"insertions":4,"deletions":6}}},{"hash":"8d83c68b44844341aa7a5630e12ae6577062a703","isMergeCommit":true,"messageTitle":"Merge branch-Level-6","messageBody":"","fileTypesAndContributionMap":{}},{"hash":"b508b9f1a100ecd50cf3bdfbf6e927ec45e96932","isMergeCommit":true,"messageTitle":"Resolve merge conflicts","messageBody":"","fileTypesAndContributionMap":{}},{"hash":"61718b857a7abed2918a414ac2136fcbdb5bbd94","isMergeCommit":false,"messageTitle":"Improve code quality in Reverie Class","messageBody":"","fileTypesAndContributionMap":{"java":{"insertions":27,"deletions":18}}},{"hash":"93a6cf339f53b87459e7d9b4e32c7295b7486277","isMergeCommit":false,"messageTitle":"Add save feature in delete function","messageBody":"","fileTypesAndContributionMap":{"java":{"insertions":1,"deletions":0}}},{"hash":"f3724a30a8071564abe4c06127ce255980999db7","isMergeCommit":false,"messageTitle":"Improve code quality","messageBody":"","tags":["Level-7"],"fileTypesAndContributionMap":{"java":{"insertions":2,"deletions":11}}},{"hash":"b5308fe5f3eba6082f2f16baca009fdc04a3fd7d","isMergeCommit":false,"messageTitle":"Improve code quality in Storage Class","messageBody":"","fileTypesAndContributionMap":{"java":{"insertions":91,"deletions":68}}}]}]},"authorFileTypeContributionMap":{"W1ndB10w":{"java":491,"md":3,"fxml":0,"sh":0,"bat":1,"gradle":0,"txt":0}},"authorContributionVariance":{"W1ndB10w":6360.1396},"authorDisplayNameMap":{"W1ndB10w":"CS2113-T10-3 CHEN..EFAN"}}
