[{"path":"README.md","fileType":"md","lines":[{"lineNumber":1,"author":{"gitId":"Yeoh-Soo-Leong"},"content":"# Luke project template","lastModifiedDate":"2025-08-21T18:31:14","isFullCredit":false},{"lineNumber":2,"author":{"gitId":"-"},"content":"","lastModifiedDate":"2020-05-25T00:03:55","isFullCredit":false},{"lineNumber":3,"author":{"gitId":"-"},"content":"This is a project template for a greenfield Java project. It\u0027s named after the Java mascot _Duke_. Given below are instructions on how to use it.","lastModifiedDate":"2020-05-25T00:03:55","isFullCredit":false},{"lineNumber":4,"author":{"gitId":"-"},"content":"","lastModifiedDate":"2020-05-25T00:03:55","isFullCredit":false},{"lineNumber":5,"author":{"gitId":"-"},"content":"## Setting up in Intellij","lastModifiedDate":"2020-05-25T00:03:55","isFullCredit":false},{"lineNumber":6,"author":{"gitId":"-"},"content":"","lastModifiedDate":"2020-05-25T00:03:55","isFullCredit":false},{"lineNumber":7,"author":{"gitId":"-"},"content":"Prerequisites: JDK 17, update Intellij to the most recent version.","lastModifiedDate":"2024-07-11T16:50:14","isFullCredit":false},{"lineNumber":8,"author":{"gitId":"-"},"content":"","lastModifiedDate":"2020-05-25T00:03:55","isFullCredit":false},{"lineNumber":9,"author":{"gitId":"-"},"content":"1. Open Intellij (if you are not in the welcome screen, click `File` \u003e `Close Project` to close the existing project first)","lastModifiedDate":"2021-01-17T12:25:53","isFullCredit":false},{"lineNumber":10,"author":{"gitId":"-"},"content":"1. Open the project into Intellij as follows:","lastModifiedDate":"2021-01-17T12:25:53","isFullCredit":false},{"lineNumber":11,"author":{"gitId":"-"},"content":"   1. Click `Open`.","lastModifiedDate":"2021-01-17T12:25:53","isFullCredit":false},{"lineNumber":12,"author":{"gitId":"-"},"content":"   1. Select the project directory, and click `OK`.","lastModifiedDate":"2021-01-17T12:25:53","isFullCredit":false},{"lineNumber":13,"author":{"gitId":"-"},"content":"   1. If there are any further prompts, accept the defaults.","lastModifiedDate":"2020-05-25T00:03:55","isFullCredit":false},{"lineNumber":14,"author":{"gitId":"-"},"content":"1. Configure the project to use **JDK 17** (not other versions) as explained in [here](https://www.jetbrains.com/help/idea/sdk.html#set-up-jdk).\u003cbr\u003e","lastModifiedDate":"2024-07-11T16:50:14","isFullCredit":false},{"lineNumber":15,"author":{"gitId":"-"},"content":"   In the same dialog, set the **Project language level** field to the `SDK default` option.","lastModifiedDate":"2021-07-29T20:29:39","isFullCredit":false},{"lineNumber":16,"author":{"gitId":"Yeoh-Soo-Leong"},"content":"1. After that, locate the `src/main/java/Luke.java` file, right-click it, and choose `Run Luke.main()` (if the code editor is showing compile errors, try restarting the IDE). If the setup is correct, you should see something like the below as the output:","lastModifiedDate":"2025-08-21T18:31:14","isFullCredit":false},{"lineNumber":17,"author":{"gitId":"-"},"content":"   ```","lastModifiedDate":"2020-05-25T00:03:55","isFullCredit":false},{"lineNumber":18,"author":{"gitId":"-"},"content":"   Hello from","lastModifiedDate":"2020-05-25T00:03:55","isFullCredit":false},{"lineNumber":19,"author":{"gitId":"-"},"content":"    ____        _        ","lastModifiedDate":"2020-05-25T00:03:55","isFullCredit":false},{"lineNumber":20,"author":{"gitId":"-"},"content":"   |  _ \\ _   _| | _____ ","lastModifiedDate":"2020-05-25T00:03:55","isFullCredit":false},{"lineNumber":21,"author":{"gitId":"-"},"content":"   | | | | | | | |/ / _ \\","lastModifiedDate":"2020-05-25T00:03:55","isFullCredit":false},{"lineNumber":22,"author":{"gitId":"-"},"content":"   | |_| | |_| |   \u003c  __/","lastModifiedDate":"2020-05-25T00:03:55","isFullCredit":false},{"lineNumber":23,"author":{"gitId":"-"},"content":"   |____/ \\__,_|_|\\_\\___|","lastModifiedDate":"2020-05-25T00:03:55","isFullCredit":false},{"lineNumber":24,"author":{"gitId":"-"},"content":"   ```","lastModifiedDate":"2020-05-25T00:03:55","isFullCredit":false},{"lineNumber":25,"author":{"gitId":"-"},"content":"","lastModifiedDate":"2025-01-04T21:44:28","isFullCredit":false},{"lineNumber":26,"author":{"gitId":"-"},"content":"**Warning:** Keep the `src\\main\\java` folder as the root folder for Java files (i.e., don\u0027t rename those folders or move Java files to another folder outside of this folder path), as this is the default location some tools (e.g., Gradle) expect to find Java files.","lastModifiedDate":"2025-01-04T21:44:28","isFullCredit":false}],"authorContributionMap":{"Yeoh-Soo-Leong":2,"-":24}},{"path":"docs/README.md","fileType":"md","lines":[{"lineNumber":1,"author":{"gitId":"Yeoh-Soo-Leong"},"content":"# Luke User Guide","lastModifiedDate":"2025-08-21T18:31:14","isFullCredit":false},{"lineNumber":2,"author":{"gitId":"-"},"content":"","lastModifiedDate":"2019-07-29T17:14:46","isFullCredit":false},{"lineNumber":3,"author":{"gitId":"-"},"content":"// Update the title above to match the actual product name","lastModifiedDate":"2024-01-07T18:33:52","isFullCredit":false},{"lineNumber":4,"author":{"gitId":"-"},"content":"","lastModifiedDate":"2019-07-29T17:14:46","isFullCredit":false},{"lineNumber":5,"author":{"gitId":"-"},"content":"// Product screenshot goes here","lastModifiedDate":"2024-01-07T18:33:52","isFullCredit":false},{"lineNumber":6,"author":{"gitId":"-"},"content":"","lastModifiedDate":"2021-07-17T16:49:07","isFullCredit":false},{"lineNumber":7,"author":{"gitId":"-"},"content":"// Product intro goes here","lastModifiedDate":"2024-01-07T18:33:52","isFullCredit":false},{"lineNumber":8,"author":{"gitId":"-"},"content":"","lastModifiedDate":"2021-07-17T16:49:07","isFullCredit":false},{"lineNumber":9,"author":{"gitId":"-"},"content":"## Adding deadlines","lastModifiedDate":"2024-01-07T18:33:52","isFullCredit":false},{"lineNumber":10,"author":{"gitId":"-"},"content":"","lastModifiedDate":"2021-07-17T16:49:07","isFullCredit":false},{"lineNumber":11,"author":{"gitId":"-"},"content":"// Describe the action and its outcome.","lastModifiedDate":"2024-01-07T18:33:52","isFullCredit":false},{"lineNumber":12,"author":{"gitId":"-"},"content":"","lastModifiedDate":"2019-07-29T17:14:46","isFullCredit":false},{"lineNumber":13,"author":{"gitId":"-"},"content":"// Give examples of usage","lastModifiedDate":"2024-01-07T18:33:52","isFullCredit":false},{"lineNumber":14,"author":{"gitId":"-"},"content":"","lastModifiedDate":"2019-07-29T17:14:46","isFullCredit":false},{"lineNumber":15,"author":{"gitId":"-"},"content":"Example: `keyword (optional arguments)`","lastModifiedDate":"2024-01-07T18:33:52","isFullCredit":false},{"lineNumber":16,"author":{"gitId":"-"},"content":"","lastModifiedDate":"2019-07-29T17:14:46","isFullCredit":false},{"lineNumber":17,"author":{"gitId":"-"},"content":"// A description of the expected outcome goes here","lastModifiedDate":"2024-01-07T18:33:52","isFullCredit":false},{"lineNumber":18,"author":{"gitId":"-"},"content":"","lastModifiedDate":"2019-07-29T17:14:46","isFullCredit":false},{"lineNumber":19,"author":{"gitId":"-"},"content":"```","lastModifiedDate":"2024-01-07T18:33:52","isFullCredit":false},{"lineNumber":20,"author":{"gitId":"-"},"content":"expected output","lastModifiedDate":"2024-01-07T18:33:52","isFullCredit":false},{"lineNumber":21,"author":{"gitId":"-"},"content":"```","lastModifiedDate":"2024-01-07T18:33:52","isFullCredit":false},{"lineNumber":22,"author":{"gitId":"-"},"content":"","lastModifiedDate":"2019-07-29T17:14:46","isFullCredit":false},{"lineNumber":23,"author":{"gitId":"-"},"content":"## Feature ABC","lastModifiedDate":"2024-01-07T18:33:52","isFullCredit":false},{"lineNumber":24,"author":{"gitId":"-"},"content":"","lastModifiedDate":"2019-07-29T17:14:46","isFullCredit":false},{"lineNumber":25,"author":{"gitId":"-"},"content":"// Feature details","lastModifiedDate":"2024-01-07T18:33:52","isFullCredit":false},{"lineNumber":26,"author":{"gitId":"-"},"content":"","lastModifiedDate":"2019-07-29T17:14:46","isFullCredit":false},{"lineNumber":27,"author":{"gitId":"-"},"content":"","lastModifiedDate":"2021-07-17T16:49:07","isFullCredit":false},{"lineNumber":28,"author":{"gitId":"-"},"content":"## Feature XYZ","lastModifiedDate":"2024-01-07T18:33:52","isFullCredit":false},{"lineNumber":29,"author":{"gitId":"-"},"content":"","lastModifiedDate":"2024-01-07T18:33:52","isFullCredit":false},{"lineNumber":30,"author":{"gitId":"-"},"content":"// Feature details","lastModifiedDate":"2024-01-07T18:33:52","isFullCredit":false}],"authorContributionMap":{"Yeoh-Soo-Leong":1,"-":29}},{"path":"src/main/java/Deadline.java","fileType":"java","lines":[{"lineNumber":1,"author":{"gitId":"Yeoh-Soo-Leong"},"content":"public class Deadline extends Task {","lastModifiedDate":"2025-09-03T18:10:17","isFullCredit":false},{"lineNumber":2,"author":{"gitId":"Yeoh-Soo-Leong"},"content":"    protected String deadline;","lastModifiedDate":"2025-09-03T18:10:17","isFullCredit":false},{"lineNumber":3,"author":{"gitId":"Yeoh-Soo-Leong"},"content":"","lastModifiedDate":"2025-09-03T18:10:17","isFullCredit":false},{"lineNumber":4,"author":{"gitId":"Yeoh-Soo-Leong"},"content":"    public Deadline(String taskDescription, String deadline) {","lastModifiedDate":"2025-09-03T18:10:17","isFullCredit":false},{"lineNumber":5,"author":{"gitId":"Yeoh-Soo-Leong"},"content":"        super(taskDescription);","lastModifiedDate":"2025-09-03T18:10:17","isFullCredit":false},{"lineNumber":6,"author":{"gitId":"Yeoh-Soo-Leong"},"content":"        this.deadline \u003d deadline;","lastModifiedDate":"2025-09-03T18:10:17","isFullCredit":false},{"lineNumber":7,"author":{"gitId":"Yeoh-Soo-Leong"},"content":"    }","lastModifiedDate":"2025-09-03T18:10:17","isFullCredit":false},{"lineNumber":8,"author":{"gitId":"Yeoh-Soo-Leong"},"content":"","lastModifiedDate":"2025-09-03T18:10:17","isFullCredit":false},{"lineNumber":9,"author":{"gitId":"Yeoh-Soo-Leong"},"content":"    @Override","lastModifiedDate":"2025-09-03T18:10:17","isFullCredit":false},{"lineNumber":10,"author":{"gitId":"Yeoh-Soo-Leong"},"content":"    public void printTask() {","lastModifiedDate":"2025-09-03T18:10:17","isFullCredit":false},{"lineNumber":11,"author":{"gitId":"Yeoh-Soo-Leong"},"content":"        String checkbox \u003d \"[ ]\";","lastModifiedDate":"2025-09-03T18:10:17","isFullCredit":false},{"lineNumber":12,"author":{"gitId":"Yeoh-Soo-Leong"},"content":"        if (this.IsMarked()) {","lastModifiedDate":"2025-09-03T18:10:17","isFullCredit":false},{"lineNumber":13,"author":{"gitId":"Yeoh-Soo-Leong"},"content":"            checkbox \u003d \"[X]\";","lastModifiedDate":"2025-09-03T18:10:17","isFullCredit":false},{"lineNumber":14,"author":{"gitId":"Yeoh-Soo-Leong"},"content":"        }","lastModifiedDate":"2025-09-03T18:10:17","isFullCredit":false},{"lineNumber":15,"author":{"gitId":"Yeoh-Soo-Leong"},"content":"        System.out.println(\"[D]\" + checkbox + \u0027 \u0027 + this.getTaskDescription() + \"(by:\" + this.deadline + \")\");","lastModifiedDate":"2025-09-03T18:10:17","isFullCredit":false},{"lineNumber":16,"author":{"gitId":"Yeoh-Soo-Leong"},"content":"    }","lastModifiedDate":"2025-09-03T18:10:17","isFullCredit":false},{"lineNumber":17,"author":{"gitId":"Yeoh-Soo-Leong"},"content":"}","lastModifiedDate":"2025-09-03T18:10:17","isFullCredit":false}],"authorContributionMap":{"Yeoh-Soo-Leong":17}},{"path":"src/main/java/Event.java","fileType":"java","lines":[{"lineNumber":1,"author":{"gitId":"Yeoh-Soo-Leong"},"content":"public class Event extends Task{","lastModifiedDate":"2025-09-03T18:20:45","isFullCredit":false},{"lineNumber":2,"author":{"gitId":"Yeoh-Soo-Leong"},"content":"    protected String startDate;","lastModifiedDate":"2025-09-03T18:20:45","isFullCredit":false},{"lineNumber":3,"author":{"gitId":"Yeoh-Soo-Leong"},"content":"    protected String endDate;","lastModifiedDate":"2025-09-03T18:20:45","isFullCredit":false},{"lineNumber":4,"author":{"gitId":"Yeoh-Soo-Leong"},"content":"","lastModifiedDate":"2025-09-03T18:20:45","isFullCredit":false},{"lineNumber":5,"author":{"gitId":"Yeoh-Soo-Leong"},"content":"    public Event(String taskDescription, String startDate, String endDate) {","lastModifiedDate":"2025-09-03T18:20:45","isFullCredit":false},{"lineNumber":6,"author":{"gitId":"Yeoh-Soo-Leong"},"content":"        super(taskDescription);","lastModifiedDate":"2025-09-03T18:20:45","isFullCredit":false},{"lineNumber":7,"author":{"gitId":"Yeoh-Soo-Leong"},"content":"        this.startDate \u003d startDate;","lastModifiedDate":"2025-09-03T18:20:45","isFullCredit":false},{"lineNumber":8,"author":{"gitId":"Yeoh-Soo-Leong"},"content":"        this.endDate \u003d endDate;","lastModifiedDate":"2025-09-03T18:20:45","isFullCredit":false},{"lineNumber":9,"author":{"gitId":"Yeoh-Soo-Leong"},"content":"    }","lastModifiedDate":"2025-09-03T18:20:45","isFullCredit":false},{"lineNumber":10,"author":{"gitId":"Yeoh-Soo-Leong"},"content":"","lastModifiedDate":"2025-09-03T18:20:45","isFullCredit":false},{"lineNumber":11,"author":{"gitId":"Yeoh-Soo-Leong"},"content":"    @Override","lastModifiedDate":"2025-09-03T18:20:45","isFullCredit":false},{"lineNumber":12,"author":{"gitId":"Yeoh-Soo-Leong"},"content":"    public void printTask() {","lastModifiedDate":"2025-09-03T18:20:45","isFullCredit":false},{"lineNumber":13,"author":{"gitId":"Yeoh-Soo-Leong"},"content":"        String checkbox \u003d \"[ ]\";","lastModifiedDate":"2025-09-03T18:20:45","isFullCredit":false},{"lineNumber":14,"author":{"gitId":"Yeoh-Soo-Leong"},"content":"        if (this.IsMarked()) {","lastModifiedDate":"2025-09-03T18:20:45","isFullCredit":false},{"lineNumber":15,"author":{"gitId":"Yeoh-Soo-Leong"},"content":"            checkbox \u003d \"[X]\";","lastModifiedDate":"2025-09-03T18:20:45","isFullCredit":false},{"lineNumber":16,"author":{"gitId":"Yeoh-Soo-Leong"},"content":"        }","lastModifiedDate":"2025-09-03T18:20:45","isFullCredit":false},{"lineNumber":17,"author":{"gitId":"Yeoh-Soo-Leong"},"content":"        System.out.println(\"[E]\" + checkbox + \u0027 \u0027 + this.getTaskDescription() + \"(from:\" + this.startDate + \"to\" + this.endDate + \")\");","lastModifiedDate":"2025-09-03T18:20:45","isFullCredit":false},{"lineNumber":18,"author":{"gitId":"Yeoh-Soo-Leong"},"content":"    }","lastModifiedDate":"2025-09-03T18:20:45","isFullCredit":false},{"lineNumber":19,"author":{"gitId":"Yeoh-Soo-Leong"},"content":"}","lastModifiedDate":"2025-09-03T18:20:45","isFullCredit":false}],"authorContributionMap":{"Yeoh-Soo-Leong":19}},{"path":"src/main/java/List.java","fileType":"java","lines":[{"lineNumber":1,"author":{"gitId":"Yeoh-Soo-Leong"},"content":"public class List {","lastModifiedDate":"2025-08-29T12:41:24","isFullCredit":false},{"lineNumber":2,"author":{"gitId":"Yeoh-Soo-Leong"},"content":"    private final Task[] tasks \u003d new Task[100];","lastModifiedDate":"2025-08-29T13:07:38","isFullCredit":false},{"lineNumber":3,"author":{"gitId":"Yeoh-Soo-Leong"},"content":"    private int noTasks \u003d 0;","lastModifiedDate":"2025-08-29T12:41:24","isFullCredit":false},{"lineNumber":4,"author":{"gitId":"Yeoh-Soo-Leong"},"content":"","lastModifiedDate":"2025-08-29T12:41:24","isFullCredit":false},{"lineNumber":5,"author":{"gitId":"Yeoh-Soo-Leong"},"content":"    public void addTask(Task task) {","lastModifiedDate":"2025-09-03T16:27:03","isFullCredit":false},{"lineNumber":6,"author":{"gitId":"Yeoh-Soo-Leong"},"content":"        this.tasks[this.noTasks] \u003d task;","lastModifiedDate":"2025-09-03T16:27:03","isFullCredit":false},{"lineNumber":7,"author":{"gitId":"Yeoh-Soo-Leong"},"content":"        this.noTasks +\u003d 1;","lastModifiedDate":"2025-08-29T12:41:24","isFullCredit":false},{"lineNumber":8,"author":{"gitId":"Yeoh-Soo-Leong"},"content":"        System.out.println(\"added: \" + task.getTaskDescription());","lastModifiedDate":"2025-09-03T16:27:03","isFullCredit":false},{"lineNumber":9,"author":{"gitId":"Yeoh-Soo-Leong"},"content":"    }","lastModifiedDate":"2025-08-29T12:41:24","isFullCredit":false},{"lineNumber":10,"author":{"gitId":"Yeoh-Soo-Leong"},"content":"","lastModifiedDate":"2025-08-29T12:41:24","isFullCredit":false},{"lineNumber":11,"author":{"gitId":"Yeoh-Soo-Leong"},"content":"    public void listTasks() {","lastModifiedDate":"2025-08-29T12:41:24","isFullCredit":false},{"lineNumber":12,"author":{"gitId":"Yeoh-Soo-Leong"},"content":"        for (int i \u003d 0; i \u003c this.noTasks; i +\u003d 1) {","lastModifiedDate":"2025-08-29T12:41:24","isFullCredit":false},{"lineNumber":13,"author":{"gitId":"Yeoh-Soo-Leong"},"content":"            System.out.print((i + 1) + \".\");","lastModifiedDate":"2025-09-03T15:56:13","isFullCredit":false},{"lineNumber":14,"author":{"gitId":"Yeoh-Soo-Leong"},"content":"            this.tasks[i].printTask();","lastModifiedDate":"2025-09-03T15:56:13","isFullCredit":false},{"lineNumber":15,"author":{"gitId":"Yeoh-Soo-Leong"},"content":"        }","lastModifiedDate":"2025-08-29T12:41:24","isFullCredit":false},{"lineNumber":16,"author":{"gitId":"Yeoh-Soo-Leong"},"content":"    }","lastModifiedDate":"2025-08-29T12:41:24","isFullCredit":false},{"lineNumber":17,"author":{"gitId":"Yeoh-Soo-Leong"},"content":"","lastModifiedDate":"2025-08-29T13:07:38","isFullCredit":false},{"lineNumber":18,"author":{"gitId":"Yeoh-Soo-Leong"},"content":"    public void markTaskAsDone(int id) {","lastModifiedDate":"2025-08-29T13:07:38","isFullCredit":false},{"lineNumber":19,"author":{"gitId":"Yeoh-Soo-Leong"},"content":"        this.tasks[id].setIsMarked(true);","lastModifiedDate":"2025-08-29T13:07:38","isFullCredit":false},{"lineNumber":20,"author":{"gitId":"Yeoh-Soo-Leong"},"content":"        System.out.println(\"marked task \" + this.tasks[id].getTaskDescription() + \" as done\");","lastModifiedDate":"2025-09-03T16:27:03","isFullCredit":false},{"lineNumber":21,"author":{"gitId":"Yeoh-Soo-Leong"},"content":"    }","lastModifiedDate":"2025-08-29T13:07:38","isFullCredit":false},{"lineNumber":22,"author":{"gitId":"Yeoh-Soo-Leong"},"content":"","lastModifiedDate":"2025-08-29T13:07:38","isFullCredit":false},{"lineNumber":23,"author":{"gitId":"Yeoh-Soo-Leong"},"content":"    public void markTaskAsNotDone(int id) {","lastModifiedDate":"2025-08-29T13:07:38","isFullCredit":false},{"lineNumber":24,"author":{"gitId":"Yeoh-Soo-Leong"},"content":"        this.tasks[id].setIsMarked(false);","lastModifiedDate":"2025-08-29T13:07:38","isFullCredit":false},{"lineNumber":25,"author":{"gitId":"Yeoh-Soo-Leong"},"content":"        System.out.println(\"marked task \" + this.tasks[id].getTaskDescription() + \" as not done\");","lastModifiedDate":"2025-09-03T16:27:03","isFullCredit":false},{"lineNumber":26,"author":{"gitId":"Yeoh-Soo-Leong"},"content":"    }","lastModifiedDate":"2025-08-29T13:07:38","isFullCredit":false},{"lineNumber":27,"author":{"gitId":"Yeoh-Soo-Leong"},"content":"}","lastModifiedDate":"2025-08-29T12:41:24","isFullCredit":false}],"authorContributionMap":{"Yeoh-Soo-Leong":27}},{"path":"src/main/java/Luke.java","fileType":"java","lines":[{"lineNumber":1,"author":{"gitId":"Yeoh-Soo-Leong"},"content":"import java.util.Scanner;","lastModifiedDate":"2025-08-29T08:45:50","isFullCredit":false},{"lineNumber":2,"author":{"gitId":"Yeoh-Soo-Leong"},"content":"","lastModifiedDate":"2025-08-29T08:45:50","isFullCredit":false},{"lineNumber":3,"author":{"gitId":"Yeoh-Soo-Leong"},"content":"public class Luke {","lastModifiedDate":"2025-08-21T18:31:14","isFullCredit":false},{"lineNumber":4,"author":{"gitId":"Yeoh-Soo-Leong"},"content":"    public static void echo(List list) {","lastModifiedDate":"2025-08-29T12:41:24","isFullCredit":false},{"lineNumber":5,"author":{"gitId":"Yeoh-Soo-Leong"},"content":"        Scanner keyboard \u003d new Scanner(System.in);","lastModifiedDate":"2025-08-29T08:45:50","isFullCredit":false},{"lineNumber":6,"author":{"gitId":"Yeoh-Soo-Leong"},"content":"        String input \u003d keyboard.nextLine();","lastModifiedDate":"2025-08-29T08:45:50","isFullCredit":false},{"lineNumber":7,"author":{"gitId":"Yeoh-Soo-Leong"},"content":"","lastModifiedDate":"2025-08-29T08:45:50","isFullCredit":false},{"lineNumber":8,"author":{"gitId":"Yeoh-Soo-Leong"},"content":"        while (!input.equals(\"bye\")) {","lastModifiedDate":"2025-08-29T08:45:50","isFullCredit":false},{"lineNumber":9,"author":{"gitId":"Yeoh-Soo-Leong"},"content":"            switch (input.split(\" \", 2)[0]) {","lastModifiedDate":"2025-09-03T16:27:03","isFullCredit":false},{"lineNumber":10,"author":{"gitId":"Yeoh-Soo-Leong"},"content":"            case \"list\":","lastModifiedDate":"2025-08-29T13:29:27","isFullCredit":false},{"lineNumber":11,"author":{"gitId":"Yeoh-Soo-Leong"},"content":"                list.listTasks();","lastModifiedDate":"2025-08-29T12:41:24","isFullCredit":false},{"lineNumber":12,"author":{"gitId":"Yeoh-Soo-Leong"},"content":"                break;","lastModifiedDate":"2025-08-29T13:29:27","isFullCredit":false},{"lineNumber":13,"author":{"gitId":"Yeoh-Soo-Leong"},"content":"            case \"mark\":","lastModifiedDate":"2025-08-29T13:29:27","isFullCredit":false},{"lineNumber":14,"author":{"gitId":"Yeoh-Soo-Leong"},"content":"                list.markTaskAsDone(Integer.parseInt(input.split(\" \")[1]) - 1);","lastModifiedDate":"2025-08-29T13:29:27","isFullCredit":false},{"lineNumber":15,"author":{"gitId":"Yeoh-Soo-Leong"},"content":"                break;","lastModifiedDate":"2025-08-29T13:29:27","isFullCredit":false},{"lineNumber":16,"author":{"gitId":"Yeoh-Soo-Leong"},"content":"            case \"unmark\":","lastModifiedDate":"2025-08-29T13:29:27","isFullCredit":false},{"lineNumber":17,"author":{"gitId":"Yeoh-Soo-Leong"},"content":"                list.markTaskAsNotDone(Integer.parseInt(input.split(\" \")[1]) - 1);","lastModifiedDate":"2025-08-29T13:29:27","isFullCredit":false},{"lineNumber":18,"author":{"gitId":"Yeoh-Soo-Leong"},"content":"                break;","lastModifiedDate":"2025-08-29T13:29:27","isFullCredit":false},{"lineNumber":19,"author":{"gitId":"Yeoh-Soo-Leong"},"content":"            case \"todo\":","lastModifiedDate":"2025-09-03T16:27:03","isFullCredit":false},{"lineNumber":20,"author":{"gitId":"Yeoh-Soo-Leong"},"content":"                list.addTask(new Todo(input.split(\" \", 2)[1]));","lastModifiedDate":"2025-09-03T16:27:03","isFullCredit":false},{"lineNumber":21,"author":{"gitId":"Yeoh-Soo-Leong"},"content":"                break;","lastModifiedDate":"2025-09-03T16:27:03","isFullCredit":false},{"lineNumber":22,"author":{"gitId":"Yeoh-Soo-Leong"},"content":"            case \"deadline\":","lastModifiedDate":"2025-09-03T18:10:17","isFullCredit":false},{"lineNumber":23,"author":{"gitId":"Yeoh-Soo-Leong"},"content":"                String deadlineDescription \u003d input.split(\" \", 2)[1].split(\"/by\")[0];","lastModifiedDate":"2025-09-03T18:20:45","isFullCredit":false},{"lineNumber":24,"author":{"gitId":"Yeoh-Soo-Leong"},"content":"                String deadline \u003d input.split(\" \", 2)[1].split(\"/by\")[1];","lastModifiedDate":"2025-09-03T18:10:17","isFullCredit":false},{"lineNumber":25,"author":{"gitId":"Yeoh-Soo-Leong"},"content":"                list.addTask(new Deadline(deadlineDescription, deadline));","lastModifiedDate":"2025-09-03T18:20:45","isFullCredit":false},{"lineNumber":26,"author":{"gitId":"Yeoh-Soo-Leong"},"content":"                break;","lastModifiedDate":"2025-09-03T18:20:45","isFullCredit":false},{"lineNumber":27,"author":{"gitId":"Yeoh-Soo-Leong"},"content":"            case \"event\":","lastModifiedDate":"2025-09-03T18:20:45","isFullCredit":false},{"lineNumber":28,"author":{"gitId":"Yeoh-Soo-Leong"},"content":"                String eventDescription \u003d input.split(\" \", 2)[1].split(\"/from\")[0];","lastModifiedDate":"2025-09-03T18:20:45","isFullCredit":false},{"lineNumber":29,"author":{"gitId":"Yeoh-Soo-Leong"},"content":"                String startDate \u003d input.split(\"/from\")[1].split(\"/to\")[0];","lastModifiedDate":"2025-09-03T18:20:45","isFullCredit":false},{"lineNumber":30,"author":{"gitId":"Yeoh-Soo-Leong"},"content":"                String endDate \u003d input.split(\"/to\")[1];","lastModifiedDate":"2025-09-03T18:20:45","isFullCredit":false},{"lineNumber":31,"author":{"gitId":"Yeoh-Soo-Leong"},"content":"                list.addTask(new Event(eventDescription, startDate, endDate));","lastModifiedDate":"2025-09-03T18:20:45","isFullCredit":false},{"lineNumber":32,"author":{"gitId":"Yeoh-Soo-Leong"},"content":"                break;","lastModifiedDate":"2025-09-03T18:10:17","isFullCredit":false},{"lineNumber":33,"author":{"gitId":"Yeoh-Soo-Leong"},"content":"            default:","lastModifiedDate":"2025-08-29T13:29:27","isFullCredit":false},{"lineNumber":34,"author":{"gitId":"Yeoh-Soo-Leong"},"content":"                System.out.println(\"Please enter a valid command\");","lastModifiedDate":"2025-09-03T16:27:03","isFullCredit":false},{"lineNumber":35,"author":{"gitId":"Yeoh-Soo-Leong"},"content":"            }","lastModifiedDate":"2025-08-29T12:41:24","isFullCredit":false},{"lineNumber":36,"author":{"gitId":"Yeoh-Soo-Leong"},"content":"","lastModifiedDate":"2025-08-29T13:29:27","isFullCredit":false},{"lineNumber":37,"author":{"gitId":"Yeoh-Soo-Leong"},"content":"            input \u003d keyboard.nextLine();","lastModifiedDate":"2025-08-29T08:45:50","isFullCredit":false},{"lineNumber":38,"author":{"gitId":"Yeoh-Soo-Leong"},"content":"        }","lastModifiedDate":"2025-08-29T08:45:50","isFullCredit":false},{"lineNumber":39,"author":{"gitId":"Yeoh-Soo-Leong"},"content":"        keyboard.close();","lastModifiedDate":"2025-08-29T08:45:50","isFullCredit":false},{"lineNumber":40,"author":{"gitId":"Yeoh-Soo-Leong"},"content":"    }","lastModifiedDate":"2025-08-29T08:45:50","isFullCredit":false},{"lineNumber":41,"author":{"gitId":"Yeoh-Soo-Leong"},"content":"","lastModifiedDate":"2025-08-29T08:45:50","isFullCredit":false},{"lineNumber":42,"author":{"gitId":"Yeoh-Soo-Leong"},"content":"    public static void main(String[] args) {","lastModifiedDate":"2025-08-29T08:45:50","isFullCredit":false},{"lineNumber":43,"author":{"gitId":"Yeoh-Soo-Leong"},"content":"        String greeting \u003d \"\"\"","lastModifiedDate":"2025-08-29T08:45:50","isFullCredit":false},{"lineNumber":44,"author":{"gitId":"Yeoh-Soo-Leong"},"content":"                ____________________________________________________________","lastModifiedDate":"2025-08-29T08:45:50","isFullCredit":false},{"lineNumber":45,"author":{"gitId":"Yeoh-Soo-Leong"},"content":"                 Hello! I\u0027m Luke","lastModifiedDate":"2025-08-29T08:45:50","isFullCredit":false},{"lineNumber":46,"author":{"gitId":"Yeoh-Soo-Leong"},"content":"                 What can I do for you?","lastModifiedDate":"2025-08-29T08:45:50","isFullCredit":false},{"lineNumber":47,"author":{"gitId":"Yeoh-Soo-Leong"},"content":"                ____________________________________________________________","lastModifiedDate":"2025-08-29T08:45:50","isFullCredit":false},{"lineNumber":48,"author":{"gitId":"Yeoh-Soo-Leong"},"content":"                \"\"\";","lastModifiedDate":"2025-08-29T08:45:50","isFullCredit":false},{"lineNumber":49,"author":{"gitId":"Yeoh-Soo-Leong"},"content":"        System.out.println(greeting);","lastModifiedDate":"2025-08-21T18:31:14","isFullCredit":false},{"lineNumber":50,"author":{"gitId":"Yeoh-Soo-Leong"},"content":"        List list1 \u003d new List();","lastModifiedDate":"2025-08-29T12:41:24","isFullCredit":false},{"lineNumber":51,"author":{"gitId":"Yeoh-Soo-Leong"},"content":"","lastModifiedDate":"2025-08-29T08:45:50","isFullCredit":false},{"lineNumber":52,"author":{"gitId":"Yeoh-Soo-Leong"},"content":"        echo(list1);","lastModifiedDate":"2025-08-29T12:41:24","isFullCredit":false},{"lineNumber":53,"author":{"gitId":"Yeoh-Soo-Leong"},"content":"","lastModifiedDate":"2025-08-29T08:45:50","isFullCredit":false},{"lineNumber":54,"author":{"gitId":"Yeoh-Soo-Leong"},"content":"        String exitResponse \u003d \"\"\"","lastModifiedDate":"2025-08-29T08:45:50","isFullCredit":false},{"lineNumber":55,"author":{"gitId":"Yeoh-Soo-Leong"},"content":"                ____________________________________________________________","lastModifiedDate":"2025-08-29T08:45:50","isFullCredit":false},{"lineNumber":56,"author":{"gitId":"Yeoh-Soo-Leong"},"content":"                Bye Bye","lastModifiedDate":"2025-08-29T08:45:50","isFullCredit":false},{"lineNumber":57,"author":{"gitId":"Yeoh-Soo-Leong"},"content":"                ____________________________________________________________","lastModifiedDate":"2025-08-29T08:45:50","isFullCredit":false},{"lineNumber":58,"author":{"gitId":"Yeoh-Soo-Leong"},"content":"                \"\"\";","lastModifiedDate":"2025-08-29T08:45:50","isFullCredit":false},{"lineNumber":59,"author":{"gitId":"Yeoh-Soo-Leong"},"content":"        System.out.println(exitResponse);","lastModifiedDate":"2025-08-29T08:45:50","isFullCredit":false},{"lineNumber":60,"author":{"gitId":"Yeoh-Soo-Leong"},"content":"    }","lastModifiedDate":"2025-08-21T18:31:14","isFullCredit":false},{"lineNumber":61,"author":{"gitId":"Yeoh-Soo-Leong"},"content":"}","lastModifiedDate":"2025-08-21T18:31:14","isFullCredit":false}],"authorContributionMap":{"Yeoh-Soo-Leong":61}},{"path":"src/main/java/Task.java","fileType":"java","lines":[{"lineNumber":1,"author":{"gitId":"Yeoh-Soo-Leong"},"content":"public class Task {","lastModifiedDate":"2025-08-29T13:07:38","isFullCredit":false},{"lineNumber":2,"author":{"gitId":"Yeoh-Soo-Leong"},"content":"    private String taskDescription;","lastModifiedDate":"2025-08-29T13:07:38","isFullCredit":false},{"lineNumber":3,"author":{"gitId":"Yeoh-Soo-Leong"},"content":"    private boolean isMarked;","lastModifiedDate":"2025-08-29T13:07:38","isFullCredit":false},{"lineNumber":4,"author":{"gitId":"Yeoh-Soo-Leong"},"content":"","lastModifiedDate":"2025-08-29T13:07:38","isFullCredit":false},{"lineNumber":5,"author":{"gitId":"Yeoh-Soo-Leong"},"content":"    public Task(String taskDescription) {","lastModifiedDate":"2025-08-29T13:07:38","isFullCredit":false},{"lineNumber":6,"author":{"gitId":"Yeoh-Soo-Leong"},"content":"        this.taskDescription \u003d taskDescription;","lastModifiedDate":"2025-08-29T13:07:38","isFullCredit":false},{"lineNumber":7,"author":{"gitId":"Yeoh-Soo-Leong"},"content":"        this.isMarked \u003d false;","lastModifiedDate":"2025-08-29T13:07:38","isFullCredit":false},{"lineNumber":8,"author":{"gitId":"Yeoh-Soo-Leong"},"content":"    }","lastModifiedDate":"2025-08-29T13:07:38","isFullCredit":false},{"lineNumber":9,"author":{"gitId":"Yeoh-Soo-Leong"},"content":"","lastModifiedDate":"2025-08-29T13:07:38","isFullCredit":false},{"lineNumber":10,"author":{"gitId":"Yeoh-Soo-Leong"},"content":"    public String getTaskDescription() {","lastModifiedDate":"2025-08-29T13:07:38","isFullCredit":false},{"lineNumber":11,"author":{"gitId":"Yeoh-Soo-Leong"},"content":"        return taskDescription;","lastModifiedDate":"2025-08-29T13:07:38","isFullCredit":false},{"lineNumber":12,"author":{"gitId":"Yeoh-Soo-Leong"},"content":"    }","lastModifiedDate":"2025-08-29T13:07:38","isFullCredit":false},{"lineNumber":13,"author":{"gitId":"Yeoh-Soo-Leong"},"content":"","lastModifiedDate":"2025-08-29T13:07:38","isFullCredit":false},{"lineNumber":14,"author":{"gitId":"Yeoh-Soo-Leong"},"content":"    public void setTaskDescription(String taskDescription) {","lastModifiedDate":"2025-08-29T13:07:38","isFullCredit":false},{"lineNumber":15,"author":{"gitId":"Yeoh-Soo-Leong"},"content":"        this.taskDescription \u003d taskDescription;","lastModifiedDate":"2025-08-29T13:07:38","isFullCredit":false},{"lineNumber":16,"author":{"gitId":"Yeoh-Soo-Leong"},"content":"    }","lastModifiedDate":"2025-08-29T13:07:38","isFullCredit":false},{"lineNumber":17,"author":{"gitId":"Yeoh-Soo-Leong"},"content":"","lastModifiedDate":"2025-08-29T13:07:38","isFullCredit":false},{"lineNumber":18,"author":{"gitId":"Yeoh-Soo-Leong"},"content":"    public boolean IsMarked() {","lastModifiedDate":"2025-08-29T13:07:38","isFullCredit":false},{"lineNumber":19,"author":{"gitId":"Yeoh-Soo-Leong"},"content":"        return isMarked;","lastModifiedDate":"2025-08-29T13:07:38","isFullCredit":false},{"lineNumber":20,"author":{"gitId":"Yeoh-Soo-Leong"},"content":"    }","lastModifiedDate":"2025-08-29T13:07:38","isFullCredit":false},{"lineNumber":21,"author":{"gitId":"Yeoh-Soo-Leong"},"content":"","lastModifiedDate":"2025-08-29T13:07:38","isFullCredit":false},{"lineNumber":22,"author":{"gitId":"Yeoh-Soo-Leong"},"content":"    public void setIsMarked(boolean marked) {","lastModifiedDate":"2025-08-29T13:07:38","isFullCredit":false},{"lineNumber":23,"author":{"gitId":"Yeoh-Soo-Leong"},"content":"        this.isMarked \u003d marked;","lastModifiedDate":"2025-08-29T13:07:38","isFullCredit":false},{"lineNumber":24,"author":{"gitId":"Yeoh-Soo-Leong"},"content":"    }","lastModifiedDate":"2025-08-29T13:07:38","isFullCredit":false},{"lineNumber":25,"author":{"gitId":"Yeoh-Soo-Leong"},"content":"","lastModifiedDate":"2025-09-03T15:56:13","isFullCredit":false},{"lineNumber":26,"author":{"gitId":"Yeoh-Soo-Leong"},"content":"    public void printTask() {","lastModifiedDate":"2025-09-03T15:56:13","isFullCredit":false},{"lineNumber":27,"author":{"gitId":"Yeoh-Soo-Leong"},"content":"        String checkbox \u003d \"[ ]\";","lastModifiedDate":"2025-09-03T15:56:13","isFullCredit":false},{"lineNumber":28,"author":{"gitId":"Yeoh-Soo-Leong"},"content":"        if (this.IsMarked()) {","lastModifiedDate":"2025-09-03T15:56:13","isFullCredit":false},{"lineNumber":29,"author":{"gitId":"Yeoh-Soo-Leong"},"content":"            checkbox \u003d \"[X]\";","lastModifiedDate":"2025-09-03T15:56:13","isFullCredit":false},{"lineNumber":30,"author":{"gitId":"Yeoh-Soo-Leong"},"content":"        }","lastModifiedDate":"2025-09-03T15:56:13","isFullCredit":false},{"lineNumber":31,"author":{"gitId":"Yeoh-Soo-Leong"},"content":"        System.out.println(checkbox + \u0027 \u0027 + this.taskDescription);","lastModifiedDate":"2025-09-03T15:56:13","isFullCredit":false},{"lineNumber":32,"author":{"gitId":"Yeoh-Soo-Leong"},"content":"    }","lastModifiedDate":"2025-09-03T15:56:13","isFullCredit":false},{"lineNumber":33,"author":{"gitId":"Yeoh-Soo-Leong"},"content":"}","lastModifiedDate":"2025-08-29T13:07:38","isFullCredit":false}],"authorContributionMap":{"Yeoh-Soo-Leong":33}},{"path":"src/main/java/Todo.java","fileType":"java","lines":[{"lineNumber":1,"author":{"gitId":"Yeoh-Soo-Leong"},"content":"public class Todo extends Task {","lastModifiedDate":"2025-09-03T16:27:03","isFullCredit":false},{"lineNumber":2,"author":{"gitId":"Yeoh-Soo-Leong"},"content":"    public Todo(String taskDescription) {","lastModifiedDate":"2025-09-03T16:27:03","isFullCredit":false},{"lineNumber":3,"author":{"gitId":"Yeoh-Soo-Leong"},"content":"        super(taskDescription);","lastModifiedDate":"2025-09-03T16:27:03","isFullCredit":false},{"lineNumber":4,"author":{"gitId":"Yeoh-Soo-Leong"},"content":"    }","lastModifiedDate":"2025-09-03T16:27:03","isFullCredit":false},{"lineNumber":5,"author":{"gitId":"Yeoh-Soo-Leong"},"content":"","lastModifiedDate":"2025-09-03T16:27:03","isFullCredit":false},{"lineNumber":6,"author":{"gitId":"Yeoh-Soo-Leong"},"content":"    @Override","lastModifiedDate":"2025-09-03T16:27:03","isFullCredit":false},{"lineNumber":7,"author":{"gitId":"Yeoh-Soo-Leong"},"content":"    public void printTask() {","lastModifiedDate":"2025-09-03T17:39:52","isFullCredit":false},{"lineNumber":8,"author":{"gitId":"Yeoh-Soo-Leong"},"content":"        String checkbox \u003d \"[ ]\";","lastModifiedDate":"2025-09-03T17:39:52","isFullCredit":false},{"lineNumber":9,"author":{"gitId":"Yeoh-Soo-Leong"},"content":"        if (this.IsMarked()) {","lastModifiedDate":"2025-09-03T17:39:52","isFullCredit":false},{"lineNumber":10,"author":{"gitId":"Yeoh-Soo-Leong"},"content":"            checkbox \u003d \"[X]\";","lastModifiedDate":"2025-09-03T17:39:52","isFullCredit":false},{"lineNumber":11,"author":{"gitId":"Yeoh-Soo-Leong"},"content":"        }","lastModifiedDate":"2025-09-03T17:39:52","isFullCredit":false},{"lineNumber":12,"author":{"gitId":"Yeoh-Soo-Leong"},"content":"        System.out.println(\"[T]\" + checkbox + \u0027 \u0027 + this.getTaskDescription());","lastModifiedDate":"2025-09-03T17:39:52","isFullCredit":false},{"lineNumber":13,"author":{"gitId":"Yeoh-Soo-Leong"},"content":"    }","lastModifiedDate":"2025-09-03T16:27:03","isFullCredit":false},{"lineNumber":14,"author":{"gitId":"Yeoh-Soo-Leong"},"content":"}","lastModifiedDate":"2025-09-03T16:27:03","isFullCredit":false}],"authorContributionMap":{"Yeoh-Soo-Leong":14}},{"path":"text-ui-test/runtest.bat","fileType":"bat","lines":[{"lineNumber":1,"author":{"gitId":"-"},"content":"@ECHO OFF","lastModifiedDate":"2020-05-25T00:03:55","isFullCredit":false},{"lineNumber":2,"author":{"gitId":"-"},"content":"","lastModifiedDate":"2020-05-25T00:03:55","isFullCredit":false},{"lineNumber":3,"author":{"gitId":"-"},"content":"REM create bin directory if it doesn\u0027t exist","lastModifiedDate":"2020-05-25T00:03:55","isFullCredit":false},{"lineNumber":4,"author":{"gitId":"-"},"content":"if not exist ..\\bin mkdir ..\\bin","lastModifiedDate":"2020-05-25T00:03:55","isFullCredit":false},{"lineNumber":5,"author":{"gitId":"-"},"content":"","lastModifiedDate":"2020-05-25T00:03:55","isFullCredit":false},{"lineNumber":6,"author":{"gitId":"-"},"content":"REM delete output from previous run","lastModifiedDate":"2020-05-25T00:03:55","isFullCredit":false},{"lineNumber":7,"author":{"gitId":"-"},"content":"if exist ACTUAL.TXT del ACTUAL.TXT","lastModifiedDate":"2020-08-25T17:23:26","isFullCredit":false},{"lineNumber":8,"author":{"gitId":"-"},"content":"","lastModifiedDate":"2020-05-25T00:03:55","isFullCredit":false},{"lineNumber":9,"author":{"gitId":"-"},"content":"REM compile the code into the bin folder","lastModifiedDate":"2020-05-25T00:03:55","isFullCredit":false},{"lineNumber":10,"author":{"gitId":"-"},"content":"javac  -cp ..\\src\\main\\java -Xlint:none -d ..\\bin ..\\src\\main\\java\\*.java","lastModifiedDate":"2020-08-25T17:23:26","isFullCredit":false},{"lineNumber":11,"author":{"gitId":"-"},"content":"IF ERRORLEVEL 1 (","lastModifiedDate":"2020-05-25T00:03:55","isFullCredit":false},{"lineNumber":12,"author":{"gitId":"-"},"content":"    echo ********** BUILD FAILURE **********","lastModifiedDate":"2020-05-25T00:03:55","isFullCredit":false},{"lineNumber":13,"author":{"gitId":"-"},"content":"    exit /b 1","lastModifiedDate":"2020-05-25T00:03:55","isFullCredit":false},{"lineNumber":14,"author":{"gitId":"-"},"content":")","lastModifiedDate":"2020-05-25T00:03:55","isFullCredit":false},{"lineNumber":15,"author":{"gitId":"-"},"content":"REM no error here, errorlevel \u003d\u003d 0","lastModifiedDate":"2020-05-25T00:03:55","isFullCredit":false},{"lineNumber":16,"author":{"gitId":"-"},"content":"","lastModifiedDate":"2020-05-25T00:03:55","isFullCredit":false},{"lineNumber":17,"author":{"gitId":"-"},"content":"REM run the program, feed commands from input.txt file and redirect the output to the ACTUAL.TXT","lastModifiedDate":"2020-05-25T00:03:55","isFullCredit":false},{"lineNumber":18,"author":{"gitId":"Yeoh-Soo-Leong"},"content":"java -classpath ..\\bin Luke \u003c input.txt \u003e ACTUAL.TXT","lastModifiedDate":"2025-08-21T18:31:14","isFullCredit":false},{"lineNumber":19,"author":{"gitId":"-"},"content":"","lastModifiedDate":"2020-05-25T00:03:55","isFullCredit":false},{"lineNumber":20,"author":{"gitId":"-"},"content":"REM compare the output to the expected output","lastModifiedDate":"2020-05-25T00:03:55","isFullCredit":false},{"lineNumber":21,"author":{"gitId":"-"},"content":"FC ACTUAL.TXT EXPECTED.TXT","lastModifiedDate":"2020-05-25T00:03:55","isFullCredit":false}],"authorContributionMap":{"Yeoh-Soo-Leong":1,"-":20}}]
