{"authorDailyContributionsMap":{"Yeoh-Soo-Leong":[{"date":"2025-08-21T00:00:00","commitResults":[{"hash":"0184fd6d99b99b00ba531cb43aecaa06d47ae9cf","isMergeCommit":false,"messageTitle":"feat: rename chatbot to Luke","messageBody":"","tags":["Level-0"],"fileTypesAndContributionMap":{"java":{"insertions":11,"deletions":10},"bat":{"insertions":1,"deletions":1},"md":{"insertions":3,"deletions":3}}}]},{"date":"2025-08-29T00:00:00","commitResults":[{"hash":"5b65232c73a951d7333878a1c322c7f221df6798","isMergeCommit":false,"messageTitle":"feat: add echo function","messageBody":"","tags":["Level-1"],"fileTypesAndContributionMap":{"java":{"insertions":32,"deletions":6}}},{"hash":"4e949bc9a0f74d39bedbb84719898700e2ddcd59","isMergeCommit":false,"messageTitle":"feat: Add the ability to store whatever text entered by the user and display them back to the user when requested.","messageBody":"","fileTypesAndContributionMap":{"java":{"insertions":24,"deletions":7}}},{"hash":"a6bffc9bd02a434f94fb29c33783423d46352e54","isMergeCommit":false,"messageTitle":"fix: resolve intellij warnings","messageBody":"","tags":["Level-2"],"fileTypesAndContributionMap":{"java":{"insertions":1,"deletions":1}}},{"hash":"392b0a34cca4ed1fca512602eb881647f744588d","isMergeCommit":false,"messageTitle":"refactor: add Task class","messageBody":"","tags":["A-CodingStandard"],"fileTypesAndContributionMap":{"java":{"insertions":36,"deletions":3}}},{"hash":"f2120fa4f7df0ff313f2efdd94b5531452db11d7","isMergeCommit":false,"messageTitle":"feat: add mark as done function","messageBody":"","tags":["Level-3"],"fileTypesAndContributionMap":{"java":{"insertions":18,"deletions":3}}}]},{"date":"2025-09-03T00:00:00","commitResults":[{"hash":"43a270f15a54941b4f5927940749d5763d158d5c","isMergeCommit":false,"messageTitle":"refactor: refactor listTask() to print from Task class","messageBody":"","fileTypesAndContributionMap":{"java":{"insertions":10,"deletions":5}}},{"hash":"ed8f57864d372042387b03f4cc168ce86efd6b68","isMergeCommit":false,"messageTitle":"feat: add Todo inherited class","messageBody":"","fileTypesAndContributionMap":{"java":{"insertions":20,"deletions":7}}},{"hash":"c696edb7ba11c87cfb82ccdfa59df6a41e28025e","isMergeCommit":false,"messageTitle":"fix: fix Todo not printing [T]","messageBody":"","fileTypesAndContributionMap":{"java":{"insertions":8,"deletions":4}}},{"hash":"b83f235dfb4ce5c9b6202957bf80aacfec3793e5","isMergeCommit":false,"messageTitle":"feat: add Deadline class","messageBody":"","fileTypesAndContributionMap":{"java":{"insertions":22,"deletions":0}}},{"hash":"3dc0d96e72aa3f944fadcda9f24fbe5ad302ebbe","isMergeCommit":false,"messageTitle":"feat: add Event class","messageBody":"","tags":["Level-4"],"fileTypesAndContributionMap":{"java":{"insertions":28,"deletions":3}}},{"hash":"3738e0b99d965b7271ae26b460c298ed387d6a20","isMergeCommit":false,"messageTitle":"fix: fix spacing bug","messageBody":"","tags":["A-CodeQuality"],"fileTypesAndContributionMap":{"java":{"insertions":7,"deletions":7}}},{"hash":"0c03a28ef392f4f9ae9338e2c30d1d3c7cd24845","isMergeCommit":false,"messageTitle":"feat: add automated testing","messageBody":"","tags":["A-TextUiTesting"],"fileTypesAndContributionMap":{"txt":{"insertions":11,"deletions":0}}}]},{"date":"2025-09-11T00:00:00","commitResults":[{"hash":"fc0e04b8d0b024ef3504feb70c3b1d18cf44d02c","isMergeCommit":false,"messageTitle":"refactor: use super.printTask to reduce clutter in overwritten printTask functions in Todo, Deadline and Event","messageBody":"","fileTypesAndContributionMap":{"java":{"insertions":11,"deletions":17}}},{"hash":"920c18ba9040be507fc5160119b587e96bbc6a6a","isMergeCommit":false,"messageTitle":"feat: Error handling","messageBody":"","tags":["A-Exceptions"],"fileTypesAndContributionMap":{"java":{"insertions":70,"deletions":26}}},{"hash":"5b463b940b36ae774edf6afcf7168a254662e57f","isMergeCommit":false,"messageTitle":"fix: remove debug messages","messageBody":"","fileTypesAndContributionMap":{"java":{"insertions":1,"deletions":1}}},{"hash":"815ad88f22f150653e68e10ae0e8c4826dbb3180","isMergeCommit":true,"messageTitle":"Merge branch \u0027branch-Level-5\u0027","messageBody":"","tags":["Level-5"],"fileTypesAndContributionMap":{}}]}]},"authorFileTypeContributionMap":{"Yeoh-Soo-Leong":{"java":209,"md":3,"fxml":0,"sh":0,"bat":1,"gradle":0,"txt":11}},"authorContributionVariance":{"Yeoh-Soo-Leong":1323.1395},"authorDisplayNameMap":{"Yeoh-Soo-Leong":"CS2113-T10-2 YEOH..EONG"}}
