[{"path":"src/main/java/Deadline.java","fileType":"java","lines":[{"lineNumber":1,"author":{"gitId":"BestBearrr"},"content":"public class Deadline extends Task {","lastModifiedDate":"2025-09-14T13:08:44","isFullCredit":false},{"lineNumber":2,"author":{"gitId":"BestBearrr"},"content":"","lastModifiedDate":"2025-09-14T13:08:44","isFullCredit":false},{"lineNumber":3,"author":{"gitId":"BestBearrr"},"content":"    protected String by;","lastModifiedDate":"2025-09-14T13:08:44","isFullCredit":false},{"lineNumber":4,"author":{"gitId":"BestBearrr"},"content":"","lastModifiedDate":"2025-09-14T13:08:44","isFullCredit":false},{"lineNumber":5,"author":{"gitId":"BestBearrr"},"content":"    public Deadline(String description, String by) {","lastModifiedDate":"2025-09-14T13:08:44","isFullCredit":false},{"lineNumber":6,"author":{"gitId":"BestBearrr"},"content":"        super(description);","lastModifiedDate":"2025-09-14T13:08:44","isFullCredit":false},{"lineNumber":7,"author":{"gitId":"BestBearrr"},"content":"        this.by \u003d by;","lastModifiedDate":"2025-09-14T13:08:44","isFullCredit":false},{"lineNumber":8,"author":{"gitId":"BestBearrr"},"content":"    }","lastModifiedDate":"2025-09-14T13:08:44","isFullCredit":false},{"lineNumber":9,"author":{"gitId":"BestBearrr"},"content":"","lastModifiedDate":"2025-09-14T13:08:44","isFullCredit":false},{"lineNumber":10,"author":{"gitId":"BestBearrr"},"content":"    @Override","lastModifiedDate":"2025-09-14T13:08:44","isFullCredit":false},{"lineNumber":11,"author":{"gitId":"BestBearrr"},"content":"    public String toString() {","lastModifiedDate":"2025-09-14T13:08:44","isFullCredit":false},{"lineNumber":12,"author":{"gitId":"BestBearrr"},"content":"        return \"[D]\" + super.toString() + \" (by: \" + by + \")\";","lastModifiedDate":"2025-09-14T13:08:44","isFullCredit":false},{"lineNumber":13,"author":{"gitId":"BestBearrr"},"content":"    }","lastModifiedDate":"2025-09-14T13:08:44","isFullCredit":false},{"lineNumber":14,"author":{"gitId":"BestBearrr"},"content":"}","lastModifiedDate":"2025-09-14T13:08:44","isFullCredit":false}],"authorContributionMap":{"BestBearrr":14}},{"path":"src/main/java/Event.java","fileType":"java","lines":[{"lineNumber":1,"author":{"gitId":"BestBearrr"},"content":"public class Event extends Task {","lastModifiedDate":"2025-09-14T13:08:44","isFullCredit":false},{"lineNumber":2,"author":{"gitId":"BestBearrr"},"content":"    protected String from;","lastModifiedDate":"2025-09-14T13:08:44","isFullCredit":false},{"lineNumber":3,"author":{"gitId":"BestBearrr"},"content":"    protected String to;","lastModifiedDate":"2025-09-14T13:08:44","isFullCredit":false},{"lineNumber":4,"author":{"gitId":"BestBearrr"},"content":"","lastModifiedDate":"2025-09-14T13:08:44","isFullCredit":false},{"lineNumber":5,"author":{"gitId":"BestBearrr"},"content":"    public Event(String description, String from, String to) {","lastModifiedDate":"2025-09-14T13:08:44","isFullCredit":false},{"lineNumber":6,"author":{"gitId":"BestBearrr"},"content":"        super(description);","lastModifiedDate":"2025-09-14T13:08:44","isFullCredit":false},{"lineNumber":7,"author":{"gitId":"BestBearrr"},"content":"        this.from \u003d from;","lastModifiedDate":"2025-09-14T13:08:44","isFullCredit":false},{"lineNumber":8,"author":{"gitId":"BestBearrr"},"content":"        this.to \u003d to;","lastModifiedDate":"2025-09-14T13:08:44","isFullCredit":false},{"lineNumber":9,"author":{"gitId":"BestBearrr"},"content":"    }","lastModifiedDate":"2025-09-14T13:08:44","isFullCredit":false},{"lineNumber":10,"author":{"gitId":"BestBearrr"},"content":"","lastModifiedDate":"2025-09-14T13:08:44","isFullCredit":false},{"lineNumber":11,"author":{"gitId":"BestBearrr"},"content":"    @Override","lastModifiedDate":"2025-09-14T13:08:44","isFullCredit":false},{"lineNumber":12,"author":{"gitId":"BestBearrr"},"content":"    public String toString() {","lastModifiedDate":"2025-09-14T13:08:44","isFullCredit":false},{"lineNumber":13,"author":{"gitId":"BestBearrr"},"content":"        return \"[E]\" + super.toString() + \" (from: \" + from + \" to: \" + to + \")\";","lastModifiedDate":"2025-09-14T13:08:44","isFullCredit":false},{"lineNumber":14,"author":{"gitId":"BestBearrr"},"content":"    }","lastModifiedDate":"2025-09-14T13:08:44","isFullCredit":false},{"lineNumber":15,"author":{"gitId":"BestBearrr"},"content":"}","lastModifiedDate":"2025-09-14T13:08:44","isFullCredit":false}],"authorContributionMap":{"BestBearrr":15}},{"path":"src/main/java/Paddington.java","fileType":"java","lines":[{"lineNumber":1,"author":{"gitId":"BestBearrr"},"content":"import java.util.ArrayList;","lastModifiedDate":"2025-09-14T13:07:24","isFullCredit":false},{"lineNumber":2,"author":{"gitId":"BestBearrr"},"content":"import java.util.Scanner;","lastModifiedDate":"2025-09-01T18:20:01","isFullCredit":false},{"lineNumber":3,"author":{"gitId":"BestBearrr"},"content":"","lastModifiedDate":"2025-09-01T18:20:01","isFullCredit":false},{"lineNumber":4,"author":{"gitId":"BestBearrr"},"content":"public class Paddington {","lastModifiedDate":"2025-08-27T14:55:33","isFullCredit":false},{"lineNumber":5,"author":{"gitId":"BestBearrr"},"content":"    static final String line \u003d \"____________________________________________________________\\n\";","lastModifiedDate":"2025-09-14T13:07:24","isFullCredit":false},{"lineNumber":6,"author":{"gitId":"BestBearrr"},"content":"    static final int MAX_TASK_SIZE \u003d 100;","lastModifiedDate":"2025-09-14T13:07:24","isFullCredit":false},{"lineNumber":7,"author":{"gitId":"BestBearrr"},"content":"","lastModifiedDate":"2025-09-09T16:18:51","isFullCredit":false},{"lineNumber":8,"author":{"gitId":"BestBearrr"},"content":"    static ArrayList\u003cTask\u003e tasksList \u003d new ArrayList\u003c\u003e(MAX_TASK_SIZE);","lastModifiedDate":"2025-09-14T13:07:24","isFullCredit":false},{"lineNumber":9,"author":{"gitId":"BestBearrr"},"content":"    static Scanner scanner \u003d new Scanner(System.in);","lastModifiedDate":"2025-09-14T13:07:24","isFullCredit":false},{"lineNumber":10,"author":{"gitId":"BestBearrr"},"content":"","lastModifiedDate":"2025-09-09T16:18:51","isFullCredit":false},{"lineNumber":11,"author":{"gitId":"BestBearrr"},"content":"    private static void printWelcomeMessage() {","lastModifiedDate":"2025-09-14T13:07:24","isFullCredit":false},{"lineNumber":12,"author":{"gitId":"BestBearrr"},"content":"        /*String logo \u003d \" ____        _        \\n\"","lastModifiedDate":"2025-08-27T14:55:33","isFullCredit":false},{"lineNumber":13,"author":{"gitId":"BestBearrr"},"content":"                + \"|  _ \\\\ _   _| | _____ \\n\"","lastModifiedDate":"2025-08-27T14:55:33","isFullCredit":false},{"lineNumber":14,"author":{"gitId":"BestBearrr"},"content":"                + \"| | | | | | | |/ / _ \\\\\\n\"","lastModifiedDate":"2025-08-27T14:55:33","isFullCredit":false},{"lineNumber":15,"author":{"gitId":"BestBearrr"},"content":"                + \"| |_| | |_| |   \u003c  __/\\n\"","lastModifiedDate":"2025-08-27T14:55:33","isFullCredit":false},{"lineNumber":16,"author":{"gitId":"BestBearrr"},"content":"                + \"|____/ \\\\__,_|_|\\\\_\\\\___|\\n\";","lastModifiedDate":"2025-08-27T14:55:33","isFullCredit":false},{"lineNumber":17,"author":{"gitId":"BestBearrr"},"content":"        System.out.println(\"Hello from\\n\" + logo);*/","lastModifiedDate":"2025-08-27T14:55:33","isFullCredit":false},{"lineNumber":18,"author":{"gitId":"BestBearrr"},"content":"","lastModifiedDate":"2025-09-14T13:07:24","isFullCredit":false},{"lineNumber":19,"author":{"gitId":"BestBearrr"},"content":"        System.out.print(line);","lastModifiedDate":"2025-08-27T14:55:33","isFullCredit":false},{"lineNumber":20,"author":{"gitId":"BestBearrr"},"content":"        System.out.println(\"Hello! I\u0027m Paddington\");","lastModifiedDate":"2025-08-27T14:55:33","isFullCredit":false},{"lineNumber":21,"author":{"gitId":"BestBearrr"},"content":"        System.out.println(\"What can I do for you?\");","lastModifiedDate":"2025-08-27T14:55:33","isFullCredit":false},{"lineNumber":22,"author":{"gitId":"BestBearrr"},"content":"        System.out.print(line);","lastModifiedDate":"2025-08-27T14:55:33","isFullCredit":false},{"lineNumber":23,"author":{"gitId":"BestBearrr"},"content":"    }","lastModifiedDate":"2025-09-14T13:07:24","isFullCredit":false},{"lineNumber":24,"author":{"gitId":"BestBearrr"},"content":"","lastModifiedDate":"2025-09-01T18:20:01","isFullCredit":false},{"lineNumber":25,"author":{"gitId":"BestBearrr"},"content":"    private static void printErrorDescription(String errorDescription) {","lastModifiedDate":"2025-09-24T17:56:21","isFullCredit":false},{"lineNumber":26,"author":{"gitId":"BestBearrr"},"content":"        System.out.println(\"(!) Error: \" + errorDescription);","lastModifiedDate":"2025-09-24T17:56:21","isFullCredit":false},{"lineNumber":27,"author":{"gitId":"BestBearrr"},"content":"    }","lastModifiedDate":"2025-09-24T17:56:21","isFullCredit":false},{"lineNumber":28,"author":{"gitId":"BestBearrr"},"content":"","lastModifiedDate":"2025-09-24T17:56:21","isFullCredit":false},{"lineNumber":29,"author":{"gitId":"BestBearrr"},"content":"    private static void printTask(int index) {","lastModifiedDate":"2025-09-14T13:07:24","isFullCredit":false},{"lineNumber":30,"author":{"gitId":"BestBearrr"},"content":"        System.out.println(tasksList.get(index).toString());","lastModifiedDate":"2025-09-14T13:07:24","isFullCredit":false},{"lineNumber":31,"author":{"gitId":"BestBearrr"},"content":"    }","lastModifiedDate":"2025-09-14T13:07:24","isFullCredit":false},{"lineNumber":32,"author":{"gitId":"BestBearrr"},"content":"","lastModifiedDate":"2025-09-01T18:20:01","isFullCredit":false},{"lineNumber":33,"author":{"gitId":"BestBearrr"},"content":"    private static void listAllTasks() {","lastModifiedDate":"2025-09-14T13:07:24","isFullCredit":false},{"lineNumber":34,"author":{"gitId":"BestBearrr"},"content":"        // Display all saved tasks","lastModifiedDate":"2025-09-01T19:14:29","isFullCredit":false},{"lineNumber":35,"author":{"gitId":"BestBearrr"},"content":"        if (tasksList.isEmpty()) {","lastModifiedDate":"2025-09-14T13:07:24","isFullCredit":false},{"lineNumber":36,"author":{"gitId":"BestBearrr"},"content":"            System.out.println(\"No saved tasks.\");","lastModifiedDate":"2025-09-14T13:07:24","isFullCredit":false},{"lineNumber":37,"author":{"gitId":"BestBearrr"},"content":"            return;","lastModifiedDate":"2025-09-14T13:07:24","isFullCredit":false},{"lineNumber":38,"author":{"gitId":"BestBearrr"},"content":"        }","lastModifiedDate":"2025-09-01T18:20:01","isFullCredit":false},{"lineNumber":39,"author":{"gitId":"BestBearrr"},"content":"","lastModifiedDate":"2025-09-14T13:07:24","isFullCredit":false},{"lineNumber":40,"author":{"gitId":"BestBearrr"},"content":"        System.out.println(\"Here are the tasks in your list:\");","lastModifiedDate":"2025-09-14T13:07:24","isFullCredit":false},{"lineNumber":41,"author":{"gitId":"BestBearrr"},"content":"        for (int i \u003d 0; i \u003c tasksList.size(); i++) {","lastModifiedDate":"2025-09-14T13:07:24","isFullCredit":false},{"lineNumber":42,"author":{"gitId":"BestBearrr"},"content":"            System.out.print((i + 1) + \".\");","lastModifiedDate":"2025-09-14T13:07:24","isFullCredit":false},{"lineNumber":43,"author":{"gitId":"BestBearrr"},"content":"            printTask(i);","lastModifiedDate":"2025-09-14T13:07:24","isFullCredit":false},{"lineNumber":44,"author":{"gitId":"BestBearrr"},"content":"        }","lastModifiedDate":"2025-09-01T18:20:01","isFullCredit":false},{"lineNumber":45,"author":{"gitId":"BestBearrr"},"content":"    }","lastModifiedDate":"2025-09-01T19:14:29","isFullCredit":false},{"lineNumber":46,"author":{"gitId":"BestBearrr"},"content":"","lastModifiedDate":"2025-09-14T13:07:24","isFullCredit":false},{"lineNumber":47,"author":{"gitId":"BestBearrr"},"content":"    private static void markTask(String input) {","lastModifiedDate":"2025-09-14T13:07:24","isFullCredit":false},{"lineNumber":48,"author":{"gitId":"BestBearrr"},"content":"        int taskIndex \u003d Integer.parseInt(input) - 1;","lastModifiedDate":"2025-09-14T13:07:24","isFullCredit":false},{"lineNumber":49,"author":{"gitId":"BestBearrr"},"content":"        Task task \u003d tasksList.get(taskIndex);","lastModifiedDate":"2025-09-14T13:07:24","isFullCredit":false},{"lineNumber":50,"author":{"gitId":"BestBearrr"},"content":"        task.markAsDone();","lastModifiedDate":"2025-09-14T13:07:24","isFullCredit":false},{"lineNumber":51,"author":{"gitId":"BestBearrr"},"content":"        System.out.println(\"Nice! I\u0027ve marked this task as done:\");","lastModifiedDate":"2025-09-01T19:20:03","isFullCredit":false},{"lineNumber":52,"author":{"gitId":"BestBearrr"},"content":"        System.out.println(\"  [\" + task.getStatusIcon() + \"] \" + task.getDescription());","lastModifiedDate":"2025-09-14T13:07:24","isFullCredit":false},{"lineNumber":53,"author":{"gitId":"BestBearrr"},"content":"    }","lastModifiedDate":"2025-09-01T19:20:03","isFullCredit":false},{"lineNumber":54,"author":{"gitId":"BestBearrr"},"content":"","lastModifiedDate":"2025-09-14T13:07:24","isFullCredit":false},{"lineNumber":55,"author":{"gitId":"BestBearrr"},"content":"    private static void unmarkTask(String input) {","lastModifiedDate":"2025-09-14T13:07:24","isFullCredit":false},{"lineNumber":56,"author":{"gitId":"BestBearrr"},"content":"        int taskIndex \u003d Integer.parseInt(input) - 1;","lastModifiedDate":"2025-09-14T13:07:24","isFullCredit":false},{"lineNumber":57,"author":{"gitId":"BestBearrr"},"content":"        Task task \u003d tasksList.get(taskIndex);","lastModifiedDate":"2025-09-14T13:07:24","isFullCredit":false},{"lineNumber":58,"author":{"gitId":"BestBearrr"},"content":"        task.unmarkAsDone();","lastModifiedDate":"2025-09-14T13:07:24","isFullCredit":false},{"lineNumber":59,"author":{"gitId":"BestBearrr"},"content":"        System.out.println(\"OK, I\u0027ve marked this task as not done yet\");","lastModifiedDate":"2025-09-01T19:20:03","isFullCredit":false},{"lineNumber":60,"author":{"gitId":"BestBearrr"},"content":"        System.out.println(\"  [\" + task.getStatusIcon() + \"] \" + task.getDescription());","lastModifiedDate":"2025-09-14T13:07:24","isFullCredit":false},{"lineNumber":61,"author":{"gitId":"BestBearrr"},"content":"    }","lastModifiedDate":"2025-09-01T19:20:03","isFullCredit":false},{"lineNumber":62,"author":{"gitId":"BestBearrr"},"content":"","lastModifiedDate":"2025-09-01T19:14:29","isFullCredit":false},{"lineNumber":63,"author":{"gitId":"BestBearrr"},"content":"    private static void printAddedTask() {","lastModifiedDate":"2025-09-14T13:51:33","isFullCredit":false},{"lineNumber":64,"author":{"gitId":"BestBearrr"},"content":"        System.out.println(\"Got it. I\u0027ve added this task:\");","lastModifiedDate":"2025-09-14T13:51:33","isFullCredit":false},{"lineNumber":65,"author":{"gitId":"BestBearrr"},"content":"        System.out.print(\"  \");","lastModifiedDate":"2025-09-14T13:51:33","isFullCredit":false},{"lineNumber":66,"author":{"gitId":"BestBearrr"},"content":"        int latestTaskIndex \u003d tasksList.size() - 1;","lastModifiedDate":"2025-09-14T13:51:33","isFullCredit":false},{"lineNumber":67,"author":{"gitId":"BestBearrr"},"content":"        printTask(latestTaskIndex);","lastModifiedDate":"2025-09-14T13:51:33","isFullCredit":false},{"lineNumber":68,"author":{"gitId":"BestBearrr"},"content":"        System.out.println(\"Now you have \" + tasksList.size() + \" tasks in the list.\");","lastModifiedDate":"2025-09-14T13:51:33","isFullCredit":false},{"lineNumber":69,"author":{"gitId":"BestBearrr"},"content":"    }","lastModifiedDate":"2025-09-14T13:51:33","isFullCredit":false},{"lineNumber":70,"author":{"gitId":"BestBearrr"},"content":"","lastModifiedDate":"2025-09-14T13:51:33","isFullCredit":false},{"lineNumber":71,"author":{"gitId":"BestBearrr"},"content":"    private static void addTodo(String input) throws PaddingtonException {","lastModifiedDate":"2025-09-14T14:55:16","isFullCredit":false},{"lineNumber":72,"author":{"gitId":"BestBearrr"},"content":"        if (input.isEmpty()) {","lastModifiedDate":"2025-09-14T14:55:16","isFullCredit":false},{"lineNumber":73,"author":{"gitId":"BestBearrr"},"content":"            throw PaddingtonException.invalidTodo();","lastModifiedDate":"2025-09-14T14:55:16","isFullCredit":false},{"lineNumber":74,"author":{"gitId":"BestBearrr"},"content":"        }","lastModifiedDate":"2025-09-14T14:55:16","isFullCredit":false},{"lineNumber":75,"author":{"gitId":"BestBearrr"},"content":"","lastModifiedDate":"2025-09-14T14:55:16","isFullCredit":false},{"lineNumber":76,"author":{"gitId":"BestBearrr"},"content":"        Todo task \u003d new Todo(input);","lastModifiedDate":"2025-09-14T13:51:33","isFullCredit":false},{"lineNumber":77,"author":{"gitId":"BestBearrr"},"content":"        tasksList.add(tasksList.size(), task);","lastModifiedDate":"2025-09-14T13:51:33","isFullCredit":false},{"lineNumber":78,"author":{"gitId":"BestBearrr"},"content":"        printAddedTask();","lastModifiedDate":"2025-09-14T13:51:33","isFullCredit":false},{"lineNumber":79,"author":{"gitId":"BestBearrr"},"content":"    }","lastModifiedDate":"2025-09-14T13:51:33","isFullCredit":false},{"lineNumber":80,"author":{"gitId":"BestBearrr"},"content":"","lastModifiedDate":"2025-09-14T13:51:33","isFullCredit":false},{"lineNumber":81,"author":{"gitId":"BestBearrr"},"content":"    private static void addEvent(String input) throws PaddingtonException {","lastModifiedDate":"2025-09-24T17:56:21","isFullCredit":false},{"lineNumber":82,"author":{"gitId":"BestBearrr"},"content":"        if (input.isEmpty()) {","lastModifiedDate":"2025-09-24T17:56:21","isFullCredit":false},{"lineNumber":83,"author":{"gitId":"BestBearrr"},"content":"            throw PaddingtonException.invalidEvent();","lastModifiedDate":"2025-09-24T17:56:21","isFullCredit":false},{"lineNumber":84,"author":{"gitId":"BestBearrr"},"content":"        }","lastModifiedDate":"2025-09-24T17:56:21","isFullCredit":false},{"lineNumber":85,"author":{"gitId":"BestBearrr"},"content":"","lastModifiedDate":"2025-09-24T17:56:21","isFullCredit":false},{"lineNumber":86,"author":{"gitId":"BestBearrr"},"content":"        String[] processedInput \u003d input.split(\" /from \", 2);","lastModifiedDate":"2025-09-14T13:51:33","isFullCredit":false},{"lineNumber":87,"author":{"gitId":"BestBearrr"},"content":"        if (processedInput.length !\u003d 2) {","lastModifiedDate":"2025-09-24T17:56:21","isFullCredit":false},{"lineNumber":88,"author":{"gitId":"BestBearrr"},"content":"            throw new PaddingtonException(\"Event task should include start and end time!\");","lastModifiedDate":"2025-09-24T17:56:21","isFullCredit":false},{"lineNumber":89,"author":{"gitId":"BestBearrr"},"content":"        }","lastModifiedDate":"2025-09-24T17:56:21","isFullCredit":false},{"lineNumber":90,"author":{"gitId":"BestBearrr"},"content":"","lastModifiedDate":"2025-09-24T17:56:21","isFullCredit":false},{"lineNumber":91,"author":{"gitId":"BestBearrr"},"content":"        String[] timings \u003d processedInput[1].split(\" /to \", 2);","lastModifiedDate":"2025-09-14T13:51:33","isFullCredit":false},{"lineNumber":92,"author":{"gitId":"BestBearrr"},"content":"        if (timings.length !\u003d 2) {","lastModifiedDate":"2025-09-24T17:56:21","isFullCredit":false},{"lineNumber":93,"author":{"gitId":"BestBearrr"},"content":"            throw new PaddingtonException(\"Event task should include end time!\");","lastModifiedDate":"2025-09-24T17:56:21","isFullCredit":false},{"lineNumber":94,"author":{"gitId":"BestBearrr"},"content":"        }","lastModifiedDate":"2025-09-24T17:56:21","isFullCredit":false},{"lineNumber":95,"author":{"gitId":"BestBearrr"},"content":"","lastModifiedDate":"2025-09-24T17:56:21","isFullCredit":false},{"lineNumber":96,"author":{"gitId":"BestBearrr"},"content":"        String description \u003d processedInput[0];","lastModifiedDate":"2025-09-14T13:51:33","isFullCredit":false},{"lineNumber":97,"author":{"gitId":"BestBearrr"},"content":"        String from \u003d timings[0];","lastModifiedDate":"2025-09-14T13:51:33","isFullCredit":false},{"lineNumber":98,"author":{"gitId":"BestBearrr"},"content":"        String to \u003d timings[1];","lastModifiedDate":"2025-09-14T13:51:33","isFullCredit":false},{"lineNumber":99,"author":{"gitId":"BestBearrr"},"content":"","lastModifiedDate":"2025-09-14T13:51:33","isFullCredit":false},{"lineNumber":100,"author":{"gitId":"BestBearrr"},"content":"        Event task \u003d new Event(description, from, to);","lastModifiedDate":"2025-09-14T13:51:33","isFullCredit":false},{"lineNumber":101,"author":{"gitId":"BestBearrr"},"content":"        tasksList.add(tasksList.size(), task);","lastModifiedDate":"2025-09-14T13:51:33","isFullCredit":false},{"lineNumber":102,"author":{"gitId":"BestBearrr"},"content":"        printAddedTask();","lastModifiedDate":"2025-09-14T13:51:33","isFullCredit":false},{"lineNumber":103,"author":{"gitId":"BestBearrr"},"content":"    }","lastModifiedDate":"2025-09-14T13:51:33","isFullCredit":false},{"lineNumber":104,"author":{"gitId":"BestBearrr"},"content":"","lastModifiedDate":"2025-09-14T13:51:33","isFullCredit":false},{"lineNumber":105,"author":{"gitId":"BestBearrr"},"content":"    private static void addDeadline(String input) throws PaddingtonException {","lastModifiedDate":"2025-09-24T17:56:21","isFullCredit":false},{"lineNumber":106,"author":{"gitId":"BestBearrr"},"content":"        if (input.isEmpty()) {","lastModifiedDate":"2025-09-24T17:56:21","isFullCredit":false},{"lineNumber":107,"author":{"gitId":"BestBearrr"},"content":"            throw PaddingtonException.invalidDeadline();","lastModifiedDate":"2025-09-24T17:56:21","isFullCredit":false},{"lineNumber":108,"author":{"gitId":"BestBearrr"},"content":"        }","lastModifiedDate":"2025-09-24T17:56:21","isFullCredit":false},{"lineNumber":109,"author":{"gitId":"BestBearrr"},"content":"","lastModifiedDate":"2025-09-24T17:56:21","isFullCredit":false},{"lineNumber":110,"author":{"gitId":"BestBearrr"},"content":"        String[] processedInput \u003d input.split(\" /by \", 2);","lastModifiedDate":"2025-09-14T13:51:33","isFullCredit":false},{"lineNumber":111,"author":{"gitId":"BestBearrr"},"content":"        if (processedInput.length !\u003d 2) {","lastModifiedDate":"2025-09-24T17:56:21","isFullCredit":false},{"lineNumber":112,"author":{"gitId":"BestBearrr"},"content":"            throw new PaddingtonException(\"Deadline task should include due date!\");","lastModifiedDate":"2025-09-24T17:56:21","isFullCredit":false},{"lineNumber":113,"author":{"gitId":"BestBearrr"},"content":"        }","lastModifiedDate":"2025-09-24T17:56:21","isFullCredit":false},{"lineNumber":114,"author":{"gitId":"BestBearrr"},"content":"","lastModifiedDate":"2025-09-24T17:56:21","isFullCredit":false},{"lineNumber":115,"author":{"gitId":"BestBearrr"},"content":"        String description \u003d processedInput[0];","lastModifiedDate":"2025-09-14T13:51:33","isFullCredit":false},{"lineNumber":116,"author":{"gitId":"BestBearrr"},"content":"        String by \u003d processedInput[1];","lastModifiedDate":"2025-09-14T13:51:33","isFullCredit":false},{"lineNumber":117,"author":{"gitId":"BestBearrr"},"content":"","lastModifiedDate":"2025-09-14T13:51:33","isFullCredit":false},{"lineNumber":118,"author":{"gitId":"BestBearrr"},"content":"        Deadline task \u003d new Deadline(description, by);","lastModifiedDate":"2025-09-14T13:51:33","isFullCredit":false},{"lineNumber":119,"author":{"gitId":"BestBearrr"},"content":"        tasksList.add(tasksList.size(), task);","lastModifiedDate":"2025-09-14T13:51:33","isFullCredit":false},{"lineNumber":120,"author":{"gitId":"BestBearrr"},"content":"        printAddedTask();","lastModifiedDate":"2025-09-14T13:51:33","isFullCredit":false},{"lineNumber":121,"author":{"gitId":"BestBearrr"},"content":"    }","lastModifiedDate":"2025-09-14T13:51:33","isFullCredit":false},{"lineNumber":122,"author":{"gitId":"BestBearrr"},"content":"","lastModifiedDate":"2025-09-14T13:51:33","isFullCredit":false},{"lineNumber":123,"author":{"gitId":"BestBearrr"},"content":"    private static boolean userCommands(String userInput) throws PaddingtonException {","lastModifiedDate":"2025-09-14T14:55:16","isFullCredit":false},{"lineNumber":124,"author":{"gitId":"BestBearrr"},"content":"        String[] processedInput \u003d userInput.split(\" \", 2);","lastModifiedDate":"2025-09-14T13:07:24","isFullCredit":false},{"lineNumber":125,"author":{"gitId":"BestBearrr"},"content":"        String command \u003d processedInput[0].toLowerCase();","lastModifiedDate":"2025-09-14T13:51:33","isFullCredit":false},{"lineNumber":126,"author":{"gitId":"BestBearrr"},"content":"        String input \u003d (processedInput.length \u003e 1) ? processedInput[1] : \"\";","lastModifiedDate":"2025-09-14T13:07:24","isFullCredit":false},{"lineNumber":127,"author":{"gitId":"BestBearrr"},"content":"","lastModifiedDate":"2025-09-14T13:07:24","isFullCredit":false},{"lineNumber":128,"author":{"gitId":"BestBearrr"},"content":"        switch(command) {","lastModifiedDate":"2025-09-14T13:07:24","isFullCredit":false},{"lineNumber":129,"author":{"gitId":"BestBearrr"},"content":"            case \"bye\":","lastModifiedDate":"2025-09-14T13:07:24","isFullCredit":false},{"lineNumber":130,"author":{"gitId":"BestBearrr"},"content":"                System.out.println(\"Bye. Hope to see you again soon!\");","lastModifiedDate":"2025-09-14T13:07:24","isFullCredit":false},{"lineNumber":131,"author":{"gitId":"BestBearrr"},"content":"                System.out.print(line);","lastModifiedDate":"2025-09-14T13:07:24","isFullCredit":false},{"lineNumber":132,"author":{"gitId":"BestBearrr"},"content":"                return true;","lastModifiedDate":"2025-09-14T13:07:24","isFullCredit":false},{"lineNumber":133,"author":{"gitId":"BestBearrr"},"content":"            case \"list\":","lastModifiedDate":"2025-09-14T13:07:24","isFullCredit":false},{"lineNumber":134,"author":{"gitId":"BestBearrr"},"content":"                listAllTasks();","lastModifiedDate":"2025-09-14T13:07:24","isFullCredit":false},{"lineNumber":135,"author":{"gitId":"BestBearrr"},"content":"                break;","lastModifiedDate":"2025-09-14T13:07:24","isFullCredit":false},{"lineNumber":136,"author":{"gitId":"BestBearrr"},"content":"            case \"mark\":","lastModifiedDate":"2025-09-14T13:07:24","isFullCredit":false},{"lineNumber":137,"author":{"gitId":"BestBearrr"},"content":"                try {","lastModifiedDate":"2025-09-24T17:56:21","isFullCredit":false},{"lineNumber":138,"author":{"gitId":"BestBearrr"},"content":"                    markTask(input);","lastModifiedDate":"2025-09-14T13:07:24","isFullCredit":false},{"lineNumber":139,"author":{"gitId":"BestBearrr"},"content":"                } catch (NumberFormatException e) {","lastModifiedDate":"2025-09-24T17:56:21","isFullCredit":false},{"lineNumber":140,"author":{"gitId":"BestBearrr"},"content":"                    printErrorDescription(\"Index must be an integer.\");","lastModifiedDate":"2025-09-24T17:56:21","isFullCredit":false},{"lineNumber":141,"author":{"gitId":"BestBearrr"},"content":"                } catch (IndexOutOfBoundsException e) {","lastModifiedDate":"2025-09-24T17:56:21","isFullCredit":false},{"lineNumber":142,"author":{"gitId":"BestBearrr"},"content":"                    printErrorDescription(\"Invalid Index\");","lastModifiedDate":"2025-09-24T17:56:21","isFullCredit":false},{"lineNumber":143,"author":{"gitId":"BestBearrr"},"content":"                }","lastModifiedDate":"2025-09-24T17:56:21","isFullCredit":false},{"lineNumber":144,"author":{"gitId":"BestBearrr"},"content":"                break;","lastModifiedDate":"2025-09-14T13:07:24","isFullCredit":false},{"lineNumber":145,"author":{"gitId":"BestBearrr"},"content":"            case \"unmark\":","lastModifiedDate":"2025-09-14T13:07:24","isFullCredit":false},{"lineNumber":146,"author":{"gitId":"BestBearrr"},"content":"                try {","lastModifiedDate":"2025-09-24T17:56:21","isFullCredit":false},{"lineNumber":147,"author":{"gitId":"BestBearrr"},"content":"                    unmarkTask(input);","lastModifiedDate":"2025-09-14T13:07:24","isFullCredit":false},{"lineNumber":148,"author":{"gitId":"BestBearrr"},"content":"                } catch (NumberFormatException e) {","lastModifiedDate":"2025-09-24T17:56:21","isFullCredit":false},{"lineNumber":149,"author":{"gitId":"BestBearrr"},"content":"                    printErrorDescription(\"Index must be an integer.\");","lastModifiedDate":"2025-09-24T17:56:21","isFullCredit":false},{"lineNumber":150,"author":{"gitId":"BestBearrr"},"content":"                } catch (IndexOutOfBoundsException e) {","lastModifiedDate":"2025-09-24T17:56:21","isFullCredit":false},{"lineNumber":151,"author":{"gitId":"BestBearrr"},"content":"                    printErrorDescription(\"Invalid Index\");","lastModifiedDate":"2025-09-24T17:56:21","isFullCredit":false},{"lineNumber":152,"author":{"gitId":"BestBearrr"},"content":"                }","lastModifiedDate":"2025-09-24T17:56:21","isFullCredit":false},{"lineNumber":153,"author":{"gitId":"BestBearrr"},"content":"                break;","lastModifiedDate":"2025-09-14T13:07:24","isFullCredit":false},{"lineNumber":154,"author":{"gitId":"BestBearrr"},"content":"            case \"todo\":","lastModifiedDate":"2025-09-14T13:51:33","isFullCredit":false},{"lineNumber":155,"author":{"gitId":"BestBearrr"},"content":"                addTodo(input);","lastModifiedDate":"2025-09-14T13:51:33","isFullCredit":false},{"lineNumber":156,"author":{"gitId":"BestBearrr"},"content":"                break;","lastModifiedDate":"2025-09-14T13:51:33","isFullCredit":false},{"lineNumber":157,"author":{"gitId":"BestBearrr"},"content":"            case \"event\":","lastModifiedDate":"2025-09-14T13:51:33","isFullCredit":false},{"lineNumber":158,"author":{"gitId":"BestBearrr"},"content":"                addEvent(input);","lastModifiedDate":"2025-09-14T13:51:33","isFullCredit":false},{"lineNumber":159,"author":{"gitId":"BestBearrr"},"content":"                break;","lastModifiedDate":"2025-09-14T13:51:33","isFullCredit":false},{"lineNumber":160,"author":{"gitId":"BestBearrr"},"content":"            case \"deadline\":","lastModifiedDate":"2025-09-14T13:51:33","isFullCredit":false},{"lineNumber":161,"author":{"gitId":"BestBearrr"},"content":"                addDeadline(input);","lastModifiedDate":"2025-09-14T13:51:33","isFullCredit":false},{"lineNumber":162,"author":{"gitId":"BestBearrr"},"content":"                break;","lastModifiedDate":"2025-09-14T13:51:33","isFullCredit":false},{"lineNumber":163,"author":{"gitId":"BestBearrr"},"content":"            default:","lastModifiedDate":"2025-09-14T13:07:24","isFullCredit":false},{"lineNumber":164,"author":{"gitId":"BestBearrr"},"content":"                // Invalid command.","lastModifiedDate":"2025-09-14T14:55:16","isFullCredit":false},{"lineNumber":165,"author":{"gitId":"BestBearrr"},"content":"                throw PaddingtonException.invalidCommand();","lastModifiedDate":"2025-09-14T14:55:16","isFullCredit":false},{"lineNumber":166,"author":{"gitId":"BestBearrr"},"content":"        }","lastModifiedDate":"2025-09-01T19:14:29","isFullCredit":false},{"lineNumber":167,"author":{"gitId":"BestBearrr"},"content":"","lastModifiedDate":"2025-09-01T18:20:01","isFullCredit":false},{"lineNumber":168,"author":{"gitId":"BestBearrr"},"content":"        System.out.print(line);","lastModifiedDate":"2025-09-14T13:17:05","isFullCredit":false},{"lineNumber":169,"author":{"gitId":"BestBearrr"},"content":"        return false; // Continue","lastModifiedDate":"2025-09-14T13:07:24","isFullCredit":false},{"lineNumber":170,"author":{"gitId":"BestBearrr"},"content":"    }","lastModifiedDate":"2025-09-14T13:07:24","isFullCredit":false},{"lineNumber":171,"author":{"gitId":"BestBearrr"},"content":"","lastModifiedDate":"2025-09-14T13:07:24","isFullCredit":false},{"lineNumber":172,"author":{"gitId":"BestBearrr"},"content":"    public static void main(String[] args) throws PaddingtonException {","lastModifiedDate":"2025-09-14T14:55:16","isFullCredit":false},{"lineNumber":173,"author":{"gitId":"BestBearrr"},"content":"        printWelcomeMessage();","lastModifiedDate":"2025-09-14T13:07:24","isFullCredit":false},{"lineNumber":174,"author":{"gitId":"BestBearrr"},"content":"        while (true) {","lastModifiedDate":"2025-09-14T13:07:24","isFullCredit":false},{"lineNumber":175,"author":{"gitId":"BestBearrr"},"content":"            String userInput \u003d scanner.nextLine();","lastModifiedDate":"2025-09-14T13:51:33","isFullCredit":false},{"lineNumber":176,"author":{"gitId":"BestBearrr"},"content":"            System.out.print(line);","lastModifiedDate":"2025-09-01T19:14:29","isFullCredit":false},{"lineNumber":177,"author":{"gitId":"BestBearrr"},"content":"","lastModifiedDate":"2025-09-14T13:07:24","isFullCredit":false},{"lineNumber":178,"author":{"gitId":"BestBearrr"},"content":"            // True: quit; False: continue","lastModifiedDate":"2025-09-14T13:07:24","isFullCredit":false},{"lineNumber":179,"author":{"gitId":"BestBearrr"},"content":"            if (userCommands(userInput)) break;","lastModifiedDate":"2025-09-14T13:07:24","isFullCredit":false},{"lineNumber":180,"author":{"gitId":"BestBearrr"},"content":"        }","lastModifiedDate":"2025-09-01T19:14:29","isFullCredit":false},{"lineNumber":181,"author":{"gitId":"BestBearrr"},"content":"","lastModifiedDate":"2025-09-01T18:20:01","isFullCredit":false},{"lineNumber":182,"author":{"gitId":"BestBearrr"},"content":"        scanner.close();","lastModifiedDate":"2025-09-01T19:14:29","isFullCredit":false},{"lineNumber":183,"author":{"gitId":"BestBearrr"},"content":"    }","lastModifiedDate":"2025-08-27T14:55:33","isFullCredit":false},{"lineNumber":184,"author":{"gitId":"BestBearrr"},"content":"}","lastModifiedDate":"2025-08-27T14:55:33","isFullCredit":false}],"authorContributionMap":{"BestBearrr":184}},{"path":"src/main/java/PaddingtonException.java","fileType":"java","lines":[{"lineNumber":1,"author":{"gitId":"BestBearrr"},"content":"public class PaddingtonException extends Exception {","lastModifiedDate":"2025-09-14T14:54:55","isFullCredit":false},{"lineNumber":2,"author":{"gitId":"BestBearrr"},"content":"    public PaddingtonException(String s) {","lastModifiedDate":"2025-09-14T14:54:55","isFullCredit":false},{"lineNumber":3,"author":{"gitId":"BestBearrr"},"content":"        super(s);","lastModifiedDate":"2025-09-14T14:54:55","isFullCredit":false},{"lineNumber":4,"author":{"gitId":"BestBearrr"},"content":"    }","lastModifiedDate":"2025-09-14T14:54:55","isFullCredit":false},{"lineNumber":5,"author":{"gitId":"BestBearrr"},"content":"","lastModifiedDate":"2025-09-14T14:54:55","isFullCredit":false},{"lineNumber":6,"author":{"gitId":"BestBearrr"},"content":"    public static PaddingtonException invalidCommand() {","lastModifiedDate":"2025-09-14T14:54:55","isFullCredit":false},{"lineNumber":7,"author":{"gitId":"BestBearrr"},"content":"        return new PaddingtonException(\"Invalid command. Try again.\");","lastModifiedDate":"2025-09-14T14:54:55","isFullCredit":false},{"lineNumber":8,"author":{"gitId":"BestBearrr"},"content":"    }","lastModifiedDate":"2025-09-14T14:54:55","isFullCredit":false},{"lineNumber":9,"author":{"gitId":"BestBearrr"},"content":"","lastModifiedDate":"2025-09-14T14:54:55","isFullCredit":false},{"lineNumber":10,"author":{"gitId":"BestBearrr"},"content":"    public static PaddingtonException invalidTodo() {","lastModifiedDate":"2025-09-14T14:54:55","isFullCredit":false},{"lineNumber":11,"author":{"gitId":"BestBearrr"},"content":"        return new PaddingtonException(\"Missing description of Todo task!\");","lastModifiedDate":"2025-09-24T17:56:21","isFullCredit":false},{"lineNumber":12,"author":{"gitId":"BestBearrr"},"content":"    }","lastModifiedDate":"2025-09-24T17:56:21","isFullCredit":false},{"lineNumber":13,"author":{"gitId":"BestBearrr"},"content":"","lastModifiedDate":"2025-09-24T17:56:21","isFullCredit":false},{"lineNumber":14,"author":{"gitId":"BestBearrr"},"content":"    public static PaddingtonException invalidEvent() {","lastModifiedDate":"2025-09-24T17:56:21","isFullCredit":false},{"lineNumber":15,"author":{"gitId":"BestBearrr"},"content":"        return new PaddingtonException(\"Missing description of Event task!\");","lastModifiedDate":"2025-09-24T17:56:21","isFullCredit":false},{"lineNumber":16,"author":{"gitId":"BestBearrr"},"content":"    }","lastModifiedDate":"2025-09-24T17:56:21","isFullCredit":false},{"lineNumber":17,"author":{"gitId":"BestBearrr"},"content":"","lastModifiedDate":"2025-09-24T17:56:21","isFullCredit":false},{"lineNumber":18,"author":{"gitId":"BestBearrr"},"content":"    public static PaddingtonException invalidDeadline() {","lastModifiedDate":"2025-09-24T17:56:21","isFullCredit":false},{"lineNumber":19,"author":{"gitId":"BestBearrr"},"content":"        return new PaddingtonException(\"Missing description of Deadline task!\");","lastModifiedDate":"2025-09-24T17:56:21","isFullCredit":false},{"lineNumber":20,"author":{"gitId":"BestBearrr"},"content":"    }","lastModifiedDate":"2025-09-14T14:54:55","isFullCredit":false},{"lineNumber":21,"author":{"gitId":"BestBearrr"},"content":"}","lastModifiedDate":"2025-09-14T14:54:55","isFullCredit":false}],"authorContributionMap":{"BestBearrr":21}},{"path":"src/main/java/Task.java","fileType":"java","lines":[{"lineNumber":1,"author":{"gitId":"BestBearrr"},"content":"public class Task {","lastModifiedDate":"2025-09-01T19:14:29","isFullCredit":false},{"lineNumber":2,"author":{"gitId":"BestBearrr"},"content":"    protected String description;","lastModifiedDate":"2025-09-01T19:14:29","isFullCredit":false},{"lineNumber":3,"author":{"gitId":"BestBearrr"},"content":"    protected boolean isDone;","lastModifiedDate":"2025-09-01T19:20:03","isFullCredit":false},{"lineNumber":4,"author":{"gitId":"BestBearrr"},"content":"","lastModifiedDate":"2025-09-01T19:14:29","isFullCredit":false},{"lineNumber":5,"author":{"gitId":"BestBearrr"},"content":"    public Task(String description) {","lastModifiedDate":"2025-09-01T19:14:29","isFullCredit":false},{"lineNumber":6,"author":{"gitId":"BestBearrr"},"content":"        this.description \u003d description;","lastModifiedDate":"2025-09-01T19:14:29","isFullCredit":false},{"lineNumber":7,"author":{"gitId":"BestBearrr"},"content":"        this.isDone \u003d false;","lastModifiedDate":"2025-09-01T19:20:03","isFullCredit":false},{"lineNumber":8,"author":{"gitId":"BestBearrr"},"content":"    }","lastModifiedDate":"2025-09-01T19:14:29","isFullCredit":false},{"lineNumber":9,"author":{"gitId":"BestBearrr"},"content":"","lastModifiedDate":"2025-09-01T19:14:29","isFullCredit":false},{"lineNumber":10,"author":{"gitId":"BestBearrr"},"content":"    public String getDescription() {","lastModifiedDate":"2025-09-01T19:14:29","isFullCredit":false},{"lineNumber":11,"author":{"gitId":"BestBearrr"},"content":"        return this.description;","lastModifiedDate":"2025-09-01T19:14:29","isFullCredit":false},{"lineNumber":12,"author":{"gitId":"BestBearrr"},"content":"    }","lastModifiedDate":"2025-09-01T19:14:29","isFullCredit":false},{"lineNumber":13,"author":{"gitId":"BestBearrr"},"content":"","lastModifiedDate":"2025-09-01T19:20:03","isFullCredit":false},{"lineNumber":14,"author":{"gitId":"BestBearrr"},"content":"    public String getStatusIcon() {","lastModifiedDate":"2025-09-01T19:20:03","isFullCredit":false},{"lineNumber":15,"author":{"gitId":"BestBearrr"},"content":"        return (isDone ? \"X\" : \" \"); // mark done task with X","lastModifiedDate":"2025-09-01T19:20:03","isFullCredit":false},{"lineNumber":16,"author":{"gitId":"BestBearrr"},"content":"    }","lastModifiedDate":"2025-09-01T19:20:03","isFullCredit":false},{"lineNumber":17,"author":{"gitId":"BestBearrr"},"content":"","lastModifiedDate":"2025-09-01T19:20:03","isFullCredit":false},{"lineNumber":18,"author":{"gitId":"BestBearrr"},"content":"    public void markAsDone() {","lastModifiedDate":"2025-09-01T19:20:03","isFullCredit":false},{"lineNumber":19,"author":{"gitId":"BestBearrr"},"content":"        this.isDone \u003d true;","lastModifiedDate":"2025-09-01T19:20:03","isFullCredit":false},{"lineNumber":20,"author":{"gitId":"BestBearrr"},"content":"    }","lastModifiedDate":"2025-09-01T19:20:03","isFullCredit":false},{"lineNumber":21,"author":{"gitId":"BestBearrr"},"content":"","lastModifiedDate":"2025-09-01T19:20:03","isFullCredit":false},{"lineNumber":22,"author":{"gitId":"BestBearrr"},"content":"    public void unmarkAsDone() {","lastModifiedDate":"2025-09-01T19:20:03","isFullCredit":false},{"lineNumber":23,"author":{"gitId":"BestBearrr"},"content":"        this.isDone \u003d false;","lastModifiedDate":"2025-09-01T19:20:03","isFullCredit":false},{"lineNumber":24,"author":{"gitId":"BestBearrr"},"content":"    }","lastModifiedDate":"2025-09-01T19:20:03","isFullCredit":false},{"lineNumber":25,"author":{"gitId":"BestBearrr"},"content":"","lastModifiedDate":"2025-09-14T13:07:24","isFullCredit":false},{"lineNumber":26,"author":{"gitId":"BestBearrr"},"content":"    public String toString() {","lastModifiedDate":"2025-09-14T13:07:24","isFullCredit":false},{"lineNumber":27,"author":{"gitId":"BestBearrr"},"content":"        return \"[\" + getStatusIcon() + \"] \" + getDescription();","lastModifiedDate":"2025-09-14T13:07:24","isFullCredit":false},{"lineNumber":28,"author":{"gitId":"BestBearrr"},"content":"    }","lastModifiedDate":"2025-09-14T13:07:24","isFullCredit":false},{"lineNumber":29,"author":{"gitId":"BestBearrr"},"content":"}","lastModifiedDate":"2025-09-01T19:14:29","isFullCredit":false}],"authorContributionMap":{"BestBearrr":29}},{"path":"src/main/java/Todo.java","fileType":"java","lines":[{"lineNumber":1,"author":{"gitId":"BestBearrr"},"content":"public class Todo extends Task {","lastModifiedDate":"2025-09-14T13:08:44","isFullCredit":false},{"lineNumber":2,"author":{"gitId":"BestBearrr"},"content":"","lastModifiedDate":"2025-09-14T13:08:44","isFullCredit":false},{"lineNumber":3,"author":{"gitId":"BestBearrr"},"content":"    public Todo(String description) {","lastModifiedDate":"2025-09-14T13:08:44","isFullCredit":false},{"lineNumber":4,"author":{"gitId":"BestBearrr"},"content":"        super(description);","lastModifiedDate":"2025-09-14T13:08:44","isFullCredit":false},{"lineNumber":5,"author":{"gitId":"BestBearrr"},"content":"    }","lastModifiedDate":"2025-09-14T13:08:44","isFullCredit":false},{"lineNumber":6,"author":{"gitId":"BestBearrr"},"content":"","lastModifiedDate":"2025-09-14T13:08:44","isFullCredit":false},{"lineNumber":7,"author":{"gitId":"BestBearrr"},"content":"    @Override","lastModifiedDate":"2025-09-14T13:08:44","isFullCredit":false},{"lineNumber":8,"author":{"gitId":"BestBearrr"},"content":"    public String toString() {","lastModifiedDate":"2025-09-14T13:08:44","isFullCredit":false},{"lineNumber":9,"author":{"gitId":"BestBearrr"},"content":"        return \"[T]\" + super.toString();","lastModifiedDate":"2025-09-14T13:08:44","isFullCredit":false},{"lineNumber":10,"author":{"gitId":"BestBearrr"},"content":"    }","lastModifiedDate":"2025-09-14T13:08:44","isFullCredit":false},{"lineNumber":11,"author":{"gitId":"BestBearrr"},"content":"}","lastModifiedDate":"2025-09-14T13:08:44","isFullCredit":false}],"authorContributionMap":{"BestBearrr":11}},{"path":"text-ui-test/input.txt","fileType":"txt","lines":[{"lineNumber":1,"author":{"gitId":"BestBearrr"},"content":"todo eat marmalade","lastModifiedDate":"2025-09-14T14:05:18","isFullCredit":false},{"lineNumber":2,"author":{"gitId":"BestBearrr"},"content":"event visit paddington gift store /from Wed 8pm /to 9pm","lastModifiedDate":"2025-09-14T14:05:18","isFullCredit":false},{"lineNumber":3,"author":{"gitId":"BestBearrr"},"content":"deadline take piccadilly line to heathrow airport /by Wed 11pm","lastModifiedDate":"2025-09-14T14:05:18","isFullCredit":false},{"lineNumber":4,"author":{"gitId":"BestBearrr"},"content":"mark 1","lastModifiedDate":"2025-09-14T14:05:18","isFullCredit":false},{"lineNumber":5,"author":{"gitId":"BestBearrr"},"content":"list","lastModifiedDate":"2025-09-14T14:05:18","isFullCredit":false},{"lineNumber":6,"author":{"gitId":"BestBearrr"},"content":"mark 2","lastModifiedDate":"2025-09-14T14:05:18","isFullCredit":false},{"lineNumber":7,"author":{"gitId":"BestBearrr"},"content":"list","lastModifiedDate":"2025-09-14T14:05:18","isFullCredit":false},{"lineNumber":8,"author":{"gitId":"BestBearrr"},"content":"bye","lastModifiedDate":"2025-09-14T14:05:18","isFullCredit":false}],"authorContributionMap":{"BestBearrr":8}},{"path":"text-ui-test/runtest.bat","fileType":"bat","lines":[{"lineNumber":1,"author":{"gitId":"-"},"content":"@ECHO OFF","lastModifiedDate":"2020-05-25T00:03:55","isFullCredit":false},{"lineNumber":2,"author":{"gitId":"-"},"content":"","lastModifiedDate":"2020-05-25T00:03:55","isFullCredit":false},{"lineNumber":3,"author":{"gitId":"-"},"content":"REM create bin directory if it doesn\u0027t exist","lastModifiedDate":"2020-05-25T00:03:55","isFullCredit":false},{"lineNumber":4,"author":{"gitId":"-"},"content":"if not exist ..\\bin mkdir ..\\bin","lastModifiedDate":"2020-05-25T00:03:55","isFullCredit":false},{"lineNumber":5,"author":{"gitId":"-"},"content":"","lastModifiedDate":"2020-05-25T00:03:55","isFullCredit":false},{"lineNumber":6,"author":{"gitId":"-"},"content":"REM delete output from previous run","lastModifiedDate":"2020-05-25T00:03:55","isFullCredit":false},{"lineNumber":7,"author":{"gitId":"-"},"content":"if exist ACTUAL.TXT del ACTUAL.TXT","lastModifiedDate":"2020-08-25T17:23:26","isFullCredit":false},{"lineNumber":8,"author":{"gitId":"-"},"content":"","lastModifiedDate":"2020-05-25T00:03:55","isFullCredit":false},{"lineNumber":9,"author":{"gitId":"-"},"content":"REM compile the code into the bin folder","lastModifiedDate":"2020-05-25T00:03:55","isFullCredit":false},{"lineNumber":10,"author":{"gitId":"-"},"content":"javac  -cp ..\\src\\main\\java -Xlint:none -d ..\\bin ..\\src\\main\\java\\*.java","lastModifiedDate":"2020-08-25T17:23:26","isFullCredit":false},{"lineNumber":11,"author":{"gitId":"-"},"content":"IF ERRORLEVEL 1 (","lastModifiedDate":"2020-05-25T00:03:55","isFullCredit":false},{"lineNumber":12,"author":{"gitId":"-"},"content":"    echo ********** BUILD FAILURE **********","lastModifiedDate":"2020-05-25T00:03:55","isFullCredit":false},{"lineNumber":13,"author":{"gitId":"-"},"content":"    exit /b 1","lastModifiedDate":"2020-05-25T00:03:55","isFullCredit":false},{"lineNumber":14,"author":{"gitId":"-"},"content":")","lastModifiedDate":"2020-05-25T00:03:55","isFullCredit":false},{"lineNumber":15,"author":{"gitId":"-"},"content":"REM no error here, errorlevel \u003d\u003d 0","lastModifiedDate":"2020-05-25T00:03:55","isFullCredit":false},{"lineNumber":16,"author":{"gitId":"-"},"content":"","lastModifiedDate":"2020-05-25T00:03:55","isFullCredit":false},{"lineNumber":17,"author":{"gitId":"-"},"content":"REM run the program, feed commands from input.txt file and redirect the output to the ACTUAL.TXT","lastModifiedDate":"2020-05-25T00:03:55","isFullCredit":false},{"lineNumber":18,"author":{"gitId":"BestBearrr"},"content":"java -classpath ..\\bin Paddington \u003c input.txt \u003e ACTUAL.TXT","lastModifiedDate":"2025-09-14T14:05:18","isFullCredit":false},{"lineNumber":19,"author":{"gitId":"-"},"content":"","lastModifiedDate":"2020-05-25T00:03:55","isFullCredit":false},{"lineNumber":20,"author":{"gitId":"-"},"content":"REM compare the output to the expected output","lastModifiedDate":"2020-05-25T00:03:55","isFullCredit":false},{"lineNumber":21,"author":{"gitId":"-"},"content":"FC ACTUAL.TXT EXPECTED.TXT","lastModifiedDate":"2020-05-25T00:03:55","isFullCredit":false}],"authorContributionMap":{"BestBearrr":1,"-":20}}]
