[{"path":"src/main/java/Paddington.java","fileType":"java","lines":[{"lineNumber":1,"author":{"gitId":"BestBearrr"},"content":"import java.util.Scanner;","lastModifiedDate":"2025-09-01T18:20:01","isFullCredit":false},{"lineNumber":2,"author":{"gitId":"BestBearrr"},"content":"","lastModifiedDate":"2025-09-01T18:20:01","isFullCredit":false},{"lineNumber":3,"author":{"gitId":"BestBearrr"},"content":"public class Paddington {","lastModifiedDate":"2025-08-27T14:55:33","isFullCredit":false},{"lineNumber":4,"author":{"gitId":"BestBearrr"},"content":"    public static void main(String[] args) {","lastModifiedDate":"2025-08-27T14:55:33","isFullCredit":false},{"lineNumber":5,"author":{"gitId":"BestBearrr"},"content":"        /*String logo \u003d \" ____        _        \\n\"","lastModifiedDate":"2025-08-27T14:55:33","isFullCredit":false},{"lineNumber":6,"author":{"gitId":"BestBearrr"},"content":"                + \"|  _ \\\\ _   _| | _____ \\n\"","lastModifiedDate":"2025-08-27T14:55:33","isFullCredit":false},{"lineNumber":7,"author":{"gitId":"BestBearrr"},"content":"                + \"| | | | | | | |/ / _ \\\\\\n\"","lastModifiedDate":"2025-08-27T14:55:33","isFullCredit":false},{"lineNumber":8,"author":{"gitId":"BestBearrr"},"content":"                + \"| |_| | |_| |   \u003c  __/\\n\"","lastModifiedDate":"2025-08-27T14:55:33","isFullCredit":false},{"lineNumber":9,"author":{"gitId":"BestBearrr"},"content":"                + \"|____/ \\\\__,_|_|\\\\_\\\\___|\\n\";","lastModifiedDate":"2025-08-27T14:55:33","isFullCredit":false},{"lineNumber":10,"author":{"gitId":"BestBearrr"},"content":"        System.out.println(\"Hello from\\n\" + logo);*/","lastModifiedDate":"2025-08-27T14:55:33","isFullCredit":false},{"lineNumber":11,"author":{"gitId":"BestBearrr"},"content":"        String line \u003d \"____________________________________________________________\\n\";","lastModifiedDate":"2025-08-27T14:55:33","isFullCredit":false},{"lineNumber":12,"author":{"gitId":"BestBearrr"},"content":"        System.out.print(line);","lastModifiedDate":"2025-08-27T14:55:33","isFullCredit":false},{"lineNumber":13,"author":{"gitId":"BestBearrr"},"content":"        System.out.println(\"Hello! I\u0027m Paddington\");","lastModifiedDate":"2025-08-27T14:55:33","isFullCredit":false},{"lineNumber":14,"author":{"gitId":"BestBearrr"},"content":"        System.out.println(\"What can I do for you?\");","lastModifiedDate":"2025-08-27T14:55:33","isFullCredit":false},{"lineNumber":15,"author":{"gitId":"BestBearrr"},"content":"        System.out.print(line);","lastModifiedDate":"2025-08-27T14:55:33","isFullCredit":false},{"lineNumber":16,"author":{"gitId":"BestBearrr"},"content":"","lastModifiedDate":"2025-09-01T18:20:01","isFullCredit":false},{"lineNumber":17,"author":{"gitId":"BestBearrr"},"content":"        Task[] tasks \u003d new Task[100];","lastModifiedDate":"2025-09-01T19:14:29","isFullCredit":false},{"lineNumber":18,"author":{"gitId":"BestBearrr"},"content":"        int taskCount \u003d 0;","lastModifiedDate":"2025-09-01T19:14:29","isFullCredit":false},{"lineNumber":19,"author":{"gitId":"BestBearrr"},"content":"","lastModifiedDate":"2025-09-01T18:20:01","isFullCredit":false},{"lineNumber":20,"author":{"gitId":"BestBearrr"},"content":"        Scanner scanner \u003d new Scanner(System.in);","lastModifiedDate":"2025-09-01T18:20:01","isFullCredit":false},{"lineNumber":21,"author":{"gitId":"BestBearrr"},"content":"        String userInput;","lastModifiedDate":"2025-09-01T18:20:01","isFullCredit":false},{"lineNumber":22,"author":{"gitId":"BestBearrr"},"content":"","lastModifiedDate":"2025-09-01T18:20:01","isFullCredit":false},{"lineNumber":23,"author":{"gitId":"BestBearrr"},"content":"        while (true) {","lastModifiedDate":"2025-09-01T18:20:01","isFullCredit":false},{"lineNumber":24,"author":{"gitId":"BestBearrr"},"content":"            userInput \u003d scanner.nextLine().toLowerCase();","lastModifiedDate":"2025-09-01T19:14:29","isFullCredit":false},{"lineNumber":25,"author":{"gitId":"BestBearrr"},"content":"","lastModifiedDate":"2025-09-01T19:14:29","isFullCredit":false},{"lineNumber":26,"author":{"gitId":"BestBearrr"},"content":"            System.out.print(line);","lastModifiedDate":"2025-09-01T19:14:29","isFullCredit":false},{"lineNumber":27,"author":{"gitId":"BestBearrr"},"content":"","lastModifiedDate":"2025-09-01T18:20:01","isFullCredit":false},{"lineNumber":28,"author":{"gitId":"BestBearrr"},"content":"            if (userInput.equals(\"bye\")) {","lastModifiedDate":"2025-09-01T18:20:01","isFullCredit":false},{"lineNumber":29,"author":{"gitId":"BestBearrr"},"content":"                System.out.println(\"Bye. Hope to see you again soon!\");","lastModifiedDate":"2025-09-01T18:20:01","isFullCredit":false},{"lineNumber":30,"author":{"gitId":"BestBearrr"},"content":"                System.out.print(line);","lastModifiedDate":"2025-09-01T19:14:29","isFullCredit":false},{"lineNumber":31,"author":{"gitId":"BestBearrr"},"content":"                break;","lastModifiedDate":"2025-09-01T18:20:01","isFullCredit":false},{"lineNumber":32,"author":{"gitId":"BestBearrr"},"content":"            } else if (userInput.equals(\"list\")) {","lastModifiedDate":"2025-09-01T19:14:29","isFullCredit":false},{"lineNumber":33,"author":{"gitId":"BestBearrr"},"content":"                if (taskCount \u003d\u003d 0) {","lastModifiedDate":"2025-09-01T19:14:29","isFullCredit":false},{"lineNumber":34,"author":{"gitId":"BestBearrr"},"content":"                    System.out.println(\"No saved tasks.\");","lastModifiedDate":"2025-09-01T19:14:29","isFullCredit":false},{"lineNumber":35,"author":{"gitId":"BestBearrr"},"content":"                } else {","lastModifiedDate":"2025-09-01T19:14:29","isFullCredit":false},{"lineNumber":36,"author":{"gitId":"BestBearrr"},"content":"                    // Display all saved tasks","lastModifiedDate":"2025-09-01T19:14:29","isFullCredit":false},{"lineNumber":37,"author":{"gitId":"BestBearrr"},"content":"                    for (int i \u003d 0; i \u003c taskCount; i++) {","lastModifiedDate":"2025-09-01T19:14:29","isFullCredit":false},{"lineNumber":38,"author":{"gitId":"BestBearrr"},"content":"                        System.out.println((i + 1) + \".[\" + tasks[i].getStatusIcon() + \"] \" + tasks[i].getDescription());","lastModifiedDate":"2025-09-01T19:20:03","isFullCredit":false},{"lineNumber":39,"author":{"gitId":"BestBearrr"},"content":"                    }","lastModifiedDate":"2025-09-01T18:20:01","isFullCredit":false},{"lineNumber":40,"author":{"gitId":"BestBearrr"},"content":"                }","lastModifiedDate":"2025-09-01T18:20:01","isFullCredit":false},{"lineNumber":41,"author":{"gitId":"BestBearrr"},"content":"            }","lastModifiedDate":"2025-09-01T19:14:29","isFullCredit":false},{"lineNumber":42,"author":{"gitId":"BestBearrr"},"content":"            // Mark as done","lastModifiedDate":"2025-09-01T19:20:03","isFullCredit":false},{"lineNumber":43,"author":{"gitId":"BestBearrr"},"content":"            else if (userInput.startsWith(\"mark \")) {","lastModifiedDate":"2025-09-01T19:20:03","isFullCredit":false},{"lineNumber":44,"author":{"gitId":"BestBearrr"},"content":"                int taskIndex \u003d Integer.parseInt(userInput.substring(5)) - 1;","lastModifiedDate":"2025-09-01T19:20:03","isFullCredit":false},{"lineNumber":45,"author":{"gitId":"BestBearrr"},"content":"                Task t \u003d tasks[taskIndex];","lastModifiedDate":"2025-09-01T19:20:03","isFullCredit":false},{"lineNumber":46,"author":{"gitId":"BestBearrr"},"content":"                System.out.println(\"Nice! I\u0027ve marked this task as done:\");","lastModifiedDate":"2025-09-01T19:20:03","isFullCredit":false},{"lineNumber":47,"author":{"gitId":"BestBearrr"},"content":"                t.markAsDone();","lastModifiedDate":"2025-09-01T19:20:03","isFullCredit":false},{"lineNumber":48,"author":{"gitId":"BestBearrr"},"content":"                System.out.println(\"  [\" + t.getStatusIcon() + \"] \" + t.description);","lastModifiedDate":"2025-09-01T19:20:03","isFullCredit":false},{"lineNumber":49,"author":{"gitId":"BestBearrr"},"content":"            }","lastModifiedDate":"2025-09-01T19:20:03","isFullCredit":false},{"lineNumber":50,"author":{"gitId":"BestBearrr"},"content":"            // Unmark as done","lastModifiedDate":"2025-09-01T19:20:03","isFullCredit":false},{"lineNumber":51,"author":{"gitId":"BestBearrr"},"content":"            else if (userInput.startsWith(\"unmark \")) {","lastModifiedDate":"2025-09-01T19:20:03","isFullCredit":false},{"lineNumber":52,"author":{"gitId":"BestBearrr"},"content":"                int taskIndex \u003d Integer.parseInt(userInput.substring(7)) - 1;","lastModifiedDate":"2025-09-01T19:20:03","isFullCredit":false},{"lineNumber":53,"author":{"gitId":"BestBearrr"},"content":"                Task t \u003d tasks[taskIndex];","lastModifiedDate":"2025-09-01T19:20:03","isFullCredit":false},{"lineNumber":54,"author":{"gitId":"BestBearrr"},"content":"                System.out.println(\"OK, I\u0027ve marked this task as not done yet\");","lastModifiedDate":"2025-09-01T19:20:03","isFullCredit":false},{"lineNumber":55,"author":{"gitId":"BestBearrr"},"content":"                t.unmarkAsDone();","lastModifiedDate":"2025-09-01T19:20:03","isFullCredit":false},{"lineNumber":56,"author":{"gitId":"BestBearrr"},"content":"                System.out.println(\"  [\" + t.getStatusIcon() + \"] \" + t.description);","lastModifiedDate":"2025-09-01T19:20:03","isFullCredit":false},{"lineNumber":57,"author":{"gitId":"BestBearrr"},"content":"            }","lastModifiedDate":"2025-09-01T19:20:03","isFullCredit":false},{"lineNumber":58,"author":{"gitId":"BestBearrr"},"content":"            // Add new task","lastModifiedDate":"2025-09-01T19:14:29","isFullCredit":false},{"lineNumber":59,"author":{"gitId":"BestBearrr"},"content":"            else {","lastModifiedDate":"2025-09-01T19:14:29","isFullCredit":false},{"lineNumber":60,"author":{"gitId":"BestBearrr"},"content":"                Task t \u003d new Task(userInput);","lastModifiedDate":"2025-09-01T19:14:29","isFullCredit":false},{"lineNumber":61,"author":{"gitId":"BestBearrr"},"content":"                tasks[taskCount] \u003d t;","lastModifiedDate":"2025-09-01T19:14:29","isFullCredit":false},{"lineNumber":62,"author":{"gitId":"BestBearrr"},"content":"                taskCount++;","lastModifiedDate":"2025-09-01T19:14:29","isFullCredit":false},{"lineNumber":63,"author":{"gitId":"BestBearrr"},"content":"","lastModifiedDate":"2025-09-01T19:14:29","isFullCredit":false},{"lineNumber":64,"author":{"gitId":"BestBearrr"},"content":"                System.out.println(\"added: \" + userInput);","lastModifiedDate":"2025-09-01T19:14:29","isFullCredit":false},{"lineNumber":65,"author":{"gitId":"BestBearrr"},"content":"            }","lastModifiedDate":"2025-09-01T19:14:29","isFullCredit":false},{"lineNumber":66,"author":{"gitId":"BestBearrr"},"content":"","lastModifiedDate":"2025-09-01T18:20:01","isFullCredit":false},{"lineNumber":67,"author":{"gitId":"BestBearrr"},"content":"            System.out.print(line);","lastModifiedDate":"2025-09-01T19:14:29","isFullCredit":false},{"lineNumber":68,"author":{"gitId":"BestBearrr"},"content":"        }","lastModifiedDate":"2025-09-01T19:14:29","isFullCredit":false},{"lineNumber":69,"author":{"gitId":"BestBearrr"},"content":"","lastModifiedDate":"2025-09-01T18:20:01","isFullCredit":false},{"lineNumber":70,"author":{"gitId":"BestBearrr"},"content":"        scanner.close();","lastModifiedDate":"2025-09-01T19:14:29","isFullCredit":false},{"lineNumber":71,"author":{"gitId":"BestBearrr"},"content":"    }","lastModifiedDate":"2025-08-27T14:55:33","isFullCredit":false},{"lineNumber":72,"author":{"gitId":"BestBearrr"},"content":"}","lastModifiedDate":"2025-08-27T14:55:33","isFullCredit":false}],"authorContributionMap":{"BestBearrr":72}},{"path":"src/main/java/Task.java","fileType":"java","lines":[{"lineNumber":1,"author":{"gitId":"BestBearrr"},"content":"public class Task {","lastModifiedDate":"2025-09-01T19:14:29","isFullCredit":false},{"lineNumber":2,"author":{"gitId":"BestBearrr"},"content":"    protected String description;","lastModifiedDate":"2025-09-01T19:14:29","isFullCredit":false},{"lineNumber":3,"author":{"gitId":"BestBearrr"},"content":"    protected boolean isDone;","lastModifiedDate":"2025-09-01T19:20:03","isFullCredit":false},{"lineNumber":4,"author":{"gitId":"BestBearrr"},"content":"","lastModifiedDate":"2025-09-01T19:14:29","isFullCredit":false},{"lineNumber":5,"author":{"gitId":"BestBearrr"},"content":"    public Task(String description) {","lastModifiedDate":"2025-09-01T19:14:29","isFullCredit":false},{"lineNumber":6,"author":{"gitId":"BestBearrr"},"content":"        this.description \u003d description;","lastModifiedDate":"2025-09-01T19:14:29","isFullCredit":false},{"lineNumber":7,"author":{"gitId":"BestBearrr"},"content":"        this.isDone \u003d false;","lastModifiedDate":"2025-09-01T19:20:03","isFullCredit":false},{"lineNumber":8,"author":{"gitId":"BestBearrr"},"content":"    }","lastModifiedDate":"2025-09-01T19:14:29","isFullCredit":false},{"lineNumber":9,"author":{"gitId":"BestBearrr"},"content":"","lastModifiedDate":"2025-09-01T19:14:29","isFullCredit":false},{"lineNumber":10,"author":{"gitId":"BestBearrr"},"content":"    public String getDescription() {","lastModifiedDate":"2025-09-01T19:14:29","isFullCredit":false},{"lineNumber":11,"author":{"gitId":"BestBearrr"},"content":"        return this.description;","lastModifiedDate":"2025-09-01T19:14:29","isFullCredit":false},{"lineNumber":12,"author":{"gitId":"BestBearrr"},"content":"    }","lastModifiedDate":"2025-09-01T19:14:29","isFullCredit":false},{"lineNumber":13,"author":{"gitId":"BestBearrr"},"content":"","lastModifiedDate":"2025-09-01T19:20:03","isFullCredit":false},{"lineNumber":14,"author":{"gitId":"BestBearrr"},"content":"    public String getStatusIcon() {","lastModifiedDate":"2025-09-01T19:20:03","isFullCredit":false},{"lineNumber":15,"author":{"gitId":"BestBearrr"},"content":"        return (isDone ? \"X\" : \" \"); // mark done task with X","lastModifiedDate":"2025-09-01T19:20:03","isFullCredit":false},{"lineNumber":16,"author":{"gitId":"BestBearrr"},"content":"    }","lastModifiedDate":"2025-09-01T19:20:03","isFullCredit":false},{"lineNumber":17,"author":{"gitId":"BestBearrr"},"content":"","lastModifiedDate":"2025-09-01T19:20:03","isFullCredit":false},{"lineNumber":18,"author":{"gitId":"BestBearrr"},"content":"    public void markAsDone() {","lastModifiedDate":"2025-09-01T19:20:03","isFullCredit":false},{"lineNumber":19,"author":{"gitId":"BestBearrr"},"content":"        this.isDone \u003d true;","lastModifiedDate":"2025-09-01T19:20:03","isFullCredit":false},{"lineNumber":20,"author":{"gitId":"BestBearrr"},"content":"    }","lastModifiedDate":"2025-09-01T19:20:03","isFullCredit":false},{"lineNumber":21,"author":{"gitId":"BestBearrr"},"content":"","lastModifiedDate":"2025-09-01T19:20:03","isFullCredit":false},{"lineNumber":22,"author":{"gitId":"BestBearrr"},"content":"    public void unmarkAsDone() {","lastModifiedDate":"2025-09-01T19:20:03","isFullCredit":false},{"lineNumber":23,"author":{"gitId":"BestBearrr"},"content":"        this.isDone \u003d false;","lastModifiedDate":"2025-09-01T19:20:03","isFullCredit":false},{"lineNumber":24,"author":{"gitId":"BestBearrr"},"content":"    }","lastModifiedDate":"2025-09-01T19:20:03","isFullCredit":false},{"lineNumber":25,"author":{"gitId":"BestBearrr"},"content":"}","lastModifiedDate":"2025-09-01T19:14:29","isFullCredit":false}],"authorContributionMap":{"BestBearrr":25}}]
