{"authorDailyContributionsMap":{"BestBearrr":[{"date":"2025-08-27T00:00:00","commitResults":[{"hash":"a39f87e20585b623d10f648912eba980b2175158","isMergeCommit":false,"messageTitle":"Renamed Chatbot","messageBody":"","tags":["Level-0"],"fileTypesAndContributionMap":{"java":{"insertions":17,"deletions":10}}}]},{"date":"2025-09-01T00:00:00","commitResults":[{"hash":"8bcbe688631d2be48ed23483c406afeda7dfb26a","isMergeCommit":false,"messageTitle":"Add Echo user\u0027s commands","messageBody":"","tags":["Level-1"],"fileTypesAndContributionMap":{"java":{"insertions":19,"deletions":0}}},{"hash":"20efb6f8955c59150e0a6627f2833cc122621c22","isMergeCommit":false,"messageTitle":"Add Tasks, List","messageBody":"","tags":["Level-2"],"fileTypesAndContributionMap":{"java":{"insertions":37,"deletions":6}}},{"hash":"1531f4e4262c660bee94bf223f98ee60e75ab966","isMergeCommit":false,"messageTitle":"Add Mark and Unmark Tasks As Done","messageBody":"","tags":["Level-3"],"fileTypesAndContributionMap":{"java":{"insertions":31,"deletions":1}}}]}]},"authorFileTypeContributionMap":{"BestBearrr":{"java":97,"md":0,"fxml":0,"sh":0,"bat":0,"gradle":0,"txt":0}},"authorContributionVariance":{"BestBearrr":359.1744},"authorDisplayNameMap":{"BestBearrr":"CS2113-W14-4 LUO ..GXUN"}}
