[{"path":"docs/README.md","fileType":"md","lines":[{"lineNumber":1,"author":{"gitId":"Rezelix"},"content":"# Clovis User Guide","lastModifiedDate":"2025-08-26T23:17:25","isFullCredit":false},{"lineNumber":2,"author":{"gitId":"-"},"content":"","lastModifiedDate":"2019-07-29T17:14:46","isFullCredit":false},{"lineNumber":3,"author":{"gitId":"-"},"content":"// Product screenshot goes here","lastModifiedDate":"2024-01-07T18:33:52","isFullCredit":false},{"lineNumber":4,"author":{"gitId":"-"},"content":"","lastModifiedDate":"2021-07-17T16:49:07","isFullCredit":false},{"lineNumber":5,"author":{"gitId":"-"},"content":"// Product intro goes here","lastModifiedDate":"2024-01-07T18:33:52","isFullCredit":false},{"lineNumber":6,"author":{"gitId":"-"},"content":"","lastModifiedDate":"2021-07-17T16:49:07","isFullCredit":false},{"lineNumber":7,"author":{"gitId":"-"},"content":"## Adding deadlines","lastModifiedDate":"2024-01-07T18:33:52","isFullCredit":false},{"lineNumber":8,"author":{"gitId":"-"},"content":"","lastModifiedDate":"2021-07-17T16:49:07","isFullCredit":false},{"lineNumber":9,"author":{"gitId":"-"},"content":"// Describe the action and its outcome.","lastModifiedDate":"2024-01-07T18:33:52","isFullCredit":false},{"lineNumber":10,"author":{"gitId":"-"},"content":"","lastModifiedDate":"2019-07-29T17:14:46","isFullCredit":false},{"lineNumber":11,"author":{"gitId":"-"},"content":"// Give examples of usage","lastModifiedDate":"2024-01-07T18:33:52","isFullCredit":false},{"lineNumber":12,"author":{"gitId":"-"},"content":"","lastModifiedDate":"2019-07-29T17:14:46","isFullCredit":false},{"lineNumber":13,"author":{"gitId":"-"},"content":"Example: `keyword (optional arguments)`","lastModifiedDate":"2024-01-07T18:33:52","isFullCredit":false},{"lineNumber":14,"author":{"gitId":"-"},"content":"","lastModifiedDate":"2019-07-29T17:14:46","isFullCredit":false},{"lineNumber":15,"author":{"gitId":"-"},"content":"// A description of the expected outcome goes here","lastModifiedDate":"2024-01-07T18:33:52","isFullCredit":false},{"lineNumber":16,"author":{"gitId":"-"},"content":"","lastModifiedDate":"2019-07-29T17:14:46","isFullCredit":false},{"lineNumber":17,"author":{"gitId":"-"},"content":"```","lastModifiedDate":"2024-01-07T18:33:52","isFullCredit":false},{"lineNumber":18,"author":{"gitId":"-"},"content":"expected output","lastModifiedDate":"2024-01-07T18:33:52","isFullCredit":false},{"lineNumber":19,"author":{"gitId":"-"},"content":"```","lastModifiedDate":"2024-01-07T18:33:52","isFullCredit":false},{"lineNumber":20,"author":{"gitId":"-"},"content":"","lastModifiedDate":"2019-07-29T17:14:46","isFullCredit":false},{"lineNumber":21,"author":{"gitId":"-"},"content":"## Feature ABC","lastModifiedDate":"2024-01-07T18:33:52","isFullCredit":false},{"lineNumber":22,"author":{"gitId":"-"},"content":"","lastModifiedDate":"2019-07-29T17:14:46","isFullCredit":false},{"lineNumber":23,"author":{"gitId":"-"},"content":"// Feature details","lastModifiedDate":"2024-01-07T18:33:52","isFullCredit":false},{"lineNumber":24,"author":{"gitId":"-"},"content":"","lastModifiedDate":"2019-07-29T17:14:46","isFullCredit":false},{"lineNumber":25,"author":{"gitId":"-"},"content":"","lastModifiedDate":"2021-07-17T16:49:07","isFullCredit":false},{"lineNumber":26,"author":{"gitId":"-"},"content":"## Feature XYZ","lastModifiedDate":"2024-01-07T18:33:52","isFullCredit":false},{"lineNumber":27,"author":{"gitId":"-"},"content":"","lastModifiedDate":"2024-01-07T18:33:52","isFullCredit":false},{"lineNumber":28,"author":{"gitId":"-"},"content":"// Feature details","lastModifiedDate":"2024-01-07T18:33:52","isFullCredit":false}],"authorContributionMap":{"Rezelix":1,"-":27}},{"path":"src/main/java/Clovis.java","fileType":"java","lines":[{"lineNumber":1,"author":{"gitId":"Rezelix"},"content":"import java.util.Scanner;","lastModifiedDate":"2025-09-01T12:34:09","isFullCredit":false},{"lineNumber":2,"author":{"gitId":"Rezelix"},"content":"public class Clovis {","lastModifiedDate":"2025-08-26T23:17:25","isFullCredit":false},{"lineNumber":3,"author":{"gitId":"Rezelix"},"content":"    //Constants","lastModifiedDate":"2025-09-01T12:34:09","isFullCredit":false},{"lineNumber":4,"author":{"gitId":"Rezelix"},"content":"    static final String DIVIDER \u003d \"__________________________________________________________\\n\";","lastModifiedDate":"2025-09-01T12:34:09","isFullCredit":false},{"lineNumber":5,"author":{"gitId":"Rezelix"},"content":"    static final int MAX_NUM_OF_TASKS \u003d 100;","lastModifiedDate":"2025-09-01T13:36:58","isFullCredit":false},{"lineNumber":6,"author":{"gitId":"Rezelix"},"content":"    static public String[] tasks \u003d  new String[MAX_NUM_OF_TASKS];","lastModifiedDate":"2025-09-01T13:36:58","isFullCredit":false},{"lineNumber":7,"author":{"gitId":"Rezelix"},"content":"","lastModifiedDate":"2025-09-01T13:36:58","isFullCredit":false},{"lineNumber":8,"author":{"gitId":"Rezelix"},"content":"    public static void main(String[] args) {","lastModifiedDate":"2025-08-26T23:17:25","isFullCredit":false},{"lineNumber":9,"author":{"gitId":"Rezelix"},"content":"        String logo \u003d \"  _____ _            _     \\n\" +","lastModifiedDate":"2025-08-26T23:17:25","isFullCredit":false},{"lineNumber":10,"author":{"gitId":"Rezelix"},"content":"                \" / ____| |          (_)    \\n\" +","lastModifiedDate":"2025-08-26T23:17:25","isFullCredit":false},{"lineNumber":11,"author":{"gitId":"Rezelix"},"content":"                \"| |    | | _____   ___ ___ \\n\" +","lastModifiedDate":"2025-08-26T23:17:25","isFullCredit":false},{"lineNumber":12,"author":{"gitId":"Rezelix"},"content":"                \"| |    | |/ _ \\\\ \\\\ / / / __|\\n\" +","lastModifiedDate":"2025-08-26T23:17:25","isFullCredit":false},{"lineNumber":13,"author":{"gitId":"Rezelix"},"content":"                \"| |____| | (_) \\\\ V /| \\\\__ \\\\\\n\" +","lastModifiedDate":"2025-08-26T23:17:25","isFullCredit":false},{"lineNumber":14,"author":{"gitId":"Rezelix"},"content":"                \" \\\\_____|_|\\\\___/ \\\\_/ |_|___/\";","lastModifiedDate":"2025-08-26T23:17:25","isFullCredit":false},{"lineNumber":15,"author":{"gitId":"Rezelix"},"content":"        System.out.println(\"Hello from\\n\" + logo);","lastModifiedDate":"2025-08-26T23:17:25","isFullCredit":false},{"lineNumber":16,"author":{"gitId":"Rezelix"},"content":"        System.out.println(\"What do you want from me this time?\");","lastModifiedDate":"2025-08-26T23:17:25","isFullCredit":false},{"lineNumber":17,"author":{"gitId":"Rezelix"},"content":"        divider();","lastModifiedDate":"2025-09-01T13:36:58","isFullCredit":false},{"lineNumber":18,"author":{"gitId":"Rezelix"},"content":"        int taskIndex \u003d 0;","lastModifiedDate":"2025-09-01T13:36:58","isFullCredit":false},{"lineNumber":19,"author":{"gitId":"Rezelix"},"content":"        while (true) {","lastModifiedDate":"2025-09-01T12:52:44","isFullCredit":false},{"lineNumber":20,"author":{"gitId":"Rezelix"},"content":"            Scanner inputComm \u003d new Scanner(System.in);","lastModifiedDate":"2025-09-01T12:34:09","isFullCredit":false},{"lineNumber":21,"author":{"gitId":"Rezelix"},"content":"            String line \u003d inputComm.nextLine();","lastModifiedDate":"2025-09-01T12:34:09","isFullCredit":false},{"lineNumber":22,"author":{"gitId":"Rezelix"},"content":"            switch (line) {","lastModifiedDate":"2025-09-01T12:34:09","isFullCredit":false},{"lineNumber":23,"author":{"gitId":"Rezelix"},"content":"            case \"list\":","lastModifiedDate":"2025-09-01T12:34:09","isFullCredit":false},{"lineNumber":24,"author":{"gitId":"Rezelix"},"content":"                divider();","lastModifiedDate":"2025-09-01T13:36:58","isFullCredit":false},{"lineNumber":25,"author":{"gitId":"Rezelix"},"content":"                printTasks(tasks);","lastModifiedDate":"2025-09-01T13:36:58","isFullCredit":false},{"lineNumber":26,"author":{"gitId":"Rezelix"},"content":"                divider();","lastModifiedDate":"2025-09-01T13:36:58","isFullCredit":false},{"lineNumber":27,"author":{"gitId":"Rezelix"},"content":"                break;","lastModifiedDate":"2025-09-01T12:34:09","isFullCredit":false},{"lineNumber":28,"author":{"gitId":"Rezelix"},"content":"            case \"bye\":","lastModifiedDate":"2025-09-01T12:34:09","isFullCredit":false},{"lineNumber":29,"author":{"gitId":"Rezelix"},"content":"                divider();","lastModifiedDate":"2025-09-01T13:36:58","isFullCredit":false},{"lineNumber":30,"author":{"gitId":"Rezelix"},"content":"                System.out.println(\"Bye. Don\u0027t come again!\");","lastModifiedDate":"2025-08-26T23:17:25","isFullCredit":false},{"lineNumber":31,"author":{"gitId":"Rezelix"},"content":"                divider();","lastModifiedDate":"2025-09-01T13:36:58","isFullCredit":false},{"lineNumber":32,"author":{"gitId":"Rezelix"},"content":"                taskIndex \u003d 0;","lastModifiedDate":"2025-09-01T13:36:58","isFullCredit":false},{"lineNumber":33,"author":{"gitId":"Rezelix"},"content":"                System.exit(0);","lastModifiedDate":"2025-09-01T12:52:44","isFullCredit":false},{"lineNumber":34,"author":{"gitId":"Rezelix"},"content":"                break;","lastModifiedDate":"2025-09-01T12:34:09","isFullCredit":false},{"lineNumber":35,"author":{"gitId":"Rezelix"},"content":"            default:","lastModifiedDate":"2025-09-01T12:34:09","isFullCredit":false},{"lineNumber":36,"author":{"gitId":"Rezelix"},"content":"                tasks[taskIndex] \u003d line;","lastModifiedDate":"2025-09-01T13:36:58","isFullCredit":false},{"lineNumber":37,"author":{"gitId":"Rezelix"},"content":"                taskIndex +\u003d 1;","lastModifiedDate":"2025-09-01T13:36:58","isFullCredit":false},{"lineNumber":38,"author":{"gitId":"Rezelix"},"content":"                divider();","lastModifiedDate":"2025-09-01T13:36:58","isFullCredit":false},{"lineNumber":39,"author":{"gitId":"Rezelix"},"content":"                System.out.println(\"added: \" + line);","lastModifiedDate":"2025-09-01T13:36:58","isFullCredit":false},{"lineNumber":40,"author":{"gitId":"Rezelix"},"content":"                divider();","lastModifiedDate":"2025-09-01T13:36:58","isFullCredit":false},{"lineNumber":41,"author":{"gitId":"Rezelix"},"content":"                break;","lastModifiedDate":"2025-09-01T12:34:09","isFullCredit":false},{"lineNumber":42,"author":{"gitId":"Rezelix"},"content":"            }","lastModifiedDate":"2025-09-01T12:34:09","isFullCredit":false},{"lineNumber":43,"author":{"gitId":"Rezelix"},"content":"        }","lastModifiedDate":"2025-08-26T23:17:25","isFullCredit":false},{"lineNumber":44,"author":{"gitId":"Rezelix"},"content":"    }","lastModifiedDate":"2025-08-26T23:17:25","isFullCredit":false},{"lineNumber":45,"author":{"gitId":"Rezelix"},"content":"","lastModifiedDate":"2025-09-01T13:36:58","isFullCredit":false},{"lineNumber":46,"author":{"gitId":"Rezelix"},"content":"    public static void printTasks(String[] tasks) {","lastModifiedDate":"2025-09-01T13:36:58","isFullCredit":false},{"lineNumber":47,"author":{"gitId":"Rezelix"},"content":"        for (int i \u003d 0; tasks[i] !\u003d null ; i++) {","lastModifiedDate":"2025-09-01T13:36:58","isFullCredit":false},{"lineNumber":48,"author":{"gitId":"Rezelix"},"content":"            System.out.println(i + \". \" + tasks[i]);","lastModifiedDate":"2025-09-01T13:36:58","isFullCredit":false},{"lineNumber":49,"author":{"gitId":"Rezelix"},"content":"        }","lastModifiedDate":"2025-09-01T13:36:58","isFullCredit":false},{"lineNumber":50,"author":{"gitId":"Rezelix"},"content":"    }","lastModifiedDate":"2025-09-01T13:36:58","isFullCredit":false},{"lineNumber":51,"author":{"gitId":"Rezelix"},"content":"    ","lastModifiedDate":"2025-09-01T13:36:58","isFullCredit":false},{"lineNumber":52,"author":{"gitId":"Rezelix"},"content":"    public static void divider() {","lastModifiedDate":"2025-09-01T13:36:58","isFullCredit":false},{"lineNumber":53,"author":{"gitId":"Rezelix"},"content":"        System.out.print(DIVIDER);","lastModifiedDate":"2025-09-01T13:36:58","isFullCredit":false},{"lineNumber":54,"author":{"gitId":"Rezelix"},"content":"    }","lastModifiedDate":"2025-09-01T13:36:58","isFullCredit":false},{"lineNumber":55,"author":{"gitId":"Rezelix"},"content":"","lastModifiedDate":"2025-09-01T13:36:58","isFullCredit":false},{"lineNumber":56,"author":{"gitId":"Rezelix"},"content":"}","lastModifiedDate":"2025-09-01T12:52:44","isFullCredit":false}],"authorContributionMap":{"Rezelix":56}}]
