{"authorDailyContributionsMap":{"Rezelix":[{"date":"2025-08-26T00:00:00","commitResults":[{"hash":"452b4283fa9bd31ab349d84aa1a4045723da2de6","isMergeCommit":false,"messageTitle":"convert Duke to Clovis, the egotistic AI","messageBody":"","tags":["Level-0"],"fileTypesAndContributionMap":{"java":{"insertions":15,"deletions":10},"md":{"insertions":1,"deletions":3}}}]},{"date":"2025-09-01T00:00:00","commitResults":[{"hash":"5c3cdb9d8a37c38f17515edfa9d85bd107ece69a","isMergeCommit":false,"messageTitle":"add scanner and command prompt for simple switch case","messageBody":"","fileTypesAndContributionMap":{"java":{"insertions":26,"deletions":3}}},{"hash":"5a8ef4a03a1a428192c1665c43535069c7654115","isMergeCommit":false,"messageTitle":"fix bugs and add loop for reiterative commands, add exit case","messageBody":"","tags":["Level-1"],"fileTypesAndContributionMap":{"java":{"insertions":21,"deletions":20}}},{"hash":"c451d2e3e1f4372efd9ec85e1cb9a48924a4c79b","isMergeCommit":false,"messageTitle":"add String Array to hold tasks input by user and the command list prints all the tasks sequentially","messageBody":"","tags":["Level-2"],"fileTypesAndContributionMap":{"java":{"insertions":27,"deletions":10}}},{"hash":"819cab30bcc41c0341024b6dd25605e722d5fc11","isMergeCommit":false,"messageTitle":"add task class","messageBody":"","fileTypesAndContributionMap":{"java":{"insertions":25,"deletions":0}}}]},{"date":"2025-09-02T00:00:00","commitResults":[{"hash":"f5adce0517e61b0dd494e5cc34c88cc29b3f3d41","isMergeCommit":false,"messageTitle":"modify printTasks to work","messageBody":"","fileTypesAndContributionMap":{"java":{"insertions":7,"deletions":11}}},{"hash":"6b1713742d97c44d9160f7d1521b25973e9806ae","isMergeCommit":false,"messageTitle":"add marking and unmarking of tasks with list modifications","messageBody":"","tags":["Level-3"],"fileTypesAndContributionMap":{"java":{"insertions":13,"deletions":2}}}]},{"date":"2025-09-04T00:00:00","commitResults":[{"hash":"8d89d171625c71d78c6c12c654a1461ee6cd1638","isMergeCommit":false,"messageTitle":"add verb keyword to divider print function","messageBody":"","tags":["A-CodingStandard"],"fileTypesAndContributionMap":{"java":{"insertions":4,"deletions":5}}}]},{"date":"2025-09-05T00:00:00","commitResults":[{"hash":"c2fa3a2c7f442f24259ec82d4fc811b8ec9b2629","isMergeCommit":false,"messageTitle":"add Deadline subclass of Task and incorporate appropriate toString()","messageBody":"","fileTypesAndContributionMap":{"java":{"insertions":55,"deletions":11}}}]},{"date":"2025-09-06T00:00:00","commitResults":[{"hash":"94614ee0ca03758f504727a6ca3f942269d08583","isMergeCommit":false,"messageTitle":"Add deadline subclass for Task","messageBody":"","fileTypesAndContributionMap":{"java":{"insertions":22,"deletions":7}}},{"hash":"758326571b959ef2ea118827cc01251721ff0257","isMergeCommit":false,"messageTitle":"Create todo class and add constructor","messageBody":"","fileTypesAndContributionMap":{"java":{"insertions":2,"deletions":0}}},{"hash":"2818fa256c39b3ee05f5d5ed2d23cc9afabef0fd","isMergeCommit":false,"messageTitle":"add todo task printing and acknowledgement","messageBody":"","fileTypesAndContributionMap":{"java":{"insertions":21,"deletions":1}}},{"hash":"99440fbdb45911a8ea2e1ebfa5e445b1946b39cd","isMergeCommit":false,"messageTitle":"add event subclass, printing and acknowledgement","messageBody":"","fileTypesAndContributionMap":{"java":{"insertions":4,"deletions":0}}},{"hash":"39d4d7c1db1ce2768d2395ac1747ca29113be68e","isMergeCommit":false,"messageTitle":"add words trimming for cases where there is unneeded whitespace","messageBody":"","fileTypesAndContributionMap":{"java":{"insertions":47,"deletions":11}}}]},{"date":"2025-09-08T00:00:00","commitResults":[{"hash":"8d1137136d97b48cb078740265af738fd41ff636","isMergeCommit":false,"messageTitle":"comment debugging print statements and fix spacing for deadline and todo","messageBody":"","tags":["Level-4"],"fileTypesAndContributionMap":{"java":{"insertions":44,"deletions":7}}}]},{"date":"2025-09-10T00:00:00","commitResults":[{"hash":"1b7a866c61afdf9da0cfcefcda2145926dc26716","isMergeCommit":false,"messageTitle":"add automated test cases to assess program output","messageBody":"","tags":["A-TextUiTesting","A-CodeQuality"],"fileTypesAndContributionMap":{"txt":{"insertions":9,"deletions":0},"java":{"insertions":30,"deletions":27},"bat":{"insertions":2,"deletions":2}}}]},{"date":"2025-09-11T00:00:00","commitResults":[{"hash":"d7a3f9cc2a0dbd5c7b17dea2c0292ec9c830df84","isMergeCommit":false,"messageTitle":"add some error messages for erroneous imputs for some input types","messageBody":"","fileTypesAndContributionMap":{"java":{"insertions":9,"deletions":4}}},{"hash":"b32c9ef6e2ff74581833387e6891509b64238704","isMergeCommit":false,"messageTitle":"add error messages for unmark and mark methods","messageBody":"","fileTypesAndContributionMap":{"java":{"insertions":44,"deletions":8}}},{"hash":"0b598564ba2aa48038c183a71c06e47d94e73f08","isMergeCommit":false,"messageTitle":"add ClovisException Class with exceptions within","messageBody":"","tags":["Level-5"],"fileTypesAndContributionMap":{"java":{"insertions":16,"deletions":3}}},{"hash":"68ce839c2510e68e34f1c7ef90c77d1319b18a59","isMergeCommit":false,"messageTitle":"add exceptions to mark","messageBody":"","fileTypesAndContributionMap":{"java":{"insertions":42,"deletions":18}}},{"hash":"d7b1c47581c494bd257b65bc083180ae7f227de8","isMergeCommit":false,"messageTitle":"add exceptions to unmark","messageBody":"","fileTypesAndContributionMap":{"java":{"insertions":33,"deletions":35}}}]},{"date":"2025-09-12T00:00:00","commitResults":[{"hash":"2a5faba8ba8930fc8a59970a3aeb89841df9691f","isMergeCommit":false,"messageTitle":"add exceptions to deadline case","messageBody":"","fileTypesAndContributionMap":{"java":{"insertions":32,"deletions":21}}},{"hash":"0a0b1b66155ca3ecb7db472f9df2e27058fd7a3a","isMergeCommit":false,"messageTitle":"add exception to todo case","messageBody":"","fileTypesAndContributionMap":{"java":{"insertions":11,"deletions":4}}},{"hash":"c827122a191b8489675ef7ab800c21b092909046","isMergeCommit":false,"messageTitle":"add exception to event case","messageBody":"","fileTypesAndContributionMap":{"java":{"insertions":27,"deletions":33}}},{"hash":"ebc5a4d39ccb0ebddfdadb61feef3b1bf1b8c749","isMergeCommit":false,"messageTitle":"add exception to default case","messageBody":"","tags":["A-Exceptions"],"fileTypesAndContributionMap":{"java":{"insertions":6,"deletions":8}}},{"hash":"5439fcbc51ef86705f30d9cc956ff4ba4860e7ab","isMergeCommit":false,"messageTitle":"bug fixes","messageBody":"","fileTypesAndContributionMap":{"java":{"insertions":1,"deletions":1}}},{"hash":"27eb8506772fd55e3b616f7497df82bd36bd9c9c","isMergeCommit":true,"messageTitle":"merge branch \u0027branch-A-Exceptions\u0027 into branch-Level-5","messageBody":"","fileTypesAndContributionMap":{}},{"hash":"bd2a96cb382fe7f01b7db8b9414ff80c633f182a","isMergeCommit":true,"messageTitle":"Merge branch \u0027branch-Level-5\u0027","messageBody":"","fileTypesAndContributionMap":{}}]},{"date":"2025-09-23T00:00:00","commitResults":[{"hash":"9cfb61af58bde625b973ded67ad1e1b2ae7ee423","isMergeCommit":false,"messageTitle":"add error handling when user enters list command when there are no tasks enterred","messageBody":"","fileTypesAndContributionMap":{"java":{"insertions":3,"deletions":0}}},{"hash":"02c838655e97e895358d1c5853fa2a6947cab78d","isMergeCommit":true,"messageTitle":"Merge branch \u0027branch-A-Exceptions\u0027 into branch-Level-5","messageBody":"","fileTypesAndContributionMap":{}},{"hash":"4b240f248f64cc713d4b14fed54df111b59f0abc","isMergeCommit":true,"messageTitle":"Merge branch \u0027master\u0027 of https://github.com/Rezelix/ip","messageBody":"","fileTypesAndContributionMap":{}},{"hash":"3bc04229e5c25c50da2913b69cca2cde9ed56834","isMergeCommit":false,"messageTitle":"package classes so far","messageBody":"","fileTypesAndContributionMap":{"java":{"insertions":0,"deletions":0}}},{"hash":"09ea97069cd3cbca8c58bce0a228418d53df627a","isMergeCommit":false,"messageTitle":"package classes so far","messageBody":"","fileTypesAndContributionMap":{"java":{"insertions":20,"deletions":3},"md":{"insertions":1,"deletions":1}}},{"hash":"8b6d7b08ff6d3ded041b0c3c1196b0c5c50eecce","isMergeCommit":true,"messageTitle":"Merge branch \u0027branch-A-Packages\u0027","messageBody":"","tags":["A-Packages"],"fileTypesAndContributionMap":{}},{"hash":"782cd1fe1814b1fb1ee6fe8dff6e68ca6fc782cc","isMergeCommit":false,"messageTitle":"add delete case to command list","messageBody":"","fileTypesAndContributionMap":{"java":{"insertions":3,"deletions":0}}},{"hash":"44a0a7496355bd155c41920fd031bb4981c1886a","isMergeCommit":false,"messageTitle":"convert addition and print functions to work with ArrayList","messageBody":"","fileTypesAndContributionMap":{"java":{"insertions":23,"deletions":10}}},{"hash":"e9925dc10cd037c4fa4e823d102181880241cbfa","isMergeCommit":false,"messageTitle":"convert array index calls to array list index calls","messageBody":"","fileTypesAndContributionMap":{"java":{"insertions":18,"deletions":31},"bat":{"insertions":1,"deletions":1},"md":{"insertions":1,"deletions":1}}},{"hash":"b9541711f8b3ae6f6a03805dad0d86b8eb6836ac","isMergeCommit":false,"messageTitle":"edit runtest bat to involve all java files","messageBody":"","fileTypesAndContributionMap":{"bat":{"insertions":1,"deletions":1}}}]},{"date":"2025-09-24T00:00:00","commitResults":[{"hash":"6c9ad7bce5bbc650229596e5aae3bf41d44fbc77","isMergeCommit":true,"messageTitle":"Merge branch \u0027A-Collections\u0027 into branch-Level-6","messageBody":"","tags":["A-Collections"],"fileTypesAndContributionMap":{}},{"hash":"0a57c90aabddb0d7f6821392d0b4f2ccf86cafe9","isMergeCommit":false,"messageTitle":"add delete method and exception handling for tasks","messageBody":"","fileTypesAndContributionMap":{"txt":{"insertions":3,"deletions":0},"java":{"insertions":26,"deletions":6}}},{"hash":"5ce77023ee42e456dd7d72d541453b61bfd84e79","isMergeCommit":false,"messageTitle":"fix textUItesting to work with packaged code and improve input parsing","messageBody":"","fileTypesAndContributionMap":{"java":{"insertions":2,"deletions":2},"bat":{"insertions":2,"deletions":2}}},{"hash":"06d35e465f607fdac836b4b8da32524b7feae74d","isMergeCommit":false,"messageTitle":"code cleanup and bugfixing packages","messageBody":"","fileTypesAndContributionMap":{"java":{"insertions":10,"deletions":16},"bat":{"insertions":1,"deletions":1},"md":{"insertions":1,"deletions":1}}},{"hash":"5ba96d2f961b1b054fa2b625e127048202d40906","isMergeCommit":false,"messageTitle":"add save to switch case that saves all the tasks\u0027 type, description and if marked done","messageBody":"","fileTypesAndContributionMap":{"java":{"insertions":45,"deletions":0}}},{"hash":"2f1230d4285648de3ec8b0a6a583ddaa85ddaa30","isMergeCommit":false,"messageTitle":"added toExportString methods to each task class to differentiate what the saved string is","messageBody":"","fileTypesAndContributionMap":{"txt":{"insertions":1,"deletions":0},"java":{"insertions":45,"deletions":26},"bat":{"insertions":2,"deletions":2}}},{"hash":"8c06295e59aa08716f3433633d6d43b2905b6d5c","isMergeCommit":true,"messageTitle":"Merge branch \u0027branch-Level-6\u0027","messageBody":"# Conflicts:\n#\tsrc/main/java/clovis/Clovis.java\n#\ttext-ui-test/runtest.bat\n","tags":["Level-6"],"fileTypesAndContributionMap":{}},{"hash":"82de4c885876ea80ec09f07d3ea29655b67a1f2f","isMergeCommit":true,"messageTitle":"Merge branch \u0027branch-Level-7\u0027","messageBody":"# Conflicts:\n#\tsrc/main/java/clovis/Clovis.java\n#\tsrc/main/java/clovis/task/Task.java\n#\ttext-ui-test/input.txt\n#\ttext-ui-test/runtest.bat\n","tags":["Level-7"],"fileTypesAndContributionMap":{}},{"hash":"37d2e6c8df761e94d8f589ff175522ac2fc93cd7","isMergeCommit":false,"messageTitle":"add acknowledgement message to marking and unmarking tasks","messageBody":"","fileTypesAndContributionMap":{"java":{"insertions":5,"deletions":1}}},{"hash":"45a53399a9bbd8d333b9eb8a67933a36e9a2de25","isMergeCommit":false,"messageTitle":"OOP more","messageBody":"","fileTypesAndContributionMap":{"java":{"insertions":85,"deletions":64}}}]},{"date":"2025-09-26T00:00:00","commitResults":[{"hash":"9b9836e6b867093c38a240ebbe1b06d9d707e963","isMergeCommit":false,"messageTitle":"method extraction and add more detailed exceptions","messageBody":"","fileTypesAndContributionMap":{"java":{"insertions":103,"deletions":99}}}]},{"date":"2025-09-27T00:00:00","commitResults":[{"hash":"f6206bac3543bc2cde5993ca3f6f9aae0ba0e1e5","isMergeCommit":false,"messageTitle":"remove unnecessary try catch statements to leave them only for the main switch case","messageBody":"","fileTypesAndContributionMap":{"java":{"insertions":100,"deletions":121}}},{"hash":"badd24285ae8d94f4cc7d40ed4fce3b65be044ab","isMergeCommit":false,"messageTitle":"add classes","messageBody":"","fileTypesAndContributionMap":{"java":{"insertions":18,"deletions":2}}},{"hash":"f55962ff00271f9a5e7fc7a7efba5bca3109de50","isMergeCommit":false,"messageTitle":"refactor methods in main class to Storage and Ui classes, addition of more exceptions","messageBody":"","fileTypesAndContributionMap":{"java":{"insertions":104,"deletions":67}}},{"hash":"e807c8189308b88bf32a8c5b947ae63445186212","isMergeCommit":false,"messageTitle":"refactor parser methods in main class to Parser Class","messageBody":"","fileTypesAndContributionMap":{"java":{"insertions":72,"deletions":77}}},{"hash":"b757f02ce0febf36f7808546ecbb7adcc10fea23","isMergeCommit":false,"messageTitle":"factor into multiple classes, factor main switch case to methods, so cases just call a handle method. bug fix index numbers for function calls, change divider to be 1 line thick, change test case to be 1 line thick too","messageBody":"","fileTypesAndContributionMap":{"java":{"insertions":241,"deletions":125}}},{"hash":"76517c7fe655942ba9e72c9cf157ef1ee84f5889","isMergeCommit":false,"messageTitle":"add load method to Storage class to load preexisting tasks into Clovis, add deleteAll command to clear all tasks currently in the ArrayList, add additional constructors to task classes to accomodate loading as loaded data can construct a marked task.","messageBody":"","fileTypesAndContributionMap":{"txt":{"insertions":3,"deletions":0},"java":{"insertions":86,"deletions":9}}},{"hash":"fa5a1dd930bc9bf5de165da0c3e12efc8f8f34a8","isMergeCommit":true,"messageTitle":"Merge branch \u0027branch-loadtxt\u0027 into branch-MoreOOP","messageBody":"","fileTypesAndContributionMap":{}},{"hash":"dc1704fef71043ee1263047c23b8f13f166b32f8","isMergeCommit":false,"messageTitle":"factor load method into smaller methods","messageBody":"","fileTypesAndContributionMap":{"java":{"insertions":19,"deletions":17}}},{"hash":"f7265d76408bacbb645ccbaf5347d71bef4e4d4c","isMergeCommit":true,"messageTitle":"Merge branch \u0027branch-MoreOOP\u0027","messageBody":"","tags":["A-MoreOOP","A-Jar"],"fileTypesAndContributionMap":{}}]},{"date":"2025-09-30T00:00:00","commitResults":[{"hash":"6d61999dfddf807259a98a32e1fc4fd07f8986d7","isMergeCommit":false,"messageTitle":"add find function to Clovis, prints all tasks that contain a keyword","messageBody":"","fileTypesAndContributionMap":{"java":{"insertions":23,"deletions":18}}},{"hash":"9582c161906ae28dc7db64c17c5f21442c9cf4b0","isMergeCommit":true,"messageTitle":"Merge branch \u0027branch-Level-9\u0027","messageBody":"","tags":["Level-9"],"fileTypesAndContributionMap":{}}]},{"date":"2025-10-01T00:00:00","commitResults":[{"hash":"5149d79d21b450adff5811df3312a4e6aa0e3de4","isMergeCommit":false,"messageTitle":"reorganize main","messageBody":"","fileTypesAndContributionMap":{"java":{"insertions":139,"deletions":105}}},{"hash":"b5997975c7f117b3bc026e1c18257cb845c7ad7a","isMergeCommit":true,"messageTitle":"Merge branch \u0027branch-Level-9\u0027","messageBody":"","fileTypesAndContributionMap":{}},{"hash":"f89445276eeb4951a07e8b085bc0eb4cf2bc752f","isMergeCommit":false,"messageTitle":"change entire heirarchy of exceptions to individual exception classes, not multiple class declarations. fix missing exception throws, move main class switch case and its help functions to parser class","messageBody":"","fileTypesAndContributionMap":{"java":{"insertions":145,"deletions":131}}},{"hash":"cd9256971cc349a84c1ccd0193c3834711987451","isMergeCommit":true,"messageTitle":"Merge branch \u0027cleanExceptions\u0027","messageBody":"","fileTypesAndContributionMap":{}},{"hash":"75154878647d2776e0a1d7100e261a51f87a00c5","isMergeCommit":false,"messageTitle":"rename package and remove static declaration for methods that shouldn\u0027t need it","messageBody":"","fileTypesAndContributionMap":{"java":{"insertions":42,"deletions":32}}},{"hash":"bd6d527c435a8828028e919270fc24102c2c9d95","isMergeCommit":false,"messageTitle":"add JavaDoc comments to Storage class","messageBody":"","fileTypesAndContributionMap":{"java":{"insertions":34,"deletions":0}}}]},{"date":"2025-10-02T00:00:00","commitResults":[{"hash":"faae1d766324f43cd99a3b5ebeeb4ca55fccdf10","isMergeCommit":false,"messageTitle":"add JavaDoc comments to TaskList Class","messageBody":"","fileTypesAndContributionMap":{"java":{"insertions":100,"deletions":2}}},{"hash":"bf918f4ad74b45864964de447f10223a18aabec3","isMergeCommit":false,"messageTitle":"add JavaDoc comments to the Ui Class","messageBody":"","fileTypesAndContributionMap":{"java":{"insertions":92,"deletions":1}}},{"hash":"5f54e74efaeccc293061fbfea2f2c971aa73c9ee","isMergeCommit":true,"messageTitle":"Merge branch \u0027JavaDoc-Storage\u0027","messageBody":"","fileTypesAndContributionMap":{}},{"hash":"159d935d6fac307eda0d6c100aab2f42e29a0a78","isMergeCommit":true,"messageTitle":"Merge branch \u0027JavaDoc-TaskList\u0027","messageBody":"","fileTypesAndContributionMap":{}},{"hash":"efb4c338f5c0f679ab6e0a02380c14f26f32818a","isMergeCommit":true,"messageTitle":"Merge branch \u0027JavaDoc-Ui\u0027","messageBody":"","fileTypesAndContributionMap":{}},{"hash":"36c9091415a6de401b7ffae32603da5bc2462bd2","isMergeCommit":false,"messageTitle":"Add JavaDoc comments to Parser Class","messageBody":"","fileTypesAndContributionMap":{"java":{"insertions":166,"deletions":18}}},{"hash":"f66859dfbf8f87c57d4174d0caa3f72fc4ff61db","isMergeCommit":false,"messageTitle":"Add JavaDoc comments to all classes in task package","messageBody":"","fileTypesAndContributionMap":{"java":{"insertions":80,"deletions":3}}},{"hash":"f4a195d8c9ba6e673128df38e385d5f9aafa6561","isMergeCommit":true,"messageTitle":"Merge pull request #1 from Rezelix/branch-A-JavaDoc","messageBody":"Merge Branch A Java Doc to master","tags":["A-JavaDoc"],"fileTypesAndContributionMap":{}},{"hash":"48b11c8bde44ffaa5a2c1e9b572608e444463372","isMergeCommit":false,"messageTitle":"Add User Guide documentation","messageBody":"","fileTypesAndContributionMap":{"md":{"insertions":259,"deletions":12}}},{"hash":"61a19386bfa6cff14da6583c57c02a9074d2f8be","isMergeCommit":false,"messageTitle":"Modify User Guide documentation","messageBody":"","fileTypesAndContributionMap":{"md":{"insertions":42,"deletions":41}}}]},{"date":"2025-10-03T00:00:00","commitResults":[{"hash":"9e94efdabbcbdc0b2544b2fd041153f3689e5ce4","isMergeCommit":false,"messageTitle":"Modify README to correctly indicate the print statements","messageBody":"","fileTypesAndContributionMap":{"md":{"insertions":7,"deletions":7}}},{"hash":"f2fdea17f6df71a0153f26fb2f3720cb6e63d87d","isMergeCommit":true,"messageTitle":"Merge branch \u0027branch-A-UserGuide\u0027","messageBody":"","tags":["A-UserGuide"],"fileTypesAndContributionMap":{}}]}]},"authorFileTypeContributionMap":{"Rezelix":{"java":1203,"md":251,"fxml":0,"sh":0,"bat":3,"gradle":0,"txt":16}},"authorContributionVariance":{"Rezelix":38266.35},"authorDisplayNameMap":{"Rezelix":"CS2113-T10-1 L\u0027KE..NAIR"}}
