{"authorDailyContributionsMap":{"zeeeing":[{"date":"2025-08-18T00:00:00","commitResults":[{"hash":"8d8453a379929d6169905fc63e330da54a09ea74","isMergeCommit":false,"messageTitle":"Level-0: Rename, Greet, Exit","messageBody":"","tags":["Level-0"],"fileTypesAndContributionMap":{"java":{"insertions":21,"deletions":10},"bat":{"insertions":1,"deletions":1},"md":{"insertions":9,"deletions":8}}},{"hash":"870aa26a2f6d4b42454f26d777468848fa4485b2","isMergeCommit":false,"messageTitle":"removed trailing whitespace in main","messageBody":"","fileTypesAndContributionMap":{"java":{"insertions":1,"deletions":1}}}]},{"date":"2025-08-29T00:00:00","commitResults":[{"hash":"b32b4ef15ddd74e8b3bf90d153b3719fa7745de7","isMergeCommit":false,"messageTitle":"Add echo-ing feature","messageBody":"","tags":["Level-1"],"fileTypesAndContributionMap":{"java":{"insertions":24,"deletions":6}}},{"hash":"9d23fcfa67e03faa4db8627fda1753ee93b042c1","isMergeCommit":false,"messageTitle":"Add \u0027add\u0027 and \u0027list\u0027 feature","messageBody":"","tags":["Level-2"],"fileTypesAndContributionMap":{"java":{"insertions":27,"deletions":6}}},{"hash":"496de28a716850e6cd0e14863fb2b7dfc47e1e4d","isMergeCommit":false,"messageTitle":"Add marking feature and adherence to coding standard","messageBody":"","tags":["Level-3","A-CodingStandard"],"fileTypesAndContributionMap":{"java":{"insertions":123,"deletions":16}}}]},{"date":"2025-09-04T00:00:00","commitResults":[{"hash":"8848dee94c87c152cb42c5e4a988cb9470a730a4","isMergeCommit":false,"messageTitle":"Refactor codebase and implement todos, deadlines, and events","messageBody":"","tags":["Level-4","A-CodeQuality"],"fileTypesAndContributionMap":{"java":{"insertions":177,"deletions":56}}},{"hash":"4f9939d10c2f2216ccbb3ab3e83a8fed6b65b762","isMergeCommit":false,"messageTitle":"Update text UI testing script","messageBody":"","tags":["A-TextUiTesting"],"fileTypesAndContributionMap":{"txt":{"insertions":10,"deletions":0},"sh":{"insertions":1,"deletions":1}}}]}]},"authorFileTypeContributionMap":{"zeeeing":{"java":288,"md":9,"fxml":0,"sh":1,"bat":1,"gradle":0,"txt":10}},"authorContributionVariance":{"zeeeing":3380.0037},"authorDisplayNameMap":{"zeeeing":"CS2113-W13-2 CHEW.. JEN"}}
