[{"path":"README.md","fileType":"md","lines":[{"lineNumber":1,"author":{"gitId":"msc-123456"},"content":"# Spark project template","lastModifiedDate":"2025-09-09T14:38:10","isFullCredit":false},{"lineNumber":2,"author":{"gitId":"-"},"content":"","lastModifiedDate":"2020-05-25T00:03:55","isFullCredit":false},{"lineNumber":3,"author":{"gitId":"-"},"content":"This is a project template for a greenfield Java project. It\u0027s named after the Java mascot _Duke_. Given below are instructions on how to use it.","lastModifiedDate":"2020-05-25T00:03:55","isFullCredit":false},{"lineNumber":4,"author":{"gitId":"-"},"content":"","lastModifiedDate":"2020-05-25T00:03:55","isFullCredit":false},{"lineNumber":5,"author":{"gitId":"-"},"content":"## Setting up in Intellij","lastModifiedDate":"2020-05-25T00:03:55","isFullCredit":false},{"lineNumber":6,"author":{"gitId":"-"},"content":"","lastModifiedDate":"2020-05-25T00:03:55","isFullCredit":false},{"lineNumber":7,"author":{"gitId":"-"},"content":"Prerequisites: JDK 17, update Intellij to the most recent version.","lastModifiedDate":"2024-07-11T16:50:14","isFullCredit":false},{"lineNumber":8,"author":{"gitId":"-"},"content":"","lastModifiedDate":"2020-05-25T00:03:55","isFullCredit":false},{"lineNumber":9,"author":{"gitId":"-"},"content":"1. Open Intellij (if you are not in the welcome screen, click `File` \u003e `Close Project` to close the existing project first)","lastModifiedDate":"2021-01-17T12:25:53","isFullCredit":false},{"lineNumber":10,"author":{"gitId":"-"},"content":"1. Open the project into Intellij as follows:","lastModifiedDate":"2021-01-17T12:25:53","isFullCredit":false},{"lineNumber":11,"author":{"gitId":"-"},"content":"   1. Click `Open`.","lastModifiedDate":"2021-01-17T12:25:53","isFullCredit":false},{"lineNumber":12,"author":{"gitId":"-"},"content":"   1. Select the project directory, and click `OK`.","lastModifiedDate":"2021-01-17T12:25:53","isFullCredit":false},{"lineNumber":13,"author":{"gitId":"-"},"content":"   1. If there are any further prompts, accept the defaults.","lastModifiedDate":"2020-05-25T00:03:55","isFullCredit":false},{"lineNumber":14,"author":{"gitId":"-"},"content":"1. Configure the project to use **JDK 17** (not other versions) as explained in [here](https://www.jetbrains.com/help/idea/sdk.html#set-up-jdk).\u003cbr\u003e","lastModifiedDate":"2024-07-11T16:50:14","isFullCredit":false},{"lineNumber":15,"author":{"gitId":"-"},"content":"   In the same dialog, set the **Project language level** field to the `SDK default` option.","lastModifiedDate":"2021-07-29T20:29:39","isFullCredit":false},{"lineNumber":16,"author":{"gitId":"msc-123456"},"content":"1. After that, locate the `src/main/java/Spark.java` file, right-click it, and choose `Run Spark.main()` (if the code editor is showing compile errors, try restarting the IDE). If the setup is correct, you should see something like the below as the output:","lastModifiedDate":"2025-09-09T14:38:10","isFullCredit":false},{"lineNumber":17,"author":{"gitId":"-"},"content":"   ```","lastModifiedDate":"2020-05-25T00:03:55","isFullCredit":false},{"lineNumber":18,"author":{"gitId":"-"},"content":"   Hello from","lastModifiedDate":"2020-05-25T00:03:55","isFullCredit":false},{"lineNumber":19,"author":{"gitId":"-"},"content":"    ____        _        ","lastModifiedDate":"2020-05-25T00:03:55","isFullCredit":false},{"lineNumber":20,"author":{"gitId":"-"},"content":"   |  _ \\ _   _| | _____ ","lastModifiedDate":"2020-05-25T00:03:55","isFullCredit":false},{"lineNumber":21,"author":{"gitId":"-"},"content":"   | | | | | | | |/ / _ \\","lastModifiedDate":"2020-05-25T00:03:55","isFullCredit":false},{"lineNumber":22,"author":{"gitId":"-"},"content":"   | |_| | |_| |   \u003c  __/","lastModifiedDate":"2020-05-25T00:03:55","isFullCredit":false},{"lineNumber":23,"author":{"gitId":"-"},"content":"   |____/ \\__,_|_|\\_\\___|","lastModifiedDate":"2020-05-25T00:03:55","isFullCredit":false},{"lineNumber":24,"author":{"gitId":"-"},"content":"   ```","lastModifiedDate":"2020-05-25T00:03:55","isFullCredit":false},{"lineNumber":25,"author":{"gitId":"-"},"content":"","lastModifiedDate":"2025-01-04T21:44:28","isFullCredit":false},{"lineNumber":26,"author":{"gitId":"-"},"content":"**Warning:** Keep the `src\\main\\java` folder as the root folder for Java files (i.e., don\u0027t rename those folders or move Java files to another folder outside of this folder path), as this is the default location some tools (e.g., Gradle) expect to find Java files.","lastModifiedDate":"2025-01-04T21:44:28","isFullCredit":false}],"authorContributionMap":{"msc-123456":2,"-":24}},{"path":"docs/README.md","fileType":"md","lines":[{"lineNumber":1,"author":{"gitId":"msc-123456"},"content":"# Spark User Guide","lastModifiedDate":"2025-09-09T14:38:10","isFullCredit":false},{"lineNumber":2,"author":{"gitId":"-"},"content":"","lastModifiedDate":"2019-07-29T17:14:46","isFullCredit":false},{"lineNumber":3,"author":{"gitId":"-"},"content":"// Update the title above to match the actual product name","lastModifiedDate":"2024-01-07T18:33:52","isFullCredit":false},{"lineNumber":4,"author":{"gitId":"-"},"content":"","lastModifiedDate":"2019-07-29T17:14:46","isFullCredit":false},{"lineNumber":5,"author":{"gitId":"-"},"content":"// Product screenshot goes here","lastModifiedDate":"2024-01-07T18:33:52","isFullCredit":false},{"lineNumber":6,"author":{"gitId":"-"},"content":"","lastModifiedDate":"2021-07-17T16:49:07","isFullCredit":false},{"lineNumber":7,"author":{"gitId":"-"},"content":"// Product intro goes here","lastModifiedDate":"2024-01-07T18:33:52","isFullCredit":false},{"lineNumber":8,"author":{"gitId":"-"},"content":"","lastModifiedDate":"2021-07-17T16:49:07","isFullCredit":false},{"lineNumber":9,"author":{"gitId":"-"},"content":"## Adding deadlines","lastModifiedDate":"2024-01-07T18:33:52","isFullCredit":false},{"lineNumber":10,"author":{"gitId":"-"},"content":"","lastModifiedDate":"2021-07-17T16:49:07","isFullCredit":false},{"lineNumber":11,"author":{"gitId":"-"},"content":"// Describe the action and its outcome.","lastModifiedDate":"2024-01-07T18:33:52","isFullCredit":false},{"lineNumber":12,"author":{"gitId":"-"},"content":"","lastModifiedDate":"2019-07-29T17:14:46","isFullCredit":false},{"lineNumber":13,"author":{"gitId":"-"},"content":"// Give examples of usage","lastModifiedDate":"2024-01-07T18:33:52","isFullCredit":false},{"lineNumber":14,"author":{"gitId":"-"},"content":"","lastModifiedDate":"2019-07-29T17:14:46","isFullCredit":false},{"lineNumber":15,"author":{"gitId":"-"},"content":"Example: `keyword (optional arguments)`","lastModifiedDate":"2024-01-07T18:33:52","isFullCredit":false},{"lineNumber":16,"author":{"gitId":"-"},"content":"","lastModifiedDate":"2019-07-29T17:14:46","isFullCredit":false},{"lineNumber":17,"author":{"gitId":"-"},"content":"// A description of the expected outcome goes here","lastModifiedDate":"2024-01-07T18:33:52","isFullCredit":false},{"lineNumber":18,"author":{"gitId":"-"},"content":"","lastModifiedDate":"2019-07-29T17:14:46","isFullCredit":false},{"lineNumber":19,"author":{"gitId":"-"},"content":"```","lastModifiedDate":"2024-01-07T18:33:52","isFullCredit":false},{"lineNumber":20,"author":{"gitId":"-"},"content":"expected output","lastModifiedDate":"2024-01-07T18:33:52","isFullCredit":false},{"lineNumber":21,"author":{"gitId":"-"},"content":"```","lastModifiedDate":"2024-01-07T18:33:52","isFullCredit":false},{"lineNumber":22,"author":{"gitId":"-"},"content":"","lastModifiedDate":"2019-07-29T17:14:46","isFullCredit":false},{"lineNumber":23,"author":{"gitId":"-"},"content":"## Feature ABC","lastModifiedDate":"2024-01-07T18:33:52","isFullCredit":false},{"lineNumber":24,"author":{"gitId":"-"},"content":"","lastModifiedDate":"2019-07-29T17:14:46","isFullCredit":false},{"lineNumber":25,"author":{"gitId":"-"},"content":"// Feature details","lastModifiedDate":"2024-01-07T18:33:52","isFullCredit":false},{"lineNumber":26,"author":{"gitId":"-"},"content":"","lastModifiedDate":"2019-07-29T17:14:46","isFullCredit":false},{"lineNumber":27,"author":{"gitId":"-"},"content":"","lastModifiedDate":"2021-07-17T16:49:07","isFullCredit":false},{"lineNumber":28,"author":{"gitId":"-"},"content":"## Feature XYZ","lastModifiedDate":"2024-01-07T18:33:52","isFullCredit":false},{"lineNumber":29,"author":{"gitId":"-"},"content":"","lastModifiedDate":"2024-01-07T18:33:52","isFullCredit":false},{"lineNumber":30,"author":{"gitId":"-"},"content":"// Feature details","lastModifiedDate":"2024-01-07T18:33:52","isFullCredit":false}],"authorContributionMap":{"msc-123456":1,"-":29}},{"path":"src/main/java/spark/process_input/Command.java","fileType":"java","lines":[{"lineNumber":1,"author":{"gitId":"msc-123456"},"content":"package spark.process_input;","lastModifiedDate":"2025-09-09T14:38:10","isFullCredit":false},{"lineNumber":2,"author":{"gitId":"msc-123456"},"content":"import spark.task.Deadline;","lastModifiedDate":"2025-09-09T14:38:10","isFullCredit":false},{"lineNumber":3,"author":{"gitId":"msc-123456"},"content":"import spark.task.Event;","lastModifiedDate":"2025-09-09T14:38:10","isFullCredit":false},{"lineNumber":4,"author":{"gitId":"msc-123456"},"content":"import spark.task.Task;","lastModifiedDate":"2025-09-09T14:38:10","isFullCredit":false},{"lineNumber":5,"author":{"gitId":"msc-123456"},"content":"import spark.task.Todo;","lastModifiedDate":"2025-09-09T14:38:10","isFullCredit":false},{"lineNumber":6,"author":{"gitId":"msc-123456"},"content":"","lastModifiedDate":"2025-09-09T14:38:10","isFullCredit":false},{"lineNumber":7,"author":{"gitId":"msc-123456"},"content":"import java.util.Scanner;","lastModifiedDate":"2025-09-04T13:57:40","isFullCredit":false},{"lineNumber":8,"author":{"gitId":"msc-123456"},"content":"","lastModifiedDate":"2025-09-04T13:57:40","isFullCredit":false},{"lineNumber":9,"author":{"gitId":"msc-123456"},"content":"public class Command {","lastModifiedDate":"2025-09-04T13:57:40","isFullCredit":false},{"lineNumber":10,"author":{"gitId":"msc-123456"},"content":"    private static final int MAX_TASKS \u003d 100;","lastModifiedDate":"2025-09-04T13:57:40","isFullCredit":false},{"lineNumber":11,"author":{"gitId":"msc-123456"},"content":"    private static Task[] tasks \u003d new Task[MAX_TASKS];","lastModifiedDate":"2025-09-04T13:57:40","isFullCredit":false},{"lineNumber":12,"author":{"gitId":"msc-123456"},"content":"    private static int taskCount \u003d 0;","lastModifiedDate":"2025-09-04T13:57:40","isFullCredit":false},{"lineNumber":13,"author":{"gitId":"msc-123456"},"content":"    private static Scanner user \u003d new Scanner(System.in);","lastModifiedDate":"2025-09-04T13:57:40","isFullCredit":false},{"lineNumber":14,"author":{"gitId":"msc-123456"},"content":"","lastModifiedDate":"2025-09-04T13:57:40","isFullCredit":false},{"lineNumber":15,"author":{"gitId":"msc-123456"},"content":"    private static final int LEN_TODO \u003d SparkException.LEN_TODO;","lastModifiedDate":"2025-09-07T19:27:01","isFullCredit":false},{"lineNumber":16,"author":{"gitId":"msc-123456"},"content":"    private static final int LEN_DEADLINE \u003d SparkException.LEN_DEADLINE;","lastModifiedDate":"2025-09-07T19:27:01","isFullCredit":false},{"lineNumber":17,"author":{"gitId":"msc-123456"},"content":"    private static final int LEN_EVENT \u003d SparkException.LEN_EVENT;","lastModifiedDate":"2025-09-07T19:27:01","isFullCredit":false},{"lineNumber":18,"author":{"gitId":"msc-123456"},"content":"    private static final int LEN_FROM \u003d SparkException.LEN_FROM;","lastModifiedDate":"2025-09-07T19:27:01","isFullCredit":false},{"lineNumber":19,"author":{"gitId":"msc-123456"},"content":"    private static final int LEN_TO \u003d SparkException.LEN_TO;","lastModifiedDate":"2025-09-07T19:27:01","isFullCredit":false},{"lineNumber":20,"author":{"gitId":"msc-123456"},"content":"","lastModifiedDate":"2025-09-07T19:27:01","isFullCredit":false},{"lineNumber":21,"author":{"gitId":"msc-123456"},"content":"    public static boolean executeCommand(String input) {","lastModifiedDate":"2025-09-04T13:57:40","isFullCredit":false},{"lineNumber":22,"author":{"gitId":"msc-123456"},"content":"        String command \u003d input.split(\" \")[0].toLowerCase();","lastModifiedDate":"2025-09-04T13:57:40","isFullCredit":false},{"lineNumber":23,"author":{"gitId":"msc-123456"},"content":"","lastModifiedDate":"2025-09-04T13:57:40","isFullCredit":false},{"lineNumber":24,"author":{"gitId":"msc-123456"},"content":"        switch (command) {","lastModifiedDate":"2025-09-04T13:57:40","isFullCredit":false},{"lineNumber":25,"author":{"gitId":"msc-123456"},"content":"            case \"bye\":","lastModifiedDate":"2025-09-04T13:57:40","isFullCredit":false},{"lineNumber":26,"author":{"gitId":"msc-123456"},"content":"                handleByeCommand();","lastModifiedDate":"2025-09-04T13:57:40","isFullCredit":false},{"lineNumber":27,"author":{"gitId":"msc-123456"},"content":"                return false;","lastModifiedDate":"2025-09-04T13:57:40","isFullCredit":false},{"lineNumber":28,"author":{"gitId":"msc-123456"},"content":"            case \"list\":","lastModifiedDate":"2025-09-04T13:57:40","isFullCredit":false},{"lineNumber":29,"author":{"gitId":"msc-123456"},"content":"                handleListCommand();","lastModifiedDate":"2025-09-04T13:57:40","isFullCredit":false},{"lineNumber":30,"author":{"gitId":"msc-123456"},"content":"                break;","lastModifiedDate":"2025-09-04T13:57:40","isFullCredit":false},{"lineNumber":31,"author":{"gitId":"msc-123456"},"content":"            case \"mark\":","lastModifiedDate":"2025-09-04T13:57:40","isFullCredit":false},{"lineNumber":32,"author":{"gitId":"msc-123456"},"content":"                handleMarkCommand(input, true);","lastModifiedDate":"2025-09-04T13:57:40","isFullCredit":false},{"lineNumber":33,"author":{"gitId":"msc-123456"},"content":"                break;","lastModifiedDate":"2025-09-04T13:57:40","isFullCredit":false},{"lineNumber":34,"author":{"gitId":"msc-123456"},"content":"            case \"unmark\":","lastModifiedDate":"2025-09-04T13:57:40","isFullCredit":false},{"lineNumber":35,"author":{"gitId":"msc-123456"},"content":"                handleMarkCommand(input, false);","lastModifiedDate":"2025-09-04T13:57:40","isFullCredit":false},{"lineNumber":36,"author":{"gitId":"msc-123456"},"content":"                break;","lastModifiedDate":"2025-09-04T13:57:40","isFullCredit":false},{"lineNumber":37,"author":{"gitId":"msc-123456"},"content":"            case \"todo\":","lastModifiedDate":"2025-09-04T13:57:40","isFullCredit":false},{"lineNumber":38,"author":{"gitId":"msc-123456"},"content":"                handleTodoCommand(input);","lastModifiedDate":"2025-09-04T13:57:40","isFullCredit":false},{"lineNumber":39,"author":{"gitId":"msc-123456"},"content":"                break;","lastModifiedDate":"2025-09-04T13:57:40","isFullCredit":false},{"lineNumber":40,"author":{"gitId":"msc-123456"},"content":"            case \"deadline\":","lastModifiedDate":"2025-09-04T13:57:40","isFullCredit":false},{"lineNumber":41,"author":{"gitId":"msc-123456"},"content":"                handleDeadlineCommand(input);","lastModifiedDate":"2025-09-04T13:57:40","isFullCredit":false},{"lineNumber":42,"author":{"gitId":"msc-123456"},"content":"                break;","lastModifiedDate":"2025-09-04T13:57:40","isFullCredit":false},{"lineNumber":43,"author":{"gitId":"msc-123456"},"content":"            case \"event\":","lastModifiedDate":"2025-09-04T13:57:40","isFullCredit":false},{"lineNumber":44,"author":{"gitId":"msc-123456"},"content":"                handleEventCommand(input);","lastModifiedDate":"2025-09-04T13:57:40","isFullCredit":false},{"lineNumber":45,"author":{"gitId":"msc-123456"},"content":"                break;","lastModifiedDate":"2025-09-04T13:57:40","isFullCredit":false},{"lineNumber":46,"author":{"gitId":"msc-123456"},"content":"            default:","lastModifiedDate":"2025-09-04T13:57:40","isFullCredit":false},{"lineNumber":47,"author":{"gitId":"msc-123456"},"content":"                SparkException.handleUnknownCommand();","lastModifiedDate":"2025-09-07T19:27:01","isFullCredit":false},{"lineNumber":48,"author":{"gitId":"msc-123456"},"content":"                break;","lastModifiedDate":"2025-09-04T13:57:40","isFullCredit":false},{"lineNumber":49,"author":{"gitId":"msc-123456"},"content":"        }","lastModifiedDate":"2025-09-04T13:57:40","isFullCredit":false},{"lineNumber":50,"author":{"gitId":"msc-123456"},"content":"        return true;","lastModifiedDate":"2025-09-04T13:57:40","isFullCredit":false},{"lineNumber":51,"author":{"gitId":"msc-123456"},"content":"    }","lastModifiedDate":"2025-09-04T13:57:40","isFullCredit":false},{"lineNumber":52,"author":{"gitId":"msc-123456"},"content":"","lastModifiedDate":"2025-09-04T13:57:40","isFullCredit":false},{"lineNumber":53,"author":{"gitId":"msc-123456"},"content":"    private static void handleByeCommand() {","lastModifiedDate":"2025-09-04T13:57:40","isFullCredit":false},{"lineNumber":54,"author":{"gitId":"msc-123456"},"content":"        printLine();","lastModifiedDate":"2025-09-04T13:57:40","isFullCredit":false},{"lineNumber":55,"author":{"gitId":"msc-123456"},"content":"        System.out.println(\"Bye! See you~\");","lastModifiedDate":"2025-09-04T13:57:40","isFullCredit":false},{"lineNumber":56,"author":{"gitId":"msc-123456"},"content":"        printLine();","lastModifiedDate":"2025-09-04T13:57:40","isFullCredit":false},{"lineNumber":57,"author":{"gitId":"msc-123456"},"content":"        user.close();","lastModifiedDate":"2025-09-04T13:57:40","isFullCredit":false},{"lineNumber":58,"author":{"gitId":"msc-123456"},"content":"    }","lastModifiedDate":"2025-09-04T13:57:40","isFullCredit":false},{"lineNumber":59,"author":{"gitId":"msc-123456"},"content":"","lastModifiedDate":"2025-09-04T13:57:40","isFullCredit":false},{"lineNumber":60,"author":{"gitId":"msc-123456"},"content":"    private static void handleListCommand() {","lastModifiedDate":"2025-09-04T13:57:40","isFullCredit":false},{"lineNumber":61,"author":{"gitId":"msc-123456"},"content":"        printLine();","lastModifiedDate":"2025-09-04T13:57:40","isFullCredit":false},{"lineNumber":62,"author":{"gitId":"msc-123456"},"content":"        System.out.println(\"This is your task list:\");","lastModifiedDate":"2025-09-04T13:57:40","isFullCredit":false},{"lineNumber":63,"author":{"gitId":"msc-123456"},"content":"        if (taskCount \u003d\u003d 0) {","lastModifiedDate":"2025-09-07T19:27:01","isFullCredit":false},{"lineNumber":64,"author":{"gitId":"msc-123456"},"content":"            System.out.println(\"You don\u0027t have any tasks yet. Try to create one~\");","lastModifiedDate":"2025-09-07T19:27:01","isFullCredit":false},{"lineNumber":65,"author":{"gitId":"msc-123456"},"content":"        }","lastModifiedDate":"2025-09-07T19:27:01","isFullCredit":false},{"lineNumber":66,"author":{"gitId":"msc-123456"},"content":"        for (int i \u003d 0; i \u003c taskCount; i++) {","lastModifiedDate":"2025-09-04T13:57:40","isFullCredit":false},{"lineNumber":67,"author":{"gitId":"msc-123456"},"content":"            System.out.println(\"    \" + (i + 1) + \". \" + tasks[i]);","lastModifiedDate":"2025-09-04T13:57:40","isFullCredit":false},{"lineNumber":68,"author":{"gitId":"msc-123456"},"content":"        }","lastModifiedDate":"2025-09-04T13:57:40","isFullCredit":false},{"lineNumber":69,"author":{"gitId":"msc-123456"},"content":"        printLine();","lastModifiedDate":"2025-09-04T13:57:40","isFullCredit":false},{"lineNumber":70,"author":{"gitId":"msc-123456"},"content":"    }","lastModifiedDate":"2025-09-04T13:57:40","isFullCredit":false},{"lineNumber":71,"author":{"gitId":"msc-123456"},"content":"","lastModifiedDate":"2025-09-04T13:57:40","isFullCredit":false},{"lineNumber":72,"author":{"gitId":"msc-123456"},"content":"    private static void handleMarkCommand(String input, boolean isMark) {","lastModifiedDate":"2025-09-04T13:57:40","isFullCredit":false},{"lineNumber":73,"author":{"gitId":"msc-123456"},"content":"        SparkException.setTaskCount(taskCount);","lastModifiedDate":"2025-09-07T19:27:01","isFullCredit":false},{"lineNumber":74,"author":{"gitId":"msc-123456"},"content":"","lastModifiedDate":"2025-09-07T19:27:01","isFullCredit":false},{"lineNumber":75,"author":{"gitId":"msc-123456"},"content":"        String error \u003d SparkException.checkMarkUnmark(input);","lastModifiedDate":"2025-09-07T19:27:01","isFullCredit":false},{"lineNumber":76,"author":{"gitId":"msc-123456"},"content":"        if (error !\u003d null) {","lastModifiedDate":"2025-09-07T19:27:01","isFullCredit":false},{"lineNumber":77,"author":{"gitId":"msc-123456"},"content":"            System.out.println(error);","lastModifiedDate":"2025-09-07T19:27:01","isFullCredit":false},{"lineNumber":78,"author":{"gitId":"msc-123456"},"content":"            return;","lastModifiedDate":"2025-09-07T19:27:01","isFullCredit":false},{"lineNumber":79,"author":{"gitId":"msc-123456"},"content":"        }","lastModifiedDate":"2025-09-07T19:27:01","isFullCredit":false},{"lineNumber":80,"author":{"gitId":"msc-123456"},"content":"","lastModifiedDate":"2025-09-07T19:27:01","isFullCredit":false},{"lineNumber":81,"author":{"gitId":"msc-123456"},"content":"        int index \u003d getTaskIndex(input);","lastModifiedDate":"2025-09-04T13:57:40","isFullCredit":false},{"lineNumber":82,"author":{"gitId":"msc-123456"},"content":"        if (isMark) {","lastModifiedDate":"2025-09-04T13:57:40","isFullCredit":false},{"lineNumber":83,"author":{"gitId":"msc-123456"},"content":"            tasks[index].markAsDone();","lastModifiedDate":"2025-09-04T13:57:40","isFullCredit":false},{"lineNumber":84,"author":{"gitId":"msc-123456"},"content":"            printLine();","lastModifiedDate":"2025-09-04T13:57:40","isFullCredit":false},{"lineNumber":85,"author":{"gitId":"msc-123456"},"content":"            System.out.println(\"    Nice! This task is finished:\");","lastModifiedDate":"2025-09-04T13:57:40","isFullCredit":false},{"lineNumber":86,"author":{"gitId":"msc-123456"},"content":"        } else {","lastModifiedDate":"2025-09-04T13:57:40","isFullCredit":false},{"lineNumber":87,"author":{"gitId":"msc-123456"},"content":"            tasks[index].unmark();","lastModifiedDate":"2025-09-04T13:57:40","isFullCredit":false},{"lineNumber":88,"author":{"gitId":"msc-123456"},"content":"            printLine();","lastModifiedDate":"2025-09-04T13:57:40","isFullCredit":false},{"lineNumber":89,"author":{"gitId":"msc-123456"},"content":"            System.out.println(\"    OK, don\u0027t forget to do it:\");","lastModifiedDate":"2025-09-04T13:57:40","isFullCredit":false},{"lineNumber":90,"author":{"gitId":"msc-123456"},"content":"        }","lastModifiedDate":"2025-09-04T13:57:40","isFullCredit":false},{"lineNumber":91,"author":{"gitId":"msc-123456"},"content":"        System.out.println(\"    \" + tasks[index]);","lastModifiedDate":"2025-09-04T13:57:40","isFullCredit":false},{"lineNumber":92,"author":{"gitId":"msc-123456"},"content":"        printLine();","lastModifiedDate":"2025-09-04T13:57:40","isFullCredit":false},{"lineNumber":93,"author":{"gitId":"msc-123456"},"content":"    }","lastModifiedDate":"2025-09-04T13:57:40","isFullCredit":false},{"lineNumber":94,"author":{"gitId":"msc-123456"},"content":"","lastModifiedDate":"2025-09-04T13:57:40","isFullCredit":false},{"lineNumber":95,"author":{"gitId":"msc-123456"},"content":"    private static void handleTodoCommand(String input) {","lastModifiedDate":"2025-09-04T13:57:40","isFullCredit":false},{"lineNumber":96,"author":{"gitId":"msc-123456"},"content":"        SparkException.setTaskCount(taskCount);","lastModifiedDate":"2025-09-07T19:27:01","isFullCredit":false},{"lineNumber":97,"author":{"gitId":"msc-123456"},"content":"","lastModifiedDate":"2025-09-07T19:27:01","isFullCredit":false},{"lineNumber":98,"author":{"gitId":"msc-123456"},"content":"        String error \u003d SparkException.checkTaskListFull();","lastModifiedDate":"2025-09-07T19:27:01","isFullCredit":false},{"lineNumber":99,"author":{"gitId":"msc-123456"},"content":"        if (error !\u003d null) {","lastModifiedDate":"2025-09-07T19:27:01","isFullCredit":false},{"lineNumber":100,"author":{"gitId":"msc-123456"},"content":"            System.out.println(error);","lastModifiedDate":"2025-09-07T19:27:01","isFullCredit":false},{"lineNumber":101,"author":{"gitId":"msc-123456"},"content":"            return;","lastModifiedDate":"2025-09-04T13:57:40","isFullCredit":false},{"lineNumber":102,"author":{"gitId":"msc-123456"},"content":"        }","lastModifiedDate":"2025-09-04T13:57:40","isFullCredit":false},{"lineNumber":103,"author":{"gitId":"msc-123456"},"content":"","lastModifiedDate":"2025-09-04T13:57:40","isFullCredit":false},{"lineNumber":104,"author":{"gitId":"msc-123456"},"content":"        error \u003d SparkException.checkTodo(input);","lastModifiedDate":"2025-09-07T19:27:01","isFullCredit":false},{"lineNumber":105,"author":{"gitId":"msc-123456"},"content":"        if (error !\u003d null) {","lastModifiedDate":"2025-09-07T19:27:01","isFullCredit":false},{"lineNumber":106,"author":{"gitId":"msc-123456"},"content":"            System.out.println(error);","lastModifiedDate":"2025-09-07T19:27:01","isFullCredit":false},{"lineNumber":107,"author":{"gitId":"msc-123456"},"content":"            return;","lastModifiedDate":"2025-09-04T13:57:40","isFullCredit":false},{"lineNumber":108,"author":{"gitId":"msc-123456"},"content":"        }","lastModifiedDate":"2025-09-04T13:57:40","isFullCredit":false},{"lineNumber":109,"author":{"gitId":"msc-123456"},"content":"","lastModifiedDate":"2025-09-04T13:57:40","isFullCredit":false},{"lineNumber":110,"author":{"gitId":"msc-123456"},"content":"        String description \u003d input.substring(LEN_TODO).trim();","lastModifiedDate":"2025-09-07T19:27:01","isFullCredit":false},{"lineNumber":111,"author":{"gitId":"msc-123456"},"content":"        addTask(new Todo(description));","lastModifiedDate":"2025-09-04T13:57:40","isFullCredit":false},{"lineNumber":112,"author":{"gitId":"msc-123456"},"content":"    }","lastModifiedDate":"2025-09-04T13:57:40","isFullCredit":false},{"lineNumber":113,"author":{"gitId":"msc-123456"},"content":"","lastModifiedDate":"2025-09-04T13:57:40","isFullCredit":false},{"lineNumber":114,"author":{"gitId":"msc-123456"},"content":"    private static void handleDeadlineCommand(String input) {","lastModifiedDate":"2025-09-04T13:57:40","isFullCredit":false},{"lineNumber":115,"author":{"gitId":"msc-123456"},"content":"        SparkException.setTaskCount(taskCount);","lastModifiedDate":"2025-09-07T19:27:01","isFullCredit":false},{"lineNumber":116,"author":{"gitId":"msc-123456"},"content":"","lastModifiedDate":"2025-09-07T19:27:01","isFullCredit":false},{"lineNumber":117,"author":{"gitId":"msc-123456"},"content":"        String error \u003d SparkException.checkTaskListFull();","lastModifiedDate":"2025-09-07T19:27:01","isFullCredit":false},{"lineNumber":118,"author":{"gitId":"msc-123456"},"content":"        if (error !\u003d null) {","lastModifiedDate":"2025-09-07T19:27:01","isFullCredit":false},{"lineNumber":119,"author":{"gitId":"msc-123456"},"content":"            System.out.println(error);","lastModifiedDate":"2025-09-07T19:27:01","isFullCredit":false},{"lineNumber":120,"author":{"gitId":"msc-123456"},"content":"            return;","lastModifiedDate":"2025-09-04T13:57:40","isFullCredit":false},{"lineNumber":121,"author":{"gitId":"msc-123456"},"content":"        }","lastModifiedDate":"2025-09-04T13:57:40","isFullCredit":false},{"lineNumber":122,"author":{"gitId":"msc-123456"},"content":"","lastModifiedDate":"2025-09-04T13:57:40","isFullCredit":false},{"lineNumber":123,"author":{"gitId":"msc-123456"},"content":"        error \u003d SparkException.checkDeadline(input);","lastModifiedDate":"2025-09-07T19:27:01","isFullCredit":false},{"lineNumber":124,"author":{"gitId":"msc-123456"},"content":"        if (error !\u003d null) {","lastModifiedDate":"2025-09-07T19:27:01","isFullCredit":false},{"lineNumber":125,"author":{"gitId":"msc-123456"},"content":"            System.out.println(error);","lastModifiedDate":"2025-09-07T19:27:01","isFullCredit":false},{"lineNumber":126,"author":{"gitId":"msc-123456"},"content":"            return;","lastModifiedDate":"2025-09-04T13:57:40","isFullCredit":false},{"lineNumber":127,"author":{"gitId":"msc-123456"},"content":"        }","lastModifiedDate":"2025-09-04T13:57:40","isFullCredit":false},{"lineNumber":128,"author":{"gitId":"msc-123456"},"content":"","lastModifiedDate":"2025-09-04T13:57:40","isFullCredit":false},{"lineNumber":129,"author":{"gitId":"msc-123456"},"content":"        String[] parts \u003d input.split(\"/by\", 2);","lastModifiedDate":"2025-09-07T19:27:01","isFullCredit":false},{"lineNumber":130,"author":{"gitId":"msc-123456"},"content":"        String description \u003d parts[0].substring(LEN_DEADLINE).trim();","lastModifiedDate":"2025-09-07T19:27:01","isFullCredit":false},{"lineNumber":131,"author":{"gitId":"msc-123456"},"content":"        String by \u003d parts[1].trim();","lastModifiedDate":"2025-09-04T13:57:40","isFullCredit":false},{"lineNumber":132,"author":{"gitId":"msc-123456"},"content":"        addTask(new Deadline(description, by));","lastModifiedDate":"2025-09-04T13:57:40","isFullCredit":false},{"lineNumber":133,"author":{"gitId":"msc-123456"},"content":"    }","lastModifiedDate":"2025-09-04T13:57:40","isFullCredit":false},{"lineNumber":134,"author":{"gitId":"msc-123456"},"content":"","lastModifiedDate":"2025-09-04T13:57:40","isFullCredit":false},{"lineNumber":135,"author":{"gitId":"msc-123456"},"content":"    private static void handleEventCommand(String input) {","lastModifiedDate":"2025-09-04T13:57:40","isFullCredit":false},{"lineNumber":136,"author":{"gitId":"msc-123456"},"content":"        SparkException.setTaskCount(taskCount);","lastModifiedDate":"2025-09-07T19:27:01","isFullCredit":false},{"lineNumber":137,"author":{"gitId":"msc-123456"},"content":"","lastModifiedDate":"2025-09-07T19:27:01","isFullCredit":false},{"lineNumber":138,"author":{"gitId":"msc-123456"},"content":"        String error \u003d SparkException.checkTaskListFull();","lastModifiedDate":"2025-09-07T19:27:01","isFullCredit":false},{"lineNumber":139,"author":{"gitId":"msc-123456"},"content":"        if (error !\u003d null) {","lastModifiedDate":"2025-09-07T19:27:01","isFullCredit":false},{"lineNumber":140,"author":{"gitId":"msc-123456"},"content":"            System.out.println(error);","lastModifiedDate":"2025-09-07T19:27:01","isFullCredit":false},{"lineNumber":141,"author":{"gitId":"msc-123456"},"content":"            return;","lastModifiedDate":"2025-09-04T13:57:40","isFullCredit":false},{"lineNumber":142,"author":{"gitId":"msc-123456"},"content":"        }","lastModifiedDate":"2025-09-04T13:57:40","isFullCredit":false},{"lineNumber":143,"author":{"gitId":"msc-123456"},"content":"","lastModifiedDate":"2025-09-04T13:57:40","isFullCredit":false},{"lineNumber":144,"author":{"gitId":"msc-123456"},"content":"        error \u003d SparkException.checkEvent(input);","lastModifiedDate":"2025-09-07T19:27:01","isFullCredit":false},{"lineNumber":145,"author":{"gitId":"msc-123456"},"content":"        if (error !\u003d null) {","lastModifiedDate":"2025-09-07T19:27:01","isFullCredit":false},{"lineNumber":146,"author":{"gitId":"msc-123456"},"content":"            System.out.println(error);","lastModifiedDate":"2025-09-07T19:27:01","isFullCredit":false},{"lineNumber":147,"author":{"gitId":"msc-123456"},"content":"            return;","lastModifiedDate":"2025-09-04T13:57:40","isFullCredit":false},{"lineNumber":148,"author":{"gitId":"msc-123456"},"content":"        }","lastModifiedDate":"2025-09-04T13:57:40","isFullCredit":false},{"lineNumber":149,"author":{"gitId":"msc-123456"},"content":"","lastModifiedDate":"2025-09-04T13:57:40","isFullCredit":false},{"lineNumber":150,"author":{"gitId":"msc-123456"},"content":"        int fromIndex \u003d input.indexOf(\"/from\");","lastModifiedDate":"2025-09-07T19:27:01","isFullCredit":false},{"lineNumber":151,"author":{"gitId":"msc-123456"},"content":"        int toIndex \u003d input.indexOf(\"/to\");","lastModifiedDate":"2025-09-07T19:27:01","isFullCredit":false},{"lineNumber":152,"author":{"gitId":"msc-123456"},"content":"","lastModifiedDate":"2025-09-04T13:57:40","isFullCredit":false},{"lineNumber":153,"author":{"gitId":"msc-123456"},"content":"        String description \u003d input.substring(LEN_EVENT, fromIndex).trim();","lastModifiedDate":"2025-09-07T19:27:01","isFullCredit":false},{"lineNumber":154,"author":{"gitId":"msc-123456"},"content":"        String from \u003d input.substring(fromIndex + LEN_FROM, toIndex).trim();","lastModifiedDate":"2025-09-07T19:27:01","isFullCredit":false},{"lineNumber":155,"author":{"gitId":"msc-123456"},"content":"        String to \u003d input.substring(toIndex + LEN_TO).trim();","lastModifiedDate":"2025-09-07T19:27:01","isFullCredit":false},{"lineNumber":156,"author":{"gitId":"msc-123456"},"content":"        addTask(new Event(description, from, to));","lastModifiedDate":"2025-09-07T19:27:01","isFullCredit":false},{"lineNumber":157,"author":{"gitId":"msc-123456"},"content":"    }","lastModifiedDate":"2025-09-04T13:57:40","isFullCredit":false},{"lineNumber":158,"author":{"gitId":"msc-123456"},"content":"","lastModifiedDate":"2025-09-04T13:57:40","isFullCredit":false},{"lineNumber":159,"author":{"gitId":"msc-123456"},"content":"    private static void addTask(Task task) {","lastModifiedDate":"2025-09-04T13:57:40","isFullCredit":false},{"lineNumber":160,"author":{"gitId":"msc-123456"},"content":"        tasks[taskCount] \u003d task;","lastModifiedDate":"2025-09-04T13:57:40","isFullCredit":false},{"lineNumber":161,"author":{"gitId":"msc-123456"},"content":"        printLine();","lastModifiedDate":"2025-09-04T13:57:40","isFullCredit":false},{"lineNumber":162,"author":{"gitId":"msc-123456"},"content":"        System.out.println(\"    Got it! New task:\");","lastModifiedDate":"2025-09-04T13:57:40","isFullCredit":false},{"lineNumber":163,"author":{"gitId":"msc-123456"},"content":"        System.out.println(\"    \" + task);","lastModifiedDate":"2025-09-04T13:57:40","isFullCredit":false},{"lineNumber":164,"author":{"gitId":"msc-123456"},"content":"        System.out.println(\"    Now you have \" + (taskCount + 1) + \" tasks in the list.\");","lastModifiedDate":"2025-09-04T13:57:40","isFullCredit":false},{"lineNumber":165,"author":{"gitId":"msc-123456"},"content":"        printLine();","lastModifiedDate":"2025-09-04T13:57:40","isFullCredit":false},{"lineNumber":166,"author":{"gitId":"msc-123456"},"content":"        taskCount++;","lastModifiedDate":"2025-09-04T13:57:40","isFullCredit":false},{"lineNumber":167,"author":{"gitId":"msc-123456"},"content":"        SparkException.setTaskCount(taskCount);","lastModifiedDate":"2025-09-07T19:27:01","isFullCredit":false},{"lineNumber":168,"author":{"gitId":"msc-123456"},"content":"    }","lastModifiedDate":"2025-09-04T13:57:40","isFullCredit":false},{"lineNumber":169,"author":{"gitId":"msc-123456"},"content":"","lastModifiedDate":"2025-09-04T13:57:40","isFullCredit":false},{"lineNumber":170,"author":{"gitId":"msc-123456"},"content":"    private static int getTaskIndex(String input) {","lastModifiedDate":"2025-09-04T13:57:40","isFullCredit":false},{"lineNumber":171,"author":{"gitId":"msc-123456"},"content":"        String[] parts \u003d input.split(\" \");","lastModifiedDate":"2025-09-04T13:57:40","isFullCredit":false},{"lineNumber":172,"author":{"gitId":"msc-123456"},"content":"        return Integer.parseInt(parts[1]) - 1;","lastModifiedDate":"2025-09-04T13:57:40","isFullCredit":false},{"lineNumber":173,"author":{"gitId":"msc-123456"},"content":"    }","lastModifiedDate":"2025-09-04T13:57:40","isFullCredit":false},{"lineNumber":174,"author":{"gitId":"msc-123456"},"content":"","lastModifiedDate":"2025-09-04T13:57:40","isFullCredit":false},{"lineNumber":175,"author":{"gitId":"msc-123456"},"content":"    public static void printLine() {","lastModifiedDate":"2025-09-04T13:57:40","isFullCredit":false},{"lineNumber":176,"author":{"gitId":"msc-123456"},"content":"        System.out.println(\"___________________________________\");","lastModifiedDate":"2025-09-04T13:57:40","isFullCredit":false},{"lineNumber":177,"author":{"gitId":"msc-123456"},"content":"    }","lastModifiedDate":"2025-09-04T13:57:40","isFullCredit":false},{"lineNumber":178,"author":{"gitId":"msc-123456"},"content":"","lastModifiedDate":"2025-09-04T13:57:40","isFullCredit":false},{"lineNumber":179,"author":{"gitId":"msc-123456"},"content":"    public static String getInput() {","lastModifiedDate":"2025-09-04T13:57:40","isFullCredit":false},{"lineNumber":180,"author":{"gitId":"msc-123456"},"content":"        return user.nextLine().trim();","lastModifiedDate":"2025-09-04T13:57:40","isFullCredit":false},{"lineNumber":181,"author":{"gitId":"msc-123456"},"content":"    }","lastModifiedDate":"2025-09-04T13:57:40","isFullCredit":false},{"lineNumber":182,"author":{"gitId":"msc-123456"},"content":"}","lastModifiedDate":"2025-09-04T13:57:40","isFullCredit":false}],"authorContributionMap":{"msc-123456":182}},{"path":"src/main/java/spark/process_input/SparkException.java","fileType":"java","lines":[{"lineNumber":1,"author":{"gitId":"msc-123456"},"content":"package spark.process_input;","lastModifiedDate":"2025-09-09T14:38:10","isFullCredit":false},{"lineNumber":2,"author":{"gitId":"msc-123456"},"content":"","lastModifiedDate":"2025-09-09T14:38:10","isFullCredit":false},{"lineNumber":3,"author":{"gitId":"msc-123456"},"content":"public class SparkException {","lastModifiedDate":"2025-09-07T19:27:01","isFullCredit":false},{"lineNumber":4,"author":{"gitId":"msc-123456"},"content":"    private static final int MAX_TASKS \u003d 100;","lastModifiedDate":"2025-09-07T19:27:01","isFullCredit":false},{"lineNumber":5,"author":{"gitId":"msc-123456"},"content":"    private static int taskCount \u003d 0;","lastModifiedDate":"2025-09-07T19:27:01","isFullCredit":false},{"lineNumber":6,"author":{"gitId":"msc-123456"},"content":"","lastModifiedDate":"2025-09-07T19:27:01","isFullCredit":false},{"lineNumber":7,"author":{"gitId":"msc-123456"},"content":"    public static final int LEN_TODO \u003d \"todo\".length();","lastModifiedDate":"2025-09-07T19:27:01","isFullCredit":false},{"lineNumber":8,"author":{"gitId":"msc-123456"},"content":"    public static final int LEN_DEADLINE \u003d \"deadline\".length();","lastModifiedDate":"2025-09-07T19:27:01","isFullCredit":false},{"lineNumber":9,"author":{"gitId":"msc-123456"},"content":"    public static final int LEN_EVENT \u003d \"event\".length();","lastModifiedDate":"2025-09-07T19:27:01","isFullCredit":false},{"lineNumber":10,"author":{"gitId":"msc-123456"},"content":"    public static final int LEN_FROM \u003d \"/from\".length();","lastModifiedDate":"2025-09-07T19:27:01","isFullCredit":false},{"lineNumber":11,"author":{"gitId":"msc-123456"},"content":"    public static final int LEN_TO \u003d \"/to\".length();","lastModifiedDate":"2025-09-07T19:27:01","isFullCredit":false},{"lineNumber":12,"author":{"gitId":"msc-123456"},"content":"","lastModifiedDate":"2025-09-07T19:27:01","isFullCredit":false},{"lineNumber":13,"author":{"gitId":"msc-123456"},"content":"    public static void setTaskCount(int count) {","lastModifiedDate":"2025-09-07T19:27:01","isFullCredit":false},{"lineNumber":14,"author":{"gitId":"msc-123456"},"content":"        taskCount \u003d count;","lastModifiedDate":"2025-09-07T19:27:01","isFullCredit":false},{"lineNumber":15,"author":{"gitId":"msc-123456"},"content":"    }","lastModifiedDate":"2025-09-07T19:27:01","isFullCredit":false},{"lineNumber":16,"author":{"gitId":"msc-123456"},"content":"","lastModifiedDate":"2025-09-07T19:27:01","isFullCredit":false},{"lineNumber":17,"author":{"gitId":"msc-123456"},"content":"    public static String checkMarkUnmark(String input) {","lastModifiedDate":"2025-09-07T19:27:01","isFullCredit":false},{"lineNumber":18,"author":{"gitId":"msc-123456"},"content":"        String[] parts \u003d input.split(\" \");","lastModifiedDate":"2025-09-07T19:27:01","isFullCredit":false},{"lineNumber":19,"author":{"gitId":"msc-123456"},"content":"        if (parts.length \u003c 2) {","lastModifiedDate":"2025-09-07T19:27:01","isFullCredit":false},{"lineNumber":20,"author":{"gitId":"msc-123456"},"content":"            return \"Please use: \" + parts[0] + \" \u003cnumber\u003e\";","lastModifiedDate":"2025-09-07T19:27:01","isFullCredit":false},{"lineNumber":21,"author":{"gitId":"msc-123456"},"content":"        }","lastModifiedDate":"2025-09-07T19:27:01","isFullCredit":false},{"lineNumber":22,"author":{"gitId":"msc-123456"},"content":"        try {","lastModifiedDate":"2025-09-07T19:27:01","isFullCredit":false},{"lineNumber":23,"author":{"gitId":"msc-123456"},"content":"            int index \u003d Integer.parseInt(parts[1]) - 1;","lastModifiedDate":"2025-09-07T19:27:01","isFullCredit":false},{"lineNumber":24,"author":{"gitId":"msc-123456"},"content":"            if (index \u003c 0 || index \u003e\u003d taskCount) {","lastModifiedDate":"2025-09-07T19:27:01","isFullCredit":false},{"lineNumber":25,"author":{"gitId":"msc-123456"},"content":"                if (taskCount \u003d\u003d 0) {","lastModifiedDate":"2025-09-07T19:27:01","isFullCredit":false},{"lineNumber":26,"author":{"gitId":"msc-123456"},"content":"                    return \"You don\u0027t have any tasks yet. Try to create one~\";","lastModifiedDate":"2025-09-07T19:27:01","isFullCredit":false},{"lineNumber":27,"author":{"gitId":"msc-123456"},"content":"                }else {","lastModifiedDate":"2025-09-07T19:27:01","isFullCredit":false},{"lineNumber":28,"author":{"gitId":"msc-123456"},"content":"                    return \"Sorry, I cannot find this task. Please try a number within \" + taskCount + \"~\";","lastModifiedDate":"2025-09-07T19:27:01","isFullCredit":false},{"lineNumber":29,"author":{"gitId":"msc-123456"},"content":"                }","lastModifiedDate":"2025-09-07T19:27:01","isFullCredit":false},{"lineNumber":30,"author":{"gitId":"msc-123456"},"content":"            }","lastModifiedDate":"2025-09-07T19:27:01","isFullCredit":false},{"lineNumber":31,"author":{"gitId":"msc-123456"},"content":"        } catch (NumberFormatException e) {","lastModifiedDate":"2025-09-07T19:27:01","isFullCredit":false},{"lineNumber":32,"author":{"gitId":"msc-123456"},"content":"            return \"Please use: \" + parts[0] + \" \u003cnumber\u003e\";","lastModifiedDate":"2025-09-07T19:27:01","isFullCredit":false},{"lineNumber":33,"author":{"gitId":"msc-123456"},"content":"        }","lastModifiedDate":"2025-09-07T19:27:01","isFullCredit":false},{"lineNumber":34,"author":{"gitId":"msc-123456"},"content":"        return null;","lastModifiedDate":"2025-09-07T19:27:01","isFullCredit":false},{"lineNumber":35,"author":{"gitId":"msc-123456"},"content":"    }","lastModifiedDate":"2025-09-07T19:27:01","isFullCredit":false},{"lineNumber":36,"author":{"gitId":"msc-123456"},"content":"","lastModifiedDate":"2025-09-07T19:27:01","isFullCredit":false},{"lineNumber":37,"author":{"gitId":"msc-123456"},"content":"    public static String checkTodo(String input) {","lastModifiedDate":"2025-09-07T19:27:01","isFullCredit":false},{"lineNumber":38,"author":{"gitId":"msc-123456"},"content":"        if (input.length() \u003c\u003d LEN_TODO) {","lastModifiedDate":"2025-09-07T19:27:01","isFullCredit":false},{"lineNumber":39,"author":{"gitId":"msc-123456"},"content":"            return \"Oh, I need a name for the todo task~\";","lastModifiedDate":"2025-09-07T19:27:01","isFullCredit":false},{"lineNumber":40,"author":{"gitId":"msc-123456"},"content":"        }","lastModifiedDate":"2025-09-07T19:27:01","isFullCredit":false},{"lineNumber":41,"author":{"gitId":"msc-123456"},"content":"        String description \u003d input.substring(LEN_TODO).trim();","lastModifiedDate":"2025-09-07T19:27:01","isFullCredit":false},{"lineNumber":42,"author":{"gitId":"msc-123456"},"content":"        if (description.isEmpty()) {","lastModifiedDate":"2025-09-07T19:27:01","isFullCredit":false},{"lineNumber":43,"author":{"gitId":"msc-123456"},"content":"            return \"Oh, I need a name for the todo task~\";","lastModifiedDate":"2025-09-07T19:27:01","isFullCredit":false},{"lineNumber":44,"author":{"gitId":"msc-123456"},"content":"        }","lastModifiedDate":"2025-09-07T19:27:01","isFullCredit":false},{"lineNumber":45,"author":{"gitId":"msc-123456"},"content":"        return null;","lastModifiedDate":"2025-09-07T19:27:01","isFullCredit":false},{"lineNumber":46,"author":{"gitId":"msc-123456"},"content":"    }","lastModifiedDate":"2025-09-07T19:27:01","isFullCredit":false},{"lineNumber":47,"author":{"gitId":"msc-123456"},"content":"","lastModifiedDate":"2025-09-07T19:27:01","isFullCredit":false},{"lineNumber":48,"author":{"gitId":"msc-123456"},"content":"    public static String checkDeadline(String input) {","lastModifiedDate":"2025-09-07T19:27:01","isFullCredit":false},{"lineNumber":49,"author":{"gitId":"msc-123456"},"content":"        if (!input.contains(\"/by\")) {","lastModifiedDate":"2025-09-07T19:27:01","isFullCredit":false},{"lineNumber":50,"author":{"gitId":"msc-123456"},"content":"            return \"Please use: deadline \u003ctask name\u003e /by \u003ctime\u003e\";","lastModifiedDate":"2025-09-07T19:27:01","isFullCredit":false},{"lineNumber":51,"author":{"gitId":"msc-123456"},"content":"        }","lastModifiedDate":"2025-09-07T19:27:01","isFullCredit":false},{"lineNumber":52,"author":{"gitId":"msc-123456"},"content":"","lastModifiedDate":"2025-09-07T19:27:01","isFullCredit":false},{"lineNumber":53,"author":{"gitId":"msc-123456"},"content":"        if (input.indexOf(\"/by\") \u003c\u003d LEN_DEADLINE) {","lastModifiedDate":"2025-09-07T19:27:01","isFullCredit":false},{"lineNumber":54,"author":{"gitId":"msc-123456"},"content":"            return \"Oh, I need a name for the deadline task~\";","lastModifiedDate":"2025-09-07T19:27:01","isFullCredit":false},{"lineNumber":55,"author":{"gitId":"msc-123456"},"content":"        }","lastModifiedDate":"2025-09-07T19:27:01","isFullCredit":false},{"lineNumber":56,"author":{"gitId":"msc-123456"},"content":"","lastModifiedDate":"2025-09-07T19:27:01","isFullCredit":false},{"lineNumber":57,"author":{"gitId":"msc-123456"},"content":"        String[] parts \u003d input.split(\"/by\", 2);","lastModifiedDate":"2025-09-07T19:27:01","isFullCredit":false},{"lineNumber":58,"author":{"gitId":"msc-123456"},"content":"        if (parts.length \u003c 2 || parts[1].trim().isEmpty()) {","lastModifiedDate":"2025-09-07T19:27:01","isFullCredit":false},{"lineNumber":59,"author":{"gitId":"msc-123456"},"content":"            return \"Hi! When is the deadline for this task?\";","lastModifiedDate":"2025-09-07T19:27:01","isFullCredit":false},{"lineNumber":60,"author":{"gitId":"msc-123456"},"content":"        }","lastModifiedDate":"2025-09-07T19:27:01","isFullCredit":false},{"lineNumber":61,"author":{"gitId":"msc-123456"},"content":"","lastModifiedDate":"2025-09-07T19:27:01","isFullCredit":false},{"lineNumber":62,"author":{"gitId":"msc-123456"},"content":"        String beforeBy \u003d parts[0].substring(LEN_DEADLINE).trim();","lastModifiedDate":"2025-09-07T19:27:01","isFullCredit":false},{"lineNumber":63,"author":{"gitId":"msc-123456"},"content":"        if (beforeBy.isEmpty()) {","lastModifiedDate":"2025-09-07T19:27:01","isFullCredit":false},{"lineNumber":64,"author":{"gitId":"msc-123456"},"content":"            return \"Oh, I need a name for the deadline task~\";","lastModifiedDate":"2025-09-07T19:27:01","isFullCredit":false},{"lineNumber":65,"author":{"gitId":"msc-123456"},"content":"        }","lastModifiedDate":"2025-09-07T19:27:01","isFullCredit":false},{"lineNumber":66,"author":{"gitId":"msc-123456"},"content":"","lastModifiedDate":"2025-09-07T19:27:01","isFullCredit":false},{"lineNumber":67,"author":{"gitId":"msc-123456"},"content":"        return null;","lastModifiedDate":"2025-09-07T19:27:01","isFullCredit":false},{"lineNumber":68,"author":{"gitId":"msc-123456"},"content":"    }","lastModifiedDate":"2025-09-07T19:27:01","isFullCredit":false},{"lineNumber":69,"author":{"gitId":"msc-123456"},"content":"","lastModifiedDate":"2025-09-07T19:27:01","isFullCredit":false},{"lineNumber":70,"author":{"gitId":"msc-123456"},"content":"    public static String checkEvent(String input) {","lastModifiedDate":"2025-09-07T19:27:01","isFullCredit":false},{"lineNumber":71,"author":{"gitId":"msc-123456"},"content":"        if (!input.contains(\"/from\") || !input.contains(\"/to\")) {","lastModifiedDate":"2025-09-07T19:27:01","isFullCredit":false},{"lineNumber":72,"author":{"gitId":"msc-123456"},"content":"            return \"Please use: event \u003ctask name\u003e /from \u003ctime\u003e /to \u003ctime\u003e\";","lastModifiedDate":"2025-09-07T19:27:01","isFullCredit":false},{"lineNumber":73,"author":{"gitId":"msc-123456"},"content":"        }","lastModifiedDate":"2025-09-07T19:27:01","isFullCredit":false},{"lineNumber":74,"author":{"gitId":"msc-123456"},"content":"","lastModifiedDate":"2025-09-07T19:27:01","isFullCredit":false},{"lineNumber":75,"author":{"gitId":"msc-123456"},"content":"        int fromIndex \u003d input.indexOf(\"/from\");","lastModifiedDate":"2025-09-07T19:27:01","isFullCredit":false},{"lineNumber":76,"author":{"gitId":"msc-123456"},"content":"        int toIndex \u003d input.indexOf(\"/to\");","lastModifiedDate":"2025-09-07T19:27:01","isFullCredit":false},{"lineNumber":77,"author":{"gitId":"msc-123456"},"content":"        if (fromIndex \u003e toIndex) {","lastModifiedDate":"2025-09-07T19:27:01","isFullCredit":false},{"lineNumber":78,"author":{"gitId":"msc-123456"},"content":"            return \"Please use the correct order: /from before /to!\";","lastModifiedDate":"2025-09-07T19:27:01","isFullCredit":false},{"lineNumber":79,"author":{"gitId":"msc-123456"},"content":"        }","lastModifiedDate":"2025-09-07T19:27:01","isFullCredit":false},{"lineNumber":80,"author":{"gitId":"msc-123456"},"content":"","lastModifiedDate":"2025-09-07T19:27:01","isFullCredit":false},{"lineNumber":81,"author":{"gitId":"msc-123456"},"content":"        if (fromIndex \u003c\u003d LEN_EVENT) {","lastModifiedDate":"2025-09-07T19:27:01","isFullCredit":false},{"lineNumber":82,"author":{"gitId":"msc-123456"},"content":"            return \"Oh, I need a name for the event task~\";","lastModifiedDate":"2025-09-07T19:27:01","isFullCredit":false},{"lineNumber":83,"author":{"gitId":"msc-123456"},"content":"        }","lastModifiedDate":"2025-09-07T19:27:01","isFullCredit":false},{"lineNumber":84,"author":{"gitId":"msc-123456"},"content":"","lastModifiedDate":"2025-09-07T19:27:01","isFullCredit":false},{"lineNumber":85,"author":{"gitId":"msc-123456"},"content":"        String betweenFromAndTo \u003d input.substring(fromIndex + LEN_FROM, toIndex).trim();","lastModifiedDate":"2025-09-07T19:27:01","isFullCredit":false},{"lineNumber":86,"author":{"gitId":"msc-123456"},"content":"        if (betweenFromAndTo.isEmpty()) {","lastModifiedDate":"2025-09-07T19:27:01","isFullCredit":false},{"lineNumber":87,"author":{"gitId":"msc-123456"},"content":"            return \"Hi! When is the start time of this task?\\nPlease use: event \u003ctask name\u003e /from \u003ctime\u003e /to \u003ctime\u003e\";","lastModifiedDate":"2025-09-07T19:27:01","isFullCredit":false},{"lineNumber":88,"author":{"gitId":"msc-123456"},"content":"        }","lastModifiedDate":"2025-09-07T19:27:01","isFullCredit":false},{"lineNumber":89,"author":{"gitId":"msc-123456"},"content":"","lastModifiedDate":"2025-09-07T19:27:01","isFullCredit":false},{"lineNumber":90,"author":{"gitId":"msc-123456"},"content":"        String afterTo \u003d input.substring(toIndex + LEN_TO).trim();","lastModifiedDate":"2025-09-07T19:27:01","isFullCredit":false},{"lineNumber":91,"author":{"gitId":"msc-123456"},"content":"        if (afterTo.isEmpty()) {","lastModifiedDate":"2025-09-07T19:27:01","isFullCredit":false},{"lineNumber":92,"author":{"gitId":"msc-123456"},"content":"            return \"Hi! When is the end time of this task?\\nPlease use: event \u003ctask name\u003e /from \u003ctime\u003e /to \u003ctime\u003e\";","lastModifiedDate":"2025-09-07T19:27:01","isFullCredit":false},{"lineNumber":93,"author":{"gitId":"msc-123456"},"content":"        }","lastModifiedDate":"2025-09-07T19:27:01","isFullCredit":false},{"lineNumber":94,"author":{"gitId":"msc-123456"},"content":"","lastModifiedDate":"2025-09-07T19:27:01","isFullCredit":false},{"lineNumber":95,"author":{"gitId":"msc-123456"},"content":"        String beforeFrom \u003d input.substring(LEN_EVENT, fromIndex).trim();","lastModifiedDate":"2025-09-07T19:27:01","isFullCredit":false},{"lineNumber":96,"author":{"gitId":"msc-123456"},"content":"        if (beforeFrom.isEmpty()) {","lastModifiedDate":"2025-09-07T19:27:01","isFullCredit":false},{"lineNumber":97,"author":{"gitId":"msc-123456"},"content":"            return \"Oh, I need a name for the event task~\\nPlease use: event \u003ctask name\u003e /from \u003ctime\u003e /to \u003ctime\u003e\";","lastModifiedDate":"2025-09-07T19:27:01","isFullCredit":false},{"lineNumber":98,"author":{"gitId":"msc-123456"},"content":"        }","lastModifiedDate":"2025-09-07T19:27:01","isFullCredit":false},{"lineNumber":99,"author":{"gitId":"msc-123456"},"content":"","lastModifiedDate":"2025-09-07T19:27:01","isFullCredit":false},{"lineNumber":100,"author":{"gitId":"msc-123456"},"content":"        return null;","lastModifiedDate":"2025-09-07T19:27:01","isFullCredit":false},{"lineNumber":101,"author":{"gitId":"msc-123456"},"content":"    }","lastModifiedDate":"2025-09-07T19:27:01","isFullCredit":false},{"lineNumber":102,"author":{"gitId":"msc-123456"},"content":"","lastModifiedDate":"2025-09-07T19:27:01","isFullCredit":false},{"lineNumber":103,"author":{"gitId":"msc-123456"},"content":"    public static String checkTaskListFull() {","lastModifiedDate":"2025-09-07T19:27:01","isFullCredit":false},{"lineNumber":104,"author":{"gitId":"msc-123456"},"content":"        if (taskCount \u003e\u003d MAX_TASKS) {","lastModifiedDate":"2025-09-07T19:27:01","isFullCredit":false},{"lineNumber":105,"author":{"gitId":"msc-123456"},"content":"            return \"Sorry! Task list is full (max \" + MAX_TASKS + \" tasks).\";","lastModifiedDate":"2025-09-07T19:27:01","isFullCredit":false},{"lineNumber":106,"author":{"gitId":"msc-123456"},"content":"        }","lastModifiedDate":"2025-09-07T19:27:01","isFullCredit":false},{"lineNumber":107,"author":{"gitId":"msc-123456"},"content":"        return null;","lastModifiedDate":"2025-09-07T19:27:01","isFullCredit":false},{"lineNumber":108,"author":{"gitId":"msc-123456"},"content":"    }","lastModifiedDate":"2025-09-07T19:27:01","isFullCredit":false},{"lineNumber":109,"author":{"gitId":"msc-123456"},"content":"","lastModifiedDate":"2025-09-07T19:27:01","isFullCredit":false},{"lineNumber":110,"author":{"gitId":"msc-123456"},"content":"    public static void handleUnknownCommand() {","lastModifiedDate":"2025-09-07T19:27:01","isFullCredit":false},{"lineNumber":111,"author":{"gitId":"msc-123456"},"content":"        System.out.println(\"Sorry, I can\u0027t understand your command. ( 0.0 )\");","lastModifiedDate":"2025-09-07T19:27:01","isFullCredit":false},{"lineNumber":112,"author":{"gitId":"msc-123456"},"content":"        System.out.println(\"Please use these command ( ^_^ ):\");","lastModifiedDate":"2025-09-07T19:27:01","isFullCredit":false},{"lineNumber":113,"author":{"gitId":"msc-123456"},"content":"        System.out.println(\"todo, deadline, event, mark, unmark, list, bye\");","lastModifiedDate":"2025-09-07T19:27:01","isFullCredit":false},{"lineNumber":114,"author":{"gitId":"msc-123456"},"content":"    }","lastModifiedDate":"2025-09-07T19:27:01","isFullCredit":false},{"lineNumber":115,"author":{"gitId":"msc-123456"},"content":"}","lastModifiedDate":"2025-09-07T19:27:01","isFullCredit":false}],"authorContributionMap":{"msc-123456":115}},{"path":"src/main/java/spark/task/Deadline.java","fileType":"java","lines":[{"lineNumber":1,"author":{"gitId":"msc-123456"},"content":"package spark.task;","lastModifiedDate":"2025-09-09T14:38:10","isFullCredit":false},{"lineNumber":2,"author":{"gitId":"msc-123456"},"content":"","lastModifiedDate":"2025-09-09T14:38:10","isFullCredit":false},{"lineNumber":3,"author":{"gitId":"msc-123456"},"content":"public class Deadline extends Task {","lastModifiedDate":"2025-09-03T15:07:32","isFullCredit":false},{"lineNumber":4,"author":{"gitId":"msc-123456"},"content":"    protected String by;","lastModifiedDate":"2025-09-03T15:07:32","isFullCredit":false},{"lineNumber":5,"author":{"gitId":"msc-123456"},"content":"","lastModifiedDate":"2025-09-03T15:07:32","isFullCredit":false},{"lineNumber":6,"author":{"gitId":"msc-123456"},"content":"    public Deadline(String description, String by) {","lastModifiedDate":"2025-09-03T15:07:32","isFullCredit":false},{"lineNumber":7,"author":{"gitId":"msc-123456"},"content":"        super(description);","lastModifiedDate":"2025-09-03T15:07:32","isFullCredit":false},{"lineNumber":8,"author":{"gitId":"msc-123456"},"content":"        this.by \u003d by;","lastModifiedDate":"2025-09-03T15:07:32","isFullCredit":false},{"lineNumber":9,"author":{"gitId":"msc-123456"},"content":"    }","lastModifiedDate":"2025-09-03T15:07:32","isFullCredit":false},{"lineNumber":10,"author":{"gitId":"msc-123456"},"content":"","lastModifiedDate":"2025-09-03T15:07:32","isFullCredit":false},{"lineNumber":11,"author":{"gitId":"msc-123456"},"content":"    @Override","lastModifiedDate":"2025-09-03T15:07:32","isFullCredit":false},{"lineNumber":12,"author":{"gitId":"msc-123456"},"content":"    public String toString() {","lastModifiedDate":"2025-09-03T15:07:32","isFullCredit":false},{"lineNumber":13,"author":{"gitId":"msc-123456"},"content":"        return \"[D]\" + super.toString() + \" (by: \" + by + \")\";","lastModifiedDate":"2025-09-03T15:07:32","isFullCredit":false},{"lineNumber":14,"author":{"gitId":"msc-123456"},"content":"    }","lastModifiedDate":"2025-09-03T15:07:32","isFullCredit":false},{"lineNumber":15,"author":{"gitId":"msc-123456"},"content":"}","lastModifiedDate":"2025-09-03T15:07:32","isFullCredit":false}],"authorContributionMap":{"msc-123456":15}},{"path":"src/main/java/spark/task/Event.java","fileType":"java","lines":[{"lineNumber":1,"author":{"gitId":"msc-123456"},"content":"package spark.task;","lastModifiedDate":"2025-09-09T14:38:10","isFullCredit":false},{"lineNumber":2,"author":{"gitId":"msc-123456"},"content":"","lastModifiedDate":"2025-09-09T14:38:10","isFullCredit":false},{"lineNumber":3,"author":{"gitId":"msc-123456"},"content":"public class Event extends Task {","lastModifiedDate":"2025-09-03T15:07:32","isFullCredit":false},{"lineNumber":4,"author":{"gitId":"msc-123456"},"content":"    protected String from;","lastModifiedDate":"2025-09-03T15:07:32","isFullCredit":false},{"lineNumber":5,"author":{"gitId":"msc-123456"},"content":"    protected String to;","lastModifiedDate":"2025-09-03T15:07:32","isFullCredit":false},{"lineNumber":6,"author":{"gitId":"msc-123456"},"content":"","lastModifiedDate":"2025-09-03T15:07:32","isFullCredit":false},{"lineNumber":7,"author":{"gitId":"msc-123456"},"content":"    public Event(String description, String from, String to) {","lastModifiedDate":"2025-09-03T15:07:32","isFullCredit":false},{"lineNumber":8,"author":{"gitId":"msc-123456"},"content":"        super(description);","lastModifiedDate":"2025-09-03T15:07:32","isFullCredit":false},{"lineNumber":9,"author":{"gitId":"msc-123456"},"content":"        this.from \u003d from;","lastModifiedDate":"2025-09-03T15:07:32","isFullCredit":false},{"lineNumber":10,"author":{"gitId":"msc-123456"},"content":"        this.to \u003d to;","lastModifiedDate":"2025-09-03T15:07:32","isFullCredit":false},{"lineNumber":11,"author":{"gitId":"msc-123456"},"content":"    }","lastModifiedDate":"2025-09-03T15:07:32","isFullCredit":false},{"lineNumber":12,"author":{"gitId":"msc-123456"},"content":"","lastModifiedDate":"2025-09-03T15:07:32","isFullCredit":false},{"lineNumber":13,"author":{"gitId":"msc-123456"},"content":"    @Override","lastModifiedDate":"2025-09-03T15:07:32","isFullCredit":false},{"lineNumber":14,"author":{"gitId":"msc-123456"},"content":"    public String toString() {","lastModifiedDate":"2025-09-03T15:07:32","isFullCredit":false},{"lineNumber":15,"author":{"gitId":"msc-123456"},"content":"        return \"[E]\" + super.toString() + \" (from: \" + from + \" to: \" + to + \")\";","lastModifiedDate":"2025-09-03T15:07:32","isFullCredit":false},{"lineNumber":16,"author":{"gitId":"msc-123456"},"content":"    }","lastModifiedDate":"2025-09-03T15:07:32","isFullCredit":false},{"lineNumber":17,"author":{"gitId":"msc-123456"},"content":"}","lastModifiedDate":"2025-09-03T15:07:32","isFullCredit":false}],"authorContributionMap":{"msc-123456":17}},{"path":"src/main/java/spark/task/Task.java","fileType":"java","lines":[{"lineNumber":1,"author":{"gitId":"msc-123456"},"content":"package spark.task;","lastModifiedDate":"2025-09-09T14:38:10","isFullCredit":false},{"lineNumber":2,"author":{"gitId":"msc-123456"},"content":"","lastModifiedDate":"2025-09-09T14:38:10","isFullCredit":false},{"lineNumber":3,"author":{"gitId":"msc-123456"},"content":"public class Task {","lastModifiedDate":"2025-08-28T14:30:16","isFullCredit":false},{"lineNumber":4,"author":{"gitId":"msc-123456"},"content":"    private String description;","lastModifiedDate":"2025-08-28T14:30:16","isFullCredit":false},{"lineNumber":5,"author":{"gitId":"msc-123456"},"content":"    private boolean isDone;","lastModifiedDate":"2025-08-28T14:30:16","isFullCredit":false},{"lineNumber":6,"author":{"gitId":"msc-123456"},"content":"","lastModifiedDate":"2025-08-28T14:30:16","isFullCredit":false},{"lineNumber":7,"author":{"gitId":"msc-123456"},"content":"    public Task(String description) {","lastModifiedDate":"2025-08-28T14:30:16","isFullCredit":false},{"lineNumber":8,"author":{"gitId":"msc-123456"},"content":"        this.description \u003d description;","lastModifiedDate":"2025-08-28T14:30:16","isFullCredit":false},{"lineNumber":9,"author":{"gitId":"msc-123456"},"content":"        this.isDone \u003d false;","lastModifiedDate":"2025-08-28T14:30:16","isFullCredit":false},{"lineNumber":10,"author":{"gitId":"msc-123456"},"content":"    }","lastModifiedDate":"2025-08-28T14:30:16","isFullCredit":false},{"lineNumber":11,"author":{"gitId":"msc-123456"},"content":"","lastModifiedDate":"2025-08-28T14:30:16","isFullCredit":false},{"lineNumber":12,"author":{"gitId":"msc-123456"},"content":"    public void markAsDone() {","lastModifiedDate":"2025-08-28T14:30:16","isFullCredit":false},{"lineNumber":13,"author":{"gitId":"msc-123456"},"content":"        this.isDone \u003d true;","lastModifiedDate":"2025-08-28T14:30:16","isFullCredit":false},{"lineNumber":14,"author":{"gitId":"msc-123456"},"content":"    }","lastModifiedDate":"2025-08-28T14:30:16","isFullCredit":false},{"lineNumber":15,"author":{"gitId":"msc-123456"},"content":"","lastModifiedDate":"2025-08-28T14:30:16","isFullCredit":false},{"lineNumber":16,"author":{"gitId":"msc-123456"},"content":"    public void unmark() {","lastModifiedDate":"2025-08-28T14:30:16","isFullCredit":false},{"lineNumber":17,"author":{"gitId":"msc-123456"},"content":"        this.isDone \u003d false;","lastModifiedDate":"2025-08-28T14:30:16","isFullCredit":false},{"lineNumber":18,"author":{"gitId":"msc-123456"},"content":"    }","lastModifiedDate":"2025-08-28T14:30:16","isFullCredit":false},{"lineNumber":19,"author":{"gitId":"msc-123456"},"content":"","lastModifiedDate":"2025-08-28T14:30:16","isFullCredit":false},{"lineNumber":20,"author":{"gitId":"msc-123456"},"content":"    public String getStatusIcon() {","lastModifiedDate":"2025-08-28T14:30:16","isFullCredit":false},{"lineNumber":21,"author":{"gitId":"msc-123456"},"content":"        return (isDone ? \"X\" : \" \");","lastModifiedDate":"2025-08-28T14:30:16","isFullCredit":false},{"lineNumber":22,"author":{"gitId":"msc-123456"},"content":"    }","lastModifiedDate":"2025-08-28T14:30:16","isFullCredit":false},{"lineNumber":23,"author":{"gitId":"msc-123456"},"content":"","lastModifiedDate":"2025-08-28T14:30:16","isFullCredit":false},{"lineNumber":24,"author":{"gitId":"msc-123456"},"content":"    @Override","lastModifiedDate":"2025-08-28T14:30:16","isFullCredit":false},{"lineNumber":25,"author":{"gitId":"msc-123456"},"content":"    public String toString() {","lastModifiedDate":"2025-08-28T14:30:16","isFullCredit":false},{"lineNumber":26,"author":{"gitId":"msc-123456"},"content":"        return \"[\" + getStatusIcon() + \"] \" + description;","lastModifiedDate":"2025-08-28T14:30:16","isFullCredit":false},{"lineNumber":27,"author":{"gitId":"msc-123456"},"content":"    }","lastModifiedDate":"2025-08-28T14:30:16","isFullCredit":false},{"lineNumber":28,"author":{"gitId":"msc-123456"},"content":"}","lastModifiedDate":"2025-08-28T14:30:16","isFullCredit":false}],"authorContributionMap":{"msc-123456":28}},{"path":"src/main/java/spark/task/Todo.java","fileType":"java","lines":[{"lineNumber":1,"author":{"gitId":"msc-123456"},"content":"package spark.task;","lastModifiedDate":"2025-09-09T14:38:10","isFullCredit":false},{"lineNumber":2,"author":{"gitId":"msc-123456"},"content":"","lastModifiedDate":"2025-09-09T14:38:10","isFullCredit":false},{"lineNumber":3,"author":{"gitId":"msc-123456"},"content":"public class Todo extends Task {","lastModifiedDate":"2025-09-03T15:07:32","isFullCredit":false},{"lineNumber":4,"author":{"gitId":"msc-123456"},"content":"    public Todo(String description) {","lastModifiedDate":"2025-09-03T15:07:32","isFullCredit":false},{"lineNumber":5,"author":{"gitId":"msc-123456"},"content":"        super(description);","lastModifiedDate":"2025-09-03T15:07:32","isFullCredit":false},{"lineNumber":6,"author":{"gitId":"msc-123456"},"content":"    }","lastModifiedDate":"2025-09-03T15:07:32","isFullCredit":false},{"lineNumber":7,"author":{"gitId":"msc-123456"},"content":"","lastModifiedDate":"2025-09-03T15:07:32","isFullCredit":false},{"lineNumber":8,"author":{"gitId":"msc-123456"},"content":"    @Override","lastModifiedDate":"2025-09-03T15:07:32","isFullCredit":false},{"lineNumber":9,"author":{"gitId":"msc-123456"},"content":"    public String toString() {","lastModifiedDate":"2025-09-03T15:07:32","isFullCredit":false},{"lineNumber":10,"author":{"gitId":"msc-123456"},"content":"        return \"[T]\" + super.toString();","lastModifiedDate":"2025-09-03T15:07:32","isFullCredit":false},{"lineNumber":11,"author":{"gitId":"msc-123456"},"content":"    }","lastModifiedDate":"2025-09-03T15:07:32","isFullCredit":false},{"lineNumber":12,"author":{"gitId":"msc-123456"},"content":"}","lastModifiedDate":"2025-09-03T15:07:32","isFullCredit":false}],"authorContributionMap":{"msc-123456":12}},{"path":"src/main/java/spark/ui/Spark.java","fileType":"java","lines":[{"lineNumber":1,"author":{"gitId":"msc-123456"},"content":"package spark.ui;","lastModifiedDate":"2025-09-09T14:38:10","isFullCredit":false},{"lineNumber":2,"author":{"gitId":"msc-123456"},"content":"import spark.process_input.Command;","lastModifiedDate":"2025-09-09T14:38:10","isFullCredit":false},{"lineNumber":3,"author":{"gitId":"msc-123456"},"content":"","lastModifiedDate":"2025-09-09T14:38:10","isFullCredit":false},{"lineNumber":4,"author":{"gitId":"msc-123456"},"content":"public class Spark {","lastModifiedDate":"2025-08-28T14:30:16","isFullCredit":false},{"lineNumber":5,"author":{"gitId":"msc-123456"},"content":"    public static void main(String[] args) {","lastModifiedDate":"2025-08-28T14:30:16","isFullCredit":false},{"lineNumber":6,"author":{"gitId":"msc-123456"},"content":"        showWelcomeMessage();","lastModifiedDate":"2025-09-03T15:07:32","isFullCredit":false},{"lineNumber":7,"author":{"gitId":"msc-123456"},"content":"","lastModifiedDate":"2025-09-03T15:07:32","isFullCredit":false},{"lineNumber":8,"author":{"gitId":"msc-123456"},"content":"        boolean isRunning \u003d true;","lastModifiedDate":"2025-09-03T15:07:32","isFullCredit":false},{"lineNumber":9,"author":{"gitId":"msc-123456"},"content":"        while (isRunning) {","lastModifiedDate":"2025-09-03T15:07:32","isFullCredit":false},{"lineNumber":10,"author":{"gitId":"msc-123456"},"content":"            String input \u003d Command.getInput();","lastModifiedDate":"2025-09-04T13:57:40","isFullCredit":false},{"lineNumber":11,"author":{"gitId":"msc-123456"},"content":"            isRunning \u003d Command.executeCommand(input);","lastModifiedDate":"2025-09-04T13:57:40","isFullCredit":false},{"lineNumber":12,"author":{"gitId":"msc-123456"},"content":"        }","lastModifiedDate":"2025-09-03T15:07:32","isFullCredit":false},{"lineNumber":13,"author":{"gitId":"msc-123456"},"content":"    }","lastModifiedDate":"2025-09-03T15:07:32","isFullCredit":false},{"lineNumber":14,"author":{"gitId":"msc-123456"},"content":"","lastModifiedDate":"2025-09-03T15:07:32","isFullCredit":false},{"lineNumber":15,"author":{"gitId":"msc-123456"},"content":"    private static void showWelcomeMessage() {","lastModifiedDate":"2025-09-03T15:07:32","isFullCredit":false},{"lineNumber":16,"author":{"gitId":"msc-123456"},"content":"        Command.printLine();","lastModifiedDate":"2025-09-04T13:57:40","isFullCredit":false},{"lineNumber":17,"author":{"gitId":"msc-123456"},"content":"        System.out.println(\"  ███████╗██████╗  █████╗ ██████╗ ██╗  ██╗\");","lastModifiedDate":"2025-08-28T14:30:16","isFullCredit":false},{"lineNumber":18,"author":{"gitId":"msc-123456"},"content":"        System.out.println(\"  ██╔════╝██╔══██╗██╔══██╗██╔══██╗██║ ██╔╝\");","lastModifiedDate":"2025-08-28T14:30:16","isFullCredit":false},{"lineNumber":19,"author":{"gitId":"msc-123456"},"content":"        System.out.println(\"  ███████╗██████╔╝███████║██████╔╝█████╔╝ \");","lastModifiedDate":"2025-08-28T14:30:16","isFullCredit":false},{"lineNumber":20,"author":{"gitId":"msc-123456"},"content":"        System.out.println(\"  ╚════██║██╔═══╝ ██╔══██║██╔══██╗██╔═██╗ \");","lastModifiedDate":"2025-08-28T14:30:16","isFullCredit":false},{"lineNumber":21,"author":{"gitId":"msc-123456"},"content":"        System.out.println(\"  ███████║██║     ██║  ██║██║  ██║██║  ██╗\");","lastModifiedDate":"2025-08-28T14:30:16","isFullCredit":false},{"lineNumber":22,"author":{"gitId":"msc-123456"},"content":"        System.out.println(\"  ╚══════╝╚═╝     ╚═╝  ╚═╝╚═╝  ╚═╝╚═╝  ╚═╝\\n\");","lastModifiedDate":"2025-08-28T14:30:16","isFullCredit":false},{"lineNumber":23,"author":{"gitId":"msc-123456"},"content":"        System.out.println(\"Hello! I\u0027m Spark!\\nCan I help you?\");","lastModifiedDate":"2025-08-28T14:30:16","isFullCredit":false},{"lineNumber":24,"author":{"gitId":"msc-123456"},"content":"        Command.printLine();","lastModifiedDate":"2025-09-04T13:57:40","isFullCredit":false},{"lineNumber":25,"author":{"gitId":"msc-123456"},"content":"    }","lastModifiedDate":"2025-08-28T14:30:16","isFullCredit":false},{"lineNumber":26,"author":{"gitId":"msc-123456"},"content":"}","lastModifiedDate":"2025-08-28T14:30:16","isFullCredit":false}],"authorContributionMap":{"msc-123456":26}},{"path":"text-ui-test/input.txt","fileType":"txt","lines":[{"lineNumber":1,"author":{"gitId":"msc-123456"},"content":"todo drink milk","lastModifiedDate":"2025-09-04T14:41:05","isFullCredit":false},{"lineNumber":2,"author":{"gitId":"msc-123456"},"content":"deadline assignment","lastModifiedDate":"2025-09-04T14:41:05","isFullCredit":false},{"lineNumber":3,"author":{"gitId":"msc-123456"},"content":"deadline assignment /by Friday","lastModifiedDate":"2025-09-04T14:41:05","isFullCredit":false},{"lineNumber":4,"author":{"gitId":"msc-123456"},"content":"event meeting /from 2pm /to 4pm","lastModifiedDate":"2025-09-04T14:41:05","isFullCredit":false},{"lineNumber":5,"author":{"gitId":"msc-123456"},"content":"mark 2","lastModifiedDate":"2025-09-04T14:41:05","isFullCredit":false},{"lineNumber":6,"author":{"gitId":"msc-123456"},"content":"list","lastModifiedDate":"2025-09-04T14:41:05","isFullCredit":false},{"lineNumber":7,"author":{"gitId":"msc-123456"},"content":"bye","lastModifiedDate":"2025-09-04T14:41:05","isFullCredit":false}],"authorContributionMap":{"msc-123456":7}},{"path":"text-ui-test/runtest.bat","fileType":"bat","lines":[{"lineNumber":1,"author":{"gitId":"-"},"content":"@ECHO OFF","lastModifiedDate":"2020-05-25T00:03:55","isFullCredit":false},{"lineNumber":2,"author":{"gitId":"-"},"content":"","lastModifiedDate":"2020-05-25T00:03:55","isFullCredit":false},{"lineNumber":3,"author":{"gitId":"-"},"content":"REM create bin directory if it doesn\u0027t exist","lastModifiedDate":"2020-05-25T00:03:55","isFullCredit":false},{"lineNumber":4,"author":{"gitId":"-"},"content":"if not exist ..\\bin mkdir ..\\bin","lastModifiedDate":"2020-05-25T00:03:55","isFullCredit":false},{"lineNumber":5,"author":{"gitId":"-"},"content":"","lastModifiedDate":"2020-05-25T00:03:55","isFullCredit":false},{"lineNumber":6,"author":{"gitId":"-"},"content":"REM delete output from previous run","lastModifiedDate":"2020-05-25T00:03:55","isFullCredit":false},{"lineNumber":7,"author":{"gitId":"-"},"content":"if exist ACTUAL.TXT del ACTUAL.TXT","lastModifiedDate":"2020-08-25T17:23:26","isFullCredit":false},{"lineNumber":8,"author":{"gitId":"-"},"content":"","lastModifiedDate":"2020-05-25T00:03:55","isFullCredit":false},{"lineNumber":9,"author":{"gitId":"-"},"content":"REM compile the code into the bin folder","lastModifiedDate":"2020-05-25T00:03:55","isFullCredit":false},{"lineNumber":10,"author":{"gitId":"msc-123456"},"content":"javac -encoding UTF-8 -cp ..\\src\\main\\java -d ..\\bin ..\\src\\main\\java\\*.java","lastModifiedDate":"2025-09-04T14:41:05","isFullCredit":false},{"lineNumber":11,"author":{"gitId":"-"},"content":"IF ERRORLEVEL 1 (","lastModifiedDate":"2020-05-25T00:03:55","isFullCredit":false},{"lineNumber":12,"author":{"gitId":"-"},"content":"    echo ********** BUILD FAILURE **********","lastModifiedDate":"2020-05-25T00:03:55","isFullCredit":false},{"lineNumber":13,"author":{"gitId":"-"},"content":"    exit /b 1","lastModifiedDate":"2020-05-25T00:03:55","isFullCredit":false},{"lineNumber":14,"author":{"gitId":"-"},"content":")","lastModifiedDate":"2020-05-25T00:03:55","isFullCredit":false},{"lineNumber":15,"author":{"gitId":"-"},"content":"REM no error here, errorlevel \u003d\u003d 0","lastModifiedDate":"2020-05-25T00:03:55","isFullCredit":false},{"lineNumber":16,"author":{"gitId":"-"},"content":"","lastModifiedDate":"2020-05-25T00:03:55","isFullCredit":false},{"lineNumber":17,"author":{"gitId":"-"},"content":"REM run the program, feed commands from input.txt file and redirect the output to the ACTUAL.TXT","lastModifiedDate":"2020-05-25T00:03:55","isFullCredit":false},{"lineNumber":18,"author":{"gitId":"msc-123456"},"content":"java -Dfile.encoding\u003dUTF-8 -classpath ..\\bin Spark \u003c input.txt \u003e ACTUAL.TXT","lastModifiedDate":"2025-09-04T14:41:05","isFullCredit":false},{"lineNumber":19,"author":{"gitId":"msc-123456"},"content":"","lastModifiedDate":"2025-09-04T14:41:05","isFullCredit":false},{"lineNumber":20,"author":{"gitId":"-"},"content":"","lastModifiedDate":"2020-05-25T00:03:55","isFullCredit":false},{"lineNumber":21,"author":{"gitId":"-"},"content":"REM compare the output to the expected output","lastModifiedDate":"2020-05-25T00:03:55","isFullCredit":false},{"lineNumber":22,"author":{"gitId":"-"},"content":"FC ACTUAL.TXT EXPECTED.TXT","lastModifiedDate":"2020-05-25T00:03:55","isFullCredit":false}],"authorContributionMap":{"msc-123456":3,"-":19}}]
