{"authorDailyContributionsMap":{"msc-123456":[{"date":"2025-08-28T00:00:00","commitResults":[{"hash":"5762b262c3b9eaf892161af2b11996adf826078b","isMergeCommit":false,"messageTitle":"Add Increment Level-0, Level-1, Level-2, Level-3, A-CodingStandard","messageBody":"","tags":["Level-3","Level-2","Level-1","Level-0","A-CodingStandard"],"fileTypesAndContributionMap":{"java":{"insertions":111,"deletions":10}}}]},{"date":"2025-09-03T00:00:00","commitResults":[{"hash":"5c63069e66de2a60580d8883faa76e44cb865cf1","isMergeCommit":false,"messageTitle":"add increment: Level-4.ToDos,Events,Deadlines","messageBody":"","tags":["Level-4"],"fileTypesAndContributionMap":{"java":{"insertions":193,"deletions":61}}}]},{"date":"2025-09-04T00:00:00","commitResults":[{"hash":"c7d03da13ef45b1c335bc83b6352dc9cbbb18025","isMergeCommit":false,"messageTitle":"add increment: A-CodeQuality","messageBody":"","tags":["A-CodeQuality"],"fileTypesAndContributionMap":{"java":{"insertions":174,"deletions":161}}},{"hash":"c0702edd3f9abf83741b050b5062c143301c3e7e","isMergeCommit":false,"messageTitle":"add increment: A-TextUiTesting","messageBody":"","tags":["A-TextUiTesting"],"fileTypesAndContributionMap":{"txt":{"insertions":7,"deletions":0},"bat":{"insertions":3,"deletions":2},"sh":{"insertions":0,"deletions":38}}}]},{"date":"2025-09-07T00:00:00","commitResults":[{"hash":"71102d48853863acea42a058e1c0911806e24f32","isMergeCommit":false,"messageTitle":"Add increment: Level-5","messageBody":"","fileTypesAndContributionMap":{"java":{"insertions":176,"deletions":56}}},{"hash":"ab970953c17770a9c5b15431613b6f8d7a0075ad","isMergeCommit":true,"messageTitle":"Merge branch-Level-5","messageBody":"","tags":["Level-5","A-Exceptions"],"fileTypesAndContributionMap":{}}]},{"date":"2025-09-09T00:00:00","commitResults":[{"hash":"bcff53a071646780a3b6055b9d45f1414fbf9c86","isMergeCommit":false,"messageTitle":"Add increment: A-Packages","messageBody":"","fileTypesAndContributionMap":{"java":{"insertions":19,"deletions":0},"md":{"insertions":3,"deletions":3}}},{"hash":"1f53d77fa1af61ed80dbba6850edb59d1c6a163d","isMergeCommit":true,"messageTitle":"Merge branch-A-Packages","messageBody":"","tags":["A-Packages"],"fileTypesAndContributionMap":{}}]},{"date":"2025-09-15T00:00:00","commitResults":[{"hash":"42810afe25e222ddc86de94fede41f3bdeb0af5c","isMergeCommit":false,"messageTitle":"Add increment: Level-6","messageBody":"","fileTypesAndContributionMap":{"java":{"insertions":71,"deletions":51}}},{"hash":"e8342ddabaa8dd0b62fdfbf144f05ec14b083d27","isMergeCommit":false,"messageTitle":"A-Collection","messageBody":"","fileTypesAndContributionMap":{"java":{"insertions":47,"deletions":54}}},{"hash":"fbe2ebb0b14ed42a046ef715fc5b4088b3600138","isMergeCommit":false,"messageTitle":"Add increment: Level-7","messageBody":"","fileTypesAndContributionMap":{"txt":{"insertions":5,"deletions":0},"java":{"insertions":123,"deletions":1}}},{"hash":"deadec68ca5cb0d3f18a292b7dab4eb2a3bb6409","isMergeCommit":true,"messageTitle":"handle conflict","messageBody":"","fileTypesAndContributionMap":{}},{"hash":"d6c0f4868af1dd02af70e088069bf6f62e5e81e2","isMergeCommit":true,"messageTitle":"Merge branch-Level-7: Level-7 changes","messageBody":"","tags":["Level-7","Level-6","A-Collections"],"fileTypesAndContributionMap":{}}]},{"date":"2025-09-18T00:00:00","commitResults":[{"hash":"82c399547a27790de64b855cb9691560acfc6663","isMergeCommit":false,"messageTitle":"storage adjustment","messageBody":"","fileTypesAndContributionMap":{"txt":{"insertions":3,"deletions":5},"java":{"insertions":20,"deletions":8}}},{"hash":"9294ddde5a314945c69a65d3263fb5763fab5028","isMergeCommit":true,"messageTitle":"Storage Adjustment","messageBody":"","fileTypesAndContributionMap":{}},{"hash":"52b92db30177033d9fd72ac084293c43d594bb70","isMergeCommit":false,"messageTitle":"Delete Adjustment","messageBody":"","tags":["v0.1","A-Jar"],"fileTypesAndContributionMap":{"txt":{"insertions":2,"deletions":1},"java":{"insertions":3,"deletions":1}}}]},{"date":"2025-09-24T00:00:00","commitResults":[{"hash":"42bb009f5f8272ee60189416ef3702b07cfb3486","isMergeCommit":false,"messageTitle":"Add increment: Level-8","messageBody":"","fileTypesAndContributionMap":{"txt":{"insertions":6,"deletions":3},"java":{"insertions":399,"deletions":17}}},{"hash":"ed7bce9936bd074730796d1d2d2690ddb1066f28","isMergeCommit":true,"messageTitle":"Merge pull request #1 from msc-123456/branch-Level-8","messageBody":"Add increment: Level-8","tags":["Level-8"],"fileTypesAndContributionMap":{}},{"hash":"6932f8fe36c6e0d93f3b815ed46cf27b89758f82","isMergeCommit":false,"messageTitle":"Add Increment: Level 9","messageBody":"","fileTypesAndContributionMap":{"java":{"insertions":39,"deletions":7}}},{"hash":"9e745c80452191d681f18960b2c9d6a750e96e63","isMergeCommit":true,"messageTitle":"Merge pull request #2 from msc-123456/branch-Level-9","messageBody":"Add Increment: Level 9","tags":["Level-9"],"fileTypesAndContributionMap":{}}]},{"date":"2025-09-26T00:00:00","commitResults":[{"hash":"e6d503c7f5077d926c25520270c6900be755be5a","isMergeCommit":false,"messageTitle":"Add Increment: A-MoreOOP","messageBody":"","tags":["A-MoreOOP"],"fileTypesAndContributionMap":{"txt":{"insertions":1,"deletions":1},"java":{"insertions":226,"deletions":153}}},{"hash":"629244311cdfdcae5ac475bae333945cad7ea84a","isMergeCommit":false,"messageTitle":"Add Increment: A-JavaDoc","messageBody":"","fileTypesAndContributionMap":{"java":{"insertions":265,"deletions":0}}},{"hash":"ce3f93e333636ff34a5590cd9c95269bf4d8b8f9","isMergeCommit":true,"messageTitle":"Merge pull request #3 from msc-123456/branch-A-JavaDoc","messageBody":"Add Increment: A-JavaDoc","tags":["A-JavaDoc"],"fileTypesAndContributionMap":{}}]},{"date":"2025-09-29T00:00:00","commitResults":[{"hash":"1509c7e950f1be996149bc88601b271eff1bbbda","isMergeCommit":false,"messageTitle":"Add Increment: A-UserGuide","messageBody":"","tags":["A-UserGuide"],"fileTypesAndContributionMap":{"txt":{"insertions":5,"deletions":4},"md":{"insertions":170,"deletions":13}}}]}]},"authorFileTypeContributionMap":{"msc-123456":{"java":1305,"md":173,"fxml":0,"sh":0,"bat":3,"gradle":0,"txt":15}},"authorContributionVariance":{"msc-123456":17809.62},"authorDisplayNameMap":{"msc-123456":"CS2113-W13-4 MENG..HONG"}}
