{"authorDailyContributionsMap":{"msc-123456":[{"date":"2025-08-28T00:00:00","commitResults":[{"hash":"5762b262c3b9eaf892161af2b11996adf826078b","isMergeCommit":false,"messageTitle":"Add Increment Level-0, Level-1, Level-2, Level-3, A-CodingStandard","messageBody":"","tags":["Level-3","Level-2","Level-1","Level-0","A-CodingStandard"],"fileTypesAndContributionMap":{"java":{"insertions":111,"deletions":10}}}]},{"date":"2025-09-03T00:00:00","commitResults":[{"hash":"5c63069e66de2a60580d8883faa76e44cb865cf1","isMergeCommit":false,"messageTitle":"add increment: Level-4.ToDos,Events,Deadlines","messageBody":"","tags":["Level-4"],"fileTypesAndContributionMap":{"java":{"insertions":193,"deletions":61}}}]},{"date":"2025-09-04T00:00:00","commitResults":[{"hash":"c7d03da13ef45b1c335bc83b6352dc9cbbb18025","isMergeCommit":false,"messageTitle":"add increment: A-CodeQuality","messageBody":"","tags":["A-CodeQuality"],"fileTypesAndContributionMap":{"java":{"insertions":174,"deletions":161}}},{"hash":"c0702edd3f9abf83741b050b5062c143301c3e7e","isMergeCommit":false,"messageTitle":"add increment: A-TextUiTesting","messageBody":"","tags":["A-TextUiTesting"],"fileTypesAndContributionMap":{"txt":{"insertions":7,"deletions":0},"bat":{"insertions":3,"deletions":2},"sh":{"insertions":0,"deletions":38}}}]},{"date":"2025-09-07T00:00:00","commitResults":[{"hash":"71102d48853863acea42a058e1c0911806e24f32","isMergeCommit":false,"messageTitle":"Add increment: Level-5","messageBody":"","fileTypesAndContributionMap":{"java":{"insertions":176,"deletions":56}}},{"hash":"ab970953c17770a9c5b15431613b6f8d7a0075ad","isMergeCommit":true,"messageTitle":"Merge branch-Level-5","messageBody":"","tags":["Level-5","A-Exceptions"],"fileTypesAndContributionMap":{}}]},{"date":"2025-09-09T00:00:00","commitResults":[{"hash":"bcff53a071646780a3b6055b9d45f1414fbf9c86","isMergeCommit":false,"messageTitle":"Add increment: A-Packages","messageBody":"","fileTypesAndContributionMap":{"java":{"insertions":19,"deletions":0},"md":{"insertions":3,"deletions":3}}},{"hash":"1f53d77fa1af61ed80dbba6850edb59d1c6a163d","isMergeCommit":true,"messageTitle":"Merge branch-A-Packages","messageBody":"","tags":["A-Packages"],"fileTypesAndContributionMap":{}}]}]},"authorFileTypeContributionMap":{"msc-123456":{"java":395,"md":3,"fxml":0,"sh":0,"bat":3,"gradle":0,"txt":7}},"authorContributionVariance":{"msc-123456":7590.573},"authorDisplayNameMap":{"msc-123456":"CS2113-W13-4 MENG..HONG"}}
