{"authorDailyContributionsMap":{"Zhenzha0":[{"date":"2025-08-26T00:00:00","commitResults":[{"hash":"7c2b0ca16a62e2b44e133778e0142d2a9e6c7081","isMergeCommit":false,"messageTitle":"level 0","messageBody":"","tags":["level-0"],"fileTypesAndContributionMap":{"java":{"insertions":19,"deletions":10},"bat":{"insertions":1,"deletions":1},"md":{"insertions":3,"deletions":3}}}]},{"date":"2025-08-28T00:00:00","commitResults":[{"hash":"7b73424e3d5d93429d8398fece206c3885d1c75d","isMergeCommit":false,"messageTitle":"Level-1","messageBody":"","tags":["Level-1"],"fileTypesAndContributionMap":{"java":{"insertions":36,"deletions":9}}}]},{"date":"2025-08-29T00:00:00","commitResults":[{"hash":"72cea3d835dbb5d0a3589d76188ef2a6018eddb0","isMergeCommit":false,"messageTitle":"Level-2","messageBody":"","tags":["Level-2"],"fileTypesAndContributionMap":{"java":{"insertions":22,"deletions":5}}},{"hash":"e01da7e8a89db7771d0b46c42646a604f0a3a0a2","isMergeCommit":false,"messageTitle":"Level-3","messageBody":"","tags":["Level-3","A-CodingStandard"],"fileTypesAndContributionMap":{"java":{"insertions":87,"deletions":5}}}]},{"date":"2025-09-03T00:00:00","commitResults":[{"hash":"7561e65d8ad8099f55eaa78d7b7898f50dd8acb7","isMergeCommit":false,"messageTitle":"refactor: extract Task class and split CLI into separate classes","messageBody":"- Added Task class to represent tasks with done state\n- Introduced TaskList for managing task collection\n- Created Ui for printing and Parser for input\n- Simplified Main to handle only the event loop\n","fileTypesAndContributionMap":{"java":{"insertions":209,"deletions":127}}}]},{"date":"2025-09-04T00:00:00","commitResults":[{"hash":"fc4317723408164b696e6a4cfc2127839f805729","isMergeCommit":false,"messageTitle":"Level-4 without error handling","messageBody":"Added event, todo and deadline subclasses\nAdded event and deadline parser to parse arguements\nChanged UI output implementation for adding tasks\n","fileTypesAndContributionMap":{"java":{"insertions":199,"deletions":17}}},{"hash":"5dabeed70bf1681974c054171da3d37dee7306f2","isMergeCommit":false,"messageTitle":"Level-4","messageBody":"Added error handling for different command and argument errors\n","fileTypesAndContributionMap":{"java":{"insertions":74,"deletions":22}}}]},{"date":"2025-09-05T00:00:00","commitResults":[{"hash":"91231ca6cfb5c4dfffa43fd1d150503e91534a33","isMergeCommit":false,"messageTitle":"Error handling","messageBody":"Added error handling for different command and argument errors\n","fileTypesAndContributionMap":{"java":{"insertions":74,"deletions":22}}},{"hash":"576c540fb8f60d664fac98599f4d36906f9b08fc","isMergeCommit":false,"messageTitle":"Level-4","messageBody":"added showTaskSize function to in Ui\n","fileTypesAndContributionMap":{"java":{"insertions":7,"deletions":0}}},{"hash":"09a69367e1b65fa36112f4e961f11364353afaf2","isMergeCommit":true,"messageTitle":"resolved merge","messageBody":"","fileTypesAndContributionMap":{}},{"hash":"eb4647556726b310bf893206bb4719340ec89daf","isMergeCommit":false,"messageTitle":"Final Level-4 for real","messageBody":"added missed out error handling for todo\n","tags":["Level-4"],"fileTypesAndContributionMap":{"java":{"insertions":4,"deletions":0}}},{"hash":"a069c3b694837a3cdc88f5f041467aecad40866d","isMergeCommit":false,"messageTitle":"Text Ui Testing","messageBody":"","tags":["A-CodeQuality"],"fileTypesAndContributionMap":{"txt":{"insertions":19,"deletions":0}}}]},{"date":"2025-09-12T00:00:00","commitResults":[{"hash":"bbbc5a802ddd6f6ef4cc58470ea46eae78b3e56c","isMergeCommit":false,"messageTitle":"Improved error handling using try-catch","messageBody":"","fileTypesAndContributionMap":{"java":{"insertions":181,"deletions":79}}},{"hash":"7073fe119de019631a45c19907a19d0848f9eaad","isMergeCommit":true,"messageTitle":"Level-5","messageBody":"Merge branch \u0027branch-Level-5\u0027\n","tags":["Level-5","A-Exceptions"],"fileTypesAndContributionMap":{}},{"hash":"0d01aaf6f159534a62d78147d3af8b9a6a83f5ad","isMergeCommit":false,"messageTitle":"A-Packages","messageBody":"","tags":["A-Packages"],"fileTypesAndContributionMap":{"java":{"insertions":32,"deletions":4}}},{"hash":"7320ff7dc85b1eb9cf8f785e0d1c822b19b7a9a9","isMergeCommit":false,"messageTitle":"Refractored try-catch statements","messageBody":"","fileTypesAndContributionMap":{"java":{"insertions":51,"deletions":88}}}]},{"date":"2025-09-18T00:00:00","commitResults":[{"hash":"e90bc3cf34d6c0d27a3b923295b454e5bf85e816","isMergeCommit":false,"messageTitle":"Level-6","messageBody":"","fileTypesAndContributionMap":{"java":{"insertions":34,"deletions":1}}}]},{"date":"2025-09-19T00:00:00","commitResults":[{"hash":"50a456231f34b9ef3ff422790ae1011361c0fcc6","isMergeCommit":false,"messageTitle":"added text file data base","messageBody":"","fileTypesAndContributionMap":{"java":{"insertions":148,"deletions":0}}},{"hash":"05e323b3e0c248d5132df72fb2b7bef97a8e2b29","isMergeCommit":false,"messageTitle":"Level-7","messageBody":"","fileTypesAndContributionMap":{"java":{"insertions":7,"deletions":5}}},{"hash":"8a23e3a3fe0904148944035ec82ef65df36b6e5c","isMergeCommit":false,"messageTitle":"Level-7 improved","messageBody":"","fileTypesAndContributionMap":{"java":{"insertions":2,"deletions":0}}},{"hash":"da85b681ce265cb66c5534f1c120d773c48735fd","isMergeCommit":true,"messageTitle":"Merge branch \u0027branch-Level-6\u0027","messageBody":"","fileTypesAndContributionMap":{}},{"hash":"85cb3e46e3bea44c89d75771bb7c5f6bd10f03c3","isMergeCommit":true,"messageTitle":"Merge branch \u0027branch-Level-7\u0027","messageBody":"","tags":["Level-7","Level-6","A-Jar","A-Collections"],"fileTypesAndContributionMap":{}}]},{"date":"2025-09-25T00:00:00","commitResults":[{"hash":"146027f43e396a328ff33268ebf97712c466556b","isMergeCommit":false,"messageTitle":"more oop","messageBody":"","fileTypesAndContributionMap":{"java":{"insertions":46,"deletions":34}}},{"hash":"84a77b49b90b05f714697d1fa40c8e166d08e345","isMergeCommit":false,"messageTitle":"even more oop","messageBody":"","fileTypesAndContributionMap":{"java":{"insertions":24,"deletions":15}}},{"hash":"71493fec7abe4f97eec8c2ea6ff6e78710905c04","isMergeCommit":false,"messageTitle":"More OOP!!!","messageBody":"","tags":["A-MoreOOP"],"fileTypesAndContributionMap":{"java":{"insertions":158,"deletions":125}}},{"hash":"7793d32443e90cbc920ecac674c6ac21a286c40e","isMergeCommit":false,"messageTitle":"Implementetd Level 8","messageBody":"Added DateTimeParser class\nrefractored deadline and event class\nrefractored deadline and event parser classes\nrefractored classes in Memory package\nrefractored exception handling in commandparser\n","tags":["Level-8"],"fileTypesAndContributionMap":{"java":{"insertions":242,"deletions":66}}}]},{"date":"2025-09-26T00:00:00","commitResults":[{"hash":"200d608c6de3f4572869716df35daa559ca0cd29","isMergeCommit":false,"messageTitle":"Added searcher package with datesearcher and description searcher classes","messageBody":"","fileTypesAndContributionMap":{"java":{"insertions":92,"deletions":5}}},{"hash":"f3b4a4c75ef850529139c0028cae1b51c83422ef","isMergeCommit":false,"messageTitle":"Integrated searchers into commandhander class","messageBody":"","fileTypesAndContributionMap":{"java":{"insertions":40,"deletions":2}}},{"hash":"0f54463f0f78f1dd0137ecd6d86cf6dec130f6ff","isMergeCommit":false,"messageTitle":"corrected mistake at find and date switch case","messageBody":"","fileTypesAndContributionMap":{"java":{"insertions":5,"deletions":2}}},{"hash":"38163db609f93b9c3e196bd4188ce4fc9eb65915","isMergeCommit":true,"messageTitle":"Merge pull request #1 from Zhenzha0/branch-Level-9","messageBody":"Branch level 9","tags":["Level-9"],"fileTypesAndContributionMap":{}},{"hash":"1ea3bc2c3caa17e285f8b7a4395a93c851e8e989","isMergeCommit":false,"messageTitle":"Added JavaDoc comments for all classes and methods","messageBody":"","fileTypesAndContributionMap":{"java":{"insertions":605,"deletions":25}}},{"hash":"800a3aea3d04d55f208710cc7ac131b54ec723ea","isMergeCommit":true,"messageTitle":"Merge pull request #2 from Zhenzha0/branch-A-JavaDoc","messageBody":"","tags":["A-JavaDoc"],"fileTypesAndContributionMap":{}},{"hash":"82c290db0e5135f68e1a96f623a576aef99c81ef","isMergeCommit":false,"messageTitle":"fixed storage issue on missing directory","messageBody":"","fileTypesAndContributionMap":{"java":{"insertions":5,"deletions":0}}},{"hash":"63c490f0828bbcbe591aa014843ef26679b41b15","isMergeCommit":false,"messageTitle":"Updated testing texts and updated find error handling","messageBody":"","fileTypesAndContributionMap":{"txt":{"insertions":31,"deletions":8},"java":{"insertions":8,"deletions":0}}},{"hash":"64d06788fef469fb9e4ff44841f19c3fbde14e0b","isMergeCommit":false,"messageTitle":"Update README.md","messageBody":"","fileTypesAndContributionMap":{"md":{"insertions":258,"deletions":13}}},{"hash":"e7270e81dbe0d2d80d82cbe8f194dac86b0f74c4","isMergeCommit":false,"messageTitle":"Update README.md","messageBody":"","fileTypesAndContributionMap":{"md":{"insertions":105,"deletions":85}}},{"hash":"1fad2da9d978e0e1c55c07aefa8cd1c3c09c8e4e","isMergeCommit":false,"messageTitle":"Update README.md","messageBody":"","fileTypesAndContributionMap":{"md":{"insertions":88,"deletions":104}}},{"hash":"ff773704c14314d60aa9923ed7d3fa85058d93a7","isMergeCommit":false,"messageTitle":"Update README.md","messageBody":"","fileTypesAndContributionMap":{"md":{"insertions":4,"deletions":4}}},{"hash":"15b181373ece7af54cc82b1ac1a8fc30c9564d3c","isMergeCommit":false,"messageTitle":"Update README.md","messageBody":"","fileTypesAndContributionMap":{"md":{"insertions":8,"deletions":3}}},{"hash":"a522134e5efe32aca9368dc18ac597c985c4984f","isMergeCommit":false,"messageTitle":"Update README.md","messageBody":"","fileTypesAndContributionMap":{"md":{"insertions":8,"deletions":8}}},{"hash":"4a80be1091670b88db13d3bf07f64078fc90bcd2","isMergeCommit":false,"messageTitle":"Update README.md","messageBody":"","fileTypesAndContributionMap":{"md":{"insertions":4,"deletions":0}}},{"hash":"862a6ebcc0a89037dd36a117d6947aef6bedd2b1","isMergeCommit":false,"messageTitle":"Update README.md","messageBody":"","fileTypesAndContributionMap":{"md":{"insertions":1,"deletions":0}}},{"hash":"2ec03ecf97f1861fd2e58cd8ddcd60e5b8326ae9","isMergeCommit":false,"messageTitle":"Update README.md","messageBody":"","fileTypesAndContributionMap":{"md":{"insertions":6,"deletions":8}}},{"hash":"375c75ca117dc4b9726716e90b1185294199ebeb","isMergeCommit":false,"messageTitle":"Update README.md","messageBody":"","fileTypesAndContributionMap":{"md":{"insertions":19,"deletions":1}}},{"hash":"4e6e85957e4413dba2d1d7fc29b04e028b28d93f","isMergeCommit":false,"messageTitle":"Update README.md","messageBody":"","fileTypesAndContributionMap":{"md":{"insertions":19,"deletions":8}}},{"hash":"95d11e7057bb9d44369b4d1cc7b2893b8ceb317c","isMergeCommit":false,"messageTitle":"Update README.md","messageBody":"","fileTypesAndContributionMap":{"md":{"insertions":1,"deletions":1}}},{"hash":"0d7c0ef648c2de7649cc313ace79489ab93637d5","isMergeCommit":false,"messageTitle":"Update README.md","messageBody":"","fileTypesAndContributionMap":{"md":{"insertions":1,"deletions":1}}},{"hash":"ac8fbbe4f1b7c395db378f3bdf08477e3196bece","isMergeCommit":false,"messageTitle":"Update README.md","messageBody":"","fileTypesAndContributionMap":{"md":{"insertions":9,"deletions":9}}},{"hash":"2a87f46cc3f88877ed9c005b0b6e34d7d10e2b0f","isMergeCommit":false,"messageTitle":"Update README.md","messageBody":"","fileTypesAndContributionMap":{"md":{"insertions":5,"deletions":0}}},{"hash":"8ffcfd11f19ea19248c20e97ab80d58efdcef50f","isMergeCommit":false,"messageTitle":"Update README.md","messageBody":"","fileTypesAndContributionMap":{"md":{"insertions":3,"deletions":3}}},{"hash":"7459c7bf5da29483a1654636bc20d928dfcb0db2","isMergeCommit":false,"messageTitle":"Update README.md","messageBody":"","fileTypesAndContributionMap":{"md":{"insertions":8,"deletions":8}}},{"hash":"c534472c0d95e83d1c12680aaeb155f434743c98","isMergeCommit":false,"messageTitle":"Update README.md","messageBody":"","fileTypesAndContributionMap":{"md":{"insertions":4,"deletions":0}}},{"hash":"e846d657f5b2a23cb2233e03b7c62b278f079ff9","isMergeCommit":false,"messageTitle":"Update README.md","messageBody":"","fileTypesAndContributionMap":{"md":{"insertions":1,"deletions":1}}},{"hash":"eb41703a666e8a75f963b28b82de6243a4ee6471","isMergeCommit":false,"messageTitle":"Update README.md","messageBody":"","fileTypesAndContributionMap":{"md":{"insertions":1,"deletions":1}}},{"hash":"b74367a8a9445e1728bef5b5fa1b6858e79d6580","isMergeCommit":false,"messageTitle":"Update README.md","messageBody":"","fileTypesAndContributionMap":{"md":{"insertions":0,"deletions":10}}},{"hash":"3d75536c8ff7324848254086304466377f185a6e","isMergeCommit":false,"messageTitle":"Update README.md","messageBody":"","fileTypesAndContributionMap":{"md":{"insertions":1,"deletions":1}}},{"hash":"8bfa620abd34c5eeace5bd51d1bda3fc3cb2d0da","isMergeCommit":false,"messageTitle":"Update README.md","messageBody":"","fileTypesAndContributionMap":{"md":{"insertions":1,"deletions":1}}},{"hash":"426a1656f17178944aa7109137ef5ecc9eb57620","isMergeCommit":false,"messageTitle":"Update README.md","messageBody":"","fileTypesAndContributionMap":{"md":{"insertions":1,"deletions":1}}},{"hash":"4fa3a84f459aef6d1b7d8aec7039ce947d966a4c","isMergeCommit":false,"messageTitle":"Update README.md","messageBody":"","fileTypesAndContributionMap":{"md":{"insertions":1,"deletions":1}}}]}]},"authorFileTypeContributionMap":{"Zhenzha0":{"java":1703,"md":290,"fxml":0,"sh":0,"bat":1,"gradle":0,"txt":42}},"authorContributionVariance":{"Zhenzha0":67885.21},"authorDisplayNameMap":{"Zhenzha0":"CS2113-W13-2 YANG..ZHAO"}}
