{"authorDailyContributionsMap":{"Zhenzha0":[{"date":"2025-08-26T00:00:00","commitResults":[{"hash":"7c2b0ca16a62e2b44e133778e0142d2a9e6c7081","isMergeCommit":false,"messageTitle":"level 0","messageBody":"","tags":["level-0"],"fileTypesAndContributionMap":{"java":{"insertions":19,"deletions":10},"bat":{"insertions":1,"deletions":1},"md":{"insertions":3,"deletions":3}}}]},{"date":"2025-08-28T00:00:00","commitResults":[{"hash":"7b73424e3d5d93429d8398fece206c3885d1c75d","isMergeCommit":false,"messageTitle":"Level-1","messageBody":"","tags":["Level-1"],"fileTypesAndContributionMap":{"java":{"insertions":36,"deletions":9}}}]},{"date":"2025-08-29T00:00:00","commitResults":[{"hash":"72cea3d835dbb5d0a3589d76188ef2a6018eddb0","isMergeCommit":false,"messageTitle":"Level-2","messageBody":"","tags":["Level-2"],"fileTypesAndContributionMap":{"java":{"insertions":22,"deletions":5}}},{"hash":"e01da7e8a89db7771d0b46c42646a604f0a3a0a2","isMergeCommit":false,"messageTitle":"Level-3","messageBody":"","tags":["Level-3","A-CodingStandard"],"fileTypesAndContributionMap":{"java":{"insertions":87,"deletions":5}}}]},{"date":"2025-09-03T00:00:00","commitResults":[{"hash":"7561e65d8ad8099f55eaa78d7b7898f50dd8acb7","isMergeCommit":false,"messageTitle":"refactor: extract Task class and split CLI into separate classes","messageBody":"- Added Task class to represent tasks with done state\n- Introduced TaskList for managing task collection\n- Created Ui for printing and Parser for input\n- Simplified Main to handle only the event loop\n","fileTypesAndContributionMap":{"java":{"insertions":209,"deletions":127}}}]},{"date":"2025-09-04T00:00:00","commitResults":[{"hash":"fc4317723408164b696e6a4cfc2127839f805729","isMergeCommit":false,"messageTitle":"Level-4 without error handling","messageBody":"Added event, todo and deadline subclasses\nAdded event and deadline parser to parse arguements\nChanged UI output implementation for adding tasks\n","fileTypesAndContributionMap":{"java":{"insertions":199,"deletions":17}}},{"hash":"5dabeed70bf1681974c054171da3d37dee7306f2","isMergeCommit":false,"messageTitle":"Level-4","messageBody":"Added error handling for different command and argument errors\n","fileTypesAndContributionMap":{"java":{"insertions":74,"deletions":22}}}]},{"date":"2025-09-05T00:00:00","commitResults":[{"hash":"91231ca6cfb5c4dfffa43fd1d150503e91534a33","isMergeCommit":false,"messageTitle":"Error handling","messageBody":"Added error handling for different command and argument errors\n","fileTypesAndContributionMap":{"java":{"insertions":74,"deletions":22}}},{"hash":"576c540fb8f60d664fac98599f4d36906f9b08fc","isMergeCommit":false,"messageTitle":"Level-4","messageBody":"added showTaskSize function to in Ui\n","fileTypesAndContributionMap":{"java":{"insertions":7,"deletions":0}}},{"hash":"09a69367e1b65fa36112f4e961f11364353afaf2","isMergeCommit":true,"messageTitle":"resolved merge","messageBody":"","fileTypesAndContributionMap":{}},{"hash":"eb4647556726b310bf893206bb4719340ec89daf","isMergeCommit":false,"messageTitle":"Final Level-4 for real","messageBody":"added missed out error handling for todo\n","tags":["Level-4"],"fileTypesAndContributionMap":{"java":{"insertions":4,"deletions":0}}},{"hash":"a069c3b694837a3cdc88f5f041467aecad40866d","isMergeCommit":false,"messageTitle":"Text Ui Testing","messageBody":"","tags":["A-CodeQuality"],"fileTypesAndContributionMap":{"txt":{"insertions":19,"deletions":0}}}]}]},"authorFileTypeContributionMap":{"Zhenzha0":{"java":472,"md":3,"fxml":0,"sh":0,"bat":1,"gradle":0,"txt":19}},"authorContributionVariance":{"Zhenzha0":7272.0977},"authorDisplayNameMap":{"Zhenzha0":"CS2113-W13-2 YANG..ZHAO"}}
