[{"path":"docs/README.md","fileType":"md","lines":[{"lineNumber":1,"author":{"gitId":"andrewcai8"},"content":"# Grace User Guide","lastModifiedDate":"2025-09-05T16:13:27","isFullCredit":false},{"lineNumber":2,"author":{"gitId":"-"},"content":"","lastModifiedDate":"2019-07-29T17:14:46","isFullCredit":false},{"lineNumber":3,"author":{"gitId":"-"},"content":"// Update the title above to match the actual product name","lastModifiedDate":"2024-01-07T18:33:52","isFullCredit":false},{"lineNumber":4,"author":{"gitId":"-"},"content":"","lastModifiedDate":"2019-07-29T17:14:46","isFullCredit":false},{"lineNumber":5,"author":{"gitId":"-"},"content":"// Product screenshot goes here","lastModifiedDate":"2024-01-07T18:33:52","isFullCredit":false},{"lineNumber":6,"author":{"gitId":"-"},"content":"","lastModifiedDate":"2021-07-17T16:49:07","isFullCredit":false},{"lineNumber":7,"author":{"gitId":"-"},"content":"// Product intro goes here","lastModifiedDate":"2024-01-07T18:33:52","isFullCredit":false},{"lineNumber":8,"author":{"gitId":"-"},"content":"","lastModifiedDate":"2021-07-17T16:49:07","isFullCredit":false},{"lineNumber":9,"author":{"gitId":"-"},"content":"## Adding deadlines","lastModifiedDate":"2024-01-07T18:33:52","isFullCredit":false},{"lineNumber":10,"author":{"gitId":"-"},"content":"","lastModifiedDate":"2021-07-17T16:49:07","isFullCredit":false},{"lineNumber":11,"author":{"gitId":"-"},"content":"// Describe the action and its outcome.","lastModifiedDate":"2024-01-07T18:33:52","isFullCredit":false},{"lineNumber":12,"author":{"gitId":"-"},"content":"","lastModifiedDate":"2019-07-29T17:14:46","isFullCredit":false},{"lineNumber":13,"author":{"gitId":"-"},"content":"// Give examples of usage","lastModifiedDate":"2024-01-07T18:33:52","isFullCredit":false},{"lineNumber":14,"author":{"gitId":"-"},"content":"","lastModifiedDate":"2019-07-29T17:14:46","isFullCredit":false},{"lineNumber":15,"author":{"gitId":"-"},"content":"Example: `keyword (optional arguments)`","lastModifiedDate":"2024-01-07T18:33:52","isFullCredit":false},{"lineNumber":16,"author":{"gitId":"-"},"content":"","lastModifiedDate":"2019-07-29T17:14:46","isFullCredit":false},{"lineNumber":17,"author":{"gitId":"-"},"content":"// A description of the expected outcome goes here","lastModifiedDate":"2024-01-07T18:33:52","isFullCredit":false},{"lineNumber":18,"author":{"gitId":"-"},"content":"","lastModifiedDate":"2019-07-29T17:14:46","isFullCredit":false},{"lineNumber":19,"author":{"gitId":"-"},"content":"```","lastModifiedDate":"2024-01-07T18:33:52","isFullCredit":false},{"lineNumber":20,"author":{"gitId":"-"},"content":"expected output","lastModifiedDate":"2024-01-07T18:33:52","isFullCredit":false},{"lineNumber":21,"author":{"gitId":"-"},"content":"```","lastModifiedDate":"2024-01-07T18:33:52","isFullCredit":false},{"lineNumber":22,"author":{"gitId":"-"},"content":"","lastModifiedDate":"2019-07-29T17:14:46","isFullCredit":false},{"lineNumber":23,"author":{"gitId":"-"},"content":"## Feature ABC","lastModifiedDate":"2024-01-07T18:33:52","isFullCredit":false},{"lineNumber":24,"author":{"gitId":"-"},"content":"","lastModifiedDate":"2019-07-29T17:14:46","isFullCredit":false},{"lineNumber":25,"author":{"gitId":"-"},"content":"// Feature details","lastModifiedDate":"2024-01-07T18:33:52","isFullCredit":false},{"lineNumber":26,"author":{"gitId":"-"},"content":"","lastModifiedDate":"2019-07-29T17:14:46","isFullCredit":false},{"lineNumber":27,"author":{"gitId":"-"},"content":"","lastModifiedDate":"2021-07-17T16:49:07","isFullCredit":false},{"lineNumber":28,"author":{"gitId":"-"},"content":"## Feature XYZ","lastModifiedDate":"2024-01-07T18:33:52","isFullCredit":false},{"lineNumber":29,"author":{"gitId":"-"},"content":"","lastModifiedDate":"2024-01-07T18:33:52","isFullCredit":false},{"lineNumber":30,"author":{"gitId":"-"},"content":"// Feature details","lastModifiedDate":"2024-01-07T18:33:52","isFullCredit":false}],"authorContributionMap":{"andrewcai8":1,"-":29}},{"path":"src/main/java/Grace.java","fileType":"java","lines":[{"lineNumber":1,"author":{"gitId":"andrewcai8"},"content":"import java.util.Scanner;","lastModifiedDate":"2025-08-31T21:48:10","isFullCredit":false},{"lineNumber":2,"author":{"gitId":"andrewcai8"},"content":"","lastModifiedDate":"2025-08-31T21:48:10","isFullCredit":false},{"lineNumber":3,"author":{"gitId":"andrewcai8"},"content":"public class Grace {","lastModifiedDate":"2025-08-17T14:35:12","isFullCredit":false},{"lineNumber":4,"author":{"gitId":"andrewcai8"},"content":"    private final static String PARTITION \u003d \"____________________________________________________________\";","lastModifiedDate":"2025-09-05T16:17:23","isFullCredit":false},{"lineNumber":5,"author":{"gitId":"andrewcai8"},"content":"    private final static int TASK_MAX \u003d 100;","lastModifiedDate":"2025-09-05T16:17:23","isFullCredit":false},{"lineNumber":6,"author":{"gitId":"andrewcai8"},"content":"","lastModifiedDate":"2025-09-05T16:17:23","isFullCredit":false},{"lineNumber":7,"author":{"gitId":"andrewcai8"},"content":"    public static void main(String[] args) {","lastModifiedDate":"2025-08-17T14:35:12","isFullCredit":false},{"lineNumber":8,"author":{"gitId":"andrewcai8"},"content":"        Scanner sc \u003d new Scanner(System.in);","lastModifiedDate":"2025-08-31T21:48:10","isFullCredit":false},{"lineNumber":9,"author":{"gitId":"andrewcai8"},"content":"        Task[] tasks \u003d new Task[TASK_MAX];","lastModifiedDate":"2025-09-05T16:17:23","isFullCredit":false},{"lineNumber":10,"author":{"gitId":"andrewcai8"},"content":"        int taskCount \u003d 0;","lastModifiedDate":"2025-08-31T22:05:36","isFullCredit":false},{"lineNumber":11,"author":{"gitId":"andrewcai8"},"content":"","lastModifiedDate":"2025-08-31T22:05:36","isFullCredit":false},{"lineNumber":12,"author":{"gitId":"andrewcai8"},"content":"","lastModifiedDate":"2025-09-05T16:17:23","isFullCredit":false},{"lineNumber":13,"author":{"gitId":"andrewcai8"},"content":"        System.out.println(PARTITION);","lastModifiedDate":"2025-09-05T16:17:23","isFullCredit":false},{"lineNumber":14,"author":{"gitId":"andrewcai8"},"content":"        System.out.println(\"Hello! I\u0027m Grace!!\");","lastModifiedDate":"2025-08-17T14:35:12","isFullCredit":false},{"lineNumber":15,"author":{"gitId":"andrewcai8"},"content":"        System.out.println(\"What can I do for you?\");","lastModifiedDate":"2025-08-17T14:35:12","isFullCredit":false},{"lineNumber":16,"author":{"gitId":"andrewcai8"},"content":"        System.out.println(PARTITION);","lastModifiedDate":"2025-09-05T16:17:23","isFullCredit":false},{"lineNumber":17,"author":{"gitId":"andrewcai8"},"content":"","lastModifiedDate":"2025-08-31T21:48:10","isFullCredit":false},{"lineNumber":18,"author":{"gitId":"andrewcai8"},"content":"        while (true) {","lastModifiedDate":"2025-08-31T21:48:10","isFullCredit":false},{"lineNumber":19,"author":{"gitId":"andrewcai8"},"content":"            String input \u003d sc.nextLine();","lastModifiedDate":"2025-08-31T21:48:10","isFullCredit":false},{"lineNumber":20,"author":{"gitId":"andrewcai8"},"content":"            if (input.equals(\"bye\")) {","lastModifiedDate":"2025-08-31T21:48:10","isFullCredit":false},{"lineNumber":21,"author":{"gitId":"andrewcai8"},"content":"                System.out.println(PARTITION);","lastModifiedDate":"2025-09-05T16:17:23","isFullCredit":false},{"lineNumber":22,"author":{"gitId":"andrewcai8"},"content":"                System.out.println(\"Bye. Hope to see you again soon!\");","lastModifiedDate":"2025-08-17T14:35:12","isFullCredit":false},{"lineNumber":23,"author":{"gitId":"andrewcai8"},"content":"                System.out.println(PARTITION);","lastModifiedDate":"2025-09-05T16:17:23","isFullCredit":false},{"lineNumber":24,"author":{"gitId":"andrewcai8"},"content":"                break;","lastModifiedDate":"2025-08-31T21:48:10","isFullCredit":false},{"lineNumber":25,"author":{"gitId":"andrewcai8"},"content":"            } else if (input.equals(\"list\")) {","lastModifiedDate":"2025-08-31T22:06:06","isFullCredit":false},{"lineNumber":26,"author":{"gitId":"andrewcai8"},"content":"                System.out.println(PARTITION);","lastModifiedDate":"2025-09-05T16:17:23","isFullCredit":false},{"lineNumber":27,"author":{"gitId":"andrewcai8"},"content":"                for (int i \u003d 0; i \u003c taskCount; i++) {","lastModifiedDate":"2025-08-31T22:06:06","isFullCredit":false},{"lineNumber":28,"author":{"gitId":"andrewcai8"},"content":"                    System.out.println(\" \" + (i + 1) + \". \" + tasks[i]);","lastModifiedDate":"2025-08-31T22:06:06","isFullCredit":false},{"lineNumber":29,"author":{"gitId":"andrewcai8"},"content":"                }","lastModifiedDate":"2025-08-31T22:06:06","isFullCredit":false},{"lineNumber":30,"author":{"gitId":"andrewcai8"},"content":"                System.out.println(PARTITION);","lastModifiedDate":"2025-09-05T16:17:23","isFullCredit":false},{"lineNumber":31,"author":{"gitId":"andrewcai8"},"content":"            } else if (input.startsWith(\"mark \")) {","lastModifiedDate":"2025-08-31T22:51:59","isFullCredit":false},{"lineNumber":32,"author":{"gitId":"andrewcai8"},"content":"                int index \u003d Integer.parseInt(input.split(\" \")[1]) - 1;","lastModifiedDate":"2025-08-31T22:51:59","isFullCredit":false},{"lineNumber":33,"author":{"gitId":"andrewcai8"},"content":"                if (index \u003c taskCount \u0026\u0026 index \u003e\u003d 0) {","lastModifiedDate":"2025-08-31T22:51:59","isFullCredit":false},{"lineNumber":34,"author":{"gitId":"andrewcai8"},"content":"                    tasks[index].mark();","lastModifiedDate":"2025-08-31T22:51:59","isFullCredit":false},{"lineNumber":35,"author":{"gitId":"andrewcai8"},"content":"                    System.out.println(PARTITION);","lastModifiedDate":"2025-09-05T16:17:23","isFullCredit":false},{"lineNumber":36,"author":{"gitId":"andrewcai8"},"content":"                    System.out.println(\" Nice! I\u0027ve marked this task as done:\");","lastModifiedDate":"2025-08-31T22:51:59","isFullCredit":false},{"lineNumber":37,"author":{"gitId":"andrewcai8"},"content":"                    System.out.println(\" \" + tasks[index]);","lastModifiedDate":"2025-08-31T22:51:59","isFullCredit":false},{"lineNumber":38,"author":{"gitId":"andrewcai8"},"content":"                    System.out.println(PARTITION);","lastModifiedDate":"2025-09-05T16:17:23","isFullCredit":false},{"lineNumber":39,"author":{"gitId":"andrewcai8"},"content":"                }","lastModifiedDate":"2025-08-31T22:51:59","isFullCredit":false},{"lineNumber":40,"author":{"gitId":"andrewcai8"},"content":"            } else if (input.startsWith(\"unmark \")) {","lastModifiedDate":"2025-08-31T22:51:59","isFullCredit":false},{"lineNumber":41,"author":{"gitId":"andrewcai8"},"content":"                int index \u003d Integer.parseInt(input.split(\" \")[1]) - 1;","lastModifiedDate":"2025-08-31T22:51:59","isFullCredit":false},{"lineNumber":42,"author":{"gitId":"andrewcai8"},"content":"                if (index \u003c taskCount \u0026\u0026 index \u003e\u003d 0) {","lastModifiedDate":"2025-08-31T22:51:59","isFullCredit":false},{"lineNumber":43,"author":{"gitId":"andrewcai8"},"content":"                    tasks[index].unmark();","lastModifiedDate":"2025-08-31T22:51:59","isFullCredit":false},{"lineNumber":44,"author":{"gitId":"andrewcai8"},"content":"                    System.out.println(PARTITION);","lastModifiedDate":"2025-09-05T16:17:23","isFullCredit":false},{"lineNumber":45,"author":{"gitId":"andrewcai8"},"content":"                    System.out.println(\" OK, I\u0027ve marked this task as not done yet:\");","lastModifiedDate":"2025-08-31T22:51:59","isFullCredit":false},{"lineNumber":46,"author":{"gitId":"andrewcai8"},"content":"                    System.out.println(\" \" + tasks[index]);","lastModifiedDate":"2025-08-31T22:51:59","isFullCredit":false},{"lineNumber":47,"author":{"gitId":"andrewcai8"},"content":"                    System.out.println(PARTITION);","lastModifiedDate":"2025-09-05T16:17:23","isFullCredit":false},{"lineNumber":48,"author":{"gitId":"andrewcai8"},"content":"                }","lastModifiedDate":"2025-08-31T22:51:59","isFullCredit":false},{"lineNumber":49,"author":{"gitId":"andrewcai8"},"content":"            } else {","lastModifiedDate":"2025-09-01T15:58:13","isFullCredit":false},{"lineNumber":50,"author":{"gitId":"andrewcai8"},"content":"                tasks[taskCount] \u003d new Task(input);","lastModifiedDate":"2025-08-31T22:51:59","isFullCredit":false},{"lineNumber":51,"author":{"gitId":"andrewcai8"},"content":"                taskCount++;","lastModifiedDate":"2025-08-31T22:05:36","isFullCredit":false},{"lineNumber":52,"author":{"gitId":"andrewcai8"},"content":"                System.out.println(PARTITION);","lastModifiedDate":"2025-09-05T16:17:23","isFullCredit":false},{"lineNumber":53,"author":{"gitId":"andrewcai8"},"content":"                System.out.println(\" added: \" + input);","lastModifiedDate":"2025-08-31T22:05:36","isFullCredit":false},{"lineNumber":54,"author":{"gitId":"andrewcai8"},"content":"                System.out.println(PARTITION);","lastModifiedDate":"2025-09-05T16:17:23","isFullCredit":false},{"lineNumber":55,"author":{"gitId":"andrewcai8"},"content":"            }","lastModifiedDate":"2025-08-31T21:48:10","isFullCredit":false},{"lineNumber":56,"author":{"gitId":"andrewcai8"},"content":"        }","lastModifiedDate":"2025-08-31T22:05:36","isFullCredit":false},{"lineNumber":57,"author":{"gitId":"andrewcai8"},"content":"        sc.close();","lastModifiedDate":"2025-08-31T21:48:10","isFullCredit":false},{"lineNumber":58,"author":{"gitId":"andrewcai8"},"content":"    }","lastModifiedDate":"2025-08-17T14:35:12","isFullCredit":false},{"lineNumber":59,"author":{"gitId":"andrewcai8"},"content":"}","lastModifiedDate":"2025-08-17T14:35:12","isFullCredit":false}],"authorContributionMap":{"andrewcai8":59}},{"path":"src/main/java/Task.java","fileType":"java","lines":[{"lineNumber":1,"author":{"gitId":"andrewcai8"},"content":"public class Task {","lastModifiedDate":"2025-09-01T16:37:40","isFullCredit":false},{"lineNumber":2,"author":{"gitId":"andrewcai8"},"content":"    private final String description;","lastModifiedDate":"2025-09-01T16:37:40","isFullCredit":false},{"lineNumber":3,"author":{"gitId":"andrewcai8"},"content":"    private boolean isDone;","lastModifiedDate":"2025-09-01T16:37:40","isFullCredit":false},{"lineNumber":4,"author":{"gitId":"andrewcai8"},"content":"","lastModifiedDate":"2025-09-01T16:37:40","isFullCredit":false},{"lineNumber":5,"author":{"gitId":"andrewcai8"},"content":"    public Task(String description) {","lastModifiedDate":"2025-09-01T16:37:40","isFullCredit":false},{"lineNumber":6,"author":{"gitId":"andrewcai8"},"content":"        this.description \u003d description;","lastModifiedDate":"2025-09-01T16:37:40","isFullCredit":false},{"lineNumber":7,"author":{"gitId":"andrewcai8"},"content":"        this.isDone \u003d false;","lastModifiedDate":"2025-09-01T16:37:40","isFullCredit":false},{"lineNumber":8,"author":{"gitId":"andrewcai8"},"content":"    }","lastModifiedDate":"2025-09-01T16:37:40","isFullCredit":false},{"lineNumber":9,"author":{"gitId":"andrewcai8"},"content":"","lastModifiedDate":"2025-09-01T16:37:40","isFullCredit":false},{"lineNumber":10,"author":{"gitId":"andrewcai8"},"content":"    public void mark() {","lastModifiedDate":"2025-09-01T16:37:40","isFullCredit":false},{"lineNumber":11,"author":{"gitId":"andrewcai8"},"content":"        isDone \u003d true;","lastModifiedDate":"2025-09-01T16:37:40","isFullCredit":false},{"lineNumber":12,"author":{"gitId":"andrewcai8"},"content":"    }","lastModifiedDate":"2025-09-01T16:37:40","isFullCredit":false},{"lineNumber":13,"author":{"gitId":"andrewcai8"},"content":"","lastModifiedDate":"2025-09-01T16:37:40","isFullCredit":false},{"lineNumber":14,"author":{"gitId":"andrewcai8"},"content":"    public void unmark() {","lastModifiedDate":"2025-09-01T16:37:40","isFullCredit":false},{"lineNumber":15,"author":{"gitId":"andrewcai8"},"content":"        isDone \u003d false;","lastModifiedDate":"2025-09-01T16:37:40","isFullCredit":false},{"lineNumber":16,"author":{"gitId":"andrewcai8"},"content":"    }","lastModifiedDate":"2025-09-01T16:37:40","isFullCredit":false},{"lineNumber":17,"author":{"gitId":"andrewcai8"},"content":"","lastModifiedDate":"2025-09-01T16:37:40","isFullCredit":false},{"lineNumber":18,"author":{"gitId":"andrewcai8"},"content":"    @Override","lastModifiedDate":"2025-09-01T16:37:40","isFullCredit":false},{"lineNumber":19,"author":{"gitId":"andrewcai8"},"content":"    public String toString() {","lastModifiedDate":"2025-09-01T16:37:40","isFullCredit":false},{"lineNumber":20,"author":{"gitId":"andrewcai8"},"content":"        return \"[\" + (isDone ? \"X\" : \" \") + \"] \" + description;","lastModifiedDate":"2025-09-01T16:37:40","isFullCredit":false},{"lineNumber":21,"author":{"gitId":"andrewcai8"},"content":"    }","lastModifiedDate":"2025-09-01T16:37:40","isFullCredit":false},{"lineNumber":22,"author":{"gitId":"andrewcai8"},"content":"}","lastModifiedDate":"2025-09-01T16:37:40","isFullCredit":false},{"lineNumber":23,"author":{"gitId":"andrewcai8"},"content":"","lastModifiedDate":"2025-09-01T16:37:40","isFullCredit":false}],"authorContributionMap":{"andrewcai8":23}}]
