{"authorDailyContributionsMap":{"andrewcai8":[{"date":"2025-08-17T00:00:00","commitResults":[{"hash":"09ae6f25bf072c551c45a1d98565a314533f40dc","isMergeCommit":false,"messageTitle":"changed name to grace, adjusted welcome message","messageBody":"","tags":["Level-0"],"fileTypesAndContributionMap":{"java":{"insertions":10,"deletions":10}}}]},{"date":"2025-08-31T00:00:00","commitResults":[{"hash":"705ff25e6273d956ac6fe75f802fa3749015f631","isMergeCommit":false,"messageTitle":"grace echoes back and bye stops the code","messageBody":"","tags":["Level-1"],"fileTypesAndContributionMap":{"java":{"insertions":21,"deletions":2}}},{"hash":"a38cbd78ea91857da816dcb0011248cc4759d536","isMergeCommit":false,"messageTitle":"added ability to add tasks to list","messageBody":"","fileTypesAndContributionMap":{"java":{"insertions":10,"deletions":6}}},{"hash":"4fbb92616b48e3a028556e74b05f1e31efcbd235","isMergeCommit":false,"messageTitle":"list command prints list of tasks","messageBody":"","tags":["Level-2"],"fileTypesAndContributionMap":{"java":{"insertions":6,"deletions":0}}},{"hash":"d287cacba6730cc1a5879297268b10386b53bffb","isMergeCommit":false,"messageTitle":"created basic structure of the task class","messageBody":"","fileTypesAndContributionMap":{"java":{"insertions":18,"deletions":0}}},{"hash":"cbc8cc0cd7656351a03cf2e96076a1f42f73c765","isMergeCommit":false,"messageTitle":"unmark and mark input structure completed","messageBody":"","fileTypesAndContributionMap":{"java":{"insertions":25,"deletions":3}}}]},{"date":"2025-09-01T00:00:00","commitResults":[{"hash":"f9287687d8deab535ff271375b6fbb3bb650309e","isMergeCommit":false,"messageTitle":"added a toString method to print out task objects","messageBody":"","fileTypesAndContributionMap":{"java":{"insertions":3,"deletions":3}}},{"hash":"6604f260d2042da17ef05c0c2c969092eafe2d80","isMergeCommit":false,"messageTitle":"adjusted the else statement spacing","messageBody":"","tags":["Level-3"],"fileTypesAndContributionMap":{"java":{"insertions":1,"deletions":3}}},{"hash":"dda87d7d5ce93084579b91089d18dce430c857c5","isMergeCommit":false,"messageTitle":"adjusted to spacing to follow coding standards","messageBody":"","fileTypesAndContributionMap":{"java":{"insertions":13,"deletions":12}}},{"hash":"25d814a7c583d486647db5941eacb0de225bd7f8","isMergeCommit":false,"messageTitle":"added final to the description variable","messageBody":"","fileTypesAndContributionMap":{"java":{"insertions":1,"deletions":1}}},{"hash":"0c6529f0ee4fad028f0a1ea1e15caa64b29cdca0","isMergeCommit":false,"messageTitle":"reorganized task class into its own .java file","messageBody":"","fileTypesAndContributionMap":{"java":{"insertions":23,"deletions":23}}}]},{"date":"2025-09-05T00:00:00","commitResults":[{"hash":"6f74d98bc924228e65ccd92f3c237021cca88fca","isMergeCommit":false,"messageTitle":"changed readme name to be grace","messageBody":"","fileTypesAndContributionMap":{"md":{"insertions":1,"deletions":1}}},{"hash":"8e17e5ea97b0d61734bec09b832356e927bec828","isMergeCommit":false,"messageTitle":"refactored code to fit coding standards, removed \"magic number\" and added PARTITION","messageBody":"","fileTypesAndContributionMap":{"java":{"insertions":17,"deletions":13}}}]},{"date":"2025-09-07T00:00:00","commitResults":[{"hash":"dd14b0b61bc0c83d39ae461d4c263df1f73784d4","isMergeCommit":false,"messageTitle":"refactored, split into different methods, and a cleaner main function","messageBody":"","tags":["A-CodingStandard"],"fileTypesAndContributionMap":{"java":{"insertions":78,"deletions":34}}},{"hash":"9c8199117d60eb9c24c089b077f9654aa3291474","isMergeCommit":false,"messageTitle":"added deadline, event, and todo subclasses","messageBody":"","fileTypesAndContributionMap":{"java":{"insertions":42,"deletions":4}}},{"hash":"4f8e3ae280534229d433ce8687b6b99e2b11cffc","isMergeCommit":false,"messageTitle":"adjusted handleAdd and handleList methods to work with event, todo, and deadlines","messageBody":"","tags":["Level-4"],"fileTypesAndContributionMap":{"java":{"insertions":22,"deletions":2}}},{"hash":"5e90c55c33760d09db26a5a35792a6d1cf3129d5","isMergeCommit":false,"messageTitle":"adjusted code formatting to adhere to coding standards","messageBody":"","fileTypesAndContributionMap":{"java":{"insertions":10,"deletions":10}}},{"hash":"dbb290f83d8e1b5c0be5fc750b45186e52425495","isMergeCommit":false,"messageTitle":"refactored duplicated printTask code out of handleMark and handleUnmark methods.","messageBody":"","tags":["A-CodeQuality"],"fileTypesAndContributionMap":{"java":{"insertions":9,"deletions":8}}}]},{"date":"2025-09-09T00:00:00","commitResults":[{"hash":"4fbb5521ce5c74fcb75bb16c5802c23abcf6aab7","isMergeCommit":false,"messageTitle":"Created Grace Exception Class","messageBody":"","fileTypesAndContributionMap":{"java":{"insertions":5,"deletions":0}}},{"hash":"4bf633bc52949669c3222c19460dd7443ae425d0","isMergeCommit":false,"messageTitle":"unknown command gets handled with a GraceException","messageBody":"","fileTypesAndContributionMap":{"java":{"insertions":31,"deletions":14}}}]},{"date":"2025-09-10T00:00:00","commitResults":[{"hash":"45525a59d99476f623370b1630c120f8817c57cb","isMergeCommit":false,"messageTitle":"handlist print error if taskCount is 0","messageBody":"","fileTypesAndContributionMap":{"java":{"insertions":7,"deletions":3}}},{"hash":"09dab40bfbddd966b363abe15f934ddabf7ce852","isMergeCommit":false,"messageTitle":"handle unmark and mark handles invalid index","messageBody":"","fileTypesAndContributionMap":{"java":{"insertions":11,"deletions":8}}},{"hash":"db0169304bc91e5618cfacd8de317171c26ad8d0","isMergeCommit":false,"messageTitle":"empty todo results in an exception message","messageBody":"","fileTypesAndContributionMap":{"java":{"insertions":7,"deletions":4}}}]},{"date":"2025-09-12T00:00:00","commitResults":[{"hash":"0340720b3bded7657cb7d20b5ed24f347d7e01f3","isMergeCommit":false,"messageTitle":"error handling for deadline and event commands","messageBody":"","fileTypesAndContributionMap":{"java":{"insertions":10,"deletions":8}}},{"hash":"a90d0b92082d52e9e465cf748be9b3aa20bf1d85","isMergeCommit":true,"messageTitle":"Merge Level-5: Handle Errors","messageBody":"","tags":["Level-5"],"fileTypesAndContributionMap":{}},{"hash":"ae32f7bcbdf7a9fd1279b07cdb85ed07cb6a4647","isMergeCommit":false,"messageTitle":"Organize classes into grace package (Increment A-Packages)","messageBody":"","tags":["A-Packages","A-Exceptions"],"fileTypesAndContributionMap":{"java":{"insertions":13,"deletions":1}}}]},{"date":"2025-09-16T00:00:00","commitResults":[{"hash":"ca33d555160bc24aa48890dd1685859fc8c177a4","isMergeCommit":false,"messageTitle":"switched to ArrayList\u003c\u003e","messageBody":"","tags":["A-Collections"],"fileTypesAndContributionMap":{"java":{"insertions":23,"deletions":25}}},{"hash":"f84a5dffda08775ee852b637db47d259384f4613","isMergeCommit":false,"messageTitle":"handle delete task command","messageBody":"","fileTypesAndContributionMap":{"java":{"insertions":14,"deletions":0}}},{"hash":"f41781100058933940fdef2ce0848149c8802f3c","isMergeCommit":false,"messageTitle":"handle storage tasks for level-7","messageBody":"","fileTypesAndContributionMap":{"java":{"insertions":133,"deletions":1}}},{"hash":"f1df94ada8a4a74972a1f3c1845f689de3ba6877","isMergeCommit":true,"messageTitle":"Merge Level-6 Delete feature","messageBody":"","fileTypesAndContributionMap":{}},{"hash":"2753cd98a12952e4e266b1adbf374931884262ed","isMergeCommit":true,"messageTitle":"Merge Level-7 Save feature","messageBody":"","fileTypesAndContributionMap":{}},{"hash":"ad8f1d70a2338a03a9ebcf9349785fc3ce392477","isMergeCommit":false,"messageTitle":"small update to tasks initialization","messageBody":"","tags":["Level-7","Level-6","A-Jar"],"fileTypesAndContributionMap":{"java":{"insertions":2,"deletions":2}}}]}]},"authorFileTypeContributionMap":{"andrewcai8":{"java":374,"md":1,"fxml":0,"sh":0,"bat":0,"gradle":0,"txt":0}},"authorContributionVariance":{"andrewcai8":2374.294},"authorDisplayNameMap":{"andrewcai8":"CS2113-W12-2 CAI ..NGZE"}}
