{"authorDailyContributionsMap":{"Exceptional-Khoi":[{"date":"2025-09-03T00:00:00","commitResults":[{"hash":"8826dbd3ca64be3ab3ea13dc3c4aa06cc321e2a0","isMergeCommit":false,"messageTitle":"Finish tutorial 3","messageBody":"","tags":["v0.3"],"fileTypesAndContributionMap":{"java":{"insertions":103,"deletions":10},"bat":{"insertions":1,"deletions":1},"md":{"insertions":3,"deletions":3}}}]}]},"authorFileTypeContributionMap":{"Exceptional-Khoi":{"java":103,"md":3,"fxml":0,"sh":0,"bat":1,"gradle":0,"txt":0}},"authorContributionVariance":{"Exceptional-Khoi":522.17554},"authorDisplayNameMap":{"Exceptional-Khoi":"CS2113-W14-3 VU D..KHOI"}}
