{"authorDailyContributionsMap":{"Exceptional-Khoi":[{"date":"2025-09-03T00:00:00","commitResults":[{"hash":"8826dbd3ca64be3ab3ea13dc3c4aa06cc321e2a0","isMergeCommit":false,"messageTitle":"Finish tutorial 3","messageBody":"","tags":["v0.3"],"fileTypesAndContributionMap":{"java":{"insertions":103,"deletions":10},"bat":{"insertions":1,"deletions":1},"md":{"insertions":3,"deletions":3}}}]},{"date":"2025-09-07T00:00:00","commitResults":[{"hash":"77973973130e5b4c03393d68ea7fb844f867dd31","isMergeCommit":false,"messageTitle":"Finish week 4","messageBody":"","tags":["v4.0"],"fileTypesAndContributionMap":{"java":{"insertions":136,"deletions":24}}}]},{"date":"2025-09-12T00:00:00","commitResults":[{"hash":"89081a90295a90d3db01daf55c751405e0a9392d","isMergeCommit":false,"messageTitle":"Finish week 5","messageBody":"","fileTypesAndContributionMap":{"java":{"insertions":173,"deletions":61}}},{"hash":"41e227a4652d3a7cdf871f6ce58f797d64dff661","isMergeCommit":true,"messageTitle":"Merge Level-5","messageBody":"","tags":["v5.0","Level-5","Level-4","Level-3","Level-2","Level-1","Level-0","A-TextUiTesting","A-Packages","A-Exceptions","A-CodingStandard","A-CodeQuality"],"fileTypesAndContributionMap":{}}]},{"date":"2025-09-21T00:00:00","commitResults":[{"hash":"de629c4ace8067adc4237dbd08fe544fcfb75da9","isMergeCommit":false,"messageTitle":"Level 6: implement delete()","messageBody":"","fileTypesAndContributionMap":{"java":{"insertions":139,"deletions":2}}}]},{"date":"2025-10-01T00:00:00","commitResults":[{"hash":"b4fd4b6246ae8512761a919cccd4fea36f4e6577","isMergeCommit":false,"messageTitle":"Finish Level 7","messageBody":"","fileTypesAndContributionMap":{"txt":{"insertions":3,"deletions":0},"java":{"insertions":14,"deletions":6}}},{"hash":"7d2f114c1ec43418357df867954bd40eea46049d","isMergeCommit":true,"messageTitle":"Merge branch-Level-6 into master","messageBody":"","fileTypesAndContributionMap":{}},{"hash":"988a4095e07492e63ddd5ae337fe9abcfe00aeee","isMergeCommit":true,"messageTitle":"Merge branch-Level-7 into master","messageBody":"","tags":["Level-7","Level-6","A-Collections"],"fileTypesAndContributionMap":{}}]},{"date":"2025-10-02T00:00:00","commitResults":[{"hash":"e17c73f0e6c1d61e3a347b29c16dc1e923d765ab","isMergeCommit":false,"messageTitle":"Add .jar","messageBody":"","tags":["A-MoreOOP","A-Jar"],"fileTypesAndContributionMap":{"gradle":{"insertions":38,"deletions":0},"java":{"insertions":142,"deletions":140}}}]},{"date":"2025-10-03T00:00:00","commitResults":[{"hash":"1de6596530fefab0bf9c3d56e7e35cd0fb159c63","isMergeCommit":false,"messageTitle":"Finish level 8","messageBody":"","tags":["Level-8"],"fileTypesAndContributionMap":{"txt":{"insertions":2,"deletions":2},"java":{"insertions":40,"deletions":28}}},{"hash":"c2455e487f8cf6e6f2563585fa35eb665fe10aaf","isMergeCommit":false,"messageTitle":"Finish level 9 and debug level 8","messageBody":"","tags":["Level-9"],"fileTypesAndContributionMap":{"txt":{"insertions":2,"deletions":3},"java":{"insertions":34,"deletions":7}}}]},{"date":"2025-10-05T00:00:00","commitResults":[{"hash":"231d420238033b259e9c34f9dd8eeacce3745329","isMergeCommit":false,"messageTitle":"Add JavaDoc","messageBody":"","tags":["A-JavaDoc"],"fileTypesAndContributionMap":{"java":{"insertions":426,"deletions":161}}},{"hash":"95be272a1e7401662f7fd291a47d22a9bb134777","isMergeCommit":false,"messageTitle":"Finish User Guide","messageBody":"","tags":["A-UserGuide"],"fileTypesAndContributionMap":{"md":{"insertions":141,"deletions":13}}},{"hash":"fdaf47d0e6ddb11db07f769d4c55d63ac1ce57fd","isMergeCommit":false,"messageTitle":"Fix table in command summary","messageBody":"","fileTypesAndContributionMap":{"md":{"insertions":1,"deletions":0}}},{"hash":"ffadd4b30933d6ae97d61c603897b427b2b6c1bd","isMergeCommit":false,"messageTitle":"Update README","messageBody":"","fileTypesAndContributionMap":{"md":{"insertions":6,"deletions":5}}},{"hash":"318e1e4a05892794ea557084a5556870884ff507","isMergeCommit":true,"messageTitle":"Merge pull request #1 from Exceptional-Khoi/branch-Level-9","messageBody":"Update README","tags":["v0.1"],"fileTypesAndContributionMap":{}},{"hash":"7fceff490a5b383397604aa38226bfef88c652fd","isMergeCommit":false,"messageTitle":"Final version of UG","messageBody":"","tags":["A-Release"],"fileTypesAndContributionMap":{"md":{"insertions":18,"deletions":16}}}]}]},"authorFileTypeContributionMap":{"Exceptional-Khoi":{"java":778,"md":147,"fxml":0,"sh":0,"bat":1,"gradle":38,"txt":2}},"authorContributionVariance":{"Exceptional-Khoi":13383.995},"authorDisplayNameMap":{"Exceptional-Khoi":"CS2113-W14-3 VU D..KHOI"}}
