{"repoSenseVersion":"13aa2f327a","reportGeneratedTime":"Thu, 2 Oct 2025 19:33:06 UTC+08:00","reportGenerationTime":" 11.98 second(s)","zoneId":"UTC+08:00","reportTitle":"RepoSense Report","repos":[{"location":{"location":"https://github.com/ry-koh/ip.git","repoName":"ip","organization":"ry-koh","domainName":"github"},"branch":"master","displayName":"ry-koh/ip[master]","outputFolderName":"ry-koh_ip_master","sinceDate":"2025-08-08T00:00:00","untilDate":"2025-10-02T23:59:59"},{"location":{"location":"https://github.com/chongyaoo/ip.git","repoName":"ip","organization":"chongyaoo","domainName":"github"},"branch":"master","displayName":"chongyaoo/ip[master]","outputFolderName":"chongyaoo_ip_master","sinceDate":"2025-08-08T00:00:00","untilDate":"2025-10-02T23:59:59"},{"location":{"location":"https://github.com/Yeoh-Soo-Leong/ip.git","repoName":"ip","organization":"Yeoh-Soo-Leong","domainName":"github"},"branch":"master","displayName":"Yeoh-Soo-Leong/ip[master]","outputFolderName":"Yeoh-Soo-Leong_ip_master","sinceDate":"2025-08-08T00:00:00","untilDate":"2025-10-02T23:59:59"},{"location":{"location":"https://github.com/BenyAlbatross/ip.git","repoName":"ip","organization":"BenyAlbatross","domainName":"github"},"branch":"master","displayName":"BenyAlbatross/ip[master]","outputFolderName":"BenyAlbatross_ip_master","sinceDate":"2025-08-08T00:00:00","untilDate":"2025-10-02T23:59:59"},{"location":{"location":"https://github.com/zeeeing/ip.git","repoName":"ip","organization":"zeeeing","domainName":"github"},"branch":"master","displayName":"zeeeing/ip[master]","outputFolderName":"zeeeing_ip_master","sinceDate":"2025-08-08T00:00:00","untilDate":"2025-10-02T23:59:59"},{"location":{"location":"https://github.com/HiewTheG/ip.git","repoName":"ip","organization":"HiewTheG","domainName":"github"},"branch":"master","displayName":"HiewTheG/ip[master]","outputFolderName":"HiewTheG_ip_master","sinceDate":"2025-08-08T00:00:00","untilDate":"2025-10-02T23:59:59"},{"location":{"location":"https://github.com/Jeweljace/ip.git","repoName":"ip","organization":"Jeweljace","domainName":"github"},"branch":"master","displayName":"Jeweljace/ip[master]","outputFolderName":"Jeweljace_ip_master","sinceDate":"2025-08-08T00:00:00","untilDate":"2025-10-02T23:59:59"},{"location":{"location":"https://github.com/osy4477/ip.git","repoName":"ip","organization":"osy4477","domainName":"github"},"branch":"master","displayName":"osy4477/ip[master]","outputFolderName":"osy4477_ip_master","sinceDate":"2025-08-08T00:00:00","untilDate":"2025-10-02T23:59:59"},{"location":{"location":"https://github.com/darshhs/ip.git","repoName":"ip","organization":"darshhs","domainName":"github"},"branch":"master","displayName":"darshhs/ip[master]","outputFolderName":"darshhs_ip_master","sinceDate":"2025-08-08T00:00:00","untilDate":"2025-10-02T23:59:59"},{"location":{"location":"https://github.com/Pavithra6-Srinivasan/ip.git","repoName":"ip","organization":"Pavithra6-Srinivasan","domainName":"github"},"branch":"master","displayName":"Pavithra6-Srinivasan/ip[master]","outputFolderName":"Pavithra6-Srinivasan_ip_master","sinceDate":"2025-08-08T00:00:00","untilDate":"2025-10-02T23:59:59"},{"location":{"location":"https://github.com/rsiowkf/ip.git","repoName":"ip","organization":"rsiowkf","domainName":"github"},"branch":"master","displayName":"rsiowkf/ip[master]","outputFolderName":"rsiowkf_ip_master","sinceDate":"2025-08-08T00:00:00","untilDate":"2025-10-02T23:59:59"},{"location":{"location":"https://github.com/LJQ2001/ip.git","repoName":"ip","organization":"LJQ2001","domainName":"github"},"branch":"master","displayName":"LJQ2001/ip[master]","outputFolderName":"LJQ2001_ip_master","sinceDate":"2025-08-08T00:00:00","untilDate":"2025-10-02T23:59:59"},{"location":{"location":"https://github.com/gohjieling834/ip.git","repoName":"ip","organization":"gohjieling834","domainName":"github"},"branch":"master","displayName":"gohjieling834/ip[master]","outputFolderName":"gohjieling834_ip_master","sinceDate":"2025-08-08T00:00:00","untilDate":"2025-10-02T23:59:59"},{"location":{"location":"https://github.com/samika2005/ip.git","repoName":"ip","organization":"samika2005","domainName":"github"},"branch":"master","displayName":"samika2005/ip[master]","outputFolderName":"samika2005_ip_master","sinceDate":"2025-08-08T00:00:00","untilDate":"2025-10-02T23:59:59"},{"location":{"location":"https://github.com/Yxiang-828/ip.git","repoName":"ip","organization":"Yxiang-828","domainName":"github"},"branch":"master","displayName":"Yxiang-828/ip[master]","outputFolderName":"Yxiang-828_ip_master","sinceDate":"2025-08-08T00:00:00","untilDate":"2025-10-02T23:59:59"},{"location":{"location":"https://github.com/EggsKay/ip.git","repoName":"ip","organization":"EggsKay","domainName":"github"},"branch":"master","displayName":"EggsKay/ip[master]","outputFolderName":"EggsKay_ip_master","sinceDate":"2025-08-08T00:00:00","untilDate":"2025-10-02T23:59:59"},{"location":{"location":"https://github.com/ashpasa/ip.git","repoName":"ip","organization":"ashpasa","domainName":"github"},"branch":"master","displayName":"ashpasa/ip[master]","outputFolderName":"ashpasa_ip_master","sinceDate":"2025-08-08T00:00:00","untilDate":"2025-10-02T23:59:59"},{"location":{"location":"https://github.com/gordonajajar/ip.git","repoName":"ip","organization":"gordonajajar","domainName":"github"},"branch":"master","displayName":"gordonajajar/ip[master]","outputFolderName":"gordonajajar_ip_master","sinceDate":"2025-08-08T00:00:00","untilDate":"2025-10-02T23:59:59"},{"location":{"location":"https://github.com/xelisce/ip.git","repoName":"ip","organization":"xelisce","domainName":"github"},"branch":"master","displayName":"xelisce/ip[master]","outputFolderName":"xelisce_ip_master","sinceDate":"2025-08-08T00:00:00","untilDate":"2025-10-02T23:59:59"},{"location":{"location":"https://github.com/limzerui/ip.git","repoName":"ip","organization":"limzerui","domainName":"github"},"branch":"master","displayName":"limzerui/ip[master]","outputFolderName":"limzerui_ip_master","sinceDate":"2025-08-08T00:00:00","untilDate":"2025-10-02T23:59:59"},{"location":{"location":"https://github.com/sanjay-shiva-kumar/ip.git","repoName":"ip","organization":"sanjay-shiva-kumar","domainName":"github"},"branch":"master","displayName":"sanjay-shiva-kumar/ip[master]","outputFolderName":"sanjay-shiva-kumar_ip_master","sinceDate":"2025-08-08T00:00:00","untilDate":"2025-10-02T23:59:59"},{"location":{"location":"https://github.com/shennontay/ip.git","repoName":"ip","organization":"shennontay","domainName":"github"},"branch":"master","displayName":"shennontay/ip[master]","outputFolderName":"shennontay_ip_master","sinceDate":"2025-08-08T00:00:00","untilDate":"2025-10-02T23:59:59"},{"location":{"location":"https://github.com/shauntsr/ip.git","repoName":"ip","organization":"shauntsr","domainName":"github"},"branch":"master","displayName":"shauntsr/ip[master]","outputFolderName":"shauntsr_ip_master","sinceDate":"2025-08-08T00:00:00","untilDate":"2025-10-02T23:59:59"},{"location":{"location":"https://github.com/ZT712002/ip.git","repoName":"ip","organization":"ZT712002","domainName":"github"},"branch":"master","displayName":"ZT712002/ip[master]","outputFolderName":"ZT712002_ip_master","sinceDate":"2025-08-08T00:00:00","untilDate":"2025-10-02T23:59:59"},{"location":{"location":"https://github.com/gbinw128/ip.git","repoName":"ip","organization":"gbinw128","domainName":"github"},"branch":"master","displayName":"gbinw128/ip[master]","outputFolderName":"gbinw128_ip_master","sinceDate":"2025-08-08T00:00:00","untilDate":"2025-10-02T23:59:59"},{"location":{"location":"https://github.com/roydenlyr/ip.git","repoName":"ip","organization":"roydenlyr","domainName":"github"},"branch":"master","displayName":"roydenlyr/ip[master]","outputFolderName":"roydenlyr_ip_master","sinceDate":"2025-08-08T00:00:00","untilDate":"2025-10-02T23:59:59"},{"location":{"location":"https://github.com/Rezelix/ip.git","repoName":"ip","organization":"Rezelix","domainName":"github"},"branch":"master","displayName":"Rezelix/ip[master]","outputFolderName":"Rezelix_ip_master","sinceDate":"2025-08-08T00:00:00","untilDate":"2025-10-02T23:59:59"},{"location":{"location":"https://github.com/zhengjie2002/ip.git","repoName":"ip","organization":"zhengjie2002","domainName":"github"},"branch":"master","displayName":"zhengjie2002/ip[master]","outputFolderName":"zhengjie2002_ip_master","sinceDate":"2025-08-08T00:00:00","untilDate":"2025-10-02T23:59:59"},{"location":{"location":"https://github.com/MinionWolf/ip.git","repoName":"ip","organization":"MinionWolf","domainName":"github"},"branch":"master","displayName":"MinionWolf/ip[master]","outputFolderName":"MinionWolf_ip_master","sinceDate":"2025-08-08T00:00:00","untilDate":"2025-10-02T23:59:59"},{"location":{"location":"https://github.com/AWeiBin/ip.git","repoName":"ip","organization":"AWeiBin","domainName":"github"},"branch":"master","displayName":"AWeiBin/ip[master]","outputFolderName":"AWeiBin_ip_master","sinceDate":"2025-08-08T00:00:00","untilDate":"2025-10-02T23:59:59"},{"location":{"location":"https://github.com/Tanjy55/ip.git","repoName":"ip","organization":"Tanjy55","domainName":"github"},"branch":"master","displayName":"Tanjy55/ip[master]","outputFolderName":"Tanjy55_ip_master","sinceDate":"2025-08-08T00:00:00","untilDate":"2025-10-02T23:59:59"},{"location":{"location":"https://github.com/yujie-o/ip.git","repoName":"ip","organization":"yujie-o","domainName":"github"},"branch":"master","displayName":"yujie-o/ip[master]","outputFolderName":"yujie-o_ip_master","sinceDate":"2025-08-08T00:00:00","untilDate":"2025-10-02T23:59:59"},{"location":{"location":"https://github.com/nitin19011/ip.git","repoName":"ip","organization":"nitin19011","domainName":"github"},"branch":"master","displayName":"nitin19011/ip[master]","outputFolderName":"nitin19011_ip_master","sinceDate":"2025-08-08T00:00:00","untilDate":"2025-10-02T23:59:59"},{"location":{"location":"https://github.com/Lee-YiSheng/ip.git","repoName":"ip","organization":"Lee-YiSheng","domainName":"github"},"branch":"master","displayName":"Lee-YiSheng/ip[master]","outputFolderName":"Lee-YiSheng_ip_master","sinceDate":"2025-08-08T00:00:00","untilDate":"2025-10-02T23:59:59"},{"location":{"location":"https://github.com/kevinlokewy/ip.git","repoName":"ip","organization":"kevinlokewy","domainName":"github"},"branch":"master","displayName":"kevinlokewy/ip[master]","outputFolderName":"kevinlokewy_ip_master","sinceDate":"2025-08-08T00:00:00","untilDate":"2025-10-02T23:59:59"},{"location":{"location":"https://github.com/blimc1/ip.git","repoName":"ip","organization":"blimc1","domainName":"github"},"branch":"master","displayName":"blimc1/ip[master]","outputFolderName":"blimc1_ip_master","sinceDate":"2025-08-08T00:00:00","untilDate":"2025-10-02T23:59:59"},{"location":{"location":"https://github.com/noellethen/ip.git","repoName":"ip","organization":"noellethen","domainName":"github"},"branch":"master","displayName":"noellethen/ip[master]","outputFolderName":"noellethen_ip_master","sinceDate":"2025-08-08T00:00:00","untilDate":"2025-10-02T23:59:59"},{"location":{"location":"https://github.com/Kurokishi592/ip.git","repoName":"ip","organization":"Kurokishi592","domainName":"github"},"branch":"master","displayName":"Kurokishi592/ip[master]","outputFolderName":"Kurokishi592_ip_master","sinceDate":"2025-08-08T00:00:00","untilDate":"2025-10-02T23:59:59"},{"location":{"location":"https://github.com/HarshitSrivastavaHS/ip.git","repoName":"ip","organization":"HarshitSrivastavaHS","domainName":"github"},"branch":"master","displayName":"HarshitSrivastavaHS/ip[master]","outputFolderName":"HarshitSrivastavaHS_ip_master","sinceDate":"2025-08-08T00:00:00","untilDate":"2025-10-02T23:59:59"},{"location":{"location":"https://github.com/V1T0bh/ip.git","repoName":"ip","organization":"V1T0bh","domainName":"github"},"branch":"master","displayName":"V1T0bh/ip[master]","outputFolderName":"V1T0bh_ip_master","sinceDate":"2025-08-08T00:00:00","untilDate":"2025-10-02T23:59:59"},{"location":{"location":"https://github.com/JeanPerrierIII/ip.git","repoName":"ip","organization":"JeanPerrierIII","domainName":"github"},"branch":"master","displayName":"JeanPerrierIII/ip[master]","outputFolderName":"JeanPerrierIII_ip_master","sinceDate":"2025-08-08T00:00:00","untilDate":"2025-10-02T23:59:59"},{"location":{"location":"https://github.com/duckyfuz/ip.git","repoName":"ip","organization":"duckyfuz","domainName":"github"},"branch":"master","displayName":"duckyfuz/ip[master]","outputFolderName":"duckyfuz_ip_master","sinceDate":"2025-08-08T00:00:00","untilDate":"2025-10-02T23:59:59"},{"location":{"location":"https://github.com/XuHh03/ip.git","repoName":"ip","organization":"XuHh03","domainName":"github"},"branch":"master","displayName":"XuHh03/ip[master]","outputFolderName":"XuHh03_ip_master","sinceDate":"2025-08-08T00:00:00","untilDate":"2025-10-02T23:59:59"},{"location":{"location":"https://github.com/BestBearrr/ip.git","repoName":"ip","organization":"BestBearrr","domainName":"github"},"branch":"master","displayName":"BestBearrr/ip[master]","outputFolderName":"BestBearrr_ip_master","sinceDate":"2025-08-08T00:00:00","untilDate":"2025-10-02T23:59:59"},{"location":{"location":"https://github.com/abefqy/ip.git","repoName":"ip","organization":"abefqy","domainName":"github"},"branch":"master","displayName":"abefqy/ip[master]","outputFolderName":"abefqy_ip_master","sinceDate":"2025-08-08T00:00:00","untilDate":"2025-10-02T23:59:59"},{"location":{"location":"https://github.com/ZhongBaode/ip.git","repoName":"ip","organization":"ZhongBaode","domainName":"github"},"branch":"master","displayName":"ZhongBaode/ip[master]","outputFolderName":"ZhongBaode_ip_master","sinceDate":"2025-08-08T00:00:00","untilDate":"2025-10-02T23:59:59"},{"location":{"location":"https://github.com/limeiy1/ip.git","repoName":"ip","organization":"limeiy1","domainName":"github"},"branch":"master","displayName":"limeiy1/ip[master]","outputFolderName":"limeiy1_ip_master","sinceDate":"2025-08-08T00:00:00","untilDate":"2025-10-02T23:59:59"},{"location":{"location":"https://github.com/mendax1234/ip.git","repoName":"ip","organization":"mendax1234","domainName":"github"},"branch":"master","displayName":"mendax1234/ip[master]","outputFolderName":"mendax1234_ip_master","sinceDate":"2025-08-08T00:00:00","untilDate":"2025-10-02T23:59:59"},{"location":{"location":"https://github.com/fahadmohaideen/ip.git","repoName":"ip","organization":"fahadmohaideen","domainName":"github"},"branch":"master","displayName":"fahadmohaideen/ip[master]","outputFolderName":"fahadmohaideen_ip_master","sinceDate":"2025-08-08T00:00:00","untilDate":"2025-10-02T23:59:59"},{"location":{"location":"https://github.com/BTslayer761/ip.git","repoName":"ip","organization":"BTslayer761","domainName":"github"},"branch":"master","displayName":"BTslayer761/ip[master]","outputFolderName":"BTslayer761_ip_master","sinceDate":"2025-08-08T00:00:00","untilDate":"2025-10-02T23:59:59"},{"location":{"location":"https://github.com/lukeai-tan/ip.git","repoName":"ip","organization":"lukeai-tan","domainName":"github"},"branch":"master","displayName":"lukeai-tan/ip[master]","outputFolderName":"lukeai-tan_ip_master","sinceDate":"2025-08-08T00:00:00","untilDate":"2025-10-02T23:59:59"},{"location":{"location":"https://github.com/asytrix99/ip.git","repoName":"ip","organization":"asytrix99","domainName":"github"},"branch":"master","displayName":"asytrix99/ip[master]","outputFolderName":"asytrix99_ip_master","sinceDate":"2025-08-08T00:00:00","untilDate":"2025-10-02T23:59:59"},{"location":{"location":"https://github.com/tam308/ip.git","repoName":"ip","organization":"tam308","domainName":"github"},"branch":"master","displayName":"tam308/ip[master]","outputFolderName":"tam308_ip_master","sinceDate":"2025-08-08T00:00:00","untilDate":"2025-10-02T23:59:59"},{"location":{"location":"https://github.com/fookang/ip.git","repoName":"ip","organization":"fookang","domainName":"github"},"branch":"master","displayName":"fookang/ip[master]","outputFolderName":"fookang_ip_master","sinceDate":"2025-08-08T00:00:00","untilDate":"2025-10-02T23:59:59"},{"location":{"location":"https://github.com/xylonc/ip.git","repoName":"ip","organization":"xylonc","domainName":"github"},"branch":"master","displayName":"xylonc/ip[master]","outputFolderName":"xylonc_ip_master","sinceDate":"2025-08-08T00:00:00","untilDate":"2025-10-02T23:59:59"},{"location":{"location":"https://github.com/goodguyryan/ip.git","repoName":"ip","organization":"goodguyryan","domainName":"github"},"branch":"master","displayName":"goodguyryan/ip[master]","outputFolderName":"goodguyryan_ip_master","sinceDate":"2025-08-08T00:00:00","untilDate":"2025-10-02T23:59:59"},{"location":{"location":"https://github.com/Rayan-Wong/ip.git","repoName":"ip","organization":"Rayan-Wong","domainName":"github"},"branch":"master","displayName":"Rayan-Wong/ip[master]","outputFolderName":"Rayan-Wong_ip_master","sinceDate":"2025-08-08T00:00:00","untilDate":"2025-10-02T23:59:59"},{"location":{"location":"https://github.com/JordanTwz/ip.git","repoName":"ip","organization":"JordanTwz","domainName":"github"},"branch":"master","displayName":"JordanTwz/ip[master]","outputFolderName":"JordanTwz_ip_master","sinceDate":"2025-08-08T00:00:00","untilDate":"2025-10-02T23:59:59"},{"location":{"location":"https://github.com/enwei29/ip.git","repoName":"ip","organization":"enwei29","domainName":"github"},"branch":"master","displayName":"enwei29/ip[master]","outputFolderName":"enwei29_ip_master","sinceDate":"2025-08-08T00:00:00","untilDate":"2025-10-02T23:59:59"},{"location":{"location":"https://github.com/Emannuel-Tan/ip.git","repoName":"ip","organization":"Emannuel-Tan","domainName":"github"},"branch":"master","displayName":"Emannuel-Tan/ip[master]","outputFolderName":"Emannuel-Tan_ip_master","sinceDate":"2025-08-08T00:00:00","untilDate":"2025-10-02T23:59:59"},{"location":{"location":"https://github.com/Kart04/ip.git","repoName":"ip","organization":"Kart04","domainName":"github"},"branch":"master","displayName":"Kart04/ip[master]","outputFolderName":"Kart04_ip_master","sinceDate":"2025-08-08T00:00:00","untilDate":"2025-10-02T23:59:59"},{"location":{"location":"https://github.com/t-kandasami/ip.git","repoName":"ip","organization":"t-kandasami","domainName":"github"},"branch":"master","displayName":"t-kandasami/ip[master]","outputFolderName":"t-kandasami_ip_master","sinceDate":"2025-08-08T00:00:00","untilDate":"2025-10-02T23:59:59"},{"location":{"location":"https://github.com/muadzyamani/ip.git","repoName":"ip","organization":"muadzyamani","domainName":"github"},"branch":"master","displayName":"muadzyamani/ip[master]","outputFolderName":"muadzyamani_ip_master","sinceDate":"2025-08-08T00:00:00","untilDate":"2025-10-02T23:59:59"},{"location":{"location":"https://github.com/Michael-Low/ip.git","repoName":"ip","organization":"Michael-Low","domainName":"github"},"branch":"master","displayName":"Michael-Low/ip[master]","outputFolderName":"Michael-Low_ip_master","sinceDate":"2025-08-08T00:00:00","untilDate":"2025-10-02T23:59:59"},{"location":{"location":"https://github.com/aydrienlaw/ip.git","repoName":"ip","organization":"aydrienlaw","domainName":"github"},"branch":"master","displayName":"aydrienlaw/ip[master]","outputFolderName":"aydrienlaw_ip_master","sinceDate":"2025-08-08T00:00:00","untilDate":"2025-10-02T23:59:59"},{"location":{"location":"https://github.com/Wrooi/ip.git","repoName":"ip","organization":"Wrooi","domainName":"github"},"branch":"master","displayName":"Wrooi/ip[master]","outputFolderName":"Wrooi_ip_master","sinceDate":"2025-08-08T00:00:00","untilDate":"2025-10-02T23:59:59"},{"location":{"location":"https://github.com/irw9n/ip.git","repoName":"ip","organization":"irw9n","domainName":"github"},"branch":"master","displayName":"irw9n/ip[master]","outputFolderName":"irw9n_ip_master","sinceDate":"2025-08-08T00:00:00","untilDate":"2025-10-02T23:59:59"},{"location":{"location":"https://github.com/JianHao24/ip.git","repoName":"ip","organization":"JianHao24","domainName":"github"},"branch":"master","displayName":"JianHao24/ip[master]","outputFolderName":"JianHao24_ip_master","sinceDate":"2025-08-08T00:00:00","untilDate":"2025-10-02T23:59:59"},{"location":{"location":"https://github.com/shira421/ip.git","repoName":"ip","organization":"shira421","domainName":"github"},"branch":"master","displayName":"shira421/ip[master]","outputFolderName":"shira421_ip_master","sinceDate":"2025-08-08T00:00:00","untilDate":"2025-10-02T23:59:59"},{"location":{"location":"https://github.com/Zhenzha0/ip.git","repoName":"ip","organization":"Zhenzha0","domainName":"github"},"branch":"master","displayName":"Zhenzha0/ip[master]","outputFolderName":"Zhenzha0_ip_master","sinceDate":"2025-08-08T00:00:00","untilDate":"2025-10-02T23:59:59"},{"location":{"location":"https://github.com/saheer17/ip.git","repoName":"ip","organization":"saheer17","domainName":"github"},"branch":"master","displayName":"saheer17/ip[master]","outputFolderName":"saheer17_ip_master","sinceDate":"2025-08-08T00:00:00","untilDate":"2025-10-02T23:59:59"},{"location":{"location":"https://github.com/Izen9835/ip.git","repoName":"ip","organization":"Izen9835","domainName":"github"},"branch":"master","displayName":"Izen9835/ip[master]","outputFolderName":"Izen9835_ip_master","sinceDate":"2025-08-08T00:00:00","untilDate":"2025-10-02T23:59:59"},{"location":{"location":"https://github.com/seantankj/ip.git","repoName":"ip","organization":"seantankj","domainName":"github"},"branch":"master","displayName":"seantankj/ip[master]","outputFolderName":"seantankj_ip_master","sinceDate":"2025-08-08T00:00:00","untilDate":"2025-10-02T23:59:59"},{"location":{"location":"https://github.com/sean6369/ip.git","repoName":"ip","organization":"sean6369","domainName":"github"},"branch":"master","displayName":"sean6369/ip[master]","outputFolderName":"sean6369_ip_master","sinceDate":"2025-08-08T00:00:00","untilDate":"2025-10-02T23:59:59"},{"location":{"location":"https://github.com/Ekko-Technology/ip.git","repoName":"ip","organization":"Ekko-Technology","domainName":"github"},"branch":"master","displayName":"Ekko-Technology/ip[master]","outputFolderName":"Ekko-Technology_ip_master","sinceDate":"2025-08-08T00:00:00","untilDate":"2025-10-02T23:59:59"},{"location":{"location":"https://github.com/Kevin88866/ip.git","repoName":"ip","organization":"Kevin88866","domainName":"github"},"branch":"master","displayName":"Kevin88866/ip[master]","outputFolderName":"Kevin88866_ip_master","sinceDate":"2025-08-08T00:00:00","untilDate":"2025-10-02T23:59:59"},{"location":{"location":"https://github.com/gumingyoujia/ip.git","repoName":"ip","organization":"gumingyoujia","domainName":"github"},"branch":"master","displayName":"gumingyoujia/ip[master]","outputFolderName":"gumingyoujia_ip_master","sinceDate":"2025-08-08T00:00:00","untilDate":"2025-10-02T23:59:59"},{"location":{"location":"https://github.com/danielkwan2004/ip.git","repoName":"ip","organization":"danielkwan2004","domainName":"github"},"branch":"master","displayName":"danielkwan2004/ip[master]","outputFolderName":"danielkwan2004_ip_master","sinceDate":"2025-08-08T00:00:00","untilDate":"2025-10-02T23:59:59"},{"location":{"location":"https://github.com/yikjin/ip.git","repoName":"ip","organization":"yikjin","domainName":"github"},"branch":"master","displayName":"yikjin/ip[master]","outputFolderName":"yikjin_ip_master","sinceDate":"2025-08-08T00:00:00","untilDate":"2025-10-02T23:59:59"},{"location":{"location":"https://github.com/sivanshno/ip.git","repoName":"ip","organization":"sivanshno","domainName":"github"},"branch":"master","displayName":"sivanshno/ip[master]","outputFolderName":"sivanshno_ip_master","sinceDate":"2025-08-08T00:00:00","untilDate":"2025-10-02T23:59:59"},{"location":{"location":"https://github.com/jyx0615/ip.git","repoName":"ip","organization":"jyx0615","domainName":"github"},"branch":"master","displayName":"jyx0615/ip[master]","outputFolderName":"jyx0615_ip_master","sinceDate":"2025-08-08T00:00:00","untilDate":"2025-10-02T23:59:59"},{"location":{"location":"https://github.com/Kennahh/ip.git","repoName":"ip","organization":"Kennahh","domainName":"github"},"branch":"master","displayName":"Kennahh/ip[master]","outputFolderName":"Kennahh_ip_master","sinceDate":"2025-08-08T00:00:00","untilDate":"2025-10-02T23:59:59"},{"location":{"location":"https://github.com/andrewcai8/ip.git","repoName":"ip","organization":"andrewcai8","domainName":"github"},"branch":"master","displayName":"andrewcai8/ip[master]","outputFolderName":"andrewcai8_ip_master","sinceDate":"2025-08-08T00:00:00","untilDate":"2025-10-02T23:59:59"},{"location":{"location":"https://github.com/Ibrashoukry/ip.git","repoName":"ip","organization":"Ibrashoukry","domainName":"github"},"branch":"master","displayName":"Ibrashoukry/ip[master]","outputFolderName":"Ibrashoukry_ip_master","sinceDate":"2025-08-08T00:00:00","untilDate":"2025-10-02T23:59:59"},{"location":{"location":"https://github.com/ChangIkJoong/ip.git","repoName":"ip","organization":"ChangIkJoong","domainName":"github"},"branch":"master","displayName":"ChangIkJoong/ip[master]","outputFolderName":"ChangIkJoong_ip_master","sinceDate":"2025-08-08T00:00:00","untilDate":"2025-10-02T23:59:59"},{"location":{"location":"https://github.com/ljalilova/ip.git","repoName":"ip","organization":"ljalilova","domainName":"github"},"branch":"master","displayName":"ljalilova/ip[master]","outputFolderName":"ljalilova_ip_master","sinceDate":"2025-08-08T00:00:00","untilDate":"2025-10-02T23:59:59"},{"location":{"location":"https://github.com/mukhtarcal/ip.git","repoName":"ip","organization":"mukhtarcal","domainName":"github"},"branch":"master","displayName":"mukhtarcal/ip[master]","outputFolderName":"mukhtarcal_ip_master","sinceDate":"2025-08-08T00:00:00","untilDate":"2025-10-02T23:59:59"},{"location":{"location":"https://github.com/hyeungac/ip.git","repoName":"ip","organization":"hyeungac","domainName":"github"},"branch":"master","displayName":"hyeungac/ip[master]","outputFolderName":"hyeungac_ip_master","sinceDate":"2025-08-08T00:00:00","untilDate":"2025-10-02T23:59:59"},{"location":{"location":"https://github.com/W1ndB10w/ip.git","repoName":"ip","organization":"W1ndB10w","domainName":"github"},"branch":"master","displayName":"W1ndB10w/ip[master]","outputFolderName":"W1ndB10w_ip_master","sinceDate":"2025-08-08T00:00:00","untilDate":"2025-10-02T23:59:59"},{"location":{"location":"https://github.com/seahsongli/ip.git","repoName":"ip","organization":"seahsongli","domainName":"github"},"branch":"master","displayName":"seahsongli/ip[master]","outputFolderName":"seahsongli_ip_master","sinceDate":"2025-08-08T00:00:00","untilDate":"2025-10-02T23:59:59"},{"location":{"location":"https://github.com/bennyy117/ip.git","repoName":"ip","organization":"bennyy117","domainName":"github"},"branch":"master","displayName":"bennyy117/ip[master]","outputFolderName":"bennyy117_ip_master","sinceDate":"2025-08-08T00:00:00","untilDate":"2025-10-02T23:59:59"},{"location":{"location":"https://github.com/ycdaniel326/ip.git","repoName":"ip","organization":"ycdaniel326","domainName":"github"},"branch":"master","displayName":"ycdaniel326/ip[master]","outputFolderName":"ycdaniel326_ip_master","sinceDate":"2025-08-08T00:00:00","untilDate":"2025-10-02T23:59:59"},{"location":{"location":"https://github.com/Exceptional-Khoi/ip.git","repoName":"ip","organization":"Exceptional-Khoi","domainName":"github"},"branch":"master","displayName":"Exceptional-Khoi/ip[master]","outputFolderName":"Exceptional-Khoi_ip_master","sinceDate":"2025-08-08T00:00:00","untilDate":"2025-10-02T23:59:59"},{"location":{"location":"https://github.com/msc-123456/ip.git","repoName":"ip","organization":"msc-123456","domainName":"github"},"branch":"master","displayName":"msc-123456/ip[master]","outputFolderName":"msc-123456_ip_master","sinceDate":"2025-08-08T00:00:00","untilDate":"2025-10-02T23:59:59"},{"location":{"location":"https://github.com/ashutoshalung/ip.git","repoName":"ip","organization":"ashutoshalung","domainName":"github"},"branch":"master","displayName":"ashutoshalung/ip[master]","outputFolderName":"ashutoshalung_ip_master","sinceDate":"2025-08-08T00:00:00","untilDate":"2025-10-02T23:59:59"},{"location":{"location":"https://github.com/Amanda-HUANG88/ip.git","repoName":"ip","organization":"Amanda-HUANG88","domainName":"github"},"branch":"master","displayName":"Amanda-HUANG88/ip[master]","outputFolderName":"Amanda-HUANG88_ip_master","sinceDate":"2025-08-08T00:00:00","untilDate":"2025-10-02T23:59:59"},{"location":{"location":"https://github.com/Mack34021/ip.git","repoName":"ip","organization":"Mack34021","domainName":"github"},"branch":"master","displayName":"Mack34021/ip[master]","outputFolderName":"Mack34021_ip_master","sinceDate":"2025-08-08T00:00:00","untilDate":"2025-10-02T23:59:59"},{"location":{"location":"https://github.com/m-xrtin/ip.git","repoName":"ip","organization":"m-xrtin","domainName":"github"},"branch":"master","displayName":"m-xrtin/ip[master]","outputFolderName":"m-xrtin_ip_master","sinceDate":"2025-08-08T00:00:00","untilDate":"2025-10-02T23:59:59"},{"location":{"location":"https://github.com/Sheeeesh-code/ip.git","repoName":"ip","organization":"Sheeeesh-code","domainName":"github"},"branch":"master","displayName":"Sheeeesh-code/ip[master]","outputFolderName":"Sheeeesh-code_ip_master","sinceDate":"2025-08-08T00:00:00","untilDate":"2025-10-02T23:59:59"},{"location":{"location":"https://github.com/argadde/ip.git","repoName":"ip","organization":"argadde","domainName":"github"},"branch":"master","displayName":"argadde/ip[master]","outputFolderName":"argadde_ip_master","sinceDate":"2025-08-08T00:00:00","untilDate":"2025-10-02T23:59:59"},{"location":{"location":"https://github.com/Joannaj00/ip.git","repoName":"ip","organization":"Joannaj00","domainName":"github"},"branch":"master","displayName":"Joannaj00/ip[master]","outputFolderName":"Joannaj00_ip_master","sinceDate":"2025-08-08T00:00:00","untilDate":"2025-10-02T23:59:59"},{"location":{"location":"https://github.com/patrykmrozek/ip.git","repoName":"ip","organization":"patrykmrozek","domainName":"github"},"branch":"master","displayName":"patrykmrozek/ip[master]","outputFolderName":"patrykmrozek_ip_master","sinceDate":"2025-08-08T00:00:00","untilDate":"2025-10-02T23:59:59"},{"location":{"location":"https://github.com/sandrej09/ip.git","repoName":"ip","organization":"sandrej09","domainName":"github"},"branch":"master","displayName":"sandrej09/ip[master]","outputFolderName":"sandrej09_ip_master","sinceDate":"2025-08-08T00:00:00","untilDate":"2025-10-02T23:59:59"},{"location":{"location":"https://github.com/k1b1t0/ip.git","repoName":"ip","organization":"k1b1t0","domainName":"github"},"branch":"master","displayName":"k1b1t0/ip[master]","outputFolderName":"k1b1t0_ip_master","sinceDate":"2025-08-08T00:00:00","untilDate":"2025-10-02T23:59:59"},{"location":{"location":"https://github.com/mazh25/ip.git","repoName":"ip","organization":"mazh25","domainName":"github"},"branch":"master","displayName":"mazh25/ip[master]","outputFolderName":"mazh25_ip_master","sinceDate":"2025-08-08T00:00:00","untilDate":"2025-10-02T23:59:59"}],"errorSet":[],"sinceDate":"2025-08-08T00:00:00","untilDate":"2025-10-02T23:59:59","isSinceDateProvided":true,"isUntilDateProvided":false,"supportedDomainUrlMap":{"NOT_RECOGNIZED":{"BRANCH":"","REPO_URL":"UNSUPPORTED","BASE_URL":"UNSUPPORTED","HISTORY_PATH":"","COMMIT_PATH":"","BLAME_PATH":""},"github":{"BRANCH":"tree/$BRANCH","REPO_URL":"https://github.com/$ORGANIZATION/$REPO_NAME/","BASE_URL":"https://github.com/","HISTORY_PATH":"commits/$BRANCH/$FILE_PATH","COMMIT_PATH":"commit/$COMMIT_HASH","BLAME_PATH":"blame/$BRANCH/$FILE_PATH"}},"isAuthorshipAnalyzed":false,"repoBlurbs":{"blurbMap":{}},"authorBlurbs":{"blurbMap":{}},"chartBlurbs":{"blurbMap":{}},"isPortfolio":false}
