[{"path":"data/socks.txt","fileType":"txt","lines":[{"lineNumber":1,"author":{"gitId":"nitin19011"},"content":"E | 0 | Group project meeting (from: Sep 30th 2pm to: Sep 30th 4pm) (from: Sep 30th 2pm to: ) | Sep 30th 2pm","lastModifiedDate":"2025-10-01T22:38:07","isFullCredit":false},{"lineNumber":2,"author":{"gitId":"nitin19011"},"content":"E | 0 | Soccer practice (from: Oct 1st 5pm to: Oct 1st 7pm) (from: Oct 1st 5pm to: ) | Oct 1st 5pm","lastModifiedDate":"2025-10-01T22:38:07","isFullCredit":false},{"lineNumber":3,"author":{"gitId":"nitin19011"},"content":"D | 0 | Submit lab report (by: Sep 28th 11:59pm) (by: Sep 28th 11:59pm) | Sep 28th 11:59pm","lastModifiedDate":"2025-10-01T22:38:07","isFullCredit":false},{"lineNumber":4,"author":{"gitId":"nitin19011"},"content":"D | 0 | Pay tuition fees (by: Oct 5th) (by: Oct 5th) | Oct 5th","lastModifiedDate":"2025-10-01T22:38:07","isFullCredit":false},{"lineNumber":5,"author":{"gitId":"nitin19011"},"content":"T | 0 | da","lastModifiedDate":"2025-10-01T22:38:07","isFullCredit":false}],"authorContributionMap":{"nitin19011":5}},{"path":"docs/README.md","fileType":"md","lines":[{"lineNumber":1,"author":{"gitId":"nitin19011"},"content":"# Socks User Guide","lastModifiedDate":"2025-08-26T19:04:23","isFullCredit":false},{"lineNumber":2,"author":{"gitId":"-"},"content":"","lastModifiedDate":"2019-07-29T17:14:46","isFullCredit":false},{"lineNumber":3,"author":{"gitId":"-"},"content":"// Update the title above to match the actual product name","lastModifiedDate":"2024-01-07T18:33:52","isFullCredit":false},{"lineNumber":4,"author":{"gitId":"-"},"content":"","lastModifiedDate":"2019-07-29T17:14:46","isFullCredit":false},{"lineNumber":5,"author":{"gitId":"-"},"content":"// Product screenshot goes here","lastModifiedDate":"2024-01-07T18:33:52","isFullCredit":false},{"lineNumber":6,"author":{"gitId":"-"},"content":"","lastModifiedDate":"2021-07-17T16:49:07","isFullCredit":false},{"lineNumber":7,"author":{"gitId":"-"},"content":"// Product intro goes here","lastModifiedDate":"2024-01-07T18:33:52","isFullCredit":false},{"lineNumber":8,"author":{"gitId":"-"},"content":"","lastModifiedDate":"2021-07-17T16:49:07","isFullCredit":false},{"lineNumber":9,"author":{"gitId":"-"},"content":"## Adding deadlines","lastModifiedDate":"2024-01-07T18:33:52","isFullCredit":false},{"lineNumber":10,"author":{"gitId":"-"},"content":"","lastModifiedDate":"2021-07-17T16:49:07","isFullCredit":false},{"lineNumber":11,"author":{"gitId":"-"},"content":"// Describe the action and its outcome.","lastModifiedDate":"2024-01-07T18:33:52","isFullCredit":false},{"lineNumber":12,"author":{"gitId":"-"},"content":"","lastModifiedDate":"2019-07-29T17:14:46","isFullCredit":false},{"lineNumber":13,"author":{"gitId":"-"},"content":"// Give examples of usage","lastModifiedDate":"2024-01-07T18:33:52","isFullCredit":false},{"lineNumber":14,"author":{"gitId":"-"},"content":"","lastModifiedDate":"2019-07-29T17:14:46","isFullCredit":false},{"lineNumber":15,"author":{"gitId":"-"},"content":"Example: `keyword (optional arguments)`","lastModifiedDate":"2024-01-07T18:33:52","isFullCredit":false},{"lineNumber":16,"author":{"gitId":"-"},"content":"","lastModifiedDate":"2019-07-29T17:14:46","isFullCredit":false},{"lineNumber":17,"author":{"gitId":"-"},"content":"// A description of the expected outcome goes here","lastModifiedDate":"2024-01-07T18:33:52","isFullCredit":false},{"lineNumber":18,"author":{"gitId":"-"},"content":"","lastModifiedDate":"2019-07-29T17:14:46","isFullCredit":false},{"lineNumber":19,"author":{"gitId":"-"},"content":"```","lastModifiedDate":"2024-01-07T18:33:52","isFullCredit":false},{"lineNumber":20,"author":{"gitId":"-"},"content":"expected output","lastModifiedDate":"2024-01-07T18:33:52","isFullCredit":false},{"lineNumber":21,"author":{"gitId":"-"},"content":"```","lastModifiedDate":"2024-01-07T18:33:52","isFullCredit":false},{"lineNumber":22,"author":{"gitId":"-"},"content":"","lastModifiedDate":"2019-07-29T17:14:46","isFullCredit":false},{"lineNumber":23,"author":{"gitId":"-"},"content":"## Feature ABC","lastModifiedDate":"2024-01-07T18:33:52","isFullCredit":false},{"lineNumber":24,"author":{"gitId":"-"},"content":"","lastModifiedDate":"2019-07-29T17:14:46","isFullCredit":false},{"lineNumber":25,"author":{"gitId":"-"},"content":"// Feature details","lastModifiedDate":"2024-01-07T18:33:52","isFullCredit":false},{"lineNumber":26,"author":{"gitId":"-"},"content":"","lastModifiedDate":"2019-07-29T17:14:46","isFullCredit":false},{"lineNumber":27,"author":{"gitId":"-"},"content":"","lastModifiedDate":"2021-07-17T16:49:07","isFullCredit":false},{"lineNumber":28,"author":{"gitId":"-"},"content":"## Feature XYZ","lastModifiedDate":"2024-01-07T18:33:52","isFullCredit":false},{"lineNumber":29,"author":{"gitId":"-"},"content":"","lastModifiedDate":"2024-01-07T18:33:52","isFullCredit":false},{"lineNumber":30,"author":{"gitId":"-"},"content":"// Feature details","lastModifiedDate":"2024-01-07T18:33:52","isFullCredit":false}],"authorContributionMap":{"nitin19011":1,"-":29}},{"path":"src/main/java/Deadline.java","fileType":"java","lines":[{"lineNumber":1,"author":{"gitId":"nitin19011"},"content":"public class Deadline extends Task {","lastModifiedDate":"2025-09-09T13:56:48","isFullCredit":false},{"lineNumber":2,"author":{"gitId":"nitin19011"},"content":"    private String deadline;","lastModifiedDate":"2025-09-09T13:56:48","isFullCredit":false},{"lineNumber":3,"author":{"gitId":"nitin19011"},"content":"","lastModifiedDate":"2025-09-09T13:56:48","isFullCredit":false},{"lineNumber":4,"author":{"gitId":"nitin19011"},"content":"    public Deadline(String description, String deadline) {","lastModifiedDate":"2025-09-09T13:56:48","isFullCredit":false},{"lineNumber":5,"author":{"gitId":"nitin19011"},"content":"        super(description + \" (by: \" + deadline + \")\");","lastModifiedDate":"2025-09-09T13:56:48","isFullCredit":false},{"lineNumber":6,"author":{"gitId":"nitin19011"},"content":"        this.deadline \u003d deadline;","lastModifiedDate":"2025-09-09T13:56:48","isFullCredit":false},{"lineNumber":7,"author":{"gitId":"nitin19011"},"content":"    }","lastModifiedDate":"2025-09-09T13:56:48","isFullCredit":false},{"lineNumber":8,"author":{"gitId":"nitin19011"},"content":"","lastModifiedDate":"2025-09-09T13:56:48","isFullCredit":false},{"lineNumber":9,"author":{"gitId":"nitin19011"},"content":"    public String getDeadline() {","lastModifiedDate":"2025-09-26T20:47:28","isFullCredit":false},{"lineNumber":10,"author":{"gitId":"nitin19011"},"content":"        return this.deadline;","lastModifiedDate":"2025-09-26T20:47:28","isFullCredit":false},{"lineNumber":11,"author":{"gitId":"nitin19011"},"content":"    }","lastModifiedDate":"2025-09-26T20:47:28","isFullCredit":false},{"lineNumber":12,"author":{"gitId":"nitin19011"},"content":"","lastModifiedDate":"2025-09-26T20:47:28","isFullCredit":false},{"lineNumber":13,"author":{"gitId":"nitin19011"},"content":"    @Override","lastModifiedDate":"2025-09-09T13:56:48","isFullCredit":false},{"lineNumber":14,"author":{"gitId":"nitin19011"},"content":"    public String toString() {","lastModifiedDate":"2025-09-09T13:56:48","isFullCredit":false},{"lineNumber":15,"author":{"gitId":"nitin19011"},"content":"        return (\"[D]\" + \"[\" + this.taskStatus + \"] \" + description);","lastModifiedDate":"2025-09-09T13:56:48","isFullCredit":false},{"lineNumber":16,"author":{"gitId":"nitin19011"},"content":"    }","lastModifiedDate":"2025-09-09T13:56:48","isFullCredit":false},{"lineNumber":17,"author":{"gitId":"nitin19011"},"content":"}","lastModifiedDate":"2025-09-09T13:56:48","isFullCredit":false}],"authorContributionMap":{"nitin19011":17}},{"path":"src/main/java/Event.java","fileType":"java","lines":[{"lineNumber":1,"author":{"gitId":"nitin19011"},"content":"public class Event extends Task {","lastModifiedDate":"2025-09-09T13:56:48","isFullCredit":false},{"lineNumber":2,"author":{"gitId":"nitin19011"},"content":"    String startTime;","lastModifiedDate":"2025-09-26T20:47:28","isFullCredit":false},{"lineNumber":3,"author":{"gitId":"nitin19011"},"content":"    private String endTime;","lastModifiedDate":"2025-09-09T13:56:48","isFullCredit":false},{"lineNumber":4,"author":{"gitId":"nitin19011"},"content":"","lastModifiedDate":"2025-09-09T13:56:48","isFullCredit":false},{"lineNumber":5,"author":{"gitId":"nitin19011"},"content":"    public Event(String description, String startTime, String endTime) {","lastModifiedDate":"2025-09-09T13:56:48","isFullCredit":false},{"lineNumber":6,"author":{"gitId":"nitin19011"},"content":"        super(description + \" (from: \" + startTime + \" to: \" + endTime + \")\");","lastModifiedDate":"2025-09-09T13:56:48","isFullCredit":false},{"lineNumber":7,"author":{"gitId":"nitin19011"},"content":"        this.startTime \u003d startTime;","lastModifiedDate":"2025-09-09T13:56:48","isFullCredit":false},{"lineNumber":8,"author":{"gitId":"nitin19011"},"content":"        this.endTime \u003d endTime;","lastModifiedDate":"2025-09-09T13:56:48","isFullCredit":false},{"lineNumber":9,"author":{"gitId":"nitin19011"},"content":"    }","lastModifiedDate":"2025-09-09T13:56:48","isFullCredit":false},{"lineNumber":10,"author":{"gitId":"nitin19011"},"content":"","lastModifiedDate":"2025-09-09T13:56:48","isFullCredit":false},{"lineNumber":11,"author":{"gitId":"nitin19011"},"content":"    @Override","lastModifiedDate":"2025-09-09T13:56:48","isFullCredit":false},{"lineNumber":12,"author":{"gitId":"nitin19011"},"content":"    public String toString() {","lastModifiedDate":"2025-09-09T13:56:48","isFullCredit":false},{"lineNumber":13,"author":{"gitId":"nitin19011"},"content":"        return \"[E]\" + \"[\" + this.taskStatus + \"] \" + description;","lastModifiedDate":"2025-09-09T13:56:48","isFullCredit":false},{"lineNumber":14,"author":{"gitId":"nitin19011"},"content":"    }","lastModifiedDate":"2025-09-09T13:56:48","isFullCredit":false},{"lineNumber":15,"author":{"gitId":"nitin19011"},"content":"}","lastModifiedDate":"2025-09-09T13:56:48","isFullCredit":false}],"authorContributionMap":{"nitin19011":15}},{"path":"src/main/java/Parser.java","fileType":"java","lines":[{"lineNumber":1,"author":{"gitId":"nitin19011"},"content":"public class Parser {","lastModifiedDate":"2025-10-01T22:38:07","isFullCredit":false},{"lineNumber":2,"author":{"gitId":"nitin19011"},"content":"    public boolean handle(String input, TaskList tasks, Ui ui, Storage storage) throws SocksException {","lastModifiedDate":"2025-10-01T22:38:07","isFullCredit":false},{"lineNumber":3,"author":{"gitId":"nitin19011"},"content":"        String trimmed \u003d input.trim();","lastModifiedDate":"2025-10-01T22:38:07","isFullCredit":false},{"lineNumber":4,"author":{"gitId":"nitin19011"},"content":"        if (trimmed.isEmpty()) {","lastModifiedDate":"2025-10-01T22:38:07","isFullCredit":false},{"lineNumber":5,"author":{"gitId":"nitin19011"},"content":"            return false;","lastModifiedDate":"2025-10-01T22:38:07","isFullCredit":false},{"lineNumber":6,"author":{"gitId":"nitin19011"},"content":"        }","lastModifiedDate":"2025-10-01T22:38:07","isFullCredit":false},{"lineNumber":7,"author":{"gitId":"nitin19011"},"content":"        String[] parts \u003d trimmed.split(\"\\\\s+\", 2);","lastModifiedDate":"2025-10-01T22:38:07","isFullCredit":false},{"lineNumber":8,"author":{"gitId":"nitin19011"},"content":"        String cmd \u003d parts[0].toLowerCase();","lastModifiedDate":"2025-10-01T22:38:07","isFullCredit":false},{"lineNumber":9,"author":{"gitId":"nitin19011"},"content":"        String args \u003d parts.length \u003e 1 ? parts[1] : \"\";","lastModifiedDate":"2025-10-01T22:38:07","isFullCredit":false},{"lineNumber":10,"author":{"gitId":"nitin19011"},"content":"","lastModifiedDate":"2025-10-01T22:38:07","isFullCredit":false},{"lineNumber":11,"author":{"gitId":"nitin19011"},"content":"        switch (cmd) {","lastModifiedDate":"2025-10-01T22:38:07","isFullCredit":false},{"lineNumber":12,"author":{"gitId":"nitin19011"},"content":"        case \"bye\":","lastModifiedDate":"2025-10-01T22:38:07","isFullCredit":false},{"lineNumber":13,"author":{"gitId":"nitin19011"},"content":"            ui.showGoodbye();","lastModifiedDate":"2025-10-01T22:38:07","isFullCredit":false},{"lineNumber":14,"author":{"gitId":"nitin19011"},"content":"            return true;","lastModifiedDate":"2025-10-01T22:38:07","isFullCredit":false},{"lineNumber":15,"author":{"gitId":"nitin19011"},"content":"","lastModifiedDate":"2025-10-01T22:38:07","isFullCredit":false},{"lineNumber":16,"author":{"gitId":"nitin19011"},"content":"        case \"list\":","lastModifiedDate":"2025-10-01T22:38:07","isFullCredit":false},{"lineNumber":17,"author":{"gitId":"nitin19011"},"content":"            ui.showList(tasks.getAll());","lastModifiedDate":"2025-10-01T22:38:07","isFullCredit":false},{"lineNumber":18,"author":{"gitId":"nitin19011"},"content":"            return false;","lastModifiedDate":"2025-10-01T22:38:07","isFullCredit":false},{"lineNumber":19,"author":{"gitId":"nitin19011"},"content":"","lastModifiedDate":"2025-10-01T22:38:07","isFullCredit":false},{"lineNumber":20,"author":{"gitId":"nitin19011"},"content":"        case \"mark\": {","lastModifiedDate":"2025-10-01T22:38:07","isFullCredit":false},{"lineNumber":21,"author":{"gitId":"nitin19011"},"content":"            int idx \u003d parseIndex(args);","lastModifiedDate":"2025-10-01T22:38:07","isFullCredit":false},{"lineNumber":22,"author":{"gitId":"nitin19011"},"content":"            ui.showMarked(tasks.mark(idx));","lastModifiedDate":"2025-10-01T22:38:07","isFullCredit":false},{"lineNumber":23,"author":{"gitId":"nitin19011"},"content":"            storage.save(new java.util.ArrayList\u003c\u003e(tasks.getAll()));","lastModifiedDate":"2025-10-01T22:38:07","isFullCredit":false},{"lineNumber":24,"author":{"gitId":"nitin19011"},"content":"            return false;","lastModifiedDate":"2025-10-01T22:38:07","isFullCredit":false},{"lineNumber":25,"author":{"gitId":"nitin19011"},"content":"        }","lastModifiedDate":"2025-10-01T22:38:07","isFullCredit":false},{"lineNumber":26,"author":{"gitId":"nitin19011"},"content":"","lastModifiedDate":"2025-10-01T22:38:07","isFullCredit":false},{"lineNumber":27,"author":{"gitId":"nitin19011"},"content":"        case \"unmark\": {","lastModifiedDate":"2025-10-01T22:38:07","isFullCredit":false},{"lineNumber":28,"author":{"gitId":"nitin19011"},"content":"            int idx \u003d parseIndex(args);","lastModifiedDate":"2025-10-01T22:38:07","isFullCredit":false},{"lineNumber":29,"author":{"gitId":"nitin19011"},"content":"            ui.showUnmarked(tasks.unmark(idx));","lastModifiedDate":"2025-10-01T22:38:07","isFullCredit":false},{"lineNumber":30,"author":{"gitId":"nitin19011"},"content":"            storage.save(new java.util.ArrayList\u003c\u003e(tasks.getAll()));","lastModifiedDate":"2025-10-01T22:38:07","isFullCredit":false},{"lineNumber":31,"author":{"gitId":"nitin19011"},"content":"            return false;","lastModifiedDate":"2025-10-01T22:38:07","isFullCredit":false},{"lineNumber":32,"author":{"gitId":"nitin19011"},"content":"        }","lastModifiedDate":"2025-10-01T22:38:07","isFullCredit":false},{"lineNumber":33,"author":{"gitId":"nitin19011"},"content":"","lastModifiedDate":"2025-10-01T22:38:07","isFullCredit":false},{"lineNumber":34,"author":{"gitId":"nitin19011"},"content":"        case \"delete\": {","lastModifiedDate":"2025-10-01T22:38:07","isFullCredit":false},{"lineNumber":35,"author":{"gitId":"nitin19011"},"content":"            int idx \u003d parseIndex(args);","lastModifiedDate":"2025-10-01T22:38:07","isFullCredit":false},{"lineNumber":36,"author":{"gitId":"nitin19011"},"content":"            Task deleted \u003d tasks.delete(idx);","lastModifiedDate":"2025-10-01T22:38:07","isFullCredit":false},{"lineNumber":37,"author":{"gitId":"nitin19011"},"content":"            ui.showDeleted(deleted, tasks.size());","lastModifiedDate":"2025-10-01T22:38:07","isFullCredit":false},{"lineNumber":38,"author":{"gitId":"nitin19011"},"content":"            storage.save(new java.util.ArrayList\u003c\u003e(tasks.getAll()));","lastModifiedDate":"2025-10-01T22:38:07","isFullCredit":false},{"lineNumber":39,"author":{"gitId":"nitin19011"},"content":"            return false;","lastModifiedDate":"2025-10-01T22:38:07","isFullCredit":false},{"lineNumber":40,"author":{"gitId":"nitin19011"},"content":"        }","lastModifiedDate":"2025-10-01T22:38:07","isFullCredit":false},{"lineNumber":41,"author":{"gitId":"nitin19011"},"content":"","lastModifiedDate":"2025-10-01T22:38:07","isFullCredit":false},{"lineNumber":42,"author":{"gitId":"nitin19011"},"content":"        case \"todo\": {","lastModifiedDate":"2025-10-01T22:38:07","isFullCredit":false},{"lineNumber":43,"author":{"gitId":"nitin19011"},"content":"            Task t \u003d tasks.addTodo(args);","lastModifiedDate":"2025-10-01T22:38:07","isFullCredit":false},{"lineNumber":44,"author":{"gitId":"nitin19011"},"content":"            ui.showAdded(t, tasks.size());","lastModifiedDate":"2025-10-01T22:38:07","isFullCredit":false},{"lineNumber":45,"author":{"gitId":"nitin19011"},"content":"            storage.save(new java.util.ArrayList\u003c\u003e(tasks.getAll()));","lastModifiedDate":"2025-10-01T22:38:07","isFullCredit":false},{"lineNumber":46,"author":{"gitId":"nitin19011"},"content":"            return false;","lastModifiedDate":"2025-10-01T22:38:07","isFullCredit":false},{"lineNumber":47,"author":{"gitId":"nitin19011"},"content":"        }","lastModifiedDate":"2025-10-01T22:38:07","isFullCredit":false},{"lineNumber":48,"author":{"gitId":"nitin19011"},"content":"","lastModifiedDate":"2025-10-01T22:38:07","isFullCredit":false},{"lineNumber":49,"author":{"gitId":"nitin19011"},"content":"        case \"deadline\": {","lastModifiedDate":"2025-10-01T22:38:07","isFullCredit":false},{"lineNumber":50,"author":{"gitId":"nitin19011"},"content":"            String[] segs \u003d splitOnce(args, \" /by \");","lastModifiedDate":"2025-10-01T22:38:07","isFullCredit":false},{"lineNumber":51,"author":{"gitId":"nitin19011"},"content":"            Task t \u003d tasks.addDeadline(segs[0], segs[1]);","lastModifiedDate":"2025-10-01T22:38:07","isFullCredit":false},{"lineNumber":52,"author":{"gitId":"nitin19011"},"content":"            ui.showAdded(t, tasks.size());","lastModifiedDate":"2025-10-01T22:38:07","isFullCredit":false},{"lineNumber":53,"author":{"gitId":"nitin19011"},"content":"            storage.save(new java.util.ArrayList\u003c\u003e(tasks.getAll()));","lastModifiedDate":"2025-10-01T22:38:07","isFullCredit":false},{"lineNumber":54,"author":{"gitId":"nitin19011"},"content":"            return false;","lastModifiedDate":"2025-10-01T22:38:07","isFullCredit":false},{"lineNumber":55,"author":{"gitId":"nitin19011"},"content":"        }","lastModifiedDate":"2025-10-01T22:38:07","isFullCredit":false},{"lineNumber":56,"author":{"gitId":"nitin19011"},"content":"","lastModifiedDate":"2025-10-01T22:38:07","isFullCredit":false},{"lineNumber":57,"author":{"gitId":"nitin19011"},"content":"        case \"event\": {","lastModifiedDate":"2025-10-01T22:38:07","isFullCredit":false},{"lineNumber":58,"author":{"gitId":"nitin19011"},"content":"            String[] segsFrom \u003d splitOnce(args, \" /from \");","lastModifiedDate":"2025-10-01T22:38:07","isFullCredit":false},{"lineNumber":59,"author":{"gitId":"nitin19011"},"content":"            String desc \u003d segsFrom[0];","lastModifiedDate":"2025-10-01T22:38:07","isFullCredit":false},{"lineNumber":60,"author":{"gitId":"nitin19011"},"content":"            String[] segsTo \u003d splitOnce(segsFrom[1], \" /to \");","lastModifiedDate":"2025-10-01T22:38:07","isFullCredit":false},{"lineNumber":61,"author":{"gitId":"nitin19011"},"content":"            Task t \u003d tasks.addEvent(desc, segsTo[0], segsTo[1]);","lastModifiedDate":"2025-10-01T22:38:07","isFullCredit":false},{"lineNumber":62,"author":{"gitId":"nitin19011"},"content":"            ui.showAdded(t, tasks.size());","lastModifiedDate":"2025-10-01T22:38:07","isFullCredit":false},{"lineNumber":63,"author":{"gitId":"nitin19011"},"content":"            storage.save(new java.util.ArrayList\u003c\u003e(tasks.getAll()));","lastModifiedDate":"2025-10-01T22:38:07","isFullCredit":false},{"lineNumber":64,"author":{"gitId":"nitin19011"},"content":"            return false;","lastModifiedDate":"2025-10-01T22:38:07","isFullCredit":false},{"lineNumber":65,"author":{"gitId":"nitin19011"},"content":"        }","lastModifiedDate":"2025-10-01T22:38:07","isFullCredit":false},{"lineNumber":66,"author":{"gitId":"nitin19011"},"content":"","lastModifiedDate":"2025-10-01T22:38:07","isFullCredit":false},{"lineNumber":67,"author":{"gitId":"nitin19011"},"content":"        case \"find\": {","lastModifiedDate":"2025-10-01T23:01:54","isFullCredit":false},{"lineNumber":68,"author":{"gitId":"nitin19011"},"content":"            if (args \u003d\u003d null || args.trim().isEmpty()) {","lastModifiedDate":"2025-10-01T23:01:54","isFullCredit":false},{"lineNumber":69,"author":{"gitId":"nitin19011"},"content":"                throw new SocksException(\"Please provide a keyword to find.\");","lastModifiedDate":"2025-10-01T23:01:54","isFullCredit":false},{"lineNumber":70,"author":{"gitId":"nitin19011"},"content":"            }","lastModifiedDate":"2025-10-01T23:01:54","isFullCredit":false},{"lineNumber":71,"author":{"gitId":"nitin19011"},"content":"            String needle \u003d args.toLowerCase();","lastModifiedDate":"2025-10-01T23:01:54","isFullCredit":false},{"lineNumber":72,"author":{"gitId":"nitin19011"},"content":"            int count \u003d 0;","lastModifiedDate":"2025-10-01T23:01:54","isFullCredit":false},{"lineNumber":73,"author":{"gitId":"nitin19011"},"content":"","lastModifiedDate":"2025-10-01T23:01:54","isFullCredit":false},{"lineNumber":74,"author":{"gitId":"nitin19011"},"content":"            System.out.println(\" Here are the matching tasks in your list:\");","lastModifiedDate":"2025-10-01T23:01:54","isFullCredit":false},{"lineNumber":75,"author":{"gitId":"nitin19011"},"content":"            java.util.List\u003cTask\u003e list \u003d tasks.getAll();","lastModifiedDate":"2025-10-01T23:01:54","isFullCredit":false},{"lineNumber":76,"author":{"gitId":"nitin19011"},"content":"            for (int i \u003d 0; i \u003c list.size(); i++) {","lastModifiedDate":"2025-10-01T23:01:54","isFullCredit":false},{"lineNumber":77,"author":{"gitId":"nitin19011"},"content":"                Task t \u003d list.get(i);","lastModifiedDate":"2025-10-01T23:01:54","isFullCredit":false},{"lineNumber":78,"author":{"gitId":"nitin19011"},"content":"                if (t.toString().toLowerCase().contains(needle)) {","lastModifiedDate":"2025-10-01T23:01:54","isFullCredit":false},{"lineNumber":79,"author":{"gitId":"nitin19011"},"content":"                    System.out.println(\" \" + (++count) + \".\" + t);","lastModifiedDate":"2025-10-01T23:01:54","isFullCredit":false},{"lineNumber":80,"author":{"gitId":"nitin19011"},"content":"                }","lastModifiedDate":"2025-10-01T23:01:54","isFullCredit":false},{"lineNumber":81,"author":{"gitId":"nitin19011"},"content":"            }","lastModifiedDate":"2025-10-01T23:01:54","isFullCredit":false},{"lineNumber":82,"author":{"gitId":"nitin19011"},"content":"            if (count \u003d\u003d 0) {","lastModifiedDate":"2025-10-01T23:01:54","isFullCredit":false},{"lineNumber":83,"author":{"gitId":"nitin19011"},"content":"                System.out.println(\" No matching tasks found.\");","lastModifiedDate":"2025-10-01T23:01:54","isFullCredit":false},{"lineNumber":84,"author":{"gitId":"nitin19011"},"content":"            }","lastModifiedDate":"2025-10-01T23:01:54","isFullCredit":false},{"lineNumber":85,"author":{"gitId":"nitin19011"},"content":"","lastModifiedDate":"2025-10-01T23:01:54","isFullCredit":false},{"lineNumber":86,"author":{"gitId":"nitin19011"},"content":"            return false;","lastModifiedDate":"2025-10-01T23:01:54","isFullCredit":false},{"lineNumber":87,"author":{"gitId":"nitin19011"},"content":"        }","lastModifiedDate":"2025-10-01T23:01:54","isFullCredit":false},{"lineNumber":88,"author":{"gitId":"nitin19011"},"content":"","lastModifiedDate":"2025-10-01T23:01:54","isFullCredit":false},{"lineNumber":89,"author":{"gitId":"nitin19011"},"content":"        default:","lastModifiedDate":"2025-10-01T22:38:07","isFullCredit":false},{"lineNumber":90,"author":{"gitId":"nitin19011"},"content":"            throw new SocksException(\"I\u0027m sorry, but I don\u0027t know what that means :\u003c\");","lastModifiedDate":"2025-10-01T23:01:54","isFullCredit":false},{"lineNumber":91,"author":{"gitId":"nitin19011"},"content":"        }","lastModifiedDate":"2025-10-01T22:38:07","isFullCredit":false},{"lineNumber":92,"author":{"gitId":"nitin19011"},"content":"    }","lastModifiedDate":"2025-10-01T22:38:07","isFullCredit":false},{"lineNumber":93,"author":{"gitId":"nitin19011"},"content":"","lastModifiedDate":"2025-10-01T22:38:07","isFullCredit":false},{"lineNumber":94,"author":{"gitId":"nitin19011"},"content":"    private int parseIndex(String s) throws SocksException {","lastModifiedDate":"2025-10-01T22:38:07","isFullCredit":false},{"lineNumber":95,"author":{"gitId":"nitin19011"},"content":"        if (s \u003d\u003d null || s.trim().isEmpty()) {","lastModifiedDate":"2025-10-01T22:38:07","isFullCredit":false},{"lineNumber":96,"author":{"gitId":"nitin19011"},"content":"            throw new SocksException(\"Please provide an index.\");","lastModifiedDate":"2025-10-01T22:38:07","isFullCredit":false},{"lineNumber":97,"author":{"gitId":"nitin19011"},"content":"        }","lastModifiedDate":"2025-10-01T22:38:07","isFullCredit":false},{"lineNumber":98,"author":{"gitId":"nitin19011"},"content":"        try {","lastModifiedDate":"2025-10-01T22:38:07","isFullCredit":false},{"lineNumber":99,"author":{"gitId":"nitin19011"},"content":"            int idx \u003d Integer.parseInt(s.trim());","lastModifiedDate":"2025-10-01T22:38:07","isFullCredit":false},{"lineNumber":100,"author":{"gitId":"nitin19011"},"content":"            if (idx \u003c\u003d 0) throw new NumberFormatException();","lastModifiedDate":"2025-10-01T22:38:07","isFullCredit":false},{"lineNumber":101,"author":{"gitId":"nitin19011"},"content":"            return idx;","lastModifiedDate":"2025-10-01T22:38:07","isFullCredit":false},{"lineNumber":102,"author":{"gitId":"nitin19011"},"content":"        } catch (NumberFormatException e) {","lastModifiedDate":"2025-10-01T22:38:07","isFullCredit":false},{"lineNumber":103,"author":{"gitId":"nitin19011"},"content":"            throw new SocksException(\"Index must be a positive number.\");","lastModifiedDate":"2025-10-01T22:38:07","isFullCredit":false},{"lineNumber":104,"author":{"gitId":"nitin19011"},"content":"        }","lastModifiedDate":"2025-10-01T22:38:07","isFullCredit":false},{"lineNumber":105,"author":{"gitId":"nitin19011"},"content":"    }","lastModifiedDate":"2025-10-01T22:38:07","isFullCredit":false},{"lineNumber":106,"author":{"gitId":"nitin19011"},"content":"","lastModifiedDate":"2025-10-01T22:38:07","isFullCredit":false},{"lineNumber":107,"author":{"gitId":"nitin19011"},"content":"    private String[] splitOnce(String text, String delimiter) throws SocksException {","lastModifiedDate":"2025-10-01T22:38:07","isFullCredit":false},{"lineNumber":108,"author":{"gitId":"nitin19011"},"content":"        int pos \u003d text.indexOf(delimiter);","lastModifiedDate":"2025-10-01T22:38:07","isFullCredit":false},{"lineNumber":109,"author":{"gitId":"nitin19011"},"content":"        if (pos \u003c 0) {","lastModifiedDate":"2025-10-01T22:38:07","isFullCredit":false},{"lineNumber":110,"author":{"gitId":"nitin19011"},"content":"            throw new SocksException(\"Missing \u0027\" + delimiter.trim() + \"\u0027 part.\");","lastModifiedDate":"2025-10-01T22:38:07","isFullCredit":false},{"lineNumber":111,"author":{"gitId":"nitin19011"},"content":"        }","lastModifiedDate":"2025-10-01T22:38:07","isFullCredit":false},{"lineNumber":112,"author":{"gitId":"nitin19011"},"content":"        String left \u003d text.substring(0, pos).trim();","lastModifiedDate":"2025-10-01T22:38:07","isFullCredit":false},{"lineNumber":113,"author":{"gitId":"nitin19011"},"content":"        String right \u003d text.substring(pos + delimiter.length()).trim();","lastModifiedDate":"2025-10-01T22:38:07","isFullCredit":false},{"lineNumber":114,"author":{"gitId":"nitin19011"},"content":"        if (left.isEmpty() || right.isEmpty()) {","lastModifiedDate":"2025-10-01T22:38:07","isFullCredit":false},{"lineNumber":115,"author":{"gitId":"nitin19011"},"content":"            throw new SocksException(\"Incomplete command: \" + delimiter.trim());","lastModifiedDate":"2025-10-01T22:38:07","isFullCredit":false},{"lineNumber":116,"author":{"gitId":"nitin19011"},"content":"        }","lastModifiedDate":"2025-10-01T22:38:07","isFullCredit":false},{"lineNumber":117,"author":{"gitId":"nitin19011"},"content":"        return new String[] { left, right };","lastModifiedDate":"2025-10-01T22:38:07","isFullCredit":false},{"lineNumber":118,"author":{"gitId":"nitin19011"},"content":"    }","lastModifiedDate":"2025-10-01T22:38:07","isFullCredit":false},{"lineNumber":119,"author":{"gitId":"nitin19011"},"content":"}","lastModifiedDate":"2025-10-01T22:38:07","isFullCredit":false}],"authorContributionMap":{"nitin19011":119}},{"path":"src/main/java/Socks.java","fileType":"java","lines":[{"lineNumber":1,"author":{"gitId":"nitin19011"},"content":"import java.util.Scanner;","lastModifiedDate":"2025-08-28T11:07:28","isFullCredit":false},{"lineNumber":2,"author":{"gitId":"nitin19011"},"content":"import java.util.ArrayList;","lastModifiedDate":"2025-10-01T22:38:07","isFullCredit":false},{"lineNumber":3,"author":{"gitId":"nitin19011"},"content":"","lastModifiedDate":"2025-08-26T19:04:23","isFullCredit":false},{"lineNumber":4,"author":{"gitId":"nitin19011"},"content":"public class Socks {","lastModifiedDate":"2025-08-28T11:07:28","isFullCredit":false},{"lineNumber":5,"author":{"gitId":"nitin19011"},"content":"    private final Ui ui;","lastModifiedDate":"2025-10-01T22:38:07","isFullCredit":false},{"lineNumber":6,"author":{"gitId":"nitin19011"},"content":"    private final Storage storage;","lastModifiedDate":"2025-10-01T22:38:07","isFullCredit":false},{"lineNumber":7,"author":{"gitId":"nitin19011"},"content":"    private final TaskList tasks;","lastModifiedDate":"2025-10-01T22:38:07","isFullCredit":false},{"lineNumber":8,"author":{"gitId":"nitin19011"},"content":"    private final Parser parser;","lastModifiedDate":"2025-10-01T22:38:07","isFullCredit":false},{"lineNumber":9,"author":{"gitId":"nitin19011"},"content":"","lastModifiedDate":"2025-08-26T19:04:23","isFullCredit":false},{"lineNumber":10,"author":{"gitId":"nitin19011"},"content":"    public Socks(String filePath) {","lastModifiedDate":"2025-10-01T22:38:07","isFullCredit":false},{"lineNumber":11,"author":{"gitId":"nitin19011"},"content":"        this.ui \u003d new Ui();","lastModifiedDate":"2025-10-01T22:38:07","isFullCredit":false},{"lineNumber":12,"author":{"gitId":"nitin19011"},"content":"        this.storage \u003d new Storage(filePath);","lastModifiedDate":"2025-10-01T22:38:07","isFullCredit":false},{"lineNumber":13,"author":{"gitId":"nitin19011"},"content":"        this.parser \u003d new Parser();","lastModifiedDate":"2025-10-01T22:38:07","isFullCredit":false},{"lineNumber":14,"author":{"gitId":"nitin19011"},"content":"","lastModifiedDate":"2025-09-09T13:56:48","isFullCredit":false},{"lineNumber":15,"author":{"gitId":"nitin19011"},"content":"        TaskList loaded;","lastModifiedDate":"2025-10-01T22:38:07","isFullCredit":false},{"lineNumber":16,"author":{"gitId":"nitin19011"},"content":"        try {","lastModifiedDate":"2025-09-17T00:29:59","isFullCredit":false},{"lineNumber":17,"author":{"gitId":"nitin19011"},"content":"            ArrayList\u003cTask\u003e fromDisk \u003d storage.load();","lastModifiedDate":"2025-10-01T22:38:07","isFullCredit":false},{"lineNumber":18,"author":{"gitId":"nitin19011"},"content":"            loaded \u003d new TaskList(fromDisk);","lastModifiedDate":"2025-10-01T22:38:07","isFullCredit":false},{"lineNumber":19,"author":{"gitId":"nitin19011"},"content":"        } catch (Exception e) {","lastModifiedDate":"2025-10-01T22:38:07","isFullCredit":false},{"lineNumber":20,"author":{"gitId":"nitin19011"},"content":"            ui.showLoadingError();","lastModifiedDate":"2025-10-01T22:38:07","isFullCredit":false},{"lineNumber":21,"author":{"gitId":"nitin19011"},"content":"            loaded \u003d new TaskList();","lastModifiedDate":"2025-10-01T22:38:07","isFullCredit":false},{"lineNumber":22,"author":{"gitId":"nitin19011"},"content":"        }","lastModifiedDate":"2025-09-17T00:29:59","isFullCredit":false},{"lineNumber":23,"author":{"gitId":"nitin19011"},"content":"        this.tasks \u003d loaded;","lastModifiedDate":"2025-10-01T22:38:07","isFullCredit":false},{"lineNumber":24,"author":{"gitId":"nitin19011"},"content":"    }","lastModifiedDate":"2025-09-17T00:29:59","isFullCredit":false},{"lineNumber":25,"author":{"gitId":"nitin19011"},"content":"","lastModifiedDate":"2025-09-17T00:29:59","isFullCredit":false},{"lineNumber":26,"author":{"gitId":"nitin19011"},"content":"    public void run() {","lastModifiedDate":"2025-10-01T22:38:07","isFullCredit":false},{"lineNumber":27,"author":{"gitId":"nitin19011"},"content":"        ui.showWelcome();","lastModifiedDate":"2025-10-01T22:38:07","isFullCredit":false},{"lineNumber":28,"author":{"gitId":"nitin19011"},"content":"        Scanner sc \u003d new Scanner(System.in);","lastModifiedDate":"2025-10-01T22:38:07","isFullCredit":false},{"lineNumber":29,"author":{"gitId":"nitin19011"},"content":"        boolean exit \u003d false;","lastModifiedDate":"2025-10-01T22:38:07","isFullCredit":false},{"lineNumber":30,"author":{"gitId":"nitin19011"},"content":"","lastModifiedDate":"2025-10-01T22:38:07","isFullCredit":false},{"lineNumber":31,"author":{"gitId":"nitin19011"},"content":"        while (!exit \u0026\u0026 sc.hasNextLine()) {","lastModifiedDate":"2025-10-01T22:38:07","isFullCredit":false},{"lineNumber":32,"author":{"gitId":"nitin19011"},"content":"            String input \u003d sc.nextLine();","lastModifiedDate":"2025-10-01T22:38:07","isFullCredit":false},{"lineNumber":33,"author":{"gitId":"nitin19011"},"content":"            try {","lastModifiedDate":"2025-10-01T22:38:07","isFullCredit":false},{"lineNumber":34,"author":{"gitId":"nitin19011"},"content":"                exit \u003d parser.handle(input, tasks, ui, storage);","lastModifiedDate":"2025-10-01T22:38:07","isFullCredit":false},{"lineNumber":35,"author":{"gitId":"nitin19011"},"content":"            } catch (SocksException e) {","lastModifiedDate":"2025-09-17T00:29:59","isFullCredit":false},{"lineNumber":36,"author":{"gitId":"nitin19011"},"content":"                ui.showError(e.getMessage());","lastModifiedDate":"2025-10-01T22:38:07","isFullCredit":false},{"lineNumber":37,"author":{"gitId":"nitin19011"},"content":"            } catch (Exception e) {","lastModifiedDate":"2025-09-17T00:29:59","isFullCredit":false},{"lineNumber":38,"author":{"gitId":"nitin19011"},"content":"                ui.showError(\"Something went wrong: \" + e.getMessage());","lastModifiedDate":"2025-10-01T22:38:07","isFullCredit":false},{"lineNumber":39,"author":{"gitId":"nitin19011"},"content":"            }","lastModifiedDate":"2025-08-29T00:11:44","isFullCredit":false},{"lineNumber":40,"author":{"gitId":"nitin19011"},"content":"        }","lastModifiedDate":"2025-08-28T15:58:25","isFullCredit":false},{"lineNumber":41,"author":{"gitId":"nitin19011"},"content":"        sc.close();","lastModifiedDate":"2025-10-01T22:38:07","isFullCredit":false},{"lineNumber":42,"author":{"gitId":"nitin19011"},"content":"    }","lastModifiedDate":"2025-08-26T19:04:23","isFullCredit":false},{"lineNumber":43,"author":{"gitId":"nitin19011"},"content":"","lastModifiedDate":"2025-09-17T00:29:59","isFullCredit":false},{"lineNumber":44,"author":{"gitId":"nitin19011"},"content":"    public static void main(String[] args) {","lastModifiedDate":"2025-10-01T22:38:07","isFullCredit":false},{"lineNumber":45,"author":{"gitId":"nitin19011"},"content":"        Socks socks \u003d new Socks(\"data/socks.txt\");","lastModifiedDate":"2025-10-01T22:38:07","isFullCredit":false},{"lineNumber":46,"author":{"gitId":"nitin19011"},"content":"        socks.run();","lastModifiedDate":"2025-10-01T22:38:07","isFullCredit":false},{"lineNumber":47,"author":{"gitId":"nitin19011"},"content":"    }","lastModifiedDate":"2025-08-26T19:04:23","isFullCredit":false},{"lineNumber":48,"author":{"gitId":"nitin19011"},"content":"}","lastModifiedDate":"2025-09-17T00:29:59","isFullCredit":false}],"authorContributionMap":{"nitin19011":48}},{"path":"src/main/java/SocksException.java","fileType":"java","lines":[{"lineNumber":1,"author":{"gitId":"nitin19011"},"content":"public class SocksException extends Exception {","lastModifiedDate":"2025-09-17T00:17:37","isFullCredit":false},{"lineNumber":2,"author":{"gitId":"nitin19011"},"content":"    public SocksException(String message) {","lastModifiedDate":"2025-09-17T00:17:37","isFullCredit":false},{"lineNumber":3,"author":{"gitId":"nitin19011"},"content":"        super(message); // call Exception class\u0027s constructor","lastModifiedDate":"2025-09-17T13:49:58","isFullCredit":false},{"lineNumber":4,"author":{"gitId":"nitin19011"},"content":"    }","lastModifiedDate":"2025-09-17T00:17:37","isFullCredit":false},{"lineNumber":5,"author":{"gitId":"nitin19011"},"content":"}","lastModifiedDate":"2025-09-17T00:17:37","isFullCredit":false}],"authorContributionMap":{"nitin19011":5}},{"path":"src/main/java/Storage.java","fileType":"java","lines":[{"lineNumber":1,"author":{"gitId":"nitin19011"},"content":"import java.io.*;","lastModifiedDate":"2025-09-26T20:47:28","isFullCredit":false},{"lineNumber":2,"author":{"gitId":"nitin19011"},"content":"import java.nio.file.*;","lastModifiedDate":"2025-09-26T20:47:28","isFullCredit":false},{"lineNumber":3,"author":{"gitId":"nitin19011"},"content":"import java.util.ArrayList;","lastModifiedDate":"2025-09-26T20:47:28","isFullCredit":false},{"lineNumber":4,"author":{"gitId":"nitin19011"},"content":"","lastModifiedDate":"2025-09-26T20:47:28","isFullCredit":false},{"lineNumber":5,"author":{"gitId":"nitin19011"},"content":"public class Storage {","lastModifiedDate":"2025-09-26T20:47:28","isFullCredit":false},{"lineNumber":6,"author":{"gitId":"nitin19011"},"content":"    private final Path dataPath;","lastModifiedDate":"2025-09-26T20:47:28","isFullCredit":false},{"lineNumber":7,"author":{"gitId":"nitin19011"},"content":"","lastModifiedDate":"2025-09-26T20:47:28","isFullCredit":false},{"lineNumber":8,"author":{"gitId":"nitin19011"},"content":"    public Storage(String filePath) {","lastModifiedDate":"2025-09-26T20:47:28","isFullCredit":false},{"lineNumber":9,"author":{"gitId":"nitin19011"},"content":"        this.dataPath \u003d Paths.get(filePath);","lastModifiedDate":"2025-09-26T20:47:28","isFullCredit":false},{"lineNumber":10,"author":{"gitId":"nitin19011"},"content":"    }","lastModifiedDate":"2025-09-26T20:47:28","isFullCredit":false},{"lineNumber":11,"author":{"gitId":"nitin19011"},"content":"","lastModifiedDate":"2025-09-26T20:47:28","isFullCredit":false},{"lineNumber":12,"author":{"gitId":"nitin19011"},"content":"    public ArrayList\u003cTask\u003e load() {","lastModifiedDate":"2025-09-26T20:47:28","isFullCredit":false},{"lineNumber":13,"author":{"gitId":"nitin19011"},"content":"        ArrayList\u003cTask\u003e tasks \u003d new ArrayList\u003c\u003e();","lastModifiedDate":"2025-09-26T20:47:28","isFullCredit":false},{"lineNumber":14,"author":{"gitId":"nitin19011"},"content":"        try {","lastModifiedDate":"2025-09-26T20:47:28","isFullCredit":false},{"lineNumber":15,"author":{"gitId":"nitin19011"},"content":"            if (!Files.exists(dataPath.getParent())) {","lastModifiedDate":"2025-09-26T20:47:28","isFullCredit":false},{"lineNumber":16,"author":{"gitId":"nitin19011"},"content":"                Files.createDirectories(dataPath.getParent());","lastModifiedDate":"2025-09-26T20:47:28","isFullCredit":false},{"lineNumber":17,"author":{"gitId":"nitin19011"},"content":"            }","lastModifiedDate":"2025-09-26T20:47:28","isFullCredit":false},{"lineNumber":18,"author":{"gitId":"nitin19011"},"content":"            if (!Files.exists(dataPath)) {","lastModifiedDate":"2025-09-26T20:47:28","isFullCredit":false},{"lineNumber":19,"author":{"gitId":"nitin19011"},"content":"                Files.createFile(dataPath);","lastModifiedDate":"2025-09-26T20:47:28","isFullCredit":false},{"lineNumber":20,"author":{"gitId":"nitin19011"},"content":"            }","lastModifiedDate":"2025-09-26T20:47:28","isFullCredit":false},{"lineNumber":21,"author":{"gitId":"nitin19011"},"content":"            BufferedReader reader \u003d new BufferedReader(new FileReader(dataPath.toFile()));","lastModifiedDate":"2025-09-26T20:47:28","isFullCredit":false},{"lineNumber":22,"author":{"gitId":"nitin19011"},"content":"            String line;","lastModifiedDate":"2025-09-26T20:47:28","isFullCredit":false},{"lineNumber":23,"author":{"gitId":"nitin19011"},"content":"            while ((line \u003d reader.readLine()) !\u003d null) {","lastModifiedDate":"2025-09-26T20:47:28","isFullCredit":false},{"lineNumber":24,"author":{"gitId":"nitin19011"},"content":"                try {","lastModifiedDate":"2025-09-26T20:47:28","isFullCredit":false},{"lineNumber":25,"author":{"gitId":"nitin19011"},"content":"                    Task task \u003d parseLine(line);","lastModifiedDate":"2025-09-26T20:47:28","isFullCredit":false},{"lineNumber":26,"author":{"gitId":"nitin19011"},"content":"                    if (task !\u003d null) {","lastModifiedDate":"2025-09-26T20:47:28","isFullCredit":false},{"lineNumber":27,"author":{"gitId":"nitin19011"},"content":"                        tasks.add(task);","lastModifiedDate":"2025-09-26T20:47:28","isFullCredit":false},{"lineNumber":28,"author":{"gitId":"nitin19011"},"content":"                    }","lastModifiedDate":"2025-09-26T20:47:28","isFullCredit":false},{"lineNumber":29,"author":{"gitId":"nitin19011"},"content":"                } catch (Exception e) {","lastModifiedDate":"2025-09-26T20:47:28","isFullCredit":false},{"lineNumber":30,"author":{"gitId":"nitin19011"},"content":"                    // Corrupted line: skip","lastModifiedDate":"2025-09-26T20:47:28","isFullCredit":false},{"lineNumber":31,"author":{"gitId":"nitin19011"},"content":"                    System.out.println(\"Warning: Skipping invalid line: \" + line);","lastModifiedDate":"2025-09-26T20:47:28","isFullCredit":false},{"lineNumber":32,"author":{"gitId":"nitin19011"},"content":"                }","lastModifiedDate":"2025-09-26T20:47:28","isFullCredit":false},{"lineNumber":33,"author":{"gitId":"nitin19011"},"content":"            }","lastModifiedDate":"2025-09-26T20:47:28","isFullCredit":false},{"lineNumber":34,"author":{"gitId":"nitin19011"},"content":"            reader.close();","lastModifiedDate":"2025-09-26T20:47:28","isFullCredit":false},{"lineNumber":35,"author":{"gitId":"nitin19011"},"content":"        } catch (IOException e) {","lastModifiedDate":"2025-09-26T20:47:28","isFullCredit":false},{"lineNumber":36,"author":{"gitId":"nitin19011"},"content":"            System.out.println(\"Error loading data: \" + e.getMessage());","lastModifiedDate":"2025-09-26T20:47:28","isFullCredit":false},{"lineNumber":37,"author":{"gitId":"nitin19011"},"content":"        }","lastModifiedDate":"2025-09-26T20:47:28","isFullCredit":false},{"lineNumber":38,"author":{"gitId":"nitin19011"},"content":"        return tasks;","lastModifiedDate":"2025-09-26T20:47:28","isFullCredit":false},{"lineNumber":39,"author":{"gitId":"nitin19011"},"content":"    }","lastModifiedDate":"2025-09-26T20:47:28","isFullCredit":false},{"lineNumber":40,"author":{"gitId":"nitin19011"},"content":"","lastModifiedDate":"2025-09-26T20:47:28","isFullCredit":false},{"lineNumber":41,"author":{"gitId":"nitin19011"},"content":"    public void save(ArrayList\u003cTask\u003e tasks) {","lastModifiedDate":"2025-09-26T20:47:28","isFullCredit":false},{"lineNumber":42,"author":{"gitId":"nitin19011"},"content":"        try {","lastModifiedDate":"2025-09-26T20:47:28","isFullCredit":false},{"lineNumber":43,"author":{"gitId":"nitin19011"},"content":"            if (!Files.exists(dataPath.getParent())) {","lastModifiedDate":"2025-09-26T20:47:28","isFullCredit":false},{"lineNumber":44,"author":{"gitId":"nitin19011"},"content":"                Files.createDirectories(dataPath.getParent());","lastModifiedDate":"2025-09-26T20:47:28","isFullCredit":false},{"lineNumber":45,"author":{"gitId":"nitin19011"},"content":"            }","lastModifiedDate":"2025-09-26T20:47:28","isFullCredit":false},{"lineNumber":46,"author":{"gitId":"nitin19011"},"content":"            BufferedWriter writer \u003d new BufferedWriter(new FileWriter(dataPath.toFile()));","lastModifiedDate":"2025-09-26T20:47:28","isFullCredit":false},{"lineNumber":47,"author":{"gitId":"nitin19011"},"content":"            for (Task task : tasks) {","lastModifiedDate":"2025-09-26T20:47:28","isFullCredit":false},{"lineNumber":48,"author":{"gitId":"nitin19011"},"content":"                writer.write(formatTask(task));","lastModifiedDate":"2025-09-26T20:47:28","isFullCredit":false},{"lineNumber":49,"author":{"gitId":"nitin19011"},"content":"                writer.newLine();","lastModifiedDate":"2025-09-26T20:47:28","isFullCredit":false},{"lineNumber":50,"author":{"gitId":"nitin19011"},"content":"            }","lastModifiedDate":"2025-09-26T20:47:28","isFullCredit":false},{"lineNumber":51,"author":{"gitId":"nitin19011"},"content":"            writer.close();","lastModifiedDate":"2025-09-26T20:47:28","isFullCredit":false},{"lineNumber":52,"author":{"gitId":"nitin19011"},"content":"        } catch (IOException e) {","lastModifiedDate":"2025-09-26T20:47:28","isFullCredit":false},{"lineNumber":53,"author":{"gitId":"nitin19011"},"content":"            System.out.println(\"Error saving data: \" + e.getMessage());","lastModifiedDate":"2025-09-26T20:47:28","isFullCredit":false},{"lineNumber":54,"author":{"gitId":"nitin19011"},"content":"        }","lastModifiedDate":"2025-09-26T20:47:28","isFullCredit":false},{"lineNumber":55,"author":{"gitId":"nitin19011"},"content":"    }","lastModifiedDate":"2025-09-26T20:47:28","isFullCredit":false},{"lineNumber":56,"author":{"gitId":"nitin19011"},"content":"","lastModifiedDate":"2025-09-26T20:47:28","isFullCredit":false},{"lineNumber":57,"author":{"gitId":"nitin19011"},"content":"    private Task parseLine(String line) throws Exception {","lastModifiedDate":"2025-09-26T20:47:28","isFullCredit":false},{"lineNumber":58,"author":{"gitId":"nitin19011"},"content":"        String[] fields \u003d line.split(\"\\\\|\");","lastModifiedDate":"2025-09-26T20:47:28","isFullCredit":false},{"lineNumber":59,"author":{"gitId":"nitin19011"},"content":"        String type \u003d fields[0].trim();","lastModifiedDate":"2025-09-26T20:47:28","isFullCredit":false},{"lineNumber":60,"author":{"gitId":"nitin19011"},"content":"        boolean isDone \u003d fields[1].trim().equals(\"1\");","lastModifiedDate":"2025-09-26T20:47:28","isFullCredit":false},{"lineNumber":61,"author":{"gitId":"nitin19011"},"content":"        String desc \u003d fields[2].trim();","lastModifiedDate":"2025-09-26T20:47:28","isFullCredit":false},{"lineNumber":62,"author":{"gitId":"nitin19011"},"content":"        switch (type) {","lastModifiedDate":"2025-09-26T20:47:28","isFullCredit":false},{"lineNumber":63,"author":{"gitId":"nitin19011"},"content":"        case \"T\":","lastModifiedDate":"2025-09-26T20:47:28","isFullCredit":false},{"lineNumber":64,"author":{"gitId":"nitin19011"},"content":"            Todo todo \u003d new Todo(desc);","lastModifiedDate":"2025-09-26T20:47:28","isFullCredit":false},{"lineNumber":65,"author":{"gitId":"nitin19011"},"content":"            todo.isDone \u003d isDone;","lastModifiedDate":"2025-09-26T20:47:28","isFullCredit":false},{"lineNumber":66,"author":{"gitId":"nitin19011"},"content":"            todo.taskStatus \u003d isDone ? \"X\" : \" \";","lastModifiedDate":"2025-09-26T20:47:28","isFullCredit":false},{"lineNumber":67,"author":{"gitId":"nitin19011"},"content":"            return todo;","lastModifiedDate":"2025-09-26T20:47:28","isFullCredit":false},{"lineNumber":68,"author":{"gitId":"nitin19011"},"content":"        case \"D\":","lastModifiedDate":"2025-09-26T20:47:28","isFullCredit":false},{"lineNumber":69,"author":{"gitId":"nitin19011"},"content":"            String by \u003d fields[3].trim();","lastModifiedDate":"2025-09-26T20:47:28","isFullCredit":false},{"lineNumber":70,"author":{"gitId":"nitin19011"},"content":"            Deadline deadline \u003d new Deadline(desc, by);","lastModifiedDate":"2025-09-26T20:47:28","isFullCredit":false},{"lineNumber":71,"author":{"gitId":"nitin19011"},"content":"            deadline.isDone \u003d isDone;","lastModifiedDate":"2025-09-26T20:47:28","isFullCredit":false},{"lineNumber":72,"author":{"gitId":"nitin19011"},"content":"            deadline.taskStatus \u003d isDone ? \"X\" : \" \";","lastModifiedDate":"2025-09-26T20:47:28","isFullCredit":false},{"lineNumber":73,"author":{"gitId":"nitin19011"},"content":"            return deadline;","lastModifiedDate":"2025-09-26T20:47:28","isFullCredit":false},{"lineNumber":74,"author":{"gitId":"nitin19011"},"content":"        case \"E\":","lastModifiedDate":"2025-09-26T20:47:28","isFullCredit":false},{"lineNumber":75,"author":{"gitId":"nitin19011"},"content":"            String at \u003d fields[3].trim();","lastModifiedDate":"2025-09-26T20:47:28","isFullCredit":false},{"lineNumber":76,"author":{"gitId":"nitin19011"},"content":"            Event event \u003d new Event(desc, at, \"\");","lastModifiedDate":"2025-09-26T20:47:28","isFullCredit":false},{"lineNumber":77,"author":{"gitId":"nitin19011"},"content":"            event.isDone \u003d isDone;","lastModifiedDate":"2025-09-26T20:47:28","isFullCredit":false},{"lineNumber":78,"author":{"gitId":"nitin19011"},"content":"            event.taskStatus \u003d isDone ? \"X\" : \" \";","lastModifiedDate":"2025-09-26T20:47:28","isFullCredit":false},{"lineNumber":79,"author":{"gitId":"nitin19011"},"content":"            return event;","lastModifiedDate":"2025-09-26T20:47:28","isFullCredit":false},{"lineNumber":80,"author":{"gitId":"nitin19011"},"content":"        default:","lastModifiedDate":"2025-09-26T20:47:28","isFullCredit":false},{"lineNumber":81,"author":{"gitId":"nitin19011"},"content":"            throw new Exception(\"Unknown task type\");","lastModifiedDate":"2025-09-26T20:47:28","isFullCredit":false},{"lineNumber":82,"author":{"gitId":"nitin19011"},"content":"        }","lastModifiedDate":"2025-09-26T20:47:28","isFullCredit":false},{"lineNumber":83,"author":{"gitId":"nitin19011"},"content":"    }","lastModifiedDate":"2025-09-26T20:47:28","isFullCredit":false},{"lineNumber":84,"author":{"gitId":"nitin19011"},"content":"","lastModifiedDate":"2025-09-26T20:47:28","isFullCredit":false},{"lineNumber":85,"author":{"gitId":"nitin19011"},"content":"    private String formatTask(Task task) {","lastModifiedDate":"2025-09-26T20:47:28","isFullCredit":false},{"lineNumber":86,"author":{"gitId":"nitin19011"},"content":"        String type \u003d \"T\";","lastModifiedDate":"2025-09-26T20:47:28","isFullCredit":false},{"lineNumber":87,"author":{"gitId":"nitin19011"},"content":"        String extra \u003d \"\";","lastModifiedDate":"2025-09-26T20:47:28","isFullCredit":false},{"lineNumber":88,"author":{"gitId":"nitin19011"},"content":"        if (task instanceof Deadline) {","lastModifiedDate":"2025-09-26T20:47:28","isFullCredit":false},{"lineNumber":89,"author":{"gitId":"nitin19011"},"content":"            type \u003d \"D\";","lastModifiedDate":"2025-09-26T20:47:28","isFullCredit":false},{"lineNumber":90,"author":{"gitId":"nitin19011"},"content":"            extra \u003d \" | \" + ((Deadline) task).getDeadline();","lastModifiedDate":"2025-09-26T20:47:28","isFullCredit":false},{"lineNumber":91,"author":{"gitId":"nitin19011"},"content":"        } else if (task instanceof Event) {","lastModifiedDate":"2025-09-26T20:47:28","isFullCredit":false},{"lineNumber":92,"author":{"gitId":"nitin19011"},"content":"            type \u003d \"E\";","lastModifiedDate":"2025-09-26T20:47:28","isFullCredit":false},{"lineNumber":93,"author":{"gitId":"nitin19011"},"content":"            extra \u003d \" | \" + ((Event) task).startTime;","lastModifiedDate":"2025-09-26T20:47:28","isFullCredit":false},{"lineNumber":94,"author":{"gitId":"nitin19011"},"content":"        }","lastModifiedDate":"2025-09-26T20:47:28","isFullCredit":false},{"lineNumber":95,"author":{"gitId":"nitin19011"},"content":"        return String.format(\"%s | %d | %s%s\", type, task.isDone ? 1 : 0, task.description, extra);","lastModifiedDate":"2025-09-26T20:47:28","isFullCredit":false},{"lineNumber":96,"author":{"gitId":"nitin19011"},"content":"    }","lastModifiedDate":"2025-09-26T20:47:28","isFullCredit":false},{"lineNumber":97,"author":{"gitId":"nitin19011"},"content":"}","lastModifiedDate":"2025-09-26T20:47:28","isFullCredit":false}],"authorContributionMap":{"nitin19011":97}},{"path":"src/main/java/Task.java","fileType":"java","lines":[{"lineNumber":1,"author":{"gitId":"nitin19011"},"content":"public class Task {","lastModifiedDate":"2025-09-09T13:56:48","isFullCredit":false},{"lineNumber":2,"author":{"gitId":"nitin19011"},"content":"    protected String description;","lastModifiedDate":"2025-09-09T13:56:48","isFullCredit":false},{"lineNumber":3,"author":{"gitId":"nitin19011"},"content":"    protected boolean isDone;","lastModifiedDate":"2025-09-09T13:56:48","isFullCredit":false},{"lineNumber":4,"author":{"gitId":"nitin19011"},"content":"    protected String taskStatus;","lastModifiedDate":"2025-09-09T13:56:48","isFullCredit":false},{"lineNumber":5,"author":{"gitId":"nitin19011"},"content":"","lastModifiedDate":"2025-09-09T13:56:48","isFullCredit":false},{"lineNumber":6,"author":{"gitId":"nitin19011"},"content":"    public Task(String description) {","lastModifiedDate":"2025-09-09T13:56:48","isFullCredit":false},{"lineNumber":7,"author":{"gitId":"nitin19011"},"content":"        this.description \u003d description;","lastModifiedDate":"2025-09-09T13:56:48","isFullCredit":false},{"lineNumber":8,"author":{"gitId":"nitin19011"},"content":"        isDone \u003d false;","lastModifiedDate":"2025-09-09T13:56:48","isFullCredit":false},{"lineNumber":9,"author":{"gitId":"nitin19011"},"content":"        taskStatus \u003d \" \";","lastModifiedDate":"2025-09-09T13:56:48","isFullCredit":false},{"lineNumber":10,"author":{"gitId":"nitin19011"},"content":"    }","lastModifiedDate":"2025-09-09T13:56:48","isFullCredit":false},{"lineNumber":11,"author":{"gitId":"nitin19011"},"content":"}","lastModifiedDate":"2025-09-09T13:56:48","isFullCredit":false}],"authorContributionMap":{"nitin19011":11}},{"path":"src/main/java/TaskList.java","fileType":"java","lines":[{"lineNumber":1,"author":{"gitId":"nitin19011"},"content":"import java.util.ArrayList;","lastModifiedDate":"2025-10-01T22:38:07","isFullCredit":false},{"lineNumber":2,"author":{"gitId":"nitin19011"},"content":"import java.util.List;","lastModifiedDate":"2025-10-01T22:38:07","isFullCredit":false},{"lineNumber":3,"author":{"gitId":"nitin19011"},"content":"","lastModifiedDate":"2025-10-01T22:38:07","isFullCredit":false},{"lineNumber":4,"author":{"gitId":"nitin19011"},"content":"public class TaskList {","lastModifiedDate":"2025-10-01T22:38:07","isFullCredit":false},{"lineNumber":5,"author":{"gitId":"nitin19011"},"content":"    private final ArrayList\u003cTask\u003e tasks;","lastModifiedDate":"2025-10-01T22:38:07","isFullCredit":false},{"lineNumber":6,"author":{"gitId":"nitin19011"},"content":"","lastModifiedDate":"2025-10-01T22:38:07","isFullCredit":false},{"lineNumber":7,"author":{"gitId":"nitin19011"},"content":"    public TaskList() {","lastModifiedDate":"2025-10-01T22:38:07","isFullCredit":false},{"lineNumber":8,"author":{"gitId":"nitin19011"},"content":"        this.tasks \u003d new ArrayList\u003c\u003e();","lastModifiedDate":"2025-10-01T22:38:07","isFullCredit":false},{"lineNumber":9,"author":{"gitId":"nitin19011"},"content":"    }","lastModifiedDate":"2025-10-01T22:38:07","isFullCredit":false},{"lineNumber":10,"author":{"gitId":"nitin19011"},"content":"","lastModifiedDate":"2025-10-01T22:38:07","isFullCredit":false},{"lineNumber":11,"author":{"gitId":"nitin19011"},"content":"    public TaskList(ArrayList\u003cTask\u003e existing) {","lastModifiedDate":"2025-10-01T22:38:07","isFullCredit":false},{"lineNumber":12,"author":{"gitId":"nitin19011"},"content":"        this.tasks \u003d (existing \u003d\u003d null) ? new ArrayList\u003c\u003e() : existing;","lastModifiedDate":"2025-10-01T22:38:07","isFullCredit":false},{"lineNumber":13,"author":{"gitId":"nitin19011"},"content":"    }","lastModifiedDate":"2025-10-01T22:38:07","isFullCredit":false},{"lineNumber":14,"author":{"gitId":"nitin19011"},"content":"","lastModifiedDate":"2025-10-01T22:38:07","isFullCredit":false},{"lineNumber":15,"author":{"gitId":"nitin19011"},"content":"    public int size() {","lastModifiedDate":"2025-10-01T22:38:07","isFullCredit":false},{"lineNumber":16,"author":{"gitId":"nitin19011"},"content":"        return tasks.size();","lastModifiedDate":"2025-10-01T22:38:07","isFullCredit":false},{"lineNumber":17,"author":{"gitId":"nitin19011"},"content":"    }","lastModifiedDate":"2025-10-01T22:38:07","isFullCredit":false},{"lineNumber":18,"author":{"gitId":"nitin19011"},"content":"","lastModifiedDate":"2025-10-01T22:38:07","isFullCredit":false},{"lineNumber":19,"author":{"gitId":"nitin19011"},"content":"    public List\u003cTask\u003e getAll() {","lastModifiedDate":"2025-10-01T22:38:07","isFullCredit":false},{"lineNumber":20,"author":{"gitId":"nitin19011"},"content":"        return tasks;","lastModifiedDate":"2025-10-01T22:38:07","isFullCredit":false},{"lineNumber":21,"author":{"gitId":"nitin19011"},"content":"    }","lastModifiedDate":"2025-10-01T22:38:07","isFullCredit":false},{"lineNumber":22,"author":{"gitId":"nitin19011"},"content":"","lastModifiedDate":"2025-10-01T22:38:07","isFullCredit":false},{"lineNumber":23,"author":{"gitId":"nitin19011"},"content":"    public Task get(int oneBasedIndex) throws SocksException {","lastModifiedDate":"2025-10-01T22:38:07","isFullCredit":false},{"lineNumber":24,"author":{"gitId":"nitin19011"},"content":"        int idx \u003d oneBasedIndex - 1;","lastModifiedDate":"2025-10-01T22:38:07","isFullCredit":false},{"lineNumber":25,"author":{"gitId":"nitin19011"},"content":"        if (oneBasedIndex \u003c\u003d 0 || idx \u003e\u003d tasks.size()) {","lastModifiedDate":"2025-10-01T22:38:07","isFullCredit":false},{"lineNumber":26,"author":{"gitId":"nitin19011"},"content":"            throw new SocksException(\"Index out of range: \" + oneBasedIndex);","lastModifiedDate":"2025-10-01T22:38:07","isFullCredit":false},{"lineNumber":27,"author":{"gitId":"nitin19011"},"content":"        }","lastModifiedDate":"2025-10-01T22:38:07","isFullCredit":false},{"lineNumber":28,"author":{"gitId":"nitin19011"},"content":"        return tasks.get(idx);","lastModifiedDate":"2025-10-01T22:38:07","isFullCredit":false},{"lineNumber":29,"author":{"gitId":"nitin19011"},"content":"    }","lastModifiedDate":"2025-10-01T22:38:07","isFullCredit":false},{"lineNumber":30,"author":{"gitId":"nitin19011"},"content":"","lastModifiedDate":"2025-10-01T22:38:07","isFullCredit":false},{"lineNumber":31,"author":{"gitId":"nitin19011"},"content":"    public Task addTodo(String description) throws SocksException {","lastModifiedDate":"2025-10-01T22:38:07","isFullCredit":false},{"lineNumber":32,"author":{"gitId":"nitin19011"},"content":"        if (description \u003d\u003d null || description.trim().isEmpty()) {","lastModifiedDate":"2025-10-01T22:38:07","isFullCredit":false},{"lineNumber":33,"author":{"gitId":"nitin19011"},"content":"            throw new SocksException(\"The description of a todo cannot be empty.\");","lastModifiedDate":"2025-10-01T22:38:07","isFullCredit":false},{"lineNumber":34,"author":{"gitId":"nitin19011"},"content":"        }","lastModifiedDate":"2025-10-01T22:38:07","isFullCredit":false},{"lineNumber":35,"author":{"gitId":"nitin19011"},"content":"        Task t \u003d new Todo(description.trim());","lastModifiedDate":"2025-10-01T22:38:07","isFullCredit":false},{"lineNumber":36,"author":{"gitId":"nitin19011"},"content":"        tasks.add(t);","lastModifiedDate":"2025-10-01T22:38:07","isFullCredit":false},{"lineNumber":37,"author":{"gitId":"nitin19011"},"content":"        return t;","lastModifiedDate":"2025-10-01T22:38:07","isFullCredit":false},{"lineNumber":38,"author":{"gitId":"nitin19011"},"content":"    }","lastModifiedDate":"2025-10-01T22:38:07","isFullCredit":false},{"lineNumber":39,"author":{"gitId":"nitin19011"},"content":"","lastModifiedDate":"2025-10-01T22:38:07","isFullCredit":false},{"lineNumber":40,"author":{"gitId":"nitin19011"},"content":"    public Task addDeadline(String description, String by) throws SocksException {","lastModifiedDate":"2025-10-01T22:38:07","isFullCredit":false},{"lineNumber":41,"author":{"gitId":"nitin19011"},"content":"        if (description \u003d\u003d null || description.trim().isEmpty()) {","lastModifiedDate":"2025-10-01T22:38:07","isFullCredit":false},{"lineNumber":42,"author":{"gitId":"nitin19011"},"content":"            throw new SocksException(\"The description of a deadline cannot be empty.\");","lastModifiedDate":"2025-10-01T22:38:07","isFullCredit":false},{"lineNumber":43,"author":{"gitId":"nitin19011"},"content":"        }","lastModifiedDate":"2025-10-01T22:38:07","isFullCredit":false},{"lineNumber":44,"author":{"gitId":"nitin19011"},"content":"        if (by \u003d\u003d null || by.trim().isEmpty()) {","lastModifiedDate":"2025-10-01T22:38:07","isFullCredit":false},{"lineNumber":45,"author":{"gitId":"nitin19011"},"content":"            throw new SocksException(\"Deadline requires a /by time.\");","lastModifiedDate":"2025-10-01T22:38:07","isFullCredit":false},{"lineNumber":46,"author":{"gitId":"nitin19011"},"content":"        }","lastModifiedDate":"2025-10-01T22:38:07","isFullCredit":false},{"lineNumber":47,"author":{"gitId":"nitin19011"},"content":"        Task t \u003d new Deadline(description.trim(), by.trim());","lastModifiedDate":"2025-10-01T22:38:07","isFullCredit":false},{"lineNumber":48,"author":{"gitId":"nitin19011"},"content":"        tasks.add(t);","lastModifiedDate":"2025-10-01T22:38:07","isFullCredit":false},{"lineNumber":49,"author":{"gitId":"nitin19011"},"content":"        return t;","lastModifiedDate":"2025-10-01T22:38:07","isFullCredit":false},{"lineNumber":50,"author":{"gitId":"nitin19011"},"content":"    }","lastModifiedDate":"2025-10-01T22:38:07","isFullCredit":false},{"lineNumber":51,"author":{"gitId":"nitin19011"},"content":"","lastModifiedDate":"2025-10-01T22:38:07","isFullCredit":false},{"lineNumber":52,"author":{"gitId":"nitin19011"},"content":"    public Task addEvent(String description, String from, String to) throws SocksException {","lastModifiedDate":"2025-10-01T22:38:07","isFullCredit":false},{"lineNumber":53,"author":{"gitId":"nitin19011"},"content":"        if (description \u003d\u003d null || description.trim().isEmpty()) {","lastModifiedDate":"2025-10-01T22:38:07","isFullCredit":false},{"lineNumber":54,"author":{"gitId":"nitin19011"},"content":"            throw new SocksException(\"The description of an event cannot be empty.\");","lastModifiedDate":"2025-10-01T22:38:07","isFullCredit":false},{"lineNumber":55,"author":{"gitId":"nitin19011"},"content":"        }","lastModifiedDate":"2025-10-01T22:38:07","isFullCredit":false},{"lineNumber":56,"author":{"gitId":"nitin19011"},"content":"        if (from \u003d\u003d null || from.trim().isEmpty() || to \u003d\u003d null || to.trim().isEmpty()) {","lastModifiedDate":"2025-10-01T22:38:07","isFullCredit":false},{"lineNumber":57,"author":{"gitId":"nitin19011"},"content":"            throw new SocksException(\"Event requires both /from and /to.\");","lastModifiedDate":"2025-10-01T22:38:07","isFullCredit":false},{"lineNumber":58,"author":{"gitId":"nitin19011"},"content":"        }","lastModifiedDate":"2025-10-01T22:38:07","isFullCredit":false},{"lineNumber":59,"author":{"gitId":"nitin19011"},"content":"        Task t \u003d new Event(description.trim(), from.trim(), to.trim());","lastModifiedDate":"2025-10-01T22:38:07","isFullCredit":false},{"lineNumber":60,"author":{"gitId":"nitin19011"},"content":"        tasks.add(t);","lastModifiedDate":"2025-10-01T22:38:07","isFullCredit":false},{"lineNumber":61,"author":{"gitId":"nitin19011"},"content":"        return t;","lastModifiedDate":"2025-10-01T22:38:07","isFullCredit":false},{"lineNumber":62,"author":{"gitId":"nitin19011"},"content":"    }","lastModifiedDate":"2025-10-01T22:38:07","isFullCredit":false},{"lineNumber":63,"author":{"gitId":"nitin19011"},"content":"","lastModifiedDate":"2025-10-01T22:38:07","isFullCredit":false},{"lineNumber":64,"author":{"gitId":"nitin19011"},"content":"    public Task delete(int oneBasedIndex) throws SocksException {","lastModifiedDate":"2025-10-01T22:38:07","isFullCredit":false},{"lineNumber":65,"author":{"gitId":"nitin19011"},"content":"        Task t \u003d get(oneBasedIndex);","lastModifiedDate":"2025-10-01T22:38:07","isFullCredit":false},{"lineNumber":66,"author":{"gitId":"nitin19011"},"content":"        tasks.remove(oneBasedIndex - 1);","lastModifiedDate":"2025-10-01T22:38:07","isFullCredit":false},{"lineNumber":67,"author":{"gitId":"nitin19011"},"content":"        return t;","lastModifiedDate":"2025-10-01T22:38:07","isFullCredit":false},{"lineNumber":68,"author":{"gitId":"nitin19011"},"content":"    }","lastModifiedDate":"2025-10-01T22:38:07","isFullCredit":false},{"lineNumber":69,"author":{"gitId":"nitin19011"},"content":"","lastModifiedDate":"2025-10-01T22:38:07","isFullCredit":false},{"lineNumber":70,"author":{"gitId":"nitin19011"},"content":"    public Task mark(int oneBasedIndex) throws SocksException {","lastModifiedDate":"2025-10-01T22:38:07","isFullCredit":false},{"lineNumber":71,"author":{"gitId":"nitin19011"},"content":"        Task t \u003d get(oneBasedIndex);","lastModifiedDate":"2025-10-01T22:38:07","isFullCredit":false},{"lineNumber":72,"author":{"gitId":"nitin19011"},"content":"        // Adjust these two lines if your Task API differs.","lastModifiedDate":"2025-10-01T22:38:07","isFullCredit":false},{"lineNumber":73,"author":{"gitId":"nitin19011"},"content":"        t.isDone \u003d true;","lastModifiedDate":"2025-10-01T22:38:07","isFullCredit":false},{"lineNumber":74,"author":{"gitId":"nitin19011"},"content":"        t.taskStatus \u003d \"X\";","lastModifiedDate":"2025-10-01T22:38:07","isFullCredit":false},{"lineNumber":75,"author":{"gitId":"nitin19011"},"content":"        return t;","lastModifiedDate":"2025-10-01T22:38:07","isFullCredit":false},{"lineNumber":76,"author":{"gitId":"nitin19011"},"content":"    }","lastModifiedDate":"2025-10-01T22:38:07","isFullCredit":false},{"lineNumber":77,"author":{"gitId":"nitin19011"},"content":"","lastModifiedDate":"2025-10-01T22:38:07","isFullCredit":false},{"lineNumber":78,"author":{"gitId":"nitin19011"},"content":"    public Task unmark(int oneBasedIndex) throws SocksException {","lastModifiedDate":"2025-10-01T22:38:07","isFullCredit":false},{"lineNumber":79,"author":{"gitId":"nitin19011"},"content":"        Task t \u003d get(oneBasedIndex);","lastModifiedDate":"2025-10-01T22:38:07","isFullCredit":false},{"lineNumber":80,"author":{"gitId":"nitin19011"},"content":"        // Adjust these two lines if your Task API differs.","lastModifiedDate":"2025-10-01T22:38:07","isFullCredit":false},{"lineNumber":81,"author":{"gitId":"nitin19011"},"content":"        t.isDone \u003d false;","lastModifiedDate":"2025-10-01T22:38:07","isFullCredit":false},{"lineNumber":82,"author":{"gitId":"nitin19011"},"content":"        t.taskStatus \u003d \" \";","lastModifiedDate":"2025-10-01T22:38:07","isFullCredit":false},{"lineNumber":83,"author":{"gitId":"nitin19011"},"content":"        return t;","lastModifiedDate":"2025-10-01T22:38:07","isFullCredit":false},{"lineNumber":84,"author":{"gitId":"nitin19011"},"content":"    }","lastModifiedDate":"2025-10-01T22:38:07","isFullCredit":false},{"lineNumber":85,"author":{"gitId":"nitin19011"},"content":"}","lastModifiedDate":"2025-10-01T22:38:07","isFullCredit":false}],"authorContributionMap":{"nitin19011":85}},{"path":"src/main/java/TaskManager.java","fileType":"java","lines":[{"lineNumber":1,"author":{"gitId":"nitin19011"},"content":"import java.util.ArrayList;","lastModifiedDate":"2025-09-09T13:56:48","isFullCredit":false},{"lineNumber":2,"author":{"gitId":"nitin19011"},"content":"","lastModifiedDate":"2025-09-09T13:56:48","isFullCredit":false},{"lineNumber":3,"author":{"gitId":"nitin19011"},"content":"public class TaskManager {","lastModifiedDate":"2025-09-09T13:56:48","isFullCredit":false},{"lineNumber":4,"author":{"gitId":"nitin19011"},"content":"    private ArrayList\u003cTask\u003e allTasks \u003d new ArrayList\u003c\u003e(); // create a dynamic array to store Task objects","lastModifiedDate":"2025-09-26T20:47:28","isFullCredit":false},{"lineNumber":5,"author":{"gitId":"nitin19011"},"content":"    private final Storage storage;","lastModifiedDate":"2025-09-26T20:47:28","isFullCredit":false},{"lineNumber":6,"author":{"gitId":"nitin19011"},"content":"","lastModifiedDate":"2025-09-26T20:47:28","isFullCredit":false},{"lineNumber":7,"author":{"gitId":"nitin19011"},"content":"    public TaskManager(Storage storage) {","lastModifiedDate":"2025-09-26T20:47:28","isFullCredit":false},{"lineNumber":8,"author":{"gitId":"nitin19011"},"content":"        this.storage \u003d storage;","lastModifiedDate":"2025-09-26T20:47:28","isFullCredit":false},{"lineNumber":9,"author":{"gitId":"nitin19011"},"content":"        this.allTasks \u003d storage.load();","lastModifiedDate":"2025-09-26T20:47:28","isFullCredit":false},{"lineNumber":10,"author":{"gitId":"nitin19011"},"content":"    }","lastModifiedDate":"2025-09-26T20:47:28","isFullCredit":false},{"lineNumber":11,"author":{"gitId":"nitin19011"},"content":"","lastModifiedDate":"2025-09-09T13:56:48","isFullCredit":false},{"lineNumber":12,"author":{"gitId":"nitin19011"},"content":"    public void addTask(Task task) {","lastModifiedDate":"2025-09-09T13:56:48","isFullCredit":false},{"lineNumber":13,"author":{"gitId":"nitin19011"},"content":"        allTasks.add(task);","lastModifiedDate":"2025-09-09T13:56:48","isFullCredit":false},{"lineNumber":14,"author":{"gitId":"nitin19011"},"content":"        System.out.println(\"Got it. I\u0027ve added this task:\\n   \" + task);","lastModifiedDate":"2025-09-09T13:56:48","isFullCredit":false},{"lineNumber":15,"author":{"gitId":"nitin19011"},"content":"        System.out.println(\"Now you have \" + allTasks.size() + \" tasks in the list.\");","lastModifiedDate":"2025-09-09T13:56:48","isFullCredit":false},{"lineNumber":16,"author":{"gitId":"nitin19011"},"content":"        storage.save(allTasks);","lastModifiedDate":"2025-09-26T20:47:28","isFullCredit":false},{"lineNumber":17,"author":{"gitId":"nitin19011"},"content":"    }","lastModifiedDate":"2025-09-09T13:56:48","isFullCredit":false},{"lineNumber":18,"author":{"gitId":"nitin19011"},"content":"","lastModifiedDate":"2025-09-09T13:56:48","isFullCredit":false},{"lineNumber":19,"author":{"gitId":"nitin19011"},"content":"    public void listTasks() {","lastModifiedDate":"2025-09-09T13:56:48","isFullCredit":false},{"lineNumber":20,"author":{"gitId":"nitin19011"},"content":"        if (allTasks.isEmpty()) {","lastModifiedDate":"2025-09-09T13:56:48","isFullCredit":false},{"lineNumber":21,"author":{"gitId":"nitin19011"},"content":"            System.out.println(\"You have no tasks to do! HOORAY!\");","lastModifiedDate":"2025-09-09T13:56:48","isFullCredit":false},{"lineNumber":22,"author":{"gitId":"nitin19011"},"content":"        } else {","lastModifiedDate":"2025-09-09T13:56:48","isFullCredit":false},{"lineNumber":23,"author":{"gitId":"nitin19011"},"content":"            System.out.println(\"Here are your tasks:\");","lastModifiedDate":"2025-09-09T13:56:48","isFullCredit":false},{"lineNumber":24,"author":{"gitId":"nitin19011"},"content":"            for (int i \u003d 0; i \u003c allTasks.size(); i++) {","lastModifiedDate":"2025-09-09T13:56:48","isFullCredit":false},{"lineNumber":25,"author":{"gitId":"nitin19011"},"content":"                System.out.println(\"    \" + (i + 1) + \".\" + allTasks.get(i));","lastModifiedDate":"2025-09-09T13:56:48","isFullCredit":false},{"lineNumber":26,"author":{"gitId":"nitin19011"},"content":"            }","lastModifiedDate":"2025-09-09T13:56:48","isFullCredit":false},{"lineNumber":27,"author":{"gitId":"nitin19011"},"content":"        }","lastModifiedDate":"2025-09-09T13:56:48","isFullCredit":false},{"lineNumber":28,"author":{"gitId":"nitin19011"},"content":"    }","lastModifiedDate":"2025-09-09T13:56:48","isFullCredit":false},{"lineNumber":29,"author":{"gitId":"nitin19011"},"content":"","lastModifiedDate":"2025-09-09T13:56:48","isFullCredit":false},{"lineNumber":30,"author":{"gitId":"nitin19011"},"content":"    public void markDone(int index) {","lastModifiedDate":"2025-09-09T13:56:48","isFullCredit":false},{"lineNumber":31,"author":{"gitId":"nitin19011"},"content":"        Task t \u003d allTasks.get(index);","lastModifiedDate":"2025-09-09T13:56:48","isFullCredit":false},{"lineNumber":32,"author":{"gitId":"nitin19011"},"content":"        t.isDone \u003d true;","lastModifiedDate":"2025-09-09T13:56:48","isFullCredit":false},{"lineNumber":33,"author":{"gitId":"nitin19011"},"content":"        t.taskStatus \u003d \"X\";","lastModifiedDate":"2025-09-09T13:56:48","isFullCredit":false},{"lineNumber":34,"author":{"gitId":"nitin19011"},"content":"        System.out.println(\" Nice! I\u0027ve marked this task as done:\\n    \" + t);","lastModifiedDate":"2025-09-09T13:56:48","isFullCredit":false},{"lineNumber":35,"author":{"gitId":"nitin19011"},"content":"        storage.save(allTasks);","lastModifiedDate":"2025-09-26T20:47:28","isFullCredit":false},{"lineNumber":36,"author":{"gitId":"nitin19011"},"content":"    }","lastModifiedDate":"2025-09-09T13:56:48","isFullCredit":false},{"lineNumber":37,"author":{"gitId":"nitin19011"},"content":"","lastModifiedDate":"2025-09-09T13:56:48","isFullCredit":false},{"lineNumber":38,"author":{"gitId":"nitin19011"},"content":"    public void markUndone(int index) {","lastModifiedDate":"2025-09-09T13:56:48","isFullCredit":false},{"lineNumber":39,"author":{"gitId":"nitin19011"},"content":"        Task t \u003d allTasks.get(index);","lastModifiedDate":"2025-09-09T13:56:48","isFullCredit":false},{"lineNumber":40,"author":{"gitId":"nitin19011"},"content":"        t.isDone \u003d false;","lastModifiedDate":"2025-09-09T13:56:48","isFullCredit":false},{"lineNumber":41,"author":{"gitId":"nitin19011"},"content":"        t.taskStatus \u003d \" \";","lastModifiedDate":"2025-09-09T13:56:48","isFullCredit":false},{"lineNumber":42,"author":{"gitId":"nitin19011"},"content":"        System.out.println(\" Sure, I\u0027ve unmarked this task:\\n    \" + t);","lastModifiedDate":"2025-09-09T13:56:48","isFullCredit":false},{"lineNumber":43,"author":{"gitId":"nitin19011"},"content":"        storage.save(allTasks);","lastModifiedDate":"2025-09-26T20:47:28","isFullCredit":false},{"lineNumber":44,"author":{"gitId":"nitin19011"},"content":"    }","lastModifiedDate":"2025-09-09T13:56:48","isFullCredit":false},{"lineNumber":45,"author":{"gitId":"nitin19011"},"content":"","lastModifiedDate":"2025-09-25T20:05:27","isFullCredit":false},{"lineNumber":46,"author":{"gitId":"nitin19011"},"content":"    public void deleteTask(int index) {","lastModifiedDate":"2025-09-25T20:05:27","isFullCredit":false},{"lineNumber":47,"author":{"gitId":"nitin19011"},"content":"        Task t \u003d allTasks.get(index);","lastModifiedDate":"2025-09-25T20:05:27","isFullCredit":false},{"lineNumber":48,"author":{"gitId":"nitin19011"},"content":"        allTasks.remove(index);","lastModifiedDate":"2025-09-25T20:05:27","isFullCredit":false},{"lineNumber":49,"author":{"gitId":"nitin19011"},"content":"        System.out.println(\" Sure, I\u0027ve deleted this task:\\n    \" + t);","lastModifiedDate":"2025-09-25T20:05:27","isFullCredit":false},{"lineNumber":50,"author":{"gitId":"nitin19011"},"content":"    }","lastModifiedDate":"2025-09-25T20:05:27","isFullCredit":false},{"lineNumber":51,"author":{"gitId":"nitin19011"},"content":"}","lastModifiedDate":"2025-09-09T13:56:48","isFullCredit":false}],"authorContributionMap":{"nitin19011":51}},{"path":"src/main/java/Todo.java","fileType":"java","lines":[{"lineNumber":1,"author":{"gitId":"nitin19011"},"content":"public class Todo extends Task {","lastModifiedDate":"2025-09-09T13:56:48","isFullCredit":false},{"lineNumber":2,"author":{"gitId":"nitin19011"},"content":"","lastModifiedDate":"2025-09-09T13:56:48","isFullCredit":false},{"lineNumber":3,"author":{"gitId":"nitin19011"},"content":"    public Todo(String description) {","lastModifiedDate":"2025-09-09T13:56:48","isFullCredit":false},{"lineNumber":4,"author":{"gitId":"nitin19011"},"content":"        super(description);","lastModifiedDate":"2025-09-09T13:56:48","isFullCredit":false},{"lineNumber":5,"author":{"gitId":"nitin19011"},"content":"    }","lastModifiedDate":"2025-09-09T13:56:48","isFullCredit":false},{"lineNumber":6,"author":{"gitId":"nitin19011"},"content":"","lastModifiedDate":"2025-09-09T13:56:48","isFullCredit":false},{"lineNumber":7,"author":{"gitId":"nitin19011"},"content":"    @Override","lastModifiedDate":"2025-09-09T13:56:48","isFullCredit":false},{"lineNumber":8,"author":{"gitId":"nitin19011"},"content":"    public String toString() {","lastModifiedDate":"2025-09-09T13:56:48","isFullCredit":false},{"lineNumber":9,"author":{"gitId":"nitin19011"},"content":"        return (\"[T]\" + \"[\" + this.taskStatus + \"] \" + description);","lastModifiedDate":"2025-09-09T13:56:48","isFullCredit":false},{"lineNumber":10,"author":{"gitId":"nitin19011"},"content":"    }","lastModifiedDate":"2025-09-09T13:56:48","isFullCredit":false},{"lineNumber":11,"author":{"gitId":"nitin19011"},"content":"}","lastModifiedDate":"2025-09-09T13:56:48","isFullCredit":false}],"authorContributionMap":{"nitin19011":11}},{"path":"src/main/java/Ui.java","fileType":"java","lines":[{"lineNumber":1,"author":{"gitId":"nitin19011"},"content":"import java.util.List;","lastModifiedDate":"2025-10-01T22:38:07","isFullCredit":false},{"lineNumber":2,"author":{"gitId":"nitin19011"},"content":"","lastModifiedDate":"2025-10-01T22:38:07","isFullCredit":false},{"lineNumber":3,"author":{"gitId":"nitin19011"},"content":"public class Ui {","lastModifiedDate":"2025-10-01T22:38:07","isFullCredit":false},{"lineNumber":4,"author":{"gitId":"nitin19011"},"content":"    public void showWelcome() {","lastModifiedDate":"2025-10-01T22:38:07","isFullCredit":false},{"lineNumber":5,"author":{"gitId":"nitin19011"},"content":"        String logo \u003d","lastModifiedDate":"2025-10-01T22:38:07","isFullCredit":false},{"lineNumber":6,"author":{"gitId":"nitin19011"},"content":"                \"\"\"","lastModifiedDate":"2025-10-01T22:38:07","isFullCredit":false},{"lineNumber":7,"author":{"gitId":"nitin19011"},"content":"                          ____             _      ____  ","lastModifiedDate":"2025-10-01T22:38:07","isFullCredit":false},{"lineNumber":8,"author":{"gitId":"nitin19011"},"content":"                         / ___|  ___   ___| | __ / ___| ","lastModifiedDate":"2025-10-01T22:38:07","isFullCredit":false},{"lineNumber":9,"author":{"gitId":"nitin19011"},"content":"                         \\\\___ \\\\ / _ \\\\ / __| |/ / \\\\___ \\\\ ","lastModifiedDate":"2025-10-01T22:38:07","isFullCredit":false},{"lineNumber":10,"author":{"gitId":"nitin19011"},"content":"                          ___) | (_) | (__|   \u003c   ___) |","lastModifiedDate":"2025-10-01T22:38:07","isFullCredit":false},{"lineNumber":11,"author":{"gitId":"nitin19011"},"content":"                         |____/ \\\\___/ \\\\___|_|\\\\_\\\\ |____/ ","lastModifiedDate":"2025-10-01T22:38:07","isFullCredit":false},{"lineNumber":12,"author":{"gitId":"nitin19011"},"content":"                        \"\"\";","lastModifiedDate":"2025-10-01T22:38:07","isFullCredit":false},{"lineNumber":13,"author":{"gitId":"nitin19011"},"content":"        System.out.println(\"Hello from\\n\" + logo + \"Your trusty life tracker! What can I do for you?\");","lastModifiedDate":"2025-10-01T22:38:07","isFullCredit":false},{"lineNumber":14,"author":{"gitId":"nitin19011"},"content":"    }","lastModifiedDate":"2025-10-01T22:38:07","isFullCredit":false},{"lineNumber":15,"author":{"gitId":"nitin19011"},"content":"","lastModifiedDate":"2025-10-01T22:38:07","isFullCredit":false},{"lineNumber":16,"author":{"gitId":"nitin19011"},"content":"    public void showGoodbye() {","lastModifiedDate":"2025-10-01T22:38:07","isFullCredit":false},{"lineNumber":17,"author":{"gitId":"nitin19011"},"content":"        System.out.println(\"ByeBye! Stay productive and hope to see you again soon!\");","lastModifiedDate":"2025-10-01T22:38:07","isFullCredit":false},{"lineNumber":18,"author":{"gitId":"nitin19011"},"content":"    }","lastModifiedDate":"2025-10-01T22:38:07","isFullCredit":false},{"lineNumber":19,"author":{"gitId":"nitin19011"},"content":"","lastModifiedDate":"2025-10-01T22:38:07","isFullCredit":false},{"lineNumber":20,"author":{"gitId":"nitin19011"},"content":"    public void showLoadingError() {","lastModifiedDate":"2025-10-01T22:38:07","isFullCredit":false},{"lineNumber":21,"author":{"gitId":"nitin19011"},"content":"        System.out.println(\"Error: Could not load previous tasks. Starting with an empty list.\");","lastModifiedDate":"2025-10-01T22:38:07","isFullCredit":false},{"lineNumber":22,"author":{"gitId":"nitin19011"},"content":"    }","lastModifiedDate":"2025-10-01T22:38:07","isFullCredit":false},{"lineNumber":23,"author":{"gitId":"nitin19011"},"content":"","lastModifiedDate":"2025-10-01T22:38:07","isFullCredit":false},{"lineNumber":24,"author":{"gitId":"nitin19011"},"content":"    public void showError(String message) {","lastModifiedDate":"2025-10-01T22:38:07","isFullCredit":false},{"lineNumber":25,"author":{"gitId":"nitin19011"},"content":"        System.out.println(\"Error: \" + message);","lastModifiedDate":"2025-10-01T22:38:07","isFullCredit":false},{"lineNumber":26,"author":{"gitId":"nitin19011"},"content":"    }","lastModifiedDate":"2025-10-01T22:38:07","isFullCredit":false},{"lineNumber":27,"author":{"gitId":"nitin19011"},"content":"","lastModifiedDate":"2025-10-01T22:38:07","isFullCredit":false},{"lineNumber":28,"author":{"gitId":"nitin19011"},"content":"    public void showAdded(Task task, int size) {","lastModifiedDate":"2025-10-01T22:38:07","isFullCredit":false},{"lineNumber":29,"author":{"gitId":"nitin19011"},"content":"        System.out.println(\"Got it. I\u0027ve added this task:\");","lastModifiedDate":"2025-10-01T22:38:07","isFullCredit":false},{"lineNumber":30,"author":{"gitId":"nitin19011"},"content":"        System.out.println(\"  \" + task);","lastModifiedDate":"2025-10-01T22:38:07","isFullCredit":false},{"lineNumber":31,"author":{"gitId":"nitin19011"},"content":"        System.out.println(\"Now you have \" + size + \" tasks in the list.\");","lastModifiedDate":"2025-10-01T22:38:07","isFullCredit":false},{"lineNumber":32,"author":{"gitId":"nitin19011"},"content":"    }","lastModifiedDate":"2025-10-01T22:38:07","isFullCredit":false},{"lineNumber":33,"author":{"gitId":"nitin19011"},"content":"","lastModifiedDate":"2025-10-01T22:38:07","isFullCredit":false},{"lineNumber":34,"author":{"gitId":"nitin19011"},"content":"    public void showDeleted(Task task, int size) {","lastModifiedDate":"2025-10-01T22:38:07","isFullCredit":false},{"lineNumber":35,"author":{"gitId":"nitin19011"},"content":"        System.out.println(\"Noted. I\u0027ve removed this task:\");","lastModifiedDate":"2025-10-01T22:38:07","isFullCredit":false},{"lineNumber":36,"author":{"gitId":"nitin19011"},"content":"        System.out.println(\"  \" + task);","lastModifiedDate":"2025-10-01T22:38:07","isFullCredit":false},{"lineNumber":37,"author":{"gitId":"nitin19011"},"content":"        System.out.println(\"Now you have \" + size + \" tasks in the list.\");","lastModifiedDate":"2025-10-01T22:38:07","isFullCredit":false},{"lineNumber":38,"author":{"gitId":"nitin19011"},"content":"    }","lastModifiedDate":"2025-10-01T22:38:07","isFullCredit":false},{"lineNumber":39,"author":{"gitId":"nitin19011"},"content":"","lastModifiedDate":"2025-10-01T22:38:07","isFullCredit":false},{"lineNumber":40,"author":{"gitId":"nitin19011"},"content":"    public void showMarked(Task task) {","lastModifiedDate":"2025-10-01T22:38:07","isFullCredit":false},{"lineNumber":41,"author":{"gitId":"nitin19011"},"content":"        System.out.println(\"Nice! I\u0027ve marked this task as done:\");","lastModifiedDate":"2025-10-01T22:38:07","isFullCredit":false},{"lineNumber":42,"author":{"gitId":"nitin19011"},"content":"        System.out.println(\"  \" + task);","lastModifiedDate":"2025-10-01T22:38:07","isFullCredit":false},{"lineNumber":43,"author":{"gitId":"nitin19011"},"content":"    }","lastModifiedDate":"2025-10-01T22:38:07","isFullCredit":false},{"lineNumber":44,"author":{"gitId":"nitin19011"},"content":"","lastModifiedDate":"2025-10-01T22:38:07","isFullCredit":false},{"lineNumber":45,"author":{"gitId":"nitin19011"},"content":"    public void showUnmarked(Task task) {","lastModifiedDate":"2025-10-01T22:38:07","isFullCredit":false},{"lineNumber":46,"author":{"gitId":"nitin19011"},"content":"        System.out.println(\"OK, I\u0027ve marked this task as not done yet:\");","lastModifiedDate":"2025-10-01T22:38:07","isFullCredit":false},{"lineNumber":47,"author":{"gitId":"nitin19011"},"content":"        System.out.println(\"  \" + task);","lastModifiedDate":"2025-10-01T22:38:07","isFullCredit":false},{"lineNumber":48,"author":{"gitId":"nitin19011"},"content":"    }","lastModifiedDate":"2025-10-01T22:38:07","isFullCredit":false},{"lineNumber":49,"author":{"gitId":"nitin19011"},"content":"","lastModifiedDate":"2025-10-01T22:38:07","isFullCredit":false},{"lineNumber":50,"author":{"gitId":"nitin19011"},"content":"    public void showList(List\u003cTask\u003e tasks) {","lastModifiedDate":"2025-10-01T22:38:07","isFullCredit":false},{"lineNumber":51,"author":{"gitId":"nitin19011"},"content":"        if (tasks.isEmpty()) {","lastModifiedDate":"2025-10-01T22:38:07","isFullCredit":false},{"lineNumber":52,"author":{"gitId":"nitin19011"},"content":"            System.out.println(\"Your list is empty.\");","lastModifiedDate":"2025-10-01T22:38:07","isFullCredit":false},{"lineNumber":53,"author":{"gitId":"nitin19011"},"content":"            return;","lastModifiedDate":"2025-10-01T22:38:07","isFullCredit":false},{"lineNumber":54,"author":{"gitId":"nitin19011"},"content":"        }","lastModifiedDate":"2025-10-01T22:38:07","isFullCredit":false},{"lineNumber":55,"author":{"gitId":"nitin19011"},"content":"        for (int i \u003d 0; i \u003c tasks.size(); i++) {","lastModifiedDate":"2025-10-01T22:38:07","isFullCredit":false},{"lineNumber":56,"author":{"gitId":"nitin19011"},"content":"            System.out.println((i + 1) + \". \" + tasks.get(i));","lastModifiedDate":"2025-10-01T22:38:07","isFullCredit":false},{"lineNumber":57,"author":{"gitId":"nitin19011"},"content":"        }","lastModifiedDate":"2025-10-01T22:38:07","isFullCredit":false},{"lineNumber":58,"author":{"gitId":"nitin19011"},"content":"    }","lastModifiedDate":"2025-10-01T22:38:07","isFullCredit":false},{"lineNumber":59,"author":{"gitId":"nitin19011"},"content":"}","lastModifiedDate":"2025-10-01T22:38:07","isFullCredit":false}],"authorContributionMap":{"nitin19011":59}}]
