{"authorDailyContributionsMap":{"nitin19011":[{"date":"2025-08-26T00:00:00","commitResults":[{"hash":"7a159e8e34748be2d20bc0baa81f4d6802ae659e","isMergeCommit":false,"messageTitle":"Duke\u0027s name change to Socks; Added greeting \u0026 exit","messageBody":"Implemented initial skeleton for the Socks chatbot:\n- Added greeting message\n\n- Added exit message\n","tags":["Level-0"],"fileTypesAndContributionMap":{"java":{"insertions":17,"deletions":10},"md":{"insertions":1,"deletions":1}}}]},{"date":"2025-08-28T00:00:00","commitResults":[{"hash":"14e1024e6707bde4ac09f18993c8cf8e9abea9d1","isMergeCommit":false,"messageTitle":"Added ability for socks to echo user\u0027s message","messageBody":"sock takes in userinput and if it matches with \"bye\"(not cases\nsensitive) it prompts exit message and ends the session, otherwise, it\necho\u0027s the user\u0027s input command back on the terminal.\n","tags":["Level-1"],"fileTypesAndContributionMap":{"java":{"insertions":21,"deletions":10}}},{"hash":"97003d0fb9465a564ae9223cdb519c589065dd63","isMergeCommit":false,"messageTitle":"Added sock\u0027s ability to add tasks \u0026 list them","messageBody":"","tags":["Level-2"],"fileTypesAndContributionMap":{"java":{"insertions":34,"deletions":4}}}]},{"date":"2025-08-29T00:00:00","commitResults":[{"hash":"1029505549dd8757f38754539839d3e4e74e91e6","isMergeCommit":false,"messageTitle":"Added Sock\u0027s ability to mark and unmark tasks.","messageBody":"Socks is also able to handle user input errors like\n- invalid mark\n- invalid unmark\n","tags":["Level-3"],"fileTypesAndContributionMap":{"java":{"insertions":48,"deletions":4}}},{"hash":"e3b1bf6f17de0e327c99b82eb0fcabf47706f9c7","isMergeCommit":false,"messageTitle":"Fixed Coding Standard issues","messageBody":"","tags":["A-CodingStandard"],"fileTypesAndContributionMap":{"java":{"insertions":8,"deletions":8}}}]},{"date":"2025-09-09T00:00:00","commitResults":[{"hash":"cc2ac89f9aa67bf22ed0b9b845d86aa760669d0f","isMergeCommit":false,"messageTitle":"added appropriate classes to handle relevant methods","messageBody":"-added todo class\n-added deadline class\n-added event class\n-added task manager class\n-refactor main program to appropriate methods\n","tags":["Level-4","A-Collection"],"fileTypesAndContributionMap":{"java":{"insertions":149,"deletions":90}}},{"hash":"00acff19818db0c1edda7998dce9b8f494032193","isMergeCommit":false,"messageTitle":"added helpful comments and fixed code quality","messageBody":"","tags":["A-CodeQuality"],"fileTypesAndContributionMap":{"java":{"insertions":18,"deletions":16}}}]},{"date":"2025-09-17T00:00:00","commitResults":[{"hash":"cc8bbe29b907bc053eb8750c2c3a37610d22a6af","isMergeCommit":false,"messageTitle":"Level-5: Add SocksException custom exception","messageBody":"","fileTypesAndContributionMap":{"java":{"insertions":5,"deletions":0}}},{"hash":"6399edf13b67b2d9dcd755925f9a680247faae3a","isMergeCommit":false,"messageTitle":"Level-5: Added exception messages to Socks","messageBody":"","fileTypesAndContributionMap":{"java":{"insertions":63,"deletions":40}}},{"hash":"39a0ac3ba83f3e29e4fdff05ad4d0b030511cdab","isMergeCommit":true,"messageTitle":"Merge branch \u0027branch-Level-5\u0027 for Level-5: Handle Errors","messageBody":"","tags":["Level-5"],"fileTypesAndContributionMap":{}},{"hash":"43ed6916d4be2e586e95f267d4e50e160d8b0fbe","isMergeCommit":false,"messageTitle":"Use Exceptions to handle errors","messageBody":"","tags":["A-Jar","A-Exceptions"],"fileTypesAndContributionMap":{"java":{"insertions":1,"deletions":1}}}]},{"date":"2025-09-25T00:00:00","commitResults":[{"hash":"151659e72d3e4c0e9524ad8050e9217f261b8d99","isMergeCommit":false,"messageTitle":"Implemented delete method to socks","messageBody":"","tags":["Level-6"],"fileTypesAndContributionMap":{"java":{"insertions":10,"deletions":0}}}]},{"date":"2025-09-26T00:00:00","commitResults":[{"hash":"afab97ce3ea70c69c152d20efba6ca2bbfad8fe6","isMergeCommit":false,"messageTitle":"added task storage functionality to socks","messageBody":"","fileTypesAndContributionMap":{"txt":{"insertions":6,"deletions":0},"java":{"insertions":114,"deletions":3}}},{"hash":"be68329e81c91278de5094a52b3fc155799ec509","isMergeCommit":true,"messageTitle":"Merge branch \u0027branch-Level-6\u0027","messageBody":"","fileTypesAndContributionMap":{}},{"hash":"6ac0d6c8fab6c7cbb7e78974667da7e6e53afbfb","isMergeCommit":true,"messageTitle":"Merge branch \u0027branch-Level-7\u0027","messageBody":"","tags":["Level-7"],"fileTypesAndContributionMap":{}}]}]},"authorFileTypeContributionMap":{"nitin19011":{"java":312,"md":1,"fxml":0,"sh":0,"bat":0,"gradle":0,"txt":6}},"authorContributionVariance":{"nitin19011":2055.6296},"authorDisplayNameMap":{"nitin19011":"CS2113-W14-3 NITI..ITIN"}}
