{"authorDailyContributionsMap":{"nitin19011":[{"date":"2025-08-26T00:00:00","commitResults":[{"hash":"7a159e8e34748be2d20bc0baa81f4d6802ae659e","isMergeCommit":false,"messageTitle":"Duke\u0027s name change to Socks; Added greeting \u0026 exit","messageBody":"Implemented initial skeleton for the Socks chatbot:\n- Added greeting message\n\n- Added exit message\n","tags":["Level-0"],"fileTypesAndContributionMap":{"java":{"insertions":17,"deletions":10},"md":{"insertions":1,"deletions":1}}}]},{"date":"2025-08-28T00:00:00","commitResults":[{"hash":"14e1024e6707bde4ac09f18993c8cf8e9abea9d1","isMergeCommit":false,"messageTitle":"Added ability for socks to echo user\u0027s message","messageBody":"sock takes in userinput and if it matches with \"bye\"(not cases\nsensitive) it prompts exit message and ends the session, otherwise, it\necho\u0027s the user\u0027s input command back on the terminal.\n","tags":["Level-1"],"fileTypesAndContributionMap":{"java":{"insertions":21,"deletions":10}}},{"hash":"97003d0fb9465a564ae9223cdb519c589065dd63","isMergeCommit":false,"messageTitle":"Added sock\u0027s ability to add tasks \u0026 list them","messageBody":"","tags":["Level-2"],"fileTypesAndContributionMap":{"java":{"insertions":34,"deletions":4}}}]},{"date":"2025-08-29T00:00:00","commitResults":[{"hash":"1029505549dd8757f38754539839d3e4e74e91e6","isMergeCommit":false,"messageTitle":"Added Sock\u0027s ability to mark and unmark tasks.","messageBody":"Socks is also able to handle user input errors like\n- invalid mark\n- invalid unmark\n","tags":["Level-3"],"fileTypesAndContributionMap":{"java":{"insertions":48,"deletions":4}}},{"hash":"e3b1bf6f17de0e327c99b82eb0fcabf47706f9c7","isMergeCommit":false,"messageTitle":"Fixed Coding Standard issues","messageBody":"","tags":["A-CodingStandard"],"fileTypesAndContributionMap":{"java":{"insertions":8,"deletions":8}}}]}]},"authorFileTypeContributionMap":{"nitin19011":{"java":102,"md":1,"fxml":0,"sh":0,"bat":0,"gradle":0,"txt":0}},"authorContributionVariance":{"nitin19011":407.88428},"authorDisplayNameMap":{"nitin19011":"NITI..ITIN"}}
