[{"path":"README.md","fileType":"md","lines":[{"lineNumber":1,"author":{"gitId":"shira421"},"content":"# Kyro project template","lastModifiedDate":"2025-08-20T20:00:18","isFullCredit":false},{"lineNumber":2,"author":{"gitId":"-"},"content":"","lastModifiedDate":"2020-05-25T00:03:55","isFullCredit":false},{"lineNumber":3,"author":{"gitId":"shira421"},"content":"_Kyro_ is a chatbot designed to assist you in your daily life. Its name is inspired by the Greek word _Kyros_, meaning \"master\". Given below are instructions on how to use it.","lastModifiedDate":"2025-08-20T20:00:18","isFullCredit":false},{"lineNumber":4,"author":{"gitId":"-"},"content":"","lastModifiedDate":"2020-05-25T00:03:55","isFullCredit":false},{"lineNumber":5,"author":{"gitId":"-"},"content":"## Setting up in Intellij","lastModifiedDate":"2020-05-25T00:03:55","isFullCredit":false},{"lineNumber":6,"author":{"gitId":"-"},"content":"","lastModifiedDate":"2020-05-25T00:03:55","isFullCredit":false},{"lineNumber":7,"author":{"gitId":"-"},"content":"Prerequisites: JDK 17, update Intellij to the most recent version.","lastModifiedDate":"2024-07-11T16:50:14","isFullCredit":false},{"lineNumber":8,"author":{"gitId":"-"},"content":"","lastModifiedDate":"2020-05-25T00:03:55","isFullCredit":false},{"lineNumber":9,"author":{"gitId":"-"},"content":"1. Open Intellij (if you are not in the welcome screen, click `File` \u003e `Close Project` to close the existing project first)","lastModifiedDate":"2021-01-17T12:25:53","isFullCredit":false},{"lineNumber":10,"author":{"gitId":"-"},"content":"1. Open the project into Intellij as follows:","lastModifiedDate":"2021-01-17T12:25:53","isFullCredit":false},{"lineNumber":11,"author":{"gitId":"-"},"content":"   1. Click `Open`.","lastModifiedDate":"2021-01-17T12:25:53","isFullCredit":false},{"lineNumber":12,"author":{"gitId":"-"},"content":"   1. Select the project directory, and click `OK`.","lastModifiedDate":"2021-01-17T12:25:53","isFullCredit":false},{"lineNumber":13,"author":{"gitId":"-"},"content":"   1. If there are any further prompts, accept the defaults.","lastModifiedDate":"2020-05-25T00:03:55","isFullCredit":false},{"lineNumber":14,"author":{"gitId":"-"},"content":"1. Configure the project to use **JDK 17** (not other versions) as explained in [here](https://www.jetbrains.com/help/idea/sdk.html#set-up-jdk).\u003cbr\u003e","lastModifiedDate":"2024-07-11T16:50:14","isFullCredit":false},{"lineNumber":15,"author":{"gitId":"-"},"content":"   In the same dialog, set the **Project language level** field to the `SDK default` option.","lastModifiedDate":"2021-07-29T20:29:39","isFullCredit":false},{"lineNumber":16,"author":{"gitId":"shira421"},"content":"1. After that, locate the `src/main/java/Kyro.java` file, right-click it, and choose `Run Kyro.main()` (if the code editor is showing compile errors, try restarting the IDE). If the setup is correct, you should see something like the below as the output:","lastModifiedDate":"2025-08-20T20:00:18","isFullCredit":false},{"lineNumber":17,"author":{"gitId":"-"},"content":"   ```","lastModifiedDate":"2020-05-25T00:03:55","isFullCredit":false},{"lineNumber":18,"author":{"gitId":"-"},"content":"   Hello from","lastModifiedDate":"2020-05-25T00:03:55","isFullCredit":false},{"lineNumber":19,"author":{"gitId":"shira421"},"content":"    ____  __.                      ","lastModifiedDate":"2025-08-20T20:00:18","isFullCredit":false},{"lineNumber":20,"author":{"gitId":"shira421"},"content":"   |    |/ _|___.__._______  ____  ","lastModifiedDate":"2025-08-20T20:00:18","isFullCredit":false},{"lineNumber":21,"author":{"gitId":"shira421"},"content":"   |      \u003c \u003c   |  |\\_  __ \\/  _ \\ ","lastModifiedDate":"2025-08-20T20:00:18","isFullCredit":false},{"lineNumber":22,"author":{"gitId":"shira421"},"content":"   |    |  \\ \\___  | |  | \\(  \u003c_\u003e )","lastModifiedDate":"2025-08-20T20:00:18","isFullCredit":false},{"lineNumber":23,"author":{"gitId":"shira421"},"content":"   |____|__ \\/ ____| |__|   \\____/ ","lastModifiedDate":"2025-08-20T20:00:18","isFullCredit":false},{"lineNumber":24,"author":{"gitId":"shira421"},"content":"        \\/\\/                    ","lastModifiedDate":"2025-08-20T20:00:18","isFullCredit":false},{"lineNumber":25,"author":{"gitId":"-"},"content":"   ```","lastModifiedDate":"2020-05-25T00:03:55","isFullCredit":false},{"lineNumber":26,"author":{"gitId":"-"},"content":"","lastModifiedDate":"2025-01-04T21:44:28","isFullCredit":false},{"lineNumber":27,"author":{"gitId":"-"},"content":"**Warning:** Keep the `src\\main\\java` folder as the root folder for Java files (i.e., don\u0027t rename those folders or move Java files to another folder outside of this folder path), as this is the default location some tools (e.g., Gradle) expect to find Java files.","lastModifiedDate":"2025-01-04T21:44:28","isFullCredit":false}],"authorContributionMap":{"-":18,"shira421":9}},{"path":"docs/README.md","fileType":"md","lines":[{"lineNumber":1,"author":{"gitId":"shira421"},"content":"Kyro","lastModifiedDate":"2025-08-20T19:56:05","isFullCredit":false},{"lineNumber":2,"author":{"gitId":"shira421"},"content":"Kyro is a chatbot designed to assist you in your daily life. Its name is inspired by the Greek word Kyros, meaning \"master\". Given below are instructions on how to use it.","lastModifiedDate":"2025-08-20T19:56:05","isFullCredit":false},{"lineNumber":3,"author":{"gitId":"shira421"},"content":"","lastModifiedDate":"2025-08-20T19:56:05","isFullCredit":false},{"lineNumber":4,"author":{"gitId":"shira421"},"content":"Setting up in Intellij","lastModifiedDate":"2025-08-20T19:56:05","isFullCredit":false},{"lineNumber":5,"author":{"gitId":"shira421"},"content":"Prerequisites: JDK 17, update Intellij to the most recent version.","lastModifiedDate":"2025-08-20T19:56:05","isFullCredit":false},{"lineNumber":6,"author":{"gitId":"shira421"},"content":"","lastModifiedDate":"2025-08-20T19:56:05","isFullCredit":false},{"lineNumber":7,"author":{"gitId":"shira421"},"content":"Open Intellij (if you are not in the welcome screen, click File \u003e Close Project to close the existing project first)","lastModifiedDate":"2025-08-20T19:56:05","isFullCredit":false},{"lineNumber":8,"author":{"gitId":"shira421"},"content":"Open the project into Intellij as follows:","lastModifiedDate":"2025-08-20T19:56:05","isFullCredit":false},{"lineNumber":9,"author":{"gitId":"shira421"},"content":"Click Open.","lastModifiedDate":"2025-08-20T19:56:05","isFullCredit":false},{"lineNumber":10,"author":{"gitId":"shira421"},"content":"Select the project directory, and click OK.","lastModifiedDate":"2025-08-20T19:56:05","isFullCredit":false},{"lineNumber":11,"author":{"gitId":"shira421"},"content":"If there are any further prompts, accept the defaults.","lastModifiedDate":"2025-08-20T19:56:05","isFullCredit":false},{"lineNumber":12,"author":{"gitId":"shira421"},"content":"Configure the project to use JDK 17 (not other versions) as explained in here.","lastModifiedDate":"2025-08-20T19:56:05","isFullCredit":false},{"lineNumber":13,"author":{"gitId":"shira421"},"content":"In the same dialog, set the Project language level field to the SDK default option.","lastModifiedDate":"2025-08-20T19:56:05","isFullCredit":false},{"lineNumber":14,"author":{"gitId":"shira421"},"content":"After that, locate the src/main/java/Kyro.java file, right-click it, and choose Run Kyro.main() (if the code editor is showing compile errors, try restarting the IDE). If the setup is correct, you should see something like the below as the output:","lastModifiedDate":"2025-08-20T19:56:05","isFullCredit":false},{"lineNumber":15,"author":{"gitId":"shira421"},"content":"Hello from","lastModifiedDate":"2025-08-20T19:56:05","isFullCredit":false},{"lineNumber":16,"author":{"gitId":"shira421"},"content":"____  __.                      ","lastModifiedDate":"2025-08-20T19:56:05","isFullCredit":false},{"lineNumber":17,"author":{"gitId":"shira421"},"content":"|    |/ _|___.__._______  ____  ","lastModifiedDate":"2025-08-20T19:56:05","isFullCredit":false},{"lineNumber":18,"author":{"gitId":"shira421"},"content":"|      \u003c \u003c   |  |\\_  __ \\/  _ \\","lastModifiedDate":"2025-08-20T19:56:05","isFullCredit":false},{"lineNumber":19,"author":{"gitId":"shira421"},"content":"|    |  \\ \\___  | |  | \\(  \u003c_\u003e )","lastModifiedDate":"2025-08-20T19:56:05","isFullCredit":false},{"lineNumber":20,"author":{"gitId":"shira421"},"content":"|____|__ \\/ ____| |__|   \\____/","lastModifiedDate":"2025-08-20T19:56:05","isFullCredit":false},{"lineNumber":21,"author":{"gitId":"shira421"},"content":"\\/\\/                    ","lastModifiedDate":"2025-08-20T19:56:05","isFullCredit":false},{"lineNumber":22,"author":{"gitId":"shira421"},"content":"Warning: Keep the src\\main\\java folder as the root folder for Java files (i.e., don\u0027t rename those folders or move Java files to another folder outside of this folder path), as this is the default location some tools (e.g., Gradle) expect to find Java files.","lastModifiedDate":"2025-08-20T19:56:05","isFullCredit":false}],"authorContributionMap":{"shira421":22}},{"path":"src/main/java/Deadline.java","fileType":"java","lines":[{"lineNumber":1,"author":{"gitId":"shira421"},"content":"public class Deadline extends Task {","lastModifiedDate":"2025-09-02T17:44:35","isFullCredit":false},{"lineNumber":2,"author":{"gitId":"shira421"},"content":"","lastModifiedDate":"2025-09-02T17:44:35","isFullCredit":false},{"lineNumber":3,"author":{"gitId":"shira421"},"content":"    protected String by;","lastModifiedDate":"2025-09-02T17:44:35","isFullCredit":false},{"lineNumber":4,"author":{"gitId":"shira421"},"content":"","lastModifiedDate":"2025-09-02T17:44:35","isFullCredit":false},{"lineNumber":5,"author":{"gitId":"shira421"},"content":"    public Deadline(String description, String by) {","lastModifiedDate":"2025-09-02T17:44:35","isFullCredit":false},{"lineNumber":6,"author":{"gitId":"shira421"},"content":"        super(description);","lastModifiedDate":"2025-09-02T17:44:35","isFullCredit":false},{"lineNumber":7,"author":{"gitId":"shira421"},"content":"        this.by \u003d by;","lastModifiedDate":"2025-09-02T17:44:35","isFullCredit":false},{"lineNumber":8,"author":{"gitId":"shira421"},"content":"    }","lastModifiedDate":"2025-09-02T17:44:35","isFullCredit":false},{"lineNumber":9,"author":{"gitId":"shira421"},"content":"","lastModifiedDate":"2025-09-02T17:44:35","isFullCredit":false},{"lineNumber":10,"author":{"gitId":"shira421"},"content":"    @Override","lastModifiedDate":"2025-09-02T17:44:35","isFullCredit":false},{"lineNumber":11,"author":{"gitId":"shira421"},"content":"    public String toString() {","lastModifiedDate":"2025-09-02T17:44:35","isFullCredit":false},{"lineNumber":12,"author":{"gitId":"shira421"},"content":"        return \"[D]\" + super.toString() + \" (by: \" + by + \")\";","lastModifiedDate":"2025-09-02T17:44:35","isFullCredit":false},{"lineNumber":13,"author":{"gitId":"shira421"},"content":"    }","lastModifiedDate":"2025-09-02T17:44:35","isFullCredit":false},{"lineNumber":14,"author":{"gitId":"shira421"},"content":"}","lastModifiedDate":"2025-09-02T17:44:35","isFullCredit":false}],"authorContributionMap":{"shira421":14}},{"path":"src/main/java/Event.java","fileType":"java","lines":[{"lineNumber":1,"author":{"gitId":"shira421"},"content":"public class Event extends Task {","lastModifiedDate":"2025-09-02T17:44:35","isFullCredit":false},{"lineNumber":2,"author":{"gitId":"shira421"},"content":"","lastModifiedDate":"2025-09-02T17:44:35","isFullCredit":false},{"lineNumber":3,"author":{"gitId":"shira421"},"content":"    protected String from;","lastModifiedDate":"2025-09-02T17:44:35","isFullCredit":false},{"lineNumber":4,"author":{"gitId":"shira421"},"content":"    protected String to;","lastModifiedDate":"2025-09-02T17:44:35","isFullCredit":false},{"lineNumber":5,"author":{"gitId":"shira421"},"content":"","lastModifiedDate":"2025-09-02T17:44:35","isFullCredit":false},{"lineNumber":6,"author":{"gitId":"shira421"},"content":"    public Event(String description, String from, String to) {","lastModifiedDate":"2025-09-02T17:44:35","isFullCredit":false},{"lineNumber":7,"author":{"gitId":"shira421"},"content":"        super(description);","lastModifiedDate":"2025-09-02T17:44:35","isFullCredit":false},{"lineNumber":8,"author":{"gitId":"shira421"},"content":"        this.from \u003d from;","lastModifiedDate":"2025-09-02T17:44:35","isFullCredit":false},{"lineNumber":9,"author":{"gitId":"shira421"},"content":"        this.to \u003d to;","lastModifiedDate":"2025-09-02T17:44:35","isFullCredit":false},{"lineNumber":10,"author":{"gitId":"shira421"},"content":"    }","lastModifiedDate":"2025-09-02T17:44:35","isFullCredit":false},{"lineNumber":11,"author":{"gitId":"shira421"},"content":"","lastModifiedDate":"2025-09-02T17:44:35","isFullCredit":false},{"lineNumber":12,"author":{"gitId":"shira421"},"content":"    @Override","lastModifiedDate":"2025-09-02T17:44:35","isFullCredit":false},{"lineNumber":13,"author":{"gitId":"shira421"},"content":"    public String toString() {","lastModifiedDate":"2025-09-02T17:44:35","isFullCredit":false},{"lineNumber":14,"author":{"gitId":"shira421"},"content":"        return \"[E]\" + super.toString() +","lastModifiedDate":"2025-09-02T17:44:35","isFullCredit":false},{"lineNumber":15,"author":{"gitId":"shira421"},"content":"                \" (from\" +","lastModifiedDate":"2025-09-03T05:24:48","isFullCredit":false},{"lineNumber":16,"author":{"gitId":"shira421"},"content":"                \": \" + from + \" to: \" + to + \")\";","lastModifiedDate":"2025-09-03T05:24:48","isFullCredit":false},{"lineNumber":17,"author":{"gitId":"shira421"},"content":"    }","lastModifiedDate":"2025-09-02T17:44:35","isFullCredit":false},{"lineNumber":18,"author":{"gitId":"shira421"},"content":"}","lastModifiedDate":"2025-09-02T17:44:35","isFullCredit":false}],"authorContributionMap":{"shira421":18}},{"path":"src/main/java/Kyro.java","fileType":"java","lines":[{"lineNumber":1,"author":{"gitId":"shira421"},"content":"import java.util.Scanner;","lastModifiedDate":"2025-08-27T11:29:58","isFullCredit":false},{"lineNumber":2,"author":{"gitId":"shira421"},"content":"","lastModifiedDate":"2025-08-27T11:29:58","isFullCredit":false},{"lineNumber":3,"author":{"gitId":"shira421"},"content":"public class Kyro {","lastModifiedDate":"2025-08-20T19:42:27","isFullCredit":false},{"lineNumber":4,"author":{"gitId":"shira421"},"content":"","lastModifiedDate":"2025-08-27T11:29:58","isFullCredit":false},{"lineNumber":5,"author":{"gitId":"shira421"},"content":"    private static final String SINGLE_LINE \u003d \"____________________________________________________________\";","lastModifiedDate":"2025-09-01T13:30:20","isFullCredit":false},{"lineNumber":6,"author":{"gitId":"shira421"},"content":"    private static final int MAX_TASKS \u003d 100;","lastModifiedDate":"2025-08-27T11:56:18","isFullCredit":false},{"lineNumber":7,"author":{"gitId":"shira421"},"content":"","lastModifiedDate":"2025-08-27T11:29:58","isFullCredit":false},{"lineNumber":8,"author":{"gitId":"shira421"},"content":"    public static void printWelcome() {","lastModifiedDate":"2025-08-27T11:56:18","isFullCredit":false},{"lineNumber":9,"author":{"gitId":"shira421"},"content":"        String logo \u003d \" ____  __.                      \\n\"","lastModifiedDate":"2025-08-27T11:29:58","isFullCredit":false},{"lineNumber":10,"author":{"gitId":"shira421"},"content":"                + \"|    |/ _|___.__._______  ____  \\n\"","lastModifiedDate":"2025-08-20T19:42:27","isFullCredit":false},{"lineNumber":11,"author":{"gitId":"shira421"},"content":"                + \"|      \u003c \u003c   |  |\\\\_  __ \\\\/  _ \\\\ \\n\"","lastModifiedDate":"2025-08-20T19:42:27","isFullCredit":false},{"lineNumber":12,"author":{"gitId":"shira421"},"content":"                + \"|    |  \\\\ \\\\___  | |  | \\\\(  \u003c_\u003e )\\n\"","lastModifiedDate":"2025-08-20T19:42:27","isFullCredit":false},{"lineNumber":13,"author":{"gitId":"shira421"},"content":"                + \"|____|__ \\\\/ ____| |__|   \\\\____/ \\n\"","lastModifiedDate":"2025-08-20T19:42:27","isFullCredit":false},{"lineNumber":14,"author":{"gitId":"shira421"},"content":"                + \"        \\\\/\\\\/                     \\n\";","lastModifiedDate":"2025-08-20T19:42:27","isFullCredit":false},{"lineNumber":15,"author":{"gitId":"shira421"},"content":"","lastModifiedDate":"2025-08-20T19:42:27","isFullCredit":false},{"lineNumber":16,"author":{"gitId":"shira421"},"content":"        System.out.println(\"Hello from\\n\" + logo);","lastModifiedDate":"2025-08-20T19:42:27","isFullCredit":false},{"lineNumber":17,"author":{"gitId":"shira421"},"content":"","lastModifiedDate":"2025-08-20T19:42:27","isFullCredit":false},{"lineNumber":18,"author":{"gitId":"shira421"},"content":"        System.out.println(SINGLE_LINE);","lastModifiedDate":"2025-09-01T13:30:20","isFullCredit":false},{"lineNumber":19,"author":{"gitId":"shira421"},"content":"        System.out.println(\" Hello! I\u0027m Kyro, your personal assistant.\");","lastModifiedDate":"2025-09-03T05:24:48","isFullCredit":false},{"lineNumber":20,"author":{"gitId":"shira421"},"content":"        System.out.println(\" What can Kyro do for you?\");","lastModifiedDate":"2025-08-27T11:56:18","isFullCredit":false},{"lineNumber":21,"author":{"gitId":"shira421"},"content":"        System.out.println(SINGLE_LINE);","lastModifiedDate":"2025-09-01T13:30:20","isFullCredit":false},{"lineNumber":22,"author":{"gitId":"shira421"},"content":"    }","lastModifiedDate":"2025-08-27T11:56:18","isFullCredit":false},{"lineNumber":23,"author":{"gitId":"shira421"},"content":"","lastModifiedDate":"2025-08-27T11:56:18","isFullCredit":false},{"lineNumber":24,"author":{"gitId":"shira421"},"content":"    public static void printBye() {","lastModifiedDate":"2025-08-27T11:56:18","isFullCredit":false},{"lineNumber":25,"author":{"gitId":"shira421"},"content":"        System.out.println(SINGLE_LINE);","lastModifiedDate":"2025-09-01T13:30:20","isFullCredit":false},{"lineNumber":26,"author":{"gitId":"shira421"},"content":"        System.out.println(\" Bye. Kyro hopes to see you again soon!\");","lastModifiedDate":"2025-08-27T11:56:18","isFullCredit":false},{"lineNumber":27,"author":{"gitId":"shira421"},"content":"        System.out.println(SINGLE_LINE);","lastModifiedDate":"2025-09-01T13:30:20","isFullCredit":false},{"lineNumber":28,"author":{"gitId":"shira421"},"content":"    }","lastModifiedDate":"2025-08-27T11:56:18","isFullCredit":false},{"lineNumber":29,"author":{"gitId":"shira421"},"content":"","lastModifiedDate":"2025-08-20T19:42:27","isFullCredit":false},{"lineNumber":30,"author":{"gitId":"shira421"},"content":"    public static void printTasks(Task[] tasks, int count) {","lastModifiedDate":"2025-08-27T12:27:24","isFullCredit":false},{"lineNumber":31,"author":{"gitId":"shira421"},"content":"        System.out.println(SINGLE_LINE);","lastModifiedDate":"2025-09-01T13:30:20","isFullCredit":false},{"lineNumber":32,"author":{"gitId":"shira421"},"content":"        if (count \u003d\u003d 0) {","lastModifiedDate":"2025-08-27T12:27:24","isFullCredit":false},{"lineNumber":33,"author":{"gitId":"shira421"},"content":"            System.out.println(\" Kyro is glad that you have no tasks!\");","lastModifiedDate":"2025-08-27T12:27:24","isFullCredit":false},{"lineNumber":34,"author":{"gitId":"shira421"},"content":"        } else {","lastModifiedDate":"2025-08-27T12:27:24","isFullCredit":false},{"lineNumber":35,"author":{"gitId":"shira421"},"content":"            for (int i \u003d 0; i \u003c count; i++) {","lastModifiedDate":"2025-08-27T12:27:24","isFullCredit":false},{"lineNumber":36,"author":{"gitId":"shira421"},"content":"                System.out.printf(\" %d. %s%n\", i + 1, tasks[i].toString());","lastModifiedDate":"2025-09-02T17:44:35","isFullCredit":false},{"lineNumber":37,"author":{"gitId":"shira421"},"content":"            }","lastModifiedDate":"2025-08-27T12:27:24","isFullCredit":false},{"lineNumber":38,"author":{"gitId":"shira421"},"content":"        }","lastModifiedDate":"2025-08-27T12:27:24","isFullCredit":false},{"lineNumber":39,"author":{"gitId":"shira421"},"content":"        System.out.println(SINGLE_LINE);","lastModifiedDate":"2025-09-01T13:30:20","isFullCredit":false},{"lineNumber":40,"author":{"gitId":"shira421"},"content":"    }","lastModifiedDate":"2025-08-27T12:27:24","isFullCredit":false},{"lineNumber":41,"author":{"gitId":"shira421"},"content":"","lastModifiedDate":"2025-08-27T12:27:24","isFullCredit":false},{"lineNumber":42,"author":{"gitId":"shira421"},"content":"    public static void printAddedTask(Task[] tasks, int count) {","lastModifiedDate":"2025-09-02T23:30:57","isFullCredit":false},{"lineNumber":43,"author":{"gitId":"shira421"},"content":"        System.out.println(SINGLE_LINE);","lastModifiedDate":"2025-09-02T23:30:57","isFullCredit":false},{"lineNumber":44,"author":{"gitId":"shira421"},"content":"        System.out.println(\" Kyro has added:\\n\"","lastModifiedDate":"2025-09-02T23:30:57","isFullCredit":false},{"lineNumber":45,"author":{"gitId":"shira421"},"content":"                + \"  \" + tasks[count].toString() + \"\\n\"","lastModifiedDate":"2025-09-02T23:30:57","isFullCredit":false},{"lineNumber":46,"author":{"gitId":"shira421"},"content":"                + \" Now you have \" + (count + 1) + \" tasks in the list!\");","lastModifiedDate":"2025-09-02T23:30:57","isFullCredit":false},{"lineNumber":47,"author":{"gitId":"shira421"},"content":"        System.out.println(SINGLE_LINE);","lastModifiedDate":"2025-09-02T23:30:57","isFullCredit":false},{"lineNumber":48,"author":{"gitId":"shira421"},"content":"    }","lastModifiedDate":"2025-09-02T23:30:57","isFullCredit":false},{"lineNumber":49,"author":{"gitId":"shira421"},"content":"","lastModifiedDate":"2025-09-02T23:30:57","isFullCredit":false},{"lineNumber":50,"author":{"gitId":"shira421"},"content":"    public static void main(String[] args) {","lastModifiedDate":"2025-08-27T11:56:18","isFullCredit":false},{"lineNumber":51,"author":{"gitId":"shira421"},"content":"        Scanner scanner \u003d new Scanner(System.in);","lastModifiedDate":"2025-08-27T11:29:58","isFullCredit":false},{"lineNumber":52,"author":{"gitId":"shira421"},"content":"        Task[] tasks \u003d new Task[MAX_TASKS];","lastModifiedDate":"2025-08-27T12:27:24","isFullCredit":false},{"lineNumber":53,"author":{"gitId":"shira421"},"content":"        int taskCount \u003d 0;","lastModifiedDate":"2025-08-27T11:56:18","isFullCredit":false},{"lineNumber":54,"author":{"gitId":"shira421"},"content":"","lastModifiedDate":"2025-08-27T11:56:18","isFullCredit":false},{"lineNumber":55,"author":{"gitId":"shira421"},"content":"        printWelcome();","lastModifiedDate":"2025-08-27T11:56:18","isFullCredit":false},{"lineNumber":56,"author":{"gitId":"shira421"},"content":"","lastModifiedDate":"2025-08-27T11:29:58","isFullCredit":false},{"lineNumber":57,"author":{"gitId":"shira421"},"content":"        while (true) {","lastModifiedDate":"2025-08-27T11:29:58","isFullCredit":false},{"lineNumber":58,"author":{"gitId":"shira421"},"content":"            String input \u003d scanner.nextLine().trim();","lastModifiedDate":"2025-09-02T17:44:35","isFullCredit":false},{"lineNumber":59,"author":{"gitId":"shira421"},"content":"            String[] parts \u003d input.split(\" \", 2);","lastModifiedDate":"2025-08-27T12:27:24","isFullCredit":false},{"lineNumber":60,"author":{"gitId":"shira421"},"content":"            String command \u003d parts[0].toLowerCase();","lastModifiedDate":"2025-08-27T12:27:24","isFullCredit":false},{"lineNumber":61,"author":{"gitId":"shira421"},"content":"","lastModifiedDate":"2025-08-27T11:29:58","isFullCredit":false},{"lineNumber":62,"author":{"gitId":"shira421"},"content":"            switch (command) {","lastModifiedDate":"2025-08-27T12:27:24","isFullCredit":false},{"lineNumber":63,"author":{"gitId":"shira421"},"content":"            case \"bye\":","lastModifiedDate":"2025-08-27T12:27:24","isFullCredit":false},{"lineNumber":64,"author":{"gitId":"shira421"},"content":"                printBye();","lastModifiedDate":"2025-08-27T11:56:18","isFullCredit":false},{"lineNumber":65,"author":{"gitId":"shira421"},"content":"                scanner.close();","lastModifiedDate":"2025-08-27T12:27:24","isFullCredit":false},{"lineNumber":66,"author":{"gitId":"shira421"},"content":"                return;","lastModifiedDate":"2025-08-27T12:27:24","isFullCredit":false},{"lineNumber":67,"author":{"gitId":"shira421"},"content":"","lastModifiedDate":"2025-08-27T12:27:24","isFullCredit":false},{"lineNumber":68,"author":{"gitId":"shira421"},"content":"            case \"list\":","lastModifiedDate":"2025-08-27T12:27:24","isFullCredit":false},{"lineNumber":69,"author":{"gitId":"shira421"},"content":"                printTasks(tasks, taskCount);","lastModifiedDate":"2025-08-27T12:27:24","isFullCredit":false},{"lineNumber":70,"author":{"gitId":"shira421"},"content":"                break;","lastModifiedDate":"2025-08-27T11:29:58","isFullCredit":false},{"lineNumber":71,"author":{"gitId":"shira421"},"content":"","lastModifiedDate":"2025-08-27T12:27:24","isFullCredit":false},{"lineNumber":72,"author":{"gitId":"shira421"},"content":"            case \"mark\":","lastModifiedDate":"2025-08-27T12:27:24","isFullCredit":false},{"lineNumber":73,"author":{"gitId":"shira421"},"content":"                int markIndex \u003d Integer.parseInt(parts[1]) - 1;","lastModifiedDate":"2025-08-27T12:27:24","isFullCredit":false},{"lineNumber":74,"author":{"gitId":"shira421"},"content":"                tasks[markIndex].markDone();","lastModifiedDate":"2025-08-27T12:27:24","isFullCredit":false},{"lineNumber":75,"author":{"gitId":"shira421"},"content":"                System.out.println(SINGLE_LINE);","lastModifiedDate":"2025-09-01T13:30:20","isFullCredit":false},{"lineNumber":76,"author":{"gitId":"shira421"},"content":"                System.out.println(\" Nice! Kyro has marked this task as done:\");","lastModifiedDate":"2025-08-27T12:27:24","isFullCredit":false},{"lineNumber":77,"author":{"gitId":"shira421"},"content":"                System.out.println(\"   \" + tasks[markIndex].toString());","lastModifiedDate":"2025-09-02T17:44:35","isFullCredit":false},{"lineNumber":78,"author":{"gitId":"shira421"},"content":"                System.out.println(SINGLE_LINE);","lastModifiedDate":"2025-09-01T13:30:20","isFullCredit":false},{"lineNumber":79,"author":{"gitId":"shira421"},"content":"                break;","lastModifiedDate":"2025-08-27T12:27:24","isFullCredit":false},{"lineNumber":80,"author":{"gitId":"shira421"},"content":"","lastModifiedDate":"2025-08-27T12:27:24","isFullCredit":false},{"lineNumber":81,"author":{"gitId":"shira421"},"content":"            case \"unmark\":","lastModifiedDate":"2025-08-27T12:27:24","isFullCredit":false},{"lineNumber":82,"author":{"gitId":"shira421"},"content":"                int unmarkIndex \u003d Integer.parseInt(parts[1]) - 1;","lastModifiedDate":"2025-08-27T12:27:24","isFullCredit":false},{"lineNumber":83,"author":{"gitId":"shira421"},"content":"                tasks[unmarkIndex].unmark();","lastModifiedDate":"2025-08-27T12:27:24","isFullCredit":false},{"lineNumber":84,"author":{"gitId":"shira421"},"content":"                System.out.println(SINGLE_LINE);","lastModifiedDate":"2025-09-01T13:30:20","isFullCredit":false},{"lineNumber":85,"author":{"gitId":"shira421"},"content":"                System.out.println(\" Ok, Kyro has marked this task as not done yet:\");","lastModifiedDate":"2025-08-27T12:27:24","isFullCredit":false},{"lineNumber":86,"author":{"gitId":"shira421"},"content":"                System.out.println(\"   \" + tasks[unmarkIndex].toString());","lastModifiedDate":"2025-09-02T17:44:35","isFullCredit":false},{"lineNumber":87,"author":{"gitId":"shira421"},"content":"                System.out.println(SINGLE_LINE);","lastModifiedDate":"2025-09-01T13:30:20","isFullCredit":false},{"lineNumber":88,"author":{"gitId":"shira421"},"content":"                break;","lastModifiedDate":"2025-08-27T12:27:24","isFullCredit":false},{"lineNumber":89,"author":{"gitId":"shira421"},"content":"","lastModifiedDate":"2025-08-27T12:27:24","isFullCredit":false},{"lineNumber":90,"author":{"gitId":"shira421"},"content":"            case \"todo\":","lastModifiedDate":"2025-09-02T17:44:35","isFullCredit":false},{"lineNumber":91,"author":{"gitId":"shira421"},"content":"                tasks[taskCount] \u003d new Todo(parts[1]);","lastModifiedDate":"2025-09-02T17:44:35","isFullCredit":false},{"lineNumber":92,"author":{"gitId":"shira421"},"content":"                printAddedTask(tasks, taskCount);","lastModifiedDate":"2025-09-02T23:30:57","isFullCredit":false},{"lineNumber":93,"author":{"gitId":"shira421"},"content":"                taskCount++;","lastModifiedDate":"2025-09-02T23:30:57","isFullCredit":false},{"lineNumber":94,"author":{"gitId":"shira421"},"content":"                break;","lastModifiedDate":"2025-08-27T12:27:24","isFullCredit":false},{"lineNumber":95,"author":{"gitId":"shira421"},"content":"","lastModifiedDate":"2025-08-27T12:27:24","isFullCredit":false},{"lineNumber":96,"author":{"gitId":"shira421"},"content":"            case \"deadline\":","lastModifiedDate":"2025-09-02T17:44:35","isFullCredit":false},{"lineNumber":97,"author":{"gitId":"shira421"},"content":"                String[] deadlineTask \u003d parts[1].split(\" /by \", 2);","lastModifiedDate":"2025-09-02T17:44:35","isFullCredit":false},{"lineNumber":98,"author":{"gitId":"shira421"},"content":"                tasks[taskCount] \u003d new Deadline(deadlineTask[0], deadlineTask[1]);","lastModifiedDate":"2025-09-02T17:44:35","isFullCredit":false},{"lineNumber":99,"author":{"gitId":"shira421"},"content":"                printAddedTask(tasks, taskCount);","lastModifiedDate":"2025-09-02T23:30:57","isFullCredit":false},{"lineNumber":100,"author":{"gitId":"shira421"},"content":"                taskCount++;","lastModifiedDate":"2025-09-02T23:30:57","isFullCredit":false},{"lineNumber":101,"author":{"gitId":"shira421"},"content":"                break;","lastModifiedDate":"2025-09-02T17:44:35","isFullCredit":false},{"lineNumber":102,"author":{"gitId":"shira421"},"content":"","lastModifiedDate":"2025-09-02T17:44:35","isFullCredit":false},{"lineNumber":103,"author":{"gitId":"shira421"},"content":"            case \"event\":","lastModifiedDate":"2025-09-02T17:44:35","isFullCredit":false},{"lineNumber":104,"author":{"gitId":"shira421"},"content":"                String[] eventTask \u003d parts[1].split(\" /from | /to \", 3);","lastModifiedDate":"2025-09-02T17:44:35","isFullCredit":false},{"lineNumber":105,"author":{"gitId":"shira421"},"content":"                tasks[taskCount] \u003d new Event(eventTask[0], eventTask[1], eventTask[2]);","lastModifiedDate":"2025-09-02T17:44:35","isFullCredit":false},{"lineNumber":106,"author":{"gitId":"shira421"},"content":"                printAddedTask(tasks, taskCount);","lastModifiedDate":"2025-09-02T23:30:57","isFullCredit":false},{"lineNumber":107,"author":{"gitId":"shira421"},"content":"                taskCount++;","lastModifiedDate":"2025-09-02T23:30:57","isFullCredit":false},{"lineNumber":108,"author":{"gitId":"shira421"},"content":"                break;","lastModifiedDate":"2025-09-02T17:44:35","isFullCredit":false},{"lineNumber":109,"author":{"gitId":"shira421"},"content":"","lastModifiedDate":"2025-09-02T17:44:35","isFullCredit":false},{"lineNumber":110,"author":{"gitId":"shira421"},"content":"            case \"\":","lastModifiedDate":"2025-09-02T17:44:35","isFullCredit":false},{"lineNumber":111,"author":{"gitId":"shira421"},"content":"                break;","lastModifiedDate":"2025-09-02T17:44:35","isFullCredit":false},{"lineNumber":112,"author":{"gitId":"shira421"},"content":"","lastModifiedDate":"2025-09-02T17:44:35","isFullCredit":false},{"lineNumber":113,"author":{"gitId":"shira421"},"content":"            default:","lastModifiedDate":"2025-09-02T17:44:35","isFullCredit":false},{"lineNumber":114,"author":{"gitId":"shira421"},"content":"                break;","lastModifiedDate":"2025-08-27T12:27:24","isFullCredit":false},{"lineNumber":115,"author":{"gitId":"shira421"},"content":"            }","lastModifiedDate":"2025-08-27T11:29:58","isFullCredit":false},{"lineNumber":116,"author":{"gitId":"shira421"},"content":"        }","lastModifiedDate":"2025-08-27T11:56:18","isFullCredit":false},{"lineNumber":117,"author":{"gitId":"shira421"},"content":"    }","lastModifiedDate":"2025-08-20T19:42:27","isFullCredit":false},{"lineNumber":118,"author":{"gitId":"shira421"},"content":"}","lastModifiedDate":"2025-08-20T19:42:27","isFullCredit":false}],"authorContributionMap":{"shira421":118}},{"path":"src/main/java/Task.java","fileType":"java","lines":[{"lineNumber":1,"author":{"gitId":"shira421"},"content":"public class Task {","lastModifiedDate":"2025-08-27T12:27:24","isFullCredit":false},{"lineNumber":2,"author":{"gitId":"shira421"},"content":"    protected String description;","lastModifiedDate":"2025-08-27T12:27:24","isFullCredit":false},{"lineNumber":3,"author":{"gitId":"shira421"},"content":"    protected boolean isDone;","lastModifiedDate":"2025-08-27T12:27:24","isFullCredit":false},{"lineNumber":4,"author":{"gitId":"shira421"},"content":"","lastModifiedDate":"2025-08-27T12:27:24","isFullCredit":false},{"lineNumber":5,"author":{"gitId":"shira421"},"content":"    public Task(String description) {","lastModifiedDate":"2025-08-27T12:27:24","isFullCredit":false},{"lineNumber":6,"author":{"gitId":"shira421"},"content":"        this.description \u003d description;","lastModifiedDate":"2025-08-27T12:27:24","isFullCredit":false},{"lineNumber":7,"author":{"gitId":"shira421"},"content":"        this.isDone \u003d false;","lastModifiedDate":"2025-08-27T12:27:24","isFullCredit":false},{"lineNumber":8,"author":{"gitId":"shira421"},"content":"    }","lastModifiedDate":"2025-08-27T12:27:24","isFullCredit":false},{"lineNumber":9,"author":{"gitId":"shira421"},"content":"","lastModifiedDate":"2025-08-27T12:27:24","isFullCredit":false},{"lineNumber":10,"author":{"gitId":"shira421"},"content":"    public void markDone() {","lastModifiedDate":"2025-08-27T12:27:24","isFullCredit":false},{"lineNumber":11,"author":{"gitId":"shira421"},"content":"        this.isDone \u003d true;","lastModifiedDate":"2025-08-27T12:27:24","isFullCredit":false},{"lineNumber":12,"author":{"gitId":"shira421"},"content":"    }","lastModifiedDate":"2025-08-27T12:27:24","isFullCredit":false},{"lineNumber":13,"author":{"gitId":"shira421"},"content":"","lastModifiedDate":"2025-08-27T12:27:24","isFullCredit":false},{"lineNumber":14,"author":{"gitId":"shira421"},"content":"    public void unmark() {","lastModifiedDate":"2025-08-27T12:27:24","isFullCredit":false},{"lineNumber":15,"author":{"gitId":"shira421"},"content":"        this.isDone \u003d false;","lastModifiedDate":"2025-08-27T12:27:24","isFullCredit":false},{"lineNumber":16,"author":{"gitId":"shira421"},"content":"    }","lastModifiedDate":"2025-08-27T12:27:24","isFullCredit":false},{"lineNumber":17,"author":{"gitId":"shira421"},"content":"","lastModifiedDate":"2025-08-27T12:27:24","isFullCredit":false},{"lineNumber":18,"author":{"gitId":"shira421"},"content":"    public boolean isDone() {","lastModifiedDate":"2025-08-27T12:27:24","isFullCredit":false},{"lineNumber":19,"author":{"gitId":"shira421"},"content":"        return isDone;","lastModifiedDate":"2025-08-27T12:27:24","isFullCredit":false},{"lineNumber":20,"author":{"gitId":"shira421"},"content":"    }","lastModifiedDate":"2025-08-27T12:27:24","isFullCredit":false},{"lineNumber":21,"author":{"gitId":"shira421"},"content":"","lastModifiedDate":"2025-08-27T12:27:24","isFullCredit":false},{"lineNumber":22,"author":{"gitId":"shira421"},"content":"    public String getDescription() {","lastModifiedDate":"2025-08-27T12:27:24","isFullCredit":false},{"lineNumber":23,"author":{"gitId":"shira421"},"content":"        return description;","lastModifiedDate":"2025-08-27T12:27:24","isFullCredit":false},{"lineNumber":24,"author":{"gitId":"shira421"},"content":"    }","lastModifiedDate":"2025-08-27T12:27:24","isFullCredit":false},{"lineNumber":25,"author":{"gitId":"shira421"},"content":"","lastModifiedDate":"2025-08-27T12:27:24","isFullCredit":false},{"lineNumber":26,"author":{"gitId":"shira421"},"content":"    public String getStatusIcon() {","lastModifiedDate":"2025-08-27T12:27:24","isFullCredit":false},{"lineNumber":27,"author":{"gitId":"shira421"},"content":"        return (isDone ? \"[X]\" : \"[ ]\");","lastModifiedDate":"2025-08-27T12:27:24","isFullCredit":false},{"lineNumber":28,"author":{"gitId":"shira421"},"content":"    }","lastModifiedDate":"2025-08-27T12:27:24","isFullCredit":false},{"lineNumber":29,"author":{"gitId":"shira421"},"content":"","lastModifiedDate":"2025-08-27T12:27:24","isFullCredit":false},{"lineNumber":30,"author":{"gitId":"shira421"},"content":"    @Override","lastModifiedDate":"2025-09-02T17:44:35","isFullCredit":false},{"lineNumber":31,"author":{"gitId":"shira421"},"content":"    public String toString() {","lastModifiedDate":"2025-09-02T17:44:35","isFullCredit":false},{"lineNumber":32,"author":{"gitId":"shira421"},"content":"        return getStatusIcon() + \" \" + getDescription();","lastModifiedDate":"2025-08-27T12:27:24","isFullCredit":false},{"lineNumber":33,"author":{"gitId":"shira421"},"content":"    }","lastModifiedDate":"2025-08-27T12:27:24","isFullCredit":false},{"lineNumber":34,"author":{"gitId":"shira421"},"content":"}","lastModifiedDate":"2025-08-27T12:27:24","isFullCredit":false}],"authorContributionMap":{"shira421":34}},{"path":"src/main/java/Todo.java","fileType":"java","lines":[{"lineNumber":1,"author":{"gitId":"shira421"},"content":"public class Todo extends Task {","lastModifiedDate":"2025-09-02T17:44:35","isFullCredit":false},{"lineNumber":2,"author":{"gitId":"shira421"},"content":"","lastModifiedDate":"2025-09-02T17:44:35","isFullCredit":false},{"lineNumber":3,"author":{"gitId":"shira421"},"content":"    public Todo(String description) {","lastModifiedDate":"2025-09-02T17:44:35","isFullCredit":false},{"lineNumber":4,"author":{"gitId":"shira421"},"content":"        super(description);","lastModifiedDate":"2025-09-02T17:44:35","isFullCredit":false},{"lineNumber":5,"author":{"gitId":"shira421"},"content":"    }","lastModifiedDate":"2025-09-02T17:44:35","isFullCredit":false},{"lineNumber":6,"author":{"gitId":"shira421"},"content":"","lastModifiedDate":"2025-09-02T17:44:35","isFullCredit":false},{"lineNumber":7,"author":{"gitId":"shira421"},"content":"    @Override","lastModifiedDate":"2025-09-02T17:44:35","isFullCredit":false},{"lineNumber":8,"author":{"gitId":"shira421"},"content":"    public String toString() {","lastModifiedDate":"2025-09-02T17:44:35","isFullCredit":false},{"lineNumber":9,"author":{"gitId":"shira421"},"content":"        return \"[T]\" + super.toString();","lastModifiedDate":"2025-09-02T17:44:35","isFullCredit":false},{"lineNumber":10,"author":{"gitId":"shira421"},"content":"    }","lastModifiedDate":"2025-09-02T17:44:35","isFullCredit":false},{"lineNumber":11,"author":{"gitId":"shira421"},"content":"}","lastModifiedDate":"2025-09-02T17:44:35","isFullCredit":false}],"authorContributionMap":{"shira421":11}},{"path":"text-ui-test/input.txt","fileType":"txt","lines":[{"lineNumber":1,"author":{"gitId":"shira421"},"content":"todo read book","lastModifiedDate":"2025-09-02T23:58:41","isFullCredit":false},{"lineNumber":2,"author":{"gitId":"shira421"},"content":"deadline return book /by Sunday","lastModifiedDate":"2025-09-02T23:58:41","isFullCredit":false},{"lineNumber":3,"author":{"gitId":"shira421"},"content":"event project meeting /from Monday /to Tuesday","lastModifiedDate":"2025-09-02T23:58:41","isFullCredit":false},{"lineNumber":4,"author":{"gitId":"shira421"},"content":"list","lastModifiedDate":"2025-09-02T23:58:41","isFullCredit":false},{"lineNumber":5,"author":{"gitId":"shira421"},"content":"mark 2","lastModifiedDate":"2025-09-02T23:58:41","isFullCredit":false},{"lineNumber":6,"author":{"gitId":"shira421"},"content":"list","lastModifiedDate":"2025-09-02T23:58:41","isFullCredit":false},{"lineNumber":7,"author":{"gitId":"shira421"},"content":"unmark 2","lastModifiedDate":"2025-09-02T23:58:41","isFullCredit":false},{"lineNumber":8,"author":{"gitId":"shira421"},"content":"list","lastModifiedDate":"2025-09-02T23:58:41","isFullCredit":false},{"lineNumber":9,"author":{"gitId":"shira421"},"content":"bye","lastModifiedDate":"2025-09-02T23:58:41","isFullCredit":false}],"authorContributionMap":{"shira421":9}},{"path":"text-ui-test/runtest.bat","fileType":"bat","lines":[{"lineNumber":1,"author":{"gitId":"-"},"content":"@ECHO OFF","lastModifiedDate":"2020-05-25T00:03:55","isFullCredit":false},{"lineNumber":2,"author":{"gitId":"-"},"content":"","lastModifiedDate":"2020-05-25T00:03:55","isFullCredit":false},{"lineNumber":3,"author":{"gitId":"-"},"content":"REM create bin directory if it doesn\u0027t exist","lastModifiedDate":"2020-05-25T00:03:55","isFullCredit":false},{"lineNumber":4,"author":{"gitId":"-"},"content":"if not exist ..\\bin mkdir ..\\bin","lastModifiedDate":"2020-05-25T00:03:55","isFullCredit":false},{"lineNumber":5,"author":{"gitId":"-"},"content":"","lastModifiedDate":"2020-05-25T00:03:55","isFullCredit":false},{"lineNumber":6,"author":{"gitId":"-"},"content":"REM delete output from previous run","lastModifiedDate":"2020-05-25T00:03:55","isFullCredit":false},{"lineNumber":7,"author":{"gitId":"-"},"content":"if exist ACTUAL.TXT del ACTUAL.TXT","lastModifiedDate":"2020-08-25T17:23:26","isFullCredit":false},{"lineNumber":8,"author":{"gitId":"-"},"content":"","lastModifiedDate":"2020-05-25T00:03:55","isFullCredit":false},{"lineNumber":9,"author":{"gitId":"-"},"content":"REM compile the code into the bin folder","lastModifiedDate":"2020-05-25T00:03:55","isFullCredit":false},{"lineNumber":10,"author":{"gitId":"-"},"content":"javac  -cp ..\\src\\main\\java -Xlint:none -d ..\\bin ..\\src\\main\\java\\*.java","lastModifiedDate":"2020-08-25T17:23:26","isFullCredit":false},{"lineNumber":11,"author":{"gitId":"-"},"content":"IF ERRORLEVEL 1 (","lastModifiedDate":"2020-05-25T00:03:55","isFullCredit":false},{"lineNumber":12,"author":{"gitId":"-"},"content":"    echo ********** BUILD FAILURE **********","lastModifiedDate":"2020-05-25T00:03:55","isFullCredit":false},{"lineNumber":13,"author":{"gitId":"-"},"content":"    exit /b 1","lastModifiedDate":"2020-05-25T00:03:55","isFullCredit":false},{"lineNumber":14,"author":{"gitId":"-"},"content":")","lastModifiedDate":"2020-05-25T00:03:55","isFullCredit":false},{"lineNumber":15,"author":{"gitId":"-"},"content":"REM no error here, errorlevel \u003d\u003d 0","lastModifiedDate":"2020-05-25T00:03:55","isFullCredit":false},{"lineNumber":16,"author":{"gitId":"-"},"content":"","lastModifiedDate":"2020-05-25T00:03:55","isFullCredit":false},{"lineNumber":17,"author":{"gitId":"-"},"content":"REM run the program, feed commands from input.txt file and redirect the output to the ACTUAL.TXT","lastModifiedDate":"2020-05-25T00:03:55","isFullCredit":false},{"lineNumber":18,"author":{"gitId":"shira421"},"content":"java -classpath ..\\bin Kyro \u003c input.txt \u003e ACTUAL.TXT","lastModifiedDate":"2025-09-02T23:58:41","isFullCredit":false},{"lineNumber":19,"author":{"gitId":"-"},"content":"","lastModifiedDate":"2020-05-25T00:03:55","isFullCredit":false},{"lineNumber":20,"author":{"gitId":"shira421"},"content":"REM compare the output to the expected output, ignoring line ending differences","lastModifiedDate":"2025-09-02T23:58:41","isFullCredit":false},{"lineNumber":21,"author":{"gitId":"shira421"},"content":"fc /w ACTUAL.TXT EXPECTED.TXT \u003e NUL","lastModifiedDate":"2025-09-02T23:58:41","isFullCredit":false},{"lineNumber":22,"author":{"gitId":"shira421"},"content":"IF ERRORLEVEL 1 (","lastModifiedDate":"2025-09-02T23:58:41","isFullCredit":false},{"lineNumber":23,"author":{"gitId":"shira421"},"content":"    echo ********** TEST FAILED **********","lastModifiedDate":"2025-09-02T23:58:41","isFullCredit":false},{"lineNumber":24,"author":{"gitId":"shira421"},"content":"    fc /w ACTUAL.TXT EXPECTED.TXT","lastModifiedDate":"2025-09-02T23:58:41","isFullCredit":false},{"lineNumber":25,"author":{"gitId":"shira421"},"content":") ELSE (","lastModifiedDate":"2025-09-02T23:58:41","isFullCredit":false},{"lineNumber":26,"author":{"gitId":"shira421"},"content":"    echo ********** TEST PASSED **********","lastModifiedDate":"2025-09-02T23:58:41","isFullCredit":false},{"lineNumber":27,"author":{"gitId":"shira421"},"content":")","lastModifiedDate":"2025-09-02T23:58:41","isFullCredit":false}],"authorContributionMap":{"-":18,"shira421":9}},{"path":"text-ui-test/runtest.sh","fileType":"sh","lines":[{"lineNumber":1,"author":{"gitId":"-"},"content":"#!/usr/bin/env bash","lastModifiedDate":"2020-05-25T00:03:55","isFullCredit":false},{"lineNumber":2,"author":{"gitId":"-"},"content":"","lastModifiedDate":"2020-05-25T00:03:55","isFullCredit":false},{"lineNumber":3,"author":{"gitId":"-"},"content":"# create bin directory if it doesn\u0027t exist","lastModifiedDate":"2020-05-25T00:03:55","isFullCredit":false},{"lineNumber":4,"author":{"gitId":"-"},"content":"if [ ! -d \"../bin\" ]","lastModifiedDate":"2020-05-25T00:03:55","isFullCredit":false},{"lineNumber":5,"author":{"gitId":"-"},"content":"then","lastModifiedDate":"2020-05-25T00:03:55","isFullCredit":false},{"lineNumber":6,"author":{"gitId":"-"},"content":"    mkdir ../bin","lastModifiedDate":"2020-05-25T00:03:55","isFullCredit":false},{"lineNumber":7,"author":{"gitId":"-"},"content":"fi","lastModifiedDate":"2020-05-25T00:03:55","isFullCredit":false},{"lineNumber":8,"author":{"gitId":"-"},"content":"","lastModifiedDate":"2020-05-25T00:03:55","isFullCredit":false},{"lineNumber":9,"author":{"gitId":"-"},"content":"# delete output from previous run","lastModifiedDate":"2020-05-25T00:03:55","isFullCredit":false},{"lineNumber":10,"author":{"gitId":"-"},"content":"if [ -e \"./ACTUAL.TXT\" ]","lastModifiedDate":"2020-05-25T00:03:55","isFullCredit":false},{"lineNumber":11,"author":{"gitId":"-"},"content":"then","lastModifiedDate":"2020-05-25T00:03:55","isFullCredit":false},{"lineNumber":12,"author":{"gitId":"-"},"content":"    rm ACTUAL.TXT","lastModifiedDate":"2020-05-25T00:03:55","isFullCredit":false},{"lineNumber":13,"author":{"gitId":"-"},"content":"fi","lastModifiedDate":"2020-05-25T00:03:55","isFullCredit":false},{"lineNumber":14,"author":{"gitId":"-"},"content":"","lastModifiedDate":"2020-05-25T00:03:55","isFullCredit":false},{"lineNumber":15,"author":{"gitId":"-"},"content":"# compile the code into the bin folder, terminates if error occurred","lastModifiedDate":"2020-05-25T00:03:55","isFullCredit":false},{"lineNumber":16,"author":{"gitId":"-"},"content":"if ! javac -cp ../src/main/java -Xlint:none -d ../bin ../src/main/java/*.java","lastModifiedDate":"2020-08-25T17:23:26","isFullCredit":false},{"lineNumber":17,"author":{"gitId":"-"},"content":"then","lastModifiedDate":"2020-05-25T00:03:55","isFullCredit":false},{"lineNumber":18,"author":{"gitId":"-"},"content":"    echo \"********** BUILD FAILURE **********\"","lastModifiedDate":"2020-05-25T00:03:55","isFullCredit":false},{"lineNumber":19,"author":{"gitId":"-"},"content":"    exit 1","lastModifiedDate":"2020-05-25T00:03:55","isFullCredit":false},{"lineNumber":20,"author":{"gitId":"-"},"content":"fi","lastModifiedDate":"2020-05-25T00:03:55","isFullCredit":false},{"lineNumber":21,"author":{"gitId":"-"},"content":"","lastModifiedDate":"2020-05-25T00:03:55","isFullCredit":false},{"lineNumber":22,"author":{"gitId":"-"},"content":"# run the program, feed commands from input.txt file and redirect the output to the ACTUAL.TXT","lastModifiedDate":"2020-05-25T00:03:55","isFullCredit":false},{"lineNumber":23,"author":{"gitId":"shira421"},"content":"java -classpath ../bin Kyro \u003c input.txt \u003e ACTUAL.TXT","lastModifiedDate":"2025-09-02T23:58:41","isFullCredit":false},{"lineNumber":24,"author":{"gitId":"-"},"content":"","lastModifiedDate":"2020-05-25T00:03:55","isFullCredit":false},{"lineNumber":25,"author":{"gitId":"-"},"content":"# convert to UNIX format","lastModifiedDate":"2020-05-25T00:03:55","isFullCredit":false},{"lineNumber":26,"author":{"gitId":"-"},"content":"cp EXPECTED.TXT EXPECTED-UNIX.TXT","lastModifiedDate":"2020-05-25T00:03:55","isFullCredit":false},{"lineNumber":27,"author":{"gitId":"-"},"content":"dos2unix ACTUAL.TXT EXPECTED-UNIX.TXT","lastModifiedDate":"2020-05-25T00:03:55","isFullCredit":false},{"lineNumber":28,"author":{"gitId":"-"},"content":"","lastModifiedDate":"2020-05-25T00:03:55","isFullCredit":false},{"lineNumber":29,"author":{"gitId":"-"},"content":"# compare the output to the expected output","lastModifiedDate":"2020-05-25T00:03:55","isFullCredit":false},{"lineNumber":30,"author":{"gitId":"-"},"content":"diff ACTUAL.TXT EXPECTED-UNIX.TXT","lastModifiedDate":"2020-05-25T00:03:55","isFullCredit":false},{"lineNumber":31,"author":{"gitId":"-"},"content":"if [ $? -eq 0 ]","lastModifiedDate":"2020-05-25T00:03:55","isFullCredit":false},{"lineNumber":32,"author":{"gitId":"-"},"content":"then","lastModifiedDate":"2020-05-25T00:03:55","isFullCredit":false},{"lineNumber":33,"author":{"gitId":"-"},"content":"    echo \"Test result: PASSED\"","lastModifiedDate":"2020-05-25T00:03:55","isFullCredit":false},{"lineNumber":34,"author":{"gitId":"-"},"content":"    exit 0","lastModifiedDate":"2020-05-25T00:03:55","isFullCredit":false},{"lineNumber":35,"author":{"gitId":"-"},"content":"else","lastModifiedDate":"2020-05-25T00:03:55","isFullCredit":false},{"lineNumber":36,"author":{"gitId":"-"},"content":"    echo \"Test result: FAILED\"","lastModifiedDate":"2020-05-25T00:03:55","isFullCredit":false},{"lineNumber":37,"author":{"gitId":"-"},"content":"    exit 1","lastModifiedDate":"2020-05-25T00:03:55","isFullCredit":false},{"lineNumber":38,"author":{"gitId":"-"},"content":"fi","lastModifiedDate":"2020-05-25T00:03:55","isFullCredit":false}],"authorContributionMap":{"-":37,"shira421":1}}]
