{"authorDailyContributionsMap":{"shira421":[{"date":"2025-08-20T00:00:00","commitResults":[{"hash":"d28fbe50a07674a98843dd88afa980c4bcdbd70c","isMergeCommit":false,"messageTitle":"Level-0","messageBody":"","tags":["Level-0"],"fileTypesAndContributionMap":{"java":{"insertions":23,"deletions":0}}},{"hash":"b4861db989ad89cb34b460dd5b9d7acbb63bea9a","isMergeCommit":false,"messageTitle":"Delete src/main/java/Duke.java","messageBody":"","fileTypesAndContributionMap":{"java":{"insertions":0,"deletions":10}}},{"hash":"e2eb77c43c295902c97383837d971e798dca7025","isMergeCommit":false,"messageTitle":"Changed README and Expected Text to match Kyro","messageBody":"","fileTypesAndContributionMap":{"java":{"insertions":0,"deletions":10},"md":{"insertions":22,"deletions":30}}},{"hash":"df6811c0bec005de8ccf9c11023b726585c56891","isMergeCommit":true,"messageTitle":"Merge branch \u0027master\u0027 of https://github.com/shira421/ip","messageBody":"","fileTypesAndContributionMap":{}},{"hash":"91533fcae849d9cecb260c85246e7e02d42ef961","isMergeCommit":false,"messageTitle":"Updated README","messageBody":"","fileTypesAndContributionMap":{"md":{"insertions":9,"deletions":8}}}]},{"date":"2025-08-27T00:00:00","commitResults":[{"hash":"d5da99925e4e0a985f165d7b61f840e59c5e85be","isMergeCommit":false,"messageTitle":"added echo user input","messageBody":"","tags":["Level-1"],"fileTypesAndContributionMap":{"java":{"insertions":29,"deletions":11}}},{"hash":"fe77b27a50495380aa94268aa5414856fe4e2aab","isMergeCommit":false,"messageTitle":"added list function, minor edits to kyro\u0027s print messages","messageBody":"","tags":["Level-2"],"fileTypesAndContributionMap":{"java":{"insertions":34,"deletions":11}}},{"hash":"90dcc74c6bebc6bb14534712d80fdfc7a9a59488","isMergeCommit":false,"messageTitle":"added Task class, mark-unmark functionalities","messageBody":"","tags":["Level-3"],"fileTypesAndContributionMap":{"java":{"insertions":80,"deletions":16}}}]},{"date":"2025-09-01T00:00:00","commitResults":[{"hash":"b3bf9e328d3fe7026cdadc25150e4509bd6cf951","isMergeCommit":false,"messageTitle":"comply with coding standard","messageBody":"","tags":["A-CodingStandard"],"fileTypesAndContributionMap":{"java":{"insertions":14,"deletions":14}}}]},{"date":"2025-09-02T00:00:00","commitResults":[{"hash":"ace043aea9ef6dc15718bb0e8c24572165fdd252","isMergeCommit":false,"messageTitle":"todo, deadline and event functionalities added","messageBody":"","fileTypesAndContributionMap":{"java":{"insertions":77,"deletions":10}}},{"hash":"ca14b3688dac0b8a8e7086b8b8ed811109453ce7","isMergeCommit":false,"messageTitle":"created print function for task types","messageBody":"","tags":["Level-4"],"fileTypesAndContributionMap":{"java":{"insertions":14,"deletions":15}}},{"hash":"539ac12845c36eb2eec59fbd2b33fd7d0736d823","isMergeCommit":false,"messageTitle":"modified test script to ignore line ending differences and added input tests / expected results","messageBody":"","tags":["A-TextUiTesting"],"fileTypesAndContributionMap":{"txt":{"insertions":9,"deletions":0},"bat":{"insertions":9,"deletions":3},"sh":{"insertions":1,"deletions":1}}}]},{"date":"2025-09-03T00:00:00","commitResults":[{"hash":"a62e81f7795a8e7edc6a04065ae3306691d57cba","isMergeCommit":false,"messageTitle":"Improved code quality","messageBody":"","tags":["A-CodeQuality"],"fileTypesAndContributionMap":{"java":{"insertions":3,"deletions":2}}},{"hash":"f7727c8270f4b8d6ee0c431c65f47f03a240453a","isMergeCommit":false,"messageTitle":"Changes to adhere to coding standard based on peer review","messageBody":"","fileTypesAndContributionMap":{"java":{"insertions":4,"deletions":11}}}]},{"date":"2025-09-08T00:00:00","commitResults":[{"hash":"42a6cd7a954f24edc2a62d508e7fe13ee1c1978b","isMergeCommit":false,"messageTitle":"made parser, printer and command classes - added error handling","messageBody":"","tags":["Level-5"],"fileTypesAndContributionMap":{"java":{"insertions":268,"deletions":106},"md":{"insertions":29,"deletions":8}}},{"hash":"97bba0587bd3d04fde4a3a177ab55c607f358621","isMergeCommit":false,"messageTitle":"root package kyro, tasks package and exceptions package added","messageBody":"","tags":["A-Packages","A-Exceptions"],"fileTypesAndContributionMap":{"java":{"insertions":32,"deletions":9}}},{"hash":"67f0637ad300e3f7c02798ca16739195410e13f2","isMergeCommit":false,"messageTitle":"updated readme for user commands","messageBody":"","fileTypesAndContributionMap":{"md":{"insertions":9,"deletions":9}}}]},{"date":"2025-09-09T00:00:00","commitResults":[{"hash":"91e832e95db60adf2c76ffcc917a0cbdbb0f6ff1","isMergeCommit":false,"messageTitle":"minor edits to packages and readme","messageBody":"","fileTypesAndContributionMap":{"bat":{"insertions":4,"deletions":5}}},{"hash":"00b4b6f4c8b77582ac3dc17887ff737c24d6daed","isMergeCommit":false,"messageTitle":"update to readme (again)","messageBody":"","fileTypesAndContributionMap":{"md":{"insertions":4,"deletions":3}}}]},{"date":"2025-09-11T00:00:00","commitResults":[{"hash":"43e7f1bc64ae318894375bfa3e1c8ceed15f81da","isMergeCommit":false,"messageTitle":"changed TaskList to ArrayList and added delete functionality","messageBody":"","fileTypesAndContributionMap":{"txt":{"insertions":2,"deletions":0},"java":{"insertions":45,"deletions":30}}},{"hash":"839e2939c2e4835b42f520838c1ac4f08e16f841","isMergeCommit":false,"messageTitle":"added storage class, minor changes to readme","messageBody":"","fileTypesAndContributionMap":{"txt":{"insertions":0,"deletions":0},"java":{"insertions":110,"deletions":4},"md":{"insertions":1,"deletions":0}}},{"hash":"ed5533a576303230cf58a6ab225c935f7736c2cb","isMergeCommit":false,"messageTitle":"tweaked readme","messageBody":"","fileTypesAndContributionMap":{"md":{"insertions":1,"deletions":1}}},{"hash":"133d2d24aa6475684cd015ddf6b8cda9b14d6c2b","isMergeCommit":false,"messageTitle":"gradle support","messageBody":"","tags":["A-Jar"],"fileTypesAndContributionMap":{"gradle":{"insertions":32,"deletions":0}}}]},{"date":"2025-09-13T00:00:00","commitResults":[{"hash":"ad9ce6bebd087a3ff91d46755eb40f9bc57e8f67","isMergeCommit":false,"messageTitle":"Add execute to Command Class, Modified Kyro and Printer Classes accordingly","messageBody":"","tags":["A-MoreOOP"],"fileTypesAndContributionMap":{"gradle":{"insertions":0,"deletions":1},"txt":{"insertions":2,"deletions":0},"java":{"insertions":105,"deletions":90}}},{"hash":"f9e6a354c80b472194da1373a3ecfe99ea63713e","isMergeCommit":false,"messageTitle":"Add Date and Time, Add Filter command","messageBody":"","tags":["Level-8"],"fileTypesAndContributionMap":{"txt":{"insertions":4,"deletions":3},"java":{"insertions":76,"deletions":19},"md":{"insertions":9,"deletions":8}}},{"hash":"a2fef21117d6962ef1430b4edcc44224a7443dd1","isMergeCommit":false,"messageTitle":"Add base package","messageBody":"","fileTypesAndContributionMap":{"gradle":{"insertions":1,"deletions":1},"java":{"insertions":7,"deletions":7},"bat":{"insertions":1,"deletions":1}}},{"hash":"9542ed7ecdb51bdffff8ff3f824c124c6d8bd24f","isMergeCommit":false,"messageTitle":"Add Find Command","messageBody":"","tags":["Level-9"],"fileTypesAndContributionMap":{"txt":{"insertions":1,"deletions":2},"java":{"insertions":35,"deletions":10},"bat":{"insertions":1,"deletions":1},"md":{"insertions":1,"deletions":0}}},{"hash":"bd608a0c72ff58b2fa51b728fcba3c254cbdc3d1","isMergeCommit":false,"messageTitle":"Add JavaDoc Comments, Generalise MissingDescriptionException to KyroException","messageBody":"","tags":["A-JavaDoc"],"fileTypesAndContributionMap":{"java":{"insertions":276,"deletions":8},"md":{"insertions":121,"deletions":0}}},{"hash":"b579654121693c2171f4b4660cdcdd46341a55e4","isMergeCommit":false,"messageTitle":"Add User Guide","messageBody":"","tags":["A-UserGuide"],"fileTypesAndContributionMap":{"md":{"insertions":49,"deletions":19}}},{"hash":"caa6b615e2c5e3a26b3f7f4b3ef9b3ccefe690fc","isMergeCommit":false,"messageTitle":"Update README.md","messageBody":"","fileTypesAndContributionMap":{"md":{"insertions":2,"deletions":2}}},{"hash":"0c685d2c59a1289fbeb75649cb654ff85956d316","isMergeCommit":false,"messageTitle":"Add User Guide, Remove JavaDocs generated HTML documentation","messageBody":"","fileTypesAndContributionMap":{"md":{"insertions":0,"deletions":121}}},{"hash":"03c07205be6b7bc8d79bd6922f9b4a0d15a4a381","isMergeCommit":true,"messageTitle":"Merge branch \u0027master\u0027 of https://github.com/shira421/ip","messageBody":"","fileTypesAndContributionMap":{}},{"hash":"fa2f915563542b243dfe54c764cd9ff10ef0ac73","isMergeCommit":false,"messageTitle":"Update User Guide","messageBody":"","fileTypesAndContributionMap":{"md":{"insertions":4,"deletions":2}}},{"hash":"0fc2f4ae999f4f4f68e7638022730c4f7fa6a3f1","isMergeCommit":false,"messageTitle":"Update README.md","messageBody":"","fileTypesAndContributionMap":{"gradle":{"insertions":1,"deletions":1},"md":{"insertions":1,"deletions":1}}},{"hash":"63dda0fe1a14ff4f615f3819388c422a476e836d","isMergeCommit":false,"messageTitle":"Edit JavaDoc","messageBody":"","fileTypesAndContributionMap":{"java":{"insertions":1,"deletions":1}}},{"hash":"97bfa97722dc0c4d3bc4e98f27cdefa514de7dab","isMergeCommit":true,"messageTitle":"Merge branch \u0027branch-A-JavaDoc\u0027","messageBody":"","fileTypesAndContributionMap":{}}]},{"date":"2025-09-14T00:00:00","commitResults":[{"hash":"e256fe9d75ce9905bc0d1000e099f593f5d55ab5","isMergeCommit":false,"messageTitle":"Handle invalid Date input, Update README.md","messageBody":"","fileTypesAndContributionMap":{"java":{"insertions":24,"deletions":10},"md":{"insertions":20,"deletions":20}}}]},{"date":"2025-09-30T00:00:00","commitResults":[{"hash":"3a1769ec60366b1c174211644e43c9e3d756b3ee","isMergeCommit":false,"messageTitle":"Update README.md","messageBody":"","fileTypesAndContributionMap":{"md":{"insertions":2,"deletions":2}}},{"hash":"50bc8951f75a89ab1f0d31adf9d39d7814447335","isMergeCommit":false,"messageTitle":"Add Help, Edit UI and README.md","messageBody":"","fileTypesAndContributionMap":{"java":{"insertions":36,"deletions":3},"md":{"insertions":4,"deletions":0}}},{"hash":"d155a917a32f3fc055f3fb22de27560e4aa1d3bb","isMergeCommit":false,"messageTitle":"Update docs","messageBody":"","fileTypesAndContributionMap":{"gradle":{"insertions":1,"deletions":1},"md":{"insertions":2,"deletions":0}}},{"hash":"d711b6e43f1fb944053774d87ed1c9c959ad4f3d","isMergeCommit":false,"messageTitle":"Update README.md and docs","messageBody":"","fileTypesAndContributionMap":{"md":{"insertions":25,"deletions":13}}},{"hash":"65dc76a9959d812f4df5485196b9c7c31f8e32a7","isMergeCommit":false,"messageTitle":"Update README.md and docs","messageBody":"","fileTypesAndContributionMap":{"md":{"insertions":2,"deletions":2}}},{"hash":"42b8518cc4876d1cf1fc3d963ec58349357199cc","isMergeCommit":false,"messageTitle":"Update README.md","messageBody":"","fileTypesAndContributionMap":{"md":{"insertions":2,"deletions":0}}},{"hash":"9070f301ea1b66b3d6360002aadedff00789e453","isMergeCommit":false,"messageTitle":"Update README.md and docs","messageBody":"","fileTypesAndContributionMap":{"md":{"insertions":4,"deletions":4}}},{"hash":"27a0380160940a3e97ab7ad1b3e3734fe5692d47","isMergeCommit":true,"messageTitle":"Merge pull request #1 from shira421/extra-branch-1","messageBody":"Update README.md and docs","fileTypesAndContributionMap":{}}]}]},"authorFileTypeContributionMap":{"shira421":{"java":906,"md":111,"fxml":0,"sh":1,"bat":12,"gradle":31,"txt":13}},"authorContributionVariance":{"shira421":23010.463},"authorDisplayNameMap":{"shira421":"CS2113-W13-1 VENK..THAN"}}
