{"authorDailyContributionsMap":{"shira421":[{"date":"2025-08-20T00:00:00","commitResults":[{"hash":"d28fbe50a07674a98843dd88afa980c4bcdbd70c","isMergeCommit":false,"messageTitle":"Level-0","messageBody":"","tags":["Level-0"],"fileTypesAndContributionMap":{"java":{"insertions":23,"deletions":0}}},{"hash":"b4861db989ad89cb34b460dd5b9d7acbb63bea9a","isMergeCommit":false,"messageTitle":"Delete src/main/java/Duke.java","messageBody":"","fileTypesAndContributionMap":{"java":{"insertions":0,"deletions":10}}},{"hash":"e2eb77c43c295902c97383837d971e798dca7025","isMergeCommit":false,"messageTitle":"Changed README and Expected Text to match Kyro","messageBody":"","fileTypesAndContributionMap":{"java":{"insertions":0,"deletions":10},"md":{"insertions":22,"deletions":30}}},{"hash":"df6811c0bec005de8ccf9c11023b726585c56891","isMergeCommit":true,"messageTitle":"Merge branch \u0027master\u0027 of https://github.com/shira421/ip","messageBody":"","fileTypesAndContributionMap":{}},{"hash":"91533fcae849d9cecb260c85246e7e02d42ef961","isMergeCommit":false,"messageTitle":"Updated README","messageBody":"","fileTypesAndContributionMap":{"md":{"insertions":9,"deletions":8}}}]},{"date":"2025-08-27T00:00:00","commitResults":[{"hash":"d5da99925e4e0a985f165d7b61f840e59c5e85be","isMergeCommit":false,"messageTitle":"added echo user input","messageBody":"","tags":["Level-1"],"fileTypesAndContributionMap":{"java":{"insertions":29,"deletions":11}}},{"hash":"fe77b27a50495380aa94268aa5414856fe4e2aab","isMergeCommit":false,"messageTitle":"added list function, minor edits to kyro\u0027s print messages","messageBody":"","tags":["Level-2"],"fileTypesAndContributionMap":{"java":{"insertions":34,"deletions":11}}},{"hash":"90dcc74c6bebc6bb14534712d80fdfc7a9a59488","isMergeCommit":false,"messageTitle":"added Task class, mark-unmark functionalities","messageBody":"","tags":["Level-3"],"fileTypesAndContributionMap":{"java":{"insertions":80,"deletions":16}}}]},{"date":"2025-09-01T00:00:00","commitResults":[{"hash":"b3bf9e328d3fe7026cdadc25150e4509bd6cf951","isMergeCommit":false,"messageTitle":"comply with coding standard","messageBody":"","tags":["A-CodingStandard"],"fileTypesAndContributionMap":{"java":{"insertions":14,"deletions":14}}}]},{"date":"2025-09-02T00:00:00","commitResults":[{"hash":"ace043aea9ef6dc15718bb0e8c24572165fdd252","isMergeCommit":false,"messageTitle":"todo, deadline and event functionalities added","messageBody":"","fileTypesAndContributionMap":{"java":{"insertions":77,"deletions":10}}},{"hash":"ca14b3688dac0b8a8e7086b8b8ed811109453ce7","isMergeCommit":false,"messageTitle":"created print function for task types","messageBody":"","tags":["Level-4"],"fileTypesAndContributionMap":{"java":{"insertions":14,"deletions":15}}},{"hash":"539ac12845c36eb2eec59fbd2b33fd7d0736d823","isMergeCommit":false,"messageTitle":"modified test script to ignore line ending differences and added input tests / expected results","messageBody":"","tags":["A-TextUiTesting"],"fileTypesAndContributionMap":{"txt":{"insertions":9,"deletions":0},"bat":{"insertions":9,"deletions":3},"sh":{"insertions":1,"deletions":1}}}]},{"date":"2025-09-03T00:00:00","commitResults":[{"hash":"a62e81f7795a8e7edc6a04065ae3306691d57cba","isMergeCommit":false,"messageTitle":"Improved code quality","messageBody":"","tags":["A-CodeQuality"],"fileTypesAndContributionMap":{"java":{"insertions":3,"deletions":2}}},{"hash":"f7727c8270f4b8d6ee0c431c65f47f03a240453a","isMergeCommit":false,"messageTitle":"Changes to adhere to coding standard based on peer review","messageBody":"","fileTypesAndContributionMap":{"java":{"insertions":4,"deletions":11}}}]}]},"authorFileTypeContributionMap":{"shira421":{"java":188,"md":31,"fxml":0,"sh":1,"bat":9,"gradle":0,"txt":9}},"authorContributionVariance":{"shira421":2121.3584},"authorDisplayNameMap":{"shira421":"CS2113-W13-1 VENK..THAN"}}
