[{"path":"README.md","fileType":"md","lines":[{"lineNumber":1,"author":{"gitId":"m-xrtin"},"content":"# Tarnia project template","lastModifiedDate":"2025-08-25T23:09:42","isFullCredit":false},{"lineNumber":2,"author":{"gitId":"-"},"content":"","lastModifiedDate":"2020-05-25T00:03:55","isFullCredit":false},{"lineNumber":3,"author":{"gitId":"-"},"content":"This is a project template for a greenfield Java project. It\u0027s named after the Java mascot _Duke_. Given below are instructions on how to use it.","lastModifiedDate":"2020-05-25T00:03:55","isFullCredit":false},{"lineNumber":4,"author":{"gitId":"-"},"content":"","lastModifiedDate":"2020-05-25T00:03:55","isFullCredit":false},{"lineNumber":5,"author":{"gitId":"-"},"content":"## Setting up in Intellij","lastModifiedDate":"2020-05-25T00:03:55","isFullCredit":false},{"lineNumber":6,"author":{"gitId":"-"},"content":"","lastModifiedDate":"2020-05-25T00:03:55","isFullCredit":false},{"lineNumber":7,"author":{"gitId":"-"},"content":"Prerequisites: JDK 17, update Intellij to the most recent version.","lastModifiedDate":"2024-07-11T16:50:14","isFullCredit":false},{"lineNumber":8,"author":{"gitId":"-"},"content":"","lastModifiedDate":"2020-05-25T00:03:55","isFullCredit":false},{"lineNumber":9,"author":{"gitId":"-"},"content":"1. Open Intellij (if you are not in the welcome screen, click `File` \u003e `Close Project` to close the existing project first)","lastModifiedDate":"2021-01-17T12:25:53","isFullCredit":false},{"lineNumber":10,"author":{"gitId":"-"},"content":"1. Open the project into Intellij as follows:","lastModifiedDate":"2021-01-17T12:25:53","isFullCredit":false},{"lineNumber":11,"author":{"gitId":"-"},"content":"   1. Click `Open`.","lastModifiedDate":"2021-01-17T12:25:53","isFullCredit":false},{"lineNumber":12,"author":{"gitId":"-"},"content":"   1. Select the project directory, and click `OK`.","lastModifiedDate":"2021-01-17T12:25:53","isFullCredit":false},{"lineNumber":13,"author":{"gitId":"-"},"content":"   1. If there are any further prompts, accept the defaults.","lastModifiedDate":"2020-05-25T00:03:55","isFullCredit":false},{"lineNumber":14,"author":{"gitId":"-"},"content":"1. Configure the project to use **JDK 17** (not other versions) as explained in [here](https://www.jetbrains.com/help/idea/sdk.html#set-up-jdk).\u003cbr\u003e","lastModifiedDate":"2024-07-11T16:50:14","isFullCredit":false},{"lineNumber":15,"author":{"gitId":"-"},"content":"   In the same dialog, set the **Project language level** field to the `SDK default` option.","lastModifiedDate":"2021-07-29T20:29:39","isFullCredit":false},{"lineNumber":16,"author":{"gitId":"m-xrtin"},"content":"1. After that, locate the `src/main/java/Tarnia.java` file, right-click it, and choose `Run Tarnia.main()` (if the code editor is showing compile errors, try restarting the IDE). If the setup is correct, you should see something like the below as the output:","lastModifiedDate":"2025-08-25T23:09:42","isFullCredit":false},{"lineNumber":17,"author":{"gitId":"-"},"content":"   ```","lastModifiedDate":"2020-05-25T00:03:55","isFullCredit":false},{"lineNumber":18,"author":{"gitId":"-"},"content":"   Hello from","lastModifiedDate":"2020-05-25T00:03:55","isFullCredit":false},{"lineNumber":19,"author":{"gitId":"-"},"content":"    ____        _        ","lastModifiedDate":"2020-05-25T00:03:55","isFullCredit":false},{"lineNumber":20,"author":{"gitId":"-"},"content":"   |  _ \\ _   _| | _____ ","lastModifiedDate":"2020-05-25T00:03:55","isFullCredit":false},{"lineNumber":21,"author":{"gitId":"-"},"content":"   | | | | | | | |/ / _ \\","lastModifiedDate":"2020-05-25T00:03:55","isFullCredit":false},{"lineNumber":22,"author":{"gitId":"-"},"content":"   | |_| | |_| |   \u003c  __/","lastModifiedDate":"2020-05-25T00:03:55","isFullCredit":false},{"lineNumber":23,"author":{"gitId":"-"},"content":"   |____/ \\__,_|_|\\_\\___|","lastModifiedDate":"2020-05-25T00:03:55","isFullCredit":false},{"lineNumber":24,"author":{"gitId":"-"},"content":"   ```","lastModifiedDate":"2020-05-25T00:03:55","isFullCredit":false},{"lineNumber":25,"author":{"gitId":"-"},"content":"","lastModifiedDate":"2025-01-04T21:44:28","isFullCredit":false},{"lineNumber":26,"author":{"gitId":"-"},"content":"**Warning:** Keep the `src\\main\\java` folder as the root folder for Java files (i.e., don\u0027t rename those folders or move Java files to another folder outside of this folder path), as this is the default location some tools (e.g., Gradle) expect to find Java files.","lastModifiedDate":"2025-01-04T21:44:28","isFullCredit":false}],"authorContributionMap":{"-":24,"m-xrtin":2}},{"path":"docs/README.md","fileType":"md","lines":[{"lineNumber":1,"author":{"gitId":"m-xrtin"},"content":"# Tarnia User Guide","lastModifiedDate":"2025-08-25T23:09:42","isFullCredit":false},{"lineNumber":2,"author":{"gitId":"-"},"content":"","lastModifiedDate":"2019-07-29T17:14:46","isFullCredit":false},{"lineNumber":3,"author":{"gitId":"-"},"content":"// Update the title above to match the actual product name","lastModifiedDate":"2024-01-07T18:33:52","isFullCredit":false},{"lineNumber":4,"author":{"gitId":"-"},"content":"","lastModifiedDate":"2019-07-29T17:14:46","isFullCredit":false},{"lineNumber":5,"author":{"gitId":"-"},"content":"// Product screenshot goes here","lastModifiedDate":"2024-01-07T18:33:52","isFullCredit":false},{"lineNumber":6,"author":{"gitId":"-"},"content":"","lastModifiedDate":"2021-07-17T16:49:07","isFullCredit":false},{"lineNumber":7,"author":{"gitId":"-"},"content":"// Product intro goes here","lastModifiedDate":"2024-01-07T18:33:52","isFullCredit":false},{"lineNumber":8,"author":{"gitId":"-"},"content":"","lastModifiedDate":"2021-07-17T16:49:07","isFullCredit":false},{"lineNumber":9,"author":{"gitId":"-"},"content":"## Adding deadlines","lastModifiedDate":"2024-01-07T18:33:52","isFullCredit":false},{"lineNumber":10,"author":{"gitId":"-"},"content":"","lastModifiedDate":"2021-07-17T16:49:07","isFullCredit":false},{"lineNumber":11,"author":{"gitId":"-"},"content":"// Describe the action and its outcome.","lastModifiedDate":"2024-01-07T18:33:52","isFullCredit":false},{"lineNumber":12,"author":{"gitId":"-"},"content":"","lastModifiedDate":"2019-07-29T17:14:46","isFullCredit":false},{"lineNumber":13,"author":{"gitId":"-"},"content":"// Give examples of usage","lastModifiedDate":"2024-01-07T18:33:52","isFullCredit":false},{"lineNumber":14,"author":{"gitId":"-"},"content":"","lastModifiedDate":"2019-07-29T17:14:46","isFullCredit":false},{"lineNumber":15,"author":{"gitId":"-"},"content":"Example: `keyword (optional arguments)`","lastModifiedDate":"2024-01-07T18:33:52","isFullCredit":false},{"lineNumber":16,"author":{"gitId":"-"},"content":"","lastModifiedDate":"2019-07-29T17:14:46","isFullCredit":false},{"lineNumber":17,"author":{"gitId":"-"},"content":"// A description of the expected outcome goes here","lastModifiedDate":"2024-01-07T18:33:52","isFullCredit":false},{"lineNumber":18,"author":{"gitId":"-"},"content":"","lastModifiedDate":"2019-07-29T17:14:46","isFullCredit":false},{"lineNumber":19,"author":{"gitId":"-"},"content":"```","lastModifiedDate":"2024-01-07T18:33:52","isFullCredit":false},{"lineNumber":20,"author":{"gitId":"-"},"content":"expected output","lastModifiedDate":"2024-01-07T18:33:52","isFullCredit":false},{"lineNumber":21,"author":{"gitId":"-"},"content":"```","lastModifiedDate":"2024-01-07T18:33:52","isFullCredit":false},{"lineNumber":22,"author":{"gitId":"-"},"content":"","lastModifiedDate":"2019-07-29T17:14:46","isFullCredit":false},{"lineNumber":23,"author":{"gitId":"-"},"content":"## Feature ABC","lastModifiedDate":"2024-01-07T18:33:52","isFullCredit":false},{"lineNumber":24,"author":{"gitId":"-"},"content":"","lastModifiedDate":"2019-07-29T17:14:46","isFullCredit":false},{"lineNumber":25,"author":{"gitId":"-"},"content":"// Feature details","lastModifiedDate":"2024-01-07T18:33:52","isFullCredit":false},{"lineNumber":26,"author":{"gitId":"-"},"content":"","lastModifiedDate":"2019-07-29T17:14:46","isFullCredit":false},{"lineNumber":27,"author":{"gitId":"-"},"content":"","lastModifiedDate":"2021-07-17T16:49:07","isFullCredit":false},{"lineNumber":28,"author":{"gitId":"-"},"content":"## Feature XYZ","lastModifiedDate":"2024-01-07T18:33:52","isFullCredit":false},{"lineNumber":29,"author":{"gitId":"-"},"content":"","lastModifiedDate":"2024-01-07T18:33:52","isFullCredit":false},{"lineNumber":30,"author":{"gitId":"-"},"content":"// Feature details","lastModifiedDate":"2024-01-07T18:33:52","isFullCredit":false}],"authorContributionMap":{"-":29,"m-xrtin":1}},{"path":"src/main/java/tarnia/CommandManager.java","fileType":"java","lines":[{"lineNumber":1,"author":{"gitId":"m-xrtin"},"content":"package tarnia;","lastModifiedDate":"2025-09-09T18:29:49","isFullCredit":false},{"lineNumber":2,"author":{"gitId":"m-xrtin"},"content":"","lastModifiedDate":"2025-09-09T18:29:49","isFullCredit":false},{"lineNumber":3,"author":{"gitId":"m-xrtin"},"content":"public class CommandManager {","lastModifiedDate":"2025-09-03T22:50:27","isFullCredit":false},{"lineNumber":4,"author":{"gitId":"m-xrtin"},"content":"    private TaskManager manager;","lastModifiedDate":"2025-09-03T22:50:27","isFullCredit":false},{"lineNumber":5,"author":{"gitId":"m-xrtin"},"content":"","lastModifiedDate":"2025-09-03T22:50:27","isFullCredit":false},{"lineNumber":6,"author":{"gitId":"m-xrtin"},"content":"    public CommandManager (TaskManager manager) {","lastModifiedDate":"2025-09-03T22:50:27","isFullCredit":false},{"lineNumber":7,"author":{"gitId":"m-xrtin"},"content":"        this.manager \u003d manager;","lastModifiedDate":"2025-09-03T22:50:27","isFullCredit":false},{"lineNumber":8,"author":{"gitId":"m-xrtin"},"content":"    }","lastModifiedDate":"2025-09-03T22:50:27","isFullCredit":false},{"lineNumber":9,"author":{"gitId":"m-xrtin"},"content":"","lastModifiedDate":"2025-09-03T22:50:27","isFullCredit":false},{"lineNumber":10,"author":{"gitId":"m-xrtin"},"content":"    public boolean handleCommand(String line) {","lastModifiedDate":"2025-09-03T22:50:27","isFullCredit":false},{"lineNumber":11,"author":{"gitId":"m-xrtin"},"content":"        String[] parts \u003d line.split(\" \", 2);","lastModifiedDate":"2025-09-03T22:50:27","isFullCredit":false},{"lineNumber":12,"author":{"gitId":"m-xrtin"},"content":"        String command \u003d parts[0];","lastModifiedDate":"2025-09-03T22:50:27","isFullCredit":false},{"lineNumber":13,"author":{"gitId":"m-xrtin"},"content":"","lastModifiedDate":"2025-09-03T22:50:27","isFullCredit":false},{"lineNumber":14,"author":{"gitId":"m-xrtin"},"content":"        switch (command) {","lastModifiedDate":"2025-09-03T22:50:27","isFullCredit":false},{"lineNumber":15,"author":{"gitId":"m-xrtin"},"content":"        case \"list\":","lastModifiedDate":"2025-09-03T22:50:27","isFullCredit":false},{"lineNumber":16,"author":{"gitId":"m-xrtin"},"content":"            Messages.printTaskList(manager.getTasks(), manager.getCount());","lastModifiedDate":"2025-09-03T22:50:27","isFullCredit":false},{"lineNumber":17,"author":{"gitId":"m-xrtin"},"content":"            break;","lastModifiedDate":"2025-09-03T22:50:27","isFullCredit":false},{"lineNumber":18,"author":{"gitId":"m-xrtin"},"content":"        case \"mark\":","lastModifiedDate":"2025-09-03T22:50:27","isFullCredit":false},{"lineNumber":19,"author":{"gitId":"m-xrtin"},"content":"        case \"unmark\":","lastModifiedDate":"2025-09-03T22:50:27","isFullCredit":false},{"lineNumber":20,"author":{"gitId":"m-xrtin"},"content":"            ErrorCatcher.catchMarkCommand(parts, manager, command);","lastModifiedDate":"2025-09-09T18:04:15","isFullCredit":false},{"lineNumber":21,"author":{"gitId":"m-xrtin"},"content":"            break;","lastModifiedDate":"2025-09-03T22:50:27","isFullCredit":false},{"lineNumber":22,"author":{"gitId":"m-xrtin"},"content":"        case \"bye\":","lastModifiedDate":"2025-09-03T22:50:27","isFullCredit":false},{"lineNumber":23,"author":{"gitId":"m-xrtin"},"content":"            Messages.printGoodbyeMessage();","lastModifiedDate":"2025-09-03T22:50:27","isFullCredit":false},{"lineNumber":24,"author":{"gitId":"m-xrtin"},"content":"            return false;","lastModifiedDate":"2025-09-03T22:50:27","isFullCredit":false},{"lineNumber":25,"author":{"gitId":"m-xrtin"},"content":"        case \"deadline\":","lastModifiedDate":"2025-09-03T23:57:00","isFullCredit":false},{"lineNumber":26,"author":{"gitId":"m-xrtin"},"content":"            ErrorCatcher.catchDeadlineCommand(parts, manager);","lastModifiedDate":"2025-09-09T18:04:15","isFullCredit":false},{"lineNumber":27,"author":{"gitId":"m-xrtin"},"content":"            break;","lastModifiedDate":"2025-09-03T23:57:00","isFullCredit":false},{"lineNumber":28,"author":{"gitId":"m-xrtin"},"content":"        case \"event\": ","lastModifiedDate":"2025-09-03T23:57:00","isFullCredit":false},{"lineNumber":29,"author":{"gitId":"m-xrtin"},"content":"            ErrorCatcher.catchEventCommand(parts, manager);","lastModifiedDate":"2025-09-09T18:04:15","isFullCredit":false},{"lineNumber":30,"author":{"gitId":"m-xrtin"},"content":"            break;","lastModifiedDate":"2025-09-03T23:57:00","isFullCredit":false},{"lineNumber":31,"author":{"gitId":"m-xrtin"},"content":"        case \"todo\":","lastModifiedDate":"2025-09-03T23:57:00","isFullCredit":false},{"lineNumber":32,"author":{"gitId":"m-xrtin"},"content":"            ErrorCatcher.catchTodoCommand(parts, manager);","lastModifiedDate":"2025-09-09T18:04:15","isFullCredit":false},{"lineNumber":33,"author":{"gitId":"m-xrtin"},"content":"            break;","lastModifiedDate":"2025-09-09T18:04:15","isFullCredit":false},{"lineNumber":34,"author":{"gitId":"m-xrtin"},"content":"        default:","lastModifiedDate":"2025-09-09T18:04:15","isFullCredit":false},{"lineNumber":35,"author":{"gitId":"m-xrtin"},"content":"            Messages.printUnkownCommand();","lastModifiedDate":"2025-09-09T18:04:15","isFullCredit":false},{"lineNumber":36,"author":{"gitId":"m-xrtin"},"content":"            break;","lastModifiedDate":"2025-09-03T22:50:27","isFullCredit":false},{"lineNumber":37,"author":{"gitId":"m-xrtin"},"content":"        }","lastModifiedDate":"2025-09-03T22:50:27","isFullCredit":false},{"lineNumber":38,"author":{"gitId":"m-xrtin"},"content":"        return true;","lastModifiedDate":"2025-09-03T22:50:27","isFullCredit":false},{"lineNumber":39,"author":{"gitId":"m-xrtin"},"content":"    }","lastModifiedDate":"2025-09-03T22:50:27","isFullCredit":false},{"lineNumber":40,"author":{"gitId":"m-xrtin"},"content":"}","lastModifiedDate":"2025-09-03T22:50:27","isFullCredit":false}],"authorContributionMap":{"m-xrtin":40}},{"path":"src/main/java/tarnia/Deadline.java","fileType":"java","lines":[{"lineNumber":1,"author":{"gitId":"m-xrtin"},"content":"package tarnia;","lastModifiedDate":"2025-09-09T18:29:49","isFullCredit":false},{"lineNumber":2,"author":{"gitId":"m-xrtin"},"content":"","lastModifiedDate":"2025-09-09T18:29:49","isFullCredit":false},{"lineNumber":3,"author":{"gitId":"m-xrtin"},"content":"public class Deadline extends Task {","lastModifiedDate":"2025-09-03T23:57:00","isFullCredit":false},{"lineNumber":4,"author":{"gitId":"m-xrtin"},"content":"    private String by;","lastModifiedDate":"2025-09-03T23:57:00","isFullCredit":false},{"lineNumber":5,"author":{"gitId":"m-xrtin"},"content":"    ","lastModifiedDate":"2025-09-03T23:57:00","isFullCredit":false},{"lineNumber":6,"author":{"gitId":"m-xrtin"},"content":"    public Deadline(String description, String by) {","lastModifiedDate":"2025-09-03T23:57:00","isFullCredit":false},{"lineNumber":7,"author":{"gitId":"m-xrtin"},"content":"        super(description);","lastModifiedDate":"2025-09-03T23:57:00","isFullCredit":false},{"lineNumber":8,"author":{"gitId":"m-xrtin"},"content":"        this.by \u003d by;","lastModifiedDate":"2025-09-03T23:57:00","isFullCredit":false},{"lineNumber":9,"author":{"gitId":"m-xrtin"},"content":"        this.taskType \u003d \"D\";","lastModifiedDate":"2025-09-03T23:57:00","isFullCredit":false},{"lineNumber":10,"author":{"gitId":"m-xrtin"},"content":"    }","lastModifiedDate":"2025-09-03T23:57:00","isFullCredit":false},{"lineNumber":11,"author":{"gitId":"m-xrtin"},"content":"","lastModifiedDate":"2025-09-03T23:57:00","isFullCredit":false},{"lineNumber":12,"author":{"gitId":"m-xrtin"},"content":"    @Override","lastModifiedDate":"2025-09-03T23:57:00","isFullCredit":false},{"lineNumber":13,"author":{"gitId":"m-xrtin"},"content":"    public String toString() {","lastModifiedDate":"2025-09-03T23:57:00","isFullCredit":false},{"lineNumber":14,"author":{"gitId":"m-xrtin"},"content":"        return super.toString() + \" (by: \" + by + \")\";","lastModifiedDate":"2025-09-03T23:57:00","isFullCredit":false},{"lineNumber":15,"author":{"gitId":"m-xrtin"},"content":"    }","lastModifiedDate":"2025-09-03T23:57:00","isFullCredit":false},{"lineNumber":16,"author":{"gitId":"m-xrtin"},"content":"}","lastModifiedDate":"2025-09-03T23:57:00","isFullCredit":false}],"authorContributionMap":{"m-xrtin":16}},{"path":"src/main/java/tarnia/ErrorCatcher.java","fileType":"java","lines":[{"lineNumber":1,"author":{"gitId":"m-xrtin"},"content":"package tarnia;","lastModifiedDate":"2025-09-09T18:29:49","isFullCredit":false},{"lineNumber":2,"author":{"gitId":"m-xrtin"},"content":"","lastModifiedDate":"2025-09-09T18:29:49","isFullCredit":false},{"lineNumber":3,"author":{"gitId":"m-xrtin"},"content":"public class ErrorCatcher {","lastModifiedDate":"2025-09-09T18:04:15","isFullCredit":false},{"lineNumber":4,"author":{"gitId":"m-xrtin"},"content":"    ","lastModifiedDate":"2025-09-09T18:04:15","isFullCredit":false},{"lineNumber":5,"author":{"gitId":"m-xrtin"},"content":"    public static void catchMarkCommand(String[] parts, TaskManager manager, String command) {","lastModifiedDate":"2025-09-09T18:04:15","isFullCredit":false},{"lineNumber":6,"author":{"gitId":"m-xrtin"},"content":"        try {","lastModifiedDate":"2025-09-09T18:04:15","isFullCredit":false},{"lineNumber":7,"author":{"gitId":"m-xrtin"},"content":"            int index \u003d Integer.parseInt(parts[1]) - 1;","lastModifiedDate":"2025-09-09T18:04:15","isFullCredit":false},{"lineNumber":8,"author":{"gitId":"m-xrtin"},"content":"","lastModifiedDate":"2025-09-09T18:04:15","isFullCredit":false},{"lineNumber":9,"author":{"gitId":"m-xrtin"},"content":"            if (command.equals(\"mark\")) {","lastModifiedDate":"2025-09-09T18:04:15","isFullCredit":false},{"lineNumber":10,"author":{"gitId":"m-xrtin"},"content":"                manager.markTask(index);","lastModifiedDate":"2025-09-09T18:04:15","isFullCredit":false},{"lineNumber":11,"author":{"gitId":"m-xrtin"},"content":"            } else if (command.equals(\"unmark\")) {","lastModifiedDate":"2025-09-09T18:04:15","isFullCredit":false},{"lineNumber":12,"author":{"gitId":"m-xrtin"},"content":"                manager.unmarkTask(index);","lastModifiedDate":"2025-09-09T18:04:15","isFullCredit":false},{"lineNumber":13,"author":{"gitId":"m-xrtin"},"content":"            }","lastModifiedDate":"2025-09-09T18:04:15","isFullCredit":false},{"lineNumber":14,"author":{"gitId":"m-xrtin"},"content":"            ","lastModifiedDate":"2025-09-09T18:04:15","isFullCredit":false},{"lineNumber":15,"author":{"gitId":"m-xrtin"},"content":"        } catch (ArrayIndexOutOfBoundsException e) {","lastModifiedDate":"2025-09-09T18:04:15","isFullCredit":false},{"lineNumber":16,"author":{"gitId":"m-xrtin"},"content":"            Messages.printEmptyMessage(command);","lastModifiedDate":"2025-09-09T18:04:15","isFullCredit":false},{"lineNumber":17,"author":{"gitId":"m-xrtin"},"content":"        } catch (NumberFormatException e) {","lastModifiedDate":"2025-09-09T18:04:15","isFullCredit":false},{"lineNumber":18,"author":{"gitId":"m-xrtin"},"content":"            Messages.printNotANumber(command);","lastModifiedDate":"2025-09-09T18:04:15","isFullCredit":false},{"lineNumber":19,"author":{"gitId":"m-xrtin"},"content":"        } catch (IndexOutOfBoundsException e) {","lastModifiedDate":"2025-09-09T18:04:15","isFullCredit":false},{"lineNumber":20,"author":{"gitId":"m-xrtin"},"content":"            Messages.printOutOfRange(command);","lastModifiedDate":"2025-09-09T18:04:15","isFullCredit":false},{"lineNumber":21,"author":{"gitId":"m-xrtin"},"content":"        }","lastModifiedDate":"2025-09-09T18:04:15","isFullCredit":false},{"lineNumber":22,"author":{"gitId":"m-xrtin"},"content":"    }","lastModifiedDate":"2025-09-09T18:04:15","isFullCredit":false},{"lineNumber":23,"author":{"gitId":"m-xrtin"},"content":"","lastModifiedDate":"2025-09-09T18:04:15","isFullCredit":false},{"lineNumber":24,"author":{"gitId":"m-xrtin"},"content":"    public static void catchTodoCommand(String[] parts, TaskManager manager) {","lastModifiedDate":"2025-09-09T18:04:15","isFullCredit":false},{"lineNumber":25,"author":{"gitId":"m-xrtin"},"content":"        try {","lastModifiedDate":"2025-09-09T18:04:15","isFullCredit":false},{"lineNumber":26,"author":{"gitId":"m-xrtin"},"content":"            manager.addTask(Parser.parseToDo(parts[1]));","lastModifiedDate":"2025-09-09T18:04:15","isFullCredit":false},{"lineNumber":27,"author":{"gitId":"m-xrtin"},"content":"        } catch (ArrayIndexOutOfBoundsException e) {","lastModifiedDate":"2025-09-09T18:04:15","isFullCredit":false},{"lineNumber":28,"author":{"gitId":"m-xrtin"},"content":"            Messages.printEmptyMessage(\"todo\");","lastModifiedDate":"2025-09-09T18:04:15","isFullCredit":false},{"lineNumber":29,"author":{"gitId":"m-xrtin"},"content":"        }","lastModifiedDate":"2025-09-09T18:04:15","isFullCredit":false},{"lineNumber":30,"author":{"gitId":"m-xrtin"},"content":"    }","lastModifiedDate":"2025-09-09T18:04:15","isFullCredit":false},{"lineNumber":31,"author":{"gitId":"m-xrtin"},"content":"","lastModifiedDate":"2025-09-09T18:04:15","isFullCredit":false},{"lineNumber":32,"author":{"gitId":"m-xrtin"},"content":"    public static void catchDeadlineCommand(String[] parts, TaskManager manager) {","lastModifiedDate":"2025-09-09T18:04:15","isFullCredit":false},{"lineNumber":33,"author":{"gitId":"m-xrtin"},"content":"        try {","lastModifiedDate":"2025-09-09T18:04:15","isFullCredit":false},{"lineNumber":34,"author":{"gitId":"m-xrtin"},"content":"            manager.addTask(Parser.parseDeadline(parts[1]));","lastModifiedDate":"2025-09-09T18:04:15","isFullCredit":false},{"lineNumber":35,"author":{"gitId":"m-xrtin"},"content":"        } catch (ArrayIndexOutOfBoundsException e) {","lastModifiedDate":"2025-09-09T18:04:15","isFullCredit":false},{"lineNumber":36,"author":{"gitId":"m-xrtin"},"content":"            Messages.printEmptyMessage(\"deadline\");","lastModifiedDate":"2025-09-09T18:04:15","isFullCredit":false},{"lineNumber":37,"author":{"gitId":"m-xrtin"},"content":"        } catch (IllegalArgumentException e) {","lastModifiedDate":"2025-09-09T18:04:15","isFullCredit":false},{"lineNumber":38,"author":{"gitId":"m-xrtin"},"content":"            if (e.getMessage().equals(\"badformat\")) {","lastModifiedDate":"2025-09-09T18:04:15","isFullCredit":false},{"lineNumber":39,"author":{"gitId":"m-xrtin"},"content":"                Messages.printBadDeadlineFormat();","lastModifiedDate":"2025-09-09T18:04:15","isFullCredit":false},{"lineNumber":40,"author":{"gitId":"m-xrtin"},"content":"            }","lastModifiedDate":"2025-09-09T18:04:15","isFullCredit":false},{"lineNumber":41,"author":{"gitId":"m-xrtin"},"content":"        }","lastModifiedDate":"2025-09-09T18:04:15","isFullCredit":false},{"lineNumber":42,"author":{"gitId":"m-xrtin"},"content":"    }","lastModifiedDate":"2025-09-09T18:04:15","isFullCredit":false},{"lineNumber":43,"author":{"gitId":"m-xrtin"},"content":"","lastModifiedDate":"2025-09-09T18:04:15","isFullCredit":false},{"lineNumber":44,"author":{"gitId":"m-xrtin"},"content":"    public static void catchEventCommand(String[] parts, TaskManager manager) {","lastModifiedDate":"2025-09-09T18:04:15","isFullCredit":false},{"lineNumber":45,"author":{"gitId":"m-xrtin"},"content":"        try {","lastModifiedDate":"2025-09-09T18:04:15","isFullCredit":false},{"lineNumber":46,"author":{"gitId":"m-xrtin"},"content":"            manager.addTask(Parser.parseEvents(parts[1]));","lastModifiedDate":"2025-09-09T18:04:15","isFullCredit":false},{"lineNumber":47,"author":{"gitId":"m-xrtin"},"content":"        } catch (ArrayIndexOutOfBoundsException e) {","lastModifiedDate":"2025-09-09T18:04:15","isFullCredit":false},{"lineNumber":48,"author":{"gitId":"m-xrtin"},"content":"            Messages.printEmptyMessage(\"event\");","lastModifiedDate":"2025-09-09T18:04:15","isFullCredit":false},{"lineNumber":49,"author":{"gitId":"m-xrtin"},"content":"        } catch (IllegalArgumentException e) {","lastModifiedDate":"2025-09-09T18:04:15","isFullCredit":false},{"lineNumber":50,"author":{"gitId":"m-xrtin"},"content":"            if (e.getMessage().equals(\"badformat\")) {","lastModifiedDate":"2025-09-09T18:04:15","isFullCredit":false},{"lineNumber":51,"author":{"gitId":"m-xrtin"},"content":"                Messages.printBadEventFormat();","lastModifiedDate":"2025-09-09T18:04:15","isFullCredit":false},{"lineNumber":52,"author":{"gitId":"m-xrtin"},"content":"            }","lastModifiedDate":"2025-09-09T18:04:15","isFullCredit":false},{"lineNumber":53,"author":{"gitId":"m-xrtin"},"content":"        }","lastModifiedDate":"2025-09-09T18:04:15","isFullCredit":false},{"lineNumber":54,"author":{"gitId":"m-xrtin"},"content":"    }","lastModifiedDate":"2025-09-09T18:04:15","isFullCredit":false},{"lineNumber":55,"author":{"gitId":"m-xrtin"},"content":"}","lastModifiedDate":"2025-09-09T18:04:15","isFullCredit":false}],"authorContributionMap":{"m-xrtin":55}},{"path":"src/main/java/tarnia/Events.java","fileType":"java","lines":[{"lineNumber":1,"author":{"gitId":"m-xrtin"},"content":"package tarnia;","lastModifiedDate":"2025-09-09T18:29:49","isFullCredit":false},{"lineNumber":2,"author":{"gitId":"m-xrtin"},"content":"","lastModifiedDate":"2025-09-09T18:29:49","isFullCredit":false},{"lineNumber":3,"author":{"gitId":"m-xrtin"},"content":"public class Events extends Task {","lastModifiedDate":"2025-09-03T23:57:00","isFullCredit":false},{"lineNumber":4,"author":{"gitId":"m-xrtin"},"content":"    private String from;","lastModifiedDate":"2025-09-03T23:57:00","isFullCredit":false},{"lineNumber":5,"author":{"gitId":"m-xrtin"},"content":"    private String to;","lastModifiedDate":"2025-09-03T23:57:00","isFullCredit":false},{"lineNumber":6,"author":{"gitId":"m-xrtin"},"content":"    ","lastModifiedDate":"2025-09-03T23:57:00","isFullCredit":false},{"lineNumber":7,"author":{"gitId":"m-xrtin"},"content":"    public Events(String description, String from, String to) {","lastModifiedDate":"2025-09-03T23:57:00","isFullCredit":false},{"lineNumber":8,"author":{"gitId":"m-xrtin"},"content":"        super(description);","lastModifiedDate":"2025-09-03T23:57:00","isFullCredit":false},{"lineNumber":9,"author":{"gitId":"m-xrtin"},"content":"        this.from \u003d from;","lastModifiedDate":"2025-09-03T23:57:00","isFullCredit":false},{"lineNumber":10,"author":{"gitId":"m-xrtin"},"content":"        this.to \u003d to;","lastModifiedDate":"2025-09-03T23:57:00","isFullCredit":false},{"lineNumber":11,"author":{"gitId":"m-xrtin"},"content":"        this.taskType \u003d \"E\";","lastModifiedDate":"2025-09-03T23:57:00","isFullCredit":false},{"lineNumber":12,"author":{"gitId":"m-xrtin"},"content":"    }","lastModifiedDate":"2025-09-03T23:57:00","isFullCredit":false},{"lineNumber":13,"author":{"gitId":"m-xrtin"},"content":"","lastModifiedDate":"2025-09-03T23:57:00","isFullCredit":false},{"lineNumber":14,"author":{"gitId":"m-xrtin"},"content":"    @Override","lastModifiedDate":"2025-09-03T23:57:00","isFullCredit":false},{"lineNumber":15,"author":{"gitId":"m-xrtin"},"content":"    public String toString() {","lastModifiedDate":"2025-09-03T23:57:00","isFullCredit":false},{"lineNumber":16,"author":{"gitId":"m-xrtin"},"content":"        return super.toString() + \" (from: \" + from + \" to: \" + to + \")\";","lastModifiedDate":"2025-09-03T23:57:00","isFullCredit":false},{"lineNumber":17,"author":{"gitId":"m-xrtin"},"content":"    }","lastModifiedDate":"2025-09-03T23:57:00","isFullCredit":false},{"lineNumber":18,"author":{"gitId":"m-xrtin"},"content":"}","lastModifiedDate":"2025-09-03T23:57:00","isFullCredit":false}],"authorContributionMap":{"m-xrtin":18}},{"path":"src/main/java/tarnia/Messages.java","fileType":"java","lines":[{"lineNumber":1,"author":{"gitId":"m-xrtin"},"content":"package tarnia;","lastModifiedDate":"2025-09-09T18:29:49","isFullCredit":false},{"lineNumber":2,"author":{"gitId":"m-xrtin"},"content":"","lastModifiedDate":"2025-09-09T18:29:49","isFullCredit":false},{"lineNumber":3,"author":{"gitId":"m-xrtin"},"content":"public class Messages {","lastModifiedDate":"2025-09-03T22:50:27","isFullCredit":false},{"lineNumber":4,"author":{"gitId":"m-xrtin"},"content":"","lastModifiedDate":"2025-09-03T22:50:27","isFullCredit":false},{"lineNumber":5,"author":{"gitId":"m-xrtin"},"content":"    public static void printHelloMessage() {","lastModifiedDate":"2025-09-03T22:50:27","isFullCredit":false},{"lineNumber":6,"author":{"gitId":"m-xrtin"},"content":"        System.out.println(\"Hello! I\u0027m 𝓣𝓪𝓻𝓷𝓲𝓪 💔\");","lastModifiedDate":"2025-09-03T22:50:27","isFullCredit":false},{"lineNumber":7,"author":{"gitId":"m-xrtin"},"content":"        System.out.println(\"What can I do for you?\");","lastModifiedDate":"2025-09-03T22:50:27","isFullCredit":false},{"lineNumber":8,"author":{"gitId":"m-xrtin"},"content":"    }","lastModifiedDate":"2025-09-03T22:50:27","isFullCredit":false},{"lineNumber":9,"author":{"gitId":"m-xrtin"},"content":"","lastModifiedDate":"2025-09-03T22:50:27","isFullCredit":false},{"lineNumber":10,"author":{"gitId":"m-xrtin"},"content":"    public static void printAddTaskMessage(Task task, int count) {","lastModifiedDate":"2025-09-03T23:57:00","isFullCredit":false},{"lineNumber":11,"author":{"gitId":"m-xrtin"},"content":"        System.out.println(\"added for ya: \" + task);","lastModifiedDate":"2025-09-03T23:57:00","isFullCredit":false},{"lineNumber":12,"author":{"gitId":"m-xrtin"},"content":"        System.out.println(\"Now you have \" + count + \" task(s) in da list :o\");","lastModifiedDate":"2025-09-03T23:57:00","isFullCredit":false},{"lineNumber":13,"author":{"gitId":"m-xrtin"},"content":"    }","lastModifiedDate":"2025-09-03T22:50:27","isFullCredit":false},{"lineNumber":14,"author":{"gitId":"m-xrtin"},"content":"","lastModifiedDate":"2025-09-03T22:50:27","isFullCredit":false},{"lineNumber":15,"author":{"gitId":"m-xrtin"},"content":"    public static void printTaskList(Task[] tasks, int count) {","lastModifiedDate":"2025-09-03T22:50:27","isFullCredit":false},{"lineNumber":16,"author":{"gitId":"m-xrtin"},"content":"        System.out.println(\"Here are the tasks in your list! :\");","lastModifiedDate":"2025-09-03T22:50:27","isFullCredit":false},{"lineNumber":17,"author":{"gitId":"m-xrtin"},"content":"        for (int i \u003d 0; i \u003c count; i++) {","lastModifiedDate":"2025-09-03T22:50:27","isFullCredit":false},{"lineNumber":18,"author":{"gitId":"m-xrtin"},"content":"            System.out.println((i + 1) + \". \" + tasks[i]);","lastModifiedDate":"2025-09-03T23:57:00","isFullCredit":false},{"lineNumber":19,"author":{"gitId":"m-xrtin"},"content":"        }","lastModifiedDate":"2025-09-03T22:50:27","isFullCredit":false},{"lineNumber":20,"author":{"gitId":"m-xrtin"},"content":"    }","lastModifiedDate":"2025-09-03T22:50:27","isFullCredit":false},{"lineNumber":21,"author":{"gitId":"m-xrtin"},"content":"","lastModifiedDate":"2025-09-03T22:50:27","isFullCredit":false},{"lineNumber":22,"author":{"gitId":"m-xrtin"},"content":"    public static void printMarkTaskMessage(Task task) {","lastModifiedDate":"2025-09-03T22:50:27","isFullCredit":false},{"lineNumber":23,"author":{"gitId":"m-xrtin"},"content":"        System.out.println(\"Yayyyy :), I\u0027ve marked this task as done:\");","lastModifiedDate":"2025-09-03T22:50:27","isFullCredit":false},{"lineNumber":24,"author":{"gitId":"m-xrtin"},"content":"        System.out.println(\"  \" + task);","lastModifiedDate":"2025-09-03T23:57:00","isFullCredit":false},{"lineNumber":25,"author":{"gitId":"m-xrtin"},"content":"    }","lastModifiedDate":"2025-09-03T22:50:27","isFullCredit":false},{"lineNumber":26,"author":{"gitId":"m-xrtin"},"content":"","lastModifiedDate":"2025-09-03T22:50:27","isFullCredit":false},{"lineNumber":27,"author":{"gitId":"m-xrtin"},"content":"    public static void printUnmarkTaskMessage(Task task) {","lastModifiedDate":"2025-09-03T22:50:27","isFullCredit":false},{"lineNumber":28,"author":{"gitId":"m-xrtin"},"content":"        System.out.println(\"OK :( , I\u0027ve marked this task as not done yet:\");","lastModifiedDate":"2025-09-03T22:50:27","isFullCredit":false},{"lineNumber":29,"author":{"gitId":"m-xrtin"},"content":"        System.out.println(\"  \" + task);","lastModifiedDate":"2025-09-03T23:57:00","isFullCredit":false},{"lineNumber":30,"author":{"gitId":"m-xrtin"},"content":"    }","lastModifiedDate":"2025-09-03T22:50:27","isFullCredit":false},{"lineNumber":31,"author":{"gitId":"m-xrtin"},"content":"","lastModifiedDate":"2025-09-03T22:50:27","isFullCredit":false},{"lineNumber":32,"author":{"gitId":"m-xrtin"},"content":"    public static void printGoodbyeMessage() {","lastModifiedDate":"2025-09-03T22:50:27","isFullCredit":false},{"lineNumber":33,"author":{"gitId":"m-xrtin"},"content":"        System.out.println(\"BYE BYE. Hope to see you again soon! xo xo\");","lastModifiedDate":"2025-09-03T22:50:27","isFullCredit":false},{"lineNumber":34,"author":{"gitId":"m-xrtin"},"content":"    }","lastModifiedDate":"2025-09-03T22:50:27","isFullCredit":false},{"lineNumber":35,"author":{"gitId":"m-xrtin"},"content":"","lastModifiedDate":"2025-09-03T23:57:00","isFullCredit":false},{"lineNumber":36,"author":{"gitId":"m-xrtin"},"content":"    public static void printEmptyMessage(String command) {","lastModifiedDate":"2025-09-09T18:04:15","isFullCredit":false},{"lineNumber":37,"author":{"gitId":"m-xrtin"},"content":"        System.out.println(\"Heyy, You need to include a message for this task: \" + command);","lastModifiedDate":"2025-09-09T18:04:15","isFullCredit":false},{"lineNumber":38,"author":{"gitId":"m-xrtin"},"content":"    }","lastModifiedDate":"2025-09-09T18:04:15","isFullCredit":false},{"lineNumber":39,"author":{"gitId":"m-xrtin"},"content":"    public static void printNotANumber(String command) {","lastModifiedDate":"2025-09-09T18:04:15","isFullCredit":false},{"lineNumber":40,"author":{"gitId":"m-xrtin"},"content":"        System.out.println(\"NOOOOOO \u003e:( The argument for \" + command + \" must be a number.\");","lastModifiedDate":"2025-09-09T18:04:15","isFullCredit":false},{"lineNumber":41,"author":{"gitId":"m-xrtin"},"content":"    }","lastModifiedDate":"2025-09-09T18:04:15","isFullCredit":false},{"lineNumber":42,"author":{"gitId":"m-xrtin"},"content":"","lastModifiedDate":"2025-09-09T18:04:15","isFullCredit":false},{"lineNumber":43,"author":{"gitId":"m-xrtin"},"content":"    public static void printOutOfRange(String command) {","lastModifiedDate":"2025-09-09T18:04:15","isFullCredit":false},{"lineNumber":44,"author":{"gitId":"m-xrtin"},"content":"        System.out.println(\"Oopsie Daisies :/ The task index given for \" + command + \" is out of range.\");","lastModifiedDate":"2025-09-09T18:04:15","isFullCredit":false},{"lineNumber":45,"author":{"gitId":"m-xrtin"},"content":"    }","lastModifiedDate":"2025-09-09T18:04:15","isFullCredit":false},{"lineNumber":46,"author":{"gitId":"m-xrtin"},"content":"    ","lastModifiedDate":"2025-09-09T18:04:15","isFullCredit":false},{"lineNumber":47,"author":{"gitId":"m-xrtin"},"content":"    public static void printBadDeadlineFormat() {","lastModifiedDate":"2025-09-09T18:04:15","isFullCredit":false},{"lineNumber":48,"author":{"gitId":"m-xrtin"},"content":"        System.out.println(\"Damnn the deadline format is wrong. Use: deadline \u003ctask\u003e /by \u003ctime\u003e\");","lastModifiedDate":"2025-09-09T18:04:15","isFullCredit":false},{"lineNumber":49,"author":{"gitId":"m-xrtin"},"content":"    }","lastModifiedDate":"2025-09-09T18:04:15","isFullCredit":false},{"lineNumber":50,"author":{"gitId":"m-xrtin"},"content":"","lastModifiedDate":"2025-09-09T18:04:15","isFullCredit":false},{"lineNumber":51,"author":{"gitId":"m-xrtin"},"content":"    public static void printBadEventFormat() {","lastModifiedDate":"2025-09-09T18:04:15","isFullCredit":false},{"lineNumber":52,"author":{"gitId":"m-xrtin"},"content":"        System.out.println(\"OOPS!!! The event format is wrong. Use: event \u003ctask\u003e /from \u003cstart time\u003e /to \u003cend time\u003e\");","lastModifiedDate":"2025-09-09T18:04:15","isFullCredit":false},{"lineNumber":53,"author":{"gitId":"m-xrtin"},"content":"    }","lastModifiedDate":"2025-09-09T18:04:15","isFullCredit":false},{"lineNumber":54,"author":{"gitId":"m-xrtin"},"content":"","lastModifiedDate":"2025-09-09T18:04:15","isFullCredit":false},{"lineNumber":55,"author":{"gitId":"m-xrtin"},"content":"    public static void printUnkownCommand() {","lastModifiedDate":"2025-09-09T18:04:15","isFullCredit":false},{"lineNumber":56,"author":{"gitId":"m-xrtin"},"content":"        System.out.println(\"Sorry Mate, Don\u0027t know what you\u0027re on about.\");","lastModifiedDate":"2025-09-09T18:04:15","isFullCredit":false},{"lineNumber":57,"author":{"gitId":"m-xrtin"},"content":"    }","lastModifiedDate":"2025-09-09T18:04:15","isFullCredit":false},{"lineNumber":58,"author":{"gitId":"m-xrtin"},"content":"","lastModifiedDate":"2025-09-09T18:04:15","isFullCredit":false},{"lineNumber":59,"author":{"gitId":"m-xrtin"},"content":"}","lastModifiedDate":"2025-09-03T22:50:27","isFullCredit":false}],"authorContributionMap":{"m-xrtin":59}},{"path":"src/main/java/tarnia/Parser.java","fileType":"java","lines":[{"lineNumber":1,"author":{"gitId":"m-xrtin"},"content":"package tarnia;","lastModifiedDate":"2025-09-09T18:29:49","isFullCredit":false},{"lineNumber":2,"author":{"gitId":"m-xrtin"},"content":"","lastModifiedDate":"2025-09-09T18:29:49","isFullCredit":false},{"lineNumber":3,"author":{"gitId":"m-xrtin"},"content":"public class Parser {","lastModifiedDate":"2025-09-03T23:57:00","isFullCredit":false},{"lineNumber":4,"author":{"gitId":"m-xrtin"},"content":"    public static Task parseToDo(String input) {","lastModifiedDate":"2025-09-03T23:57:00","isFullCredit":false},{"lineNumber":5,"author":{"gitId":"m-xrtin"},"content":"        return new Task(input.trim());","lastModifiedDate":"2025-09-03T23:57:00","isFullCredit":false},{"lineNumber":6,"author":{"gitId":"m-xrtin"},"content":"    }","lastModifiedDate":"2025-09-03T23:57:00","isFullCredit":false},{"lineNumber":7,"author":{"gitId":"m-xrtin"},"content":"","lastModifiedDate":"2025-09-03T23:57:00","isFullCredit":false},{"lineNumber":8,"author":{"gitId":"m-xrtin"},"content":"    public static Deadline parseDeadline(String input) {","lastModifiedDate":"2025-09-03T23:57:00","isFullCredit":false},{"lineNumber":9,"author":{"gitId":"m-xrtin"},"content":"","lastModifiedDate":"2025-09-09T18:04:15","isFullCredit":false},{"lineNumber":10,"author":{"gitId":"m-xrtin"},"content":"        if (input \u003d\u003d null || input.trim().isEmpty()) {","lastModifiedDate":"2025-09-09T18:04:15","isFullCredit":false},{"lineNumber":11,"author":{"gitId":"m-xrtin"},"content":"            throw new IllegalArgumentException(\"empty\");","lastModifiedDate":"2025-09-09T18:04:15","isFullCredit":false},{"lineNumber":12,"author":{"gitId":"m-xrtin"},"content":"        } else if (!input.contains(\"/by\")) {","lastModifiedDate":"2025-09-09T18:04:15","isFullCredit":false},{"lineNumber":13,"author":{"gitId":"m-xrtin"},"content":"            throw new IllegalArgumentException(\"badformat\");","lastModifiedDate":"2025-09-09T18:04:15","isFullCredit":false},{"lineNumber":14,"author":{"gitId":"m-xrtin"},"content":"        }","lastModifiedDate":"2025-09-09T18:04:15","isFullCredit":false},{"lineNumber":15,"author":{"gitId":"m-xrtin"},"content":"","lastModifiedDate":"2025-09-09T18:04:15","isFullCredit":false},{"lineNumber":16,"author":{"gitId":"m-xrtin"},"content":"        String[] parts \u003d input.split(\"/by\", 2);","lastModifiedDate":"2025-09-03T23:57:00","isFullCredit":false},{"lineNumber":17,"author":{"gitId":"m-xrtin"},"content":"        String description \u003d parts[0].trim();","lastModifiedDate":"2025-09-03T23:57:00","isFullCredit":false},{"lineNumber":18,"author":{"gitId":"m-xrtin"},"content":"        String by \u003d parts[1].trim();","lastModifiedDate":"2025-09-03T23:57:00","isFullCredit":false},{"lineNumber":19,"author":{"gitId":"m-xrtin"},"content":"        return new Deadline(description, by);","lastModifiedDate":"2025-09-03T23:57:00","isFullCredit":false},{"lineNumber":20,"author":{"gitId":"m-xrtin"},"content":"    }","lastModifiedDate":"2025-09-03T23:57:00","isFullCredit":false},{"lineNumber":21,"author":{"gitId":"m-xrtin"},"content":"","lastModifiedDate":"2025-09-03T23:57:00","isFullCredit":false},{"lineNumber":22,"author":{"gitId":"m-xrtin"},"content":"    public static Events parseEvents(String input) {","lastModifiedDate":"2025-09-03T23:57:00","isFullCredit":false},{"lineNumber":23,"author":{"gitId":"m-xrtin"},"content":"        if (input \u003d\u003d null || input.trim().isEmpty()) {","lastModifiedDate":"2025-09-09T18:04:15","isFullCredit":false},{"lineNumber":24,"author":{"gitId":"m-xrtin"},"content":"            throw new IllegalArgumentException(\"empty\");","lastModifiedDate":"2025-09-09T18:04:15","isFullCredit":false},{"lineNumber":25,"author":{"gitId":"m-xrtin"},"content":"        } else if (!input.contains(\"/from\") \u0026\u0026 !input.contains(\"/to\")) {","lastModifiedDate":"2025-09-09T18:04:15","isFullCredit":false},{"lineNumber":26,"author":{"gitId":"m-xrtin"},"content":"            throw new IllegalArgumentException(\"badformat\");","lastModifiedDate":"2025-09-09T18:04:15","isFullCredit":false},{"lineNumber":27,"author":{"gitId":"m-xrtin"},"content":"        }","lastModifiedDate":"2025-09-09T18:04:15","isFullCredit":false},{"lineNumber":28,"author":{"gitId":"m-xrtin"},"content":"        ","lastModifiedDate":"2025-09-09T18:04:15","isFullCredit":false},{"lineNumber":29,"author":{"gitId":"m-xrtin"},"content":"        String[] parts \u003d input.split(\"/from|/to\", 3);","lastModifiedDate":"2025-09-03T23:57:00","isFullCredit":false},{"lineNumber":30,"author":{"gitId":"m-xrtin"},"content":"        String description \u003d parts[0].trim();","lastModifiedDate":"2025-09-03T23:57:00","isFullCredit":false},{"lineNumber":31,"author":{"gitId":"m-xrtin"},"content":"        String from \u003d parts[1].trim();","lastModifiedDate":"2025-09-03T23:57:00","isFullCredit":false},{"lineNumber":32,"author":{"gitId":"m-xrtin"},"content":"        String to \u003d parts[2].trim();","lastModifiedDate":"2025-09-03T23:57:00","isFullCredit":false},{"lineNumber":33,"author":{"gitId":"m-xrtin"},"content":"        return new Events(description, from, to);","lastModifiedDate":"2025-09-03T23:57:00","isFullCredit":false},{"lineNumber":34,"author":{"gitId":"m-xrtin"},"content":"    }","lastModifiedDate":"2025-09-03T23:57:00","isFullCredit":false},{"lineNumber":35,"author":{"gitId":"m-xrtin"},"content":"}","lastModifiedDate":"2025-09-03T23:57:00","isFullCredit":false}],"authorContributionMap":{"m-xrtin":35}},{"path":"src/main/java/tarnia/Tarnia.java","fileType":"java","lines":[{"lineNumber":1,"author":{"gitId":"m-xrtin"},"content":"package tarnia;","lastModifiedDate":"2025-09-09T18:29:49","isFullCredit":false},{"lineNumber":2,"author":{"gitId":"m-xrtin"},"content":"import java.util.Scanner;","lastModifiedDate":"2025-08-27T19:22:02","isFullCredit":false},{"lineNumber":3,"author":{"gitId":"m-xrtin"},"content":"","lastModifiedDate":"2025-08-30T12:39:54","isFullCredit":false},{"lineNumber":4,"author":{"gitId":"m-xrtin"},"content":"public class Tarnia {","lastModifiedDate":"2025-08-25T23:09:42","isFullCredit":false},{"lineNumber":5,"author":{"gitId":"m-xrtin"},"content":"","lastModifiedDate":"2025-09-03T22:50:27","isFullCredit":false},{"lineNumber":6,"author":{"gitId":"-"},"content":"    public static void main(String[] args) {","lastModifiedDate":"2019-07-29T17:14:46","isFullCredit":false},{"lineNumber":7,"author":{"gitId":"m-xrtin"},"content":"","lastModifiedDate":"2025-08-27T19:22:02","isFullCredit":false},{"lineNumber":8,"author":{"gitId":"m-xrtin"},"content":"        Messages.printHelloMessage();","lastModifiedDate":"2025-09-03T22:50:27","isFullCredit":false},{"lineNumber":9,"author":{"gitId":"m-xrtin"},"content":"        Scanner in \u003d new Scanner(System.in);","lastModifiedDate":"2025-08-27T19:22:02","isFullCredit":false},{"lineNumber":10,"author":{"gitId":"m-xrtin"},"content":"        TaskManager manager \u003d new TaskManager();","lastModifiedDate":"2025-09-03T22:50:27","isFullCredit":false},{"lineNumber":11,"author":{"gitId":"m-xrtin"},"content":"        CommandManager commandManager \u003d new CommandManager(manager);","lastModifiedDate":"2025-09-03T22:50:27","isFullCredit":false},{"lineNumber":12,"author":{"gitId":"m-xrtin"},"content":"        while (true) {","lastModifiedDate":"2025-08-27T19:22:02","isFullCredit":false},{"lineNumber":13,"author":{"gitId":"m-xrtin"},"content":"            String line \u003d in.nextLine().trim();","lastModifiedDate":"2025-08-30T12:39:54","isFullCredit":false},{"lineNumber":14,"author":{"gitId":"m-xrtin"},"content":"            if (!commandManager.handleCommand(line)) {","lastModifiedDate":"2025-09-03T22:50:27","isFullCredit":false},{"lineNumber":15,"author":{"gitId":"m-xrtin"},"content":"                break;","lastModifiedDate":"2025-08-30T12:39:54","isFullCredit":false},{"lineNumber":16,"author":{"gitId":"m-xrtin"},"content":"            }","lastModifiedDate":"2025-08-27T22:28:48","isFullCredit":false},{"lineNumber":17,"author":{"gitId":"m-xrtin"},"content":"        }","lastModifiedDate":"2025-08-27T19:22:02","isFullCredit":false},{"lineNumber":18,"author":{"gitId":"m-xrtin"},"content":"        in.close();","lastModifiedDate":"2025-09-03T22:50:27","isFullCredit":false},{"lineNumber":19,"author":{"gitId":"-"},"content":"    }","lastModifiedDate":"2019-07-29T17:14:46","isFullCredit":false},{"lineNumber":20,"author":{"gitId":"-"},"content":"}","lastModifiedDate":"2019-07-29T17:14:46","isFullCredit":false},{"lineNumber":21,"author":{"gitId":"m-xrtin"},"content":"    ","lastModifiedDate":"2025-08-30T12:39:54","isFullCredit":false},{"lineNumber":22,"author":{"gitId":"m-xrtin"},"content":"","lastModifiedDate":"2025-08-30T12:44:21","isFullCredit":false},{"lineNumber":23,"author":{"gitId":"m-xrtin"},"content":"","lastModifiedDate":"2025-09-03T22:50:27","isFullCredit":false},{"lineNumber":24,"author":{"gitId":"m-xrtin"},"content":"","lastModifiedDate":"2025-09-03T22:50:27","isFullCredit":false},{"lineNumber":25,"author":{"gitId":"m-xrtin"},"content":"","lastModifiedDate":"2025-09-03T22:50:27","isFullCredit":false}],"authorContributionMap":{"-":3,"m-xrtin":22}},{"path":"src/main/java/tarnia/Task.java","fileType":"java","lines":[{"lineNumber":1,"author":{"gitId":"m-xrtin"},"content":"package tarnia;","lastModifiedDate":"2025-09-09T18:29:49","isFullCredit":false},{"lineNumber":2,"author":{"gitId":"m-xrtin"},"content":"","lastModifiedDate":"2025-09-09T18:29:49","isFullCredit":false},{"lineNumber":3,"author":{"gitId":"m-xrtin"},"content":"public class Task {","lastModifiedDate":"2025-08-30T12:39:54","isFullCredit":false},{"lineNumber":4,"author":{"gitId":"m-xrtin"},"content":"    protected String description;","lastModifiedDate":"2025-08-30T12:39:54","isFullCredit":false},{"lineNumber":5,"author":{"gitId":"m-xrtin"},"content":"    protected boolean isDone;","lastModifiedDate":"2025-08-30T12:39:54","isFullCredit":false},{"lineNumber":6,"author":{"gitId":"m-xrtin"},"content":"    protected String taskType;","lastModifiedDate":"2025-09-03T23:57:00","isFullCredit":false},{"lineNumber":7,"author":{"gitId":"m-xrtin"},"content":"    ","lastModifiedDate":"2025-08-30T12:39:54","isFullCredit":false},{"lineNumber":8,"author":{"gitId":"m-xrtin"},"content":"    public Task(String description) {","lastModifiedDate":"2025-08-30T12:39:54","isFullCredit":false},{"lineNumber":9,"author":{"gitId":"m-xrtin"},"content":"        this.description \u003d description;","lastModifiedDate":"2025-08-30T12:39:54","isFullCredit":false},{"lineNumber":10,"author":{"gitId":"m-xrtin"},"content":"        this.isDone \u003d false;","lastModifiedDate":"2025-08-30T12:39:54","isFullCredit":false},{"lineNumber":11,"author":{"gitId":"m-xrtin"},"content":"        this.taskType \u003d \"T\";","lastModifiedDate":"2025-09-03T23:57:00","isFullCredit":false},{"lineNumber":12,"author":{"gitId":"m-xrtin"},"content":"    }","lastModifiedDate":"2025-08-30T12:39:54","isFullCredit":false},{"lineNumber":13,"author":{"gitId":"m-xrtin"},"content":"","lastModifiedDate":"2025-08-30T12:39:54","isFullCredit":false},{"lineNumber":14,"author":{"gitId":"m-xrtin"},"content":"    public void markDone() {","lastModifiedDate":"2025-08-30T12:39:54","isFullCredit":false},{"lineNumber":15,"author":{"gitId":"m-xrtin"},"content":"        this.isDone \u003d true;","lastModifiedDate":"2025-08-30T12:39:54","isFullCredit":false},{"lineNumber":16,"author":{"gitId":"m-xrtin"},"content":"    }","lastModifiedDate":"2025-08-30T12:39:54","isFullCredit":false},{"lineNumber":17,"author":{"gitId":"m-xrtin"},"content":"","lastModifiedDate":"2025-08-30T12:39:54","isFullCredit":false},{"lineNumber":18,"author":{"gitId":"m-xrtin"},"content":"    public void markUndone() {","lastModifiedDate":"2025-08-30T12:39:54","isFullCredit":false},{"lineNumber":19,"author":{"gitId":"m-xrtin"},"content":"        this.isDone \u003d false;","lastModifiedDate":"2025-08-30T12:39:54","isFullCredit":false},{"lineNumber":20,"author":{"gitId":"m-xrtin"},"content":"    }","lastModifiedDate":"2025-08-30T12:39:54","isFullCredit":false},{"lineNumber":21,"author":{"gitId":"m-xrtin"},"content":"","lastModifiedDate":"2025-08-30T12:39:54","isFullCredit":false},{"lineNumber":22,"author":{"gitId":"m-xrtin"},"content":"    public String getStatusIcon() {","lastModifiedDate":"2025-08-30T12:39:54","isFullCredit":false},{"lineNumber":23,"author":{"gitId":"m-xrtin"},"content":"        return (isDone ? \"X\" : \" \");","lastModifiedDate":"2025-09-03T23:57:00","isFullCredit":false},{"lineNumber":24,"author":{"gitId":"m-xrtin"},"content":"    }","lastModifiedDate":"2025-08-30T12:39:54","isFullCredit":false},{"lineNumber":25,"author":{"gitId":"m-xrtin"},"content":"","lastModifiedDate":"2025-08-30T12:39:54","isFullCredit":false},{"lineNumber":26,"author":{"gitId":"m-xrtin"},"content":"    public String getDescription() {","lastModifiedDate":"2025-08-30T12:39:54","isFullCredit":false},{"lineNumber":27,"author":{"gitId":"m-xrtin"},"content":"        return this.description;","lastModifiedDate":"2025-08-30T12:39:54","isFullCredit":false},{"lineNumber":28,"author":{"gitId":"m-xrtin"},"content":"    }","lastModifiedDate":"2025-08-30T12:39:54","isFullCredit":false},{"lineNumber":29,"author":{"gitId":"m-xrtin"},"content":"","lastModifiedDate":"2025-08-30T12:39:54","isFullCredit":false},{"lineNumber":30,"author":{"gitId":"m-xrtin"},"content":"    public String getTaskType() {","lastModifiedDate":"2025-09-03T23:57:00","isFullCredit":false},{"lineNumber":31,"author":{"gitId":"m-xrtin"},"content":"        return taskType;","lastModifiedDate":"2025-09-03T23:57:00","isFullCredit":false},{"lineNumber":32,"author":{"gitId":"m-xrtin"},"content":"    }","lastModifiedDate":"2025-09-03T23:57:00","isFullCredit":false},{"lineNumber":33,"author":{"gitId":"m-xrtin"},"content":"","lastModifiedDate":"2025-09-03T23:57:00","isFullCredit":false},{"lineNumber":34,"author":{"gitId":"m-xrtin"},"content":"    @Override","lastModifiedDate":"2025-09-03T23:57:00","isFullCredit":false},{"lineNumber":35,"author":{"gitId":"m-xrtin"},"content":"    public String toString() {","lastModifiedDate":"2025-09-03T23:57:00","isFullCredit":false},{"lineNumber":36,"author":{"gitId":"m-xrtin"},"content":"        return \"[\" + taskType + \"][\" + getStatusIcon() + \"] \" + description;","lastModifiedDate":"2025-09-03T23:57:00","isFullCredit":false},{"lineNumber":37,"author":{"gitId":"m-xrtin"},"content":"    }","lastModifiedDate":"2025-09-03T23:57:00","isFullCredit":false},{"lineNumber":38,"author":{"gitId":"m-xrtin"},"content":"}","lastModifiedDate":"2025-08-30T12:39:54","isFullCredit":false}],"authorContributionMap":{"m-xrtin":38}},{"path":"src/main/java/tarnia/TaskManager.java","fileType":"java","lines":[{"lineNumber":1,"author":{"gitId":"m-xrtin"},"content":"package tarnia;","lastModifiedDate":"2025-09-09T18:29:49","isFullCredit":false},{"lineNumber":2,"author":{"gitId":"m-xrtin"},"content":"","lastModifiedDate":"2025-09-09T18:29:49","isFullCredit":false},{"lineNumber":3,"author":{"gitId":"m-xrtin"},"content":"public class TaskManager {","lastModifiedDate":"2025-09-03T22:50:27","isFullCredit":false},{"lineNumber":4,"author":{"gitId":"m-xrtin"},"content":"","lastModifiedDate":"2025-09-03T22:50:27","isFullCredit":false},{"lineNumber":5,"author":{"gitId":"m-xrtin"},"content":"    private static final int MAX_TASKS \u003d 100;","lastModifiedDate":"2025-09-03T22:50:27","isFullCredit":false},{"lineNumber":6,"author":{"gitId":"m-xrtin"},"content":"    private Task[] tasks \u003d new Task[MAX_TASKS];","lastModifiedDate":"2025-09-03T22:50:27","isFullCredit":false},{"lineNumber":7,"author":{"gitId":"m-xrtin"},"content":"    private int counter \u003d 0;","lastModifiedDate":"2025-09-03T22:50:27","isFullCredit":false},{"lineNumber":8,"author":{"gitId":"m-xrtin"},"content":"","lastModifiedDate":"2025-09-03T22:50:27","isFullCredit":false},{"lineNumber":9,"author":{"gitId":"m-xrtin"},"content":"    public Task[] getTasks() {","lastModifiedDate":"2025-09-03T22:50:27","isFullCredit":false},{"lineNumber":10,"author":{"gitId":"m-xrtin"},"content":"        return tasks;","lastModifiedDate":"2025-09-03T22:50:27","isFullCredit":false},{"lineNumber":11,"author":{"gitId":"m-xrtin"},"content":"    }","lastModifiedDate":"2025-09-03T22:50:27","isFullCredit":false},{"lineNumber":12,"author":{"gitId":"m-xrtin"},"content":"","lastModifiedDate":"2025-09-03T22:50:27","isFullCredit":false},{"lineNumber":13,"author":{"gitId":"m-xrtin"},"content":"    public int getCount() {","lastModifiedDate":"2025-09-03T22:50:27","isFullCredit":false},{"lineNumber":14,"author":{"gitId":"m-xrtin"},"content":"        return counter;","lastModifiedDate":"2025-09-03T22:50:27","isFullCredit":false},{"lineNumber":15,"author":{"gitId":"m-xrtin"},"content":"    }","lastModifiedDate":"2025-09-03T22:50:27","isFullCredit":false},{"lineNumber":16,"author":{"gitId":"m-xrtin"},"content":"","lastModifiedDate":"2025-09-03T22:50:27","isFullCredit":false},{"lineNumber":17,"author":{"gitId":"m-xrtin"},"content":"    public void addTask(Task task) {","lastModifiedDate":"2025-09-03T23:57:00","isFullCredit":false},{"lineNumber":18,"author":{"gitId":"m-xrtin"},"content":"        tasks[counter] \u003d task;","lastModifiedDate":"2025-09-03T22:50:27","isFullCredit":false},{"lineNumber":19,"author":{"gitId":"m-xrtin"},"content":"        counter++;","lastModifiedDate":"2025-09-03T22:50:27","isFullCredit":false},{"lineNumber":20,"author":{"gitId":"m-xrtin"},"content":"        Messages.printAddTaskMessage(task, counter);","lastModifiedDate":"2025-09-03T23:57:00","isFullCredit":false},{"lineNumber":21,"author":{"gitId":"m-xrtin"},"content":"    }","lastModifiedDate":"2025-09-03T22:50:27","isFullCredit":false},{"lineNumber":22,"author":{"gitId":"m-xrtin"},"content":"    ","lastModifiedDate":"2025-09-03T22:50:27","isFullCredit":false},{"lineNumber":23,"author":{"gitId":"m-xrtin"},"content":"    public void markTask(int index) {","lastModifiedDate":"2025-09-03T22:50:27","isFullCredit":false},{"lineNumber":24,"author":{"gitId":"m-xrtin"},"content":"        tasks[index].markDone();","lastModifiedDate":"2025-09-03T22:50:27","isFullCredit":false},{"lineNumber":25,"author":{"gitId":"m-xrtin"},"content":"        Messages.printMarkTaskMessage(tasks[index]);","lastModifiedDate":"2025-09-03T22:50:27","isFullCredit":false},{"lineNumber":26,"author":{"gitId":"m-xrtin"},"content":"    }","lastModifiedDate":"2025-09-03T22:50:27","isFullCredit":false},{"lineNumber":27,"author":{"gitId":"m-xrtin"},"content":"","lastModifiedDate":"2025-09-03T22:50:27","isFullCredit":false},{"lineNumber":28,"author":{"gitId":"m-xrtin"},"content":"    public void unmarkTask(int index) {","lastModifiedDate":"2025-09-03T22:50:27","isFullCredit":false},{"lineNumber":29,"author":{"gitId":"m-xrtin"},"content":"        tasks[index].markUndone();","lastModifiedDate":"2025-09-03T22:50:27","isFullCredit":false},{"lineNumber":30,"author":{"gitId":"m-xrtin"},"content":"        Messages.printUnmarkTaskMessage(tasks[index]);","lastModifiedDate":"2025-09-03T22:50:27","isFullCredit":false},{"lineNumber":31,"author":{"gitId":"m-xrtin"},"content":"    }","lastModifiedDate":"2025-09-03T22:50:27","isFullCredit":false},{"lineNumber":32,"author":{"gitId":"m-xrtin"},"content":"}","lastModifiedDate":"2025-09-03T22:50:27","isFullCredit":false}],"authorContributionMap":{"m-xrtin":32}},{"path":"text-ui-test/runtest.bat","fileType":"bat","lines":[{"lineNumber":1,"author":{"gitId":"-"},"content":"@ECHO OFF","lastModifiedDate":"2020-05-25T00:03:55","isFullCredit":false},{"lineNumber":2,"author":{"gitId":"-"},"content":"","lastModifiedDate":"2020-05-25T00:03:55","isFullCredit":false},{"lineNumber":3,"author":{"gitId":"-"},"content":"REM create bin directory if it doesn\u0027t exist","lastModifiedDate":"2020-05-25T00:03:55","isFullCredit":false},{"lineNumber":4,"author":{"gitId":"-"},"content":"if not exist ..\\bin mkdir ..\\bin","lastModifiedDate":"2020-05-25T00:03:55","isFullCredit":false},{"lineNumber":5,"author":{"gitId":"-"},"content":"","lastModifiedDate":"2020-05-25T00:03:55","isFullCredit":false},{"lineNumber":6,"author":{"gitId":"-"},"content":"REM delete output from previous run","lastModifiedDate":"2020-05-25T00:03:55","isFullCredit":false},{"lineNumber":7,"author":{"gitId":"-"},"content":"if exist ACTUAL.TXT del ACTUAL.TXT","lastModifiedDate":"2020-08-25T17:23:26","isFullCredit":false},{"lineNumber":8,"author":{"gitId":"-"},"content":"","lastModifiedDate":"2020-05-25T00:03:55","isFullCredit":false},{"lineNumber":9,"author":{"gitId":"-"},"content":"REM compile the code into the bin folder","lastModifiedDate":"2020-05-25T00:03:55","isFullCredit":false},{"lineNumber":10,"author":{"gitId":"-"},"content":"javac  -cp ..\\src\\main\\java -Xlint:none -d ..\\bin ..\\src\\main\\java\\*.java","lastModifiedDate":"2020-08-25T17:23:26","isFullCredit":false},{"lineNumber":11,"author":{"gitId":"-"},"content":"IF ERRORLEVEL 1 (","lastModifiedDate":"2020-05-25T00:03:55","isFullCredit":false},{"lineNumber":12,"author":{"gitId":"-"},"content":"    echo ********** BUILD FAILURE **********","lastModifiedDate":"2020-05-25T00:03:55","isFullCredit":false},{"lineNumber":13,"author":{"gitId":"-"},"content":"    exit /b 1","lastModifiedDate":"2020-05-25T00:03:55","isFullCredit":false},{"lineNumber":14,"author":{"gitId":"-"},"content":")","lastModifiedDate":"2020-05-25T00:03:55","isFullCredit":false},{"lineNumber":15,"author":{"gitId":"-"},"content":"REM no error here, errorlevel \u003d\u003d 0","lastModifiedDate":"2020-05-25T00:03:55","isFullCredit":false},{"lineNumber":16,"author":{"gitId":"-"},"content":"","lastModifiedDate":"2020-05-25T00:03:55","isFullCredit":false},{"lineNumber":17,"author":{"gitId":"-"},"content":"REM run the program, feed commands from input.txt file and redirect the output to the ACTUAL.TXT","lastModifiedDate":"2020-05-25T00:03:55","isFullCredit":false},{"lineNumber":18,"author":{"gitId":"m-xrtin"},"content":"java -classpath ..\\bin Tarnia \u003c input.txt \u003e ACTUAL.TXT","lastModifiedDate":"2025-08-25T23:09:42","isFullCredit":false},{"lineNumber":19,"author":{"gitId":"-"},"content":"","lastModifiedDate":"2020-05-25T00:03:55","isFullCredit":false},{"lineNumber":20,"author":{"gitId":"-"},"content":"REM compare the output to the expected output","lastModifiedDate":"2020-05-25T00:03:55","isFullCredit":false},{"lineNumber":21,"author":{"gitId":"-"},"content":"FC ACTUAL.TXT EXPECTED.TXT","lastModifiedDate":"2020-05-25T00:03:55","isFullCredit":false}],"authorContributionMap":{"-":20,"m-xrtin":1}}]
