{"authorDailyContributionsMap":{"gordonajajar":[{"date":"2025-08-31T00:00:00","commitResults":[{"hash":"fa18008bb5bcaf45a9f1f166fa4116a1ac1b5b9d","isMergeCommit":false,"messageTitle":"Add increment: level-0","messageBody":"","tags":["Level-0"],"fileTypesAndContributionMap":{"java":{"insertions":13,"deletions":10}}},{"hash":"b7787e5f39171fe16ab7aef6344ecb5004da51cd","isMergeCommit":false,"messageTitle":"Add increment: level-1","messageBody":"","tags":["Level-1"],"fileTypesAndContributionMap":{"java":{"insertions":16,"deletions":1}}},{"hash":"e0ee71f786ad7a8a51ba5029d464cd7d972191ad","isMergeCommit":false,"messageTitle":"Add increment: level-2","messageBody":"","tags":["Level-2"],"fileTypesAndContributionMap":{"java":{"insertions":17,"deletions":3}}},{"hash":"4d1c57936f3f52c3ab504a338dedd94ac7c99563","isMergeCommit":false,"messageTitle":"Add increment: level-3","messageBody":"","tags":["Level-3","A-CodingStandard"],"fileTypesAndContributionMap":{"java":{"insertions":49,"deletions":5}}}]},{"date":"2025-09-07T00:00:00","commitResults":[{"hash":"8b66956cb460a55ec331153a1ffee1b59c34ca51","isMergeCommit":false,"messageTitle":"Add increment: level-4 with TextUiTesting","messageBody":"Add Todo, Deadline, Event subclasses of Task. Refactor code into switch case\n","tags":["Level-4","A-TextUiTesting","A-Inheritance","A-CodeQuality"],"fileTypesAndContributionMap":{"txt":{"insertions":11,"deletions":0},"java":{"insertions":105,"deletions":24},"sh":{"insertions":1,"deletions":1}}}]},{"date":"2025-09-14T00:00:00","commitResults":[{"hash":"2788748fee05a9bd879acd1d3c127f5380832d41","isMergeCommit":false,"messageTitle":"Add increment: level-5","messageBody":"","fileTypesAndContributionMap":{"java":{"insertions":72,"deletions":47}}},{"hash":"479c3f648c5c95a93234734fa0b638f2df85069d","isMergeCommit":true,"messageTitle":"Merge branch \u0027branch-Level-5\u0027","messageBody":"","fileTypesAndContributionMap":{}},{"hash":"215b0dc2b9c471a4b6e9379c516249e564a7e647","isMergeCommit":false,"messageTitle":"Add increment: a-packages","messageBody":"Also factor terminal printing during task creation out of constructors to Parser function\n","fileTypesAndContributionMap":{"java":{"insertions":59,"deletions":21}}},{"hash":"c5795e9a99f8aae5456a66f2886e620be8069be3","isMergeCommit":true,"messageTitle":"Merge branch \u0027branch-A-Packages\u0027","messageBody":"","tags":["Level-5","A-Packages","A-Exceptions"],"fileTypesAndContributionMap":{}}]},{"date":"2025-09-17T00:00:00","commitResults":[{"hash":"3f4108c4701ceacaf21131503d99bef8fcdda855","isMergeCommit":false,"messageTitle":"Add increment: level-6 with collections ArrayList","messageBody":"","fileTypesAndContributionMap":{"java":{"insertions":32,"deletions":28}}},{"hash":"4a362951449c38fb1642fe61290f5a7b322748af","isMergeCommit":false,"messageTitle":"Add saveTasksToDisk function","messageBody":"","fileTypesAndContributionMap":{"java":{"insertions":36,"deletions":0}}},{"hash":"d4294c942fad0c48fe7a8e69dfa51b8a0a5c7b1a","isMergeCommit":false,"messageTitle":"Add loadTasksFromDisk function","messageBody":"","fileTypesAndContributionMap":{"java":{"insertions":98,"deletions":4}}},{"hash":"ae4c80f42187e66cf399945747f1721627adffa4","isMergeCommit":true,"messageTitle":"Merge branch \u0027branch-Level-6\u0027","messageBody":"","tags":["Level-6","A-Collections"],"fileTypesAndContributionMap":{}},{"hash":"d8ca4fae2af98d0f6f03977d7766a1c63d5506a9","isMergeCommit":true,"messageTitle":"Merge branch \u0027branch-Level-7\u0027","messageBody":"","fileTypesAndContributionMap":{}},{"hash":"b877f3d1f432d6846bd5cba1779b3868190ade1d","isMergeCommit":false,"messageTitle":"Refactor task loading and saving into TaskStorage class in package storage","messageBody":"","fileTypesAndContributionMap":{"java":{"insertions":87,"deletions":63}}},{"hash":"261fb57017309d7b8f850edf76263989ee70e975","isMergeCommit":false,"messageTitle":"Fix deleting task not updating data","messageBody":"","tags":["Level-7","A-Jar"],"fileTypesAndContributionMap":{"java":{"insertions":1,"deletions":0}}}]},{"date":"2025-09-23T00:00:00","commitResults":[{"hash":"581d1bf0fb5b93663f24919133cf6f22716c73ff","isMergeCommit":false,"messageTitle":"Add increment: level-8","messageBody":"","tags":["Level-8","A-MoreOOP"],"fileTypesAndContributionMap":{"java":{"insertions":110,"deletions":6}}},{"hash":"179365797cc2210cb9ee7ae728a9bde1b09bb007","isMergeCommit":false,"messageTitle":"Add increment: level-9 and javadoc","messageBody":"","fileTypesAndContributionMap":{"java":{"insertions":309,"deletions":11}}},{"hash":"1958ef0258a186e61d977cd032f61dd61d35baf8","isMergeCommit":false,"messageTitle":"Add User Guide","messageBody":"","fileTypesAndContributionMap":{"md":{"insertions":170,"deletions":14}}}]},{"date":"2025-09-24T00:00:00","commitResults":[{"hash":"6082e2d2368aa5a4be102d990046bdb2df581121","isMergeCommit":false,"messageTitle":"Edited User Guide","messageBody":"","fileTypesAndContributionMap":{"md":{"insertions":4,"deletions":4}}},{"hash":"b4394ef238d3d0b0fe663bbab8350b0cc32a8750","isMergeCommit":true,"messageTitle":"Merge branch \u0027branch-A-JavaDoc\u0027","messageBody":"","fileTypesAndContributionMap":{}},{"hash":"92392d7320563bacbe825d621ff0a8e79fdb4456","isMergeCommit":true,"messageTitle":"Merge branch \u0027branch-Level-9\u0027","messageBody":"","tags":["Level-9","A-UserGuide","A-JavaDoc"],"fileTypesAndContributionMap":{}},{"hash":"3ff2a2432d416c6cfdf0e4ab3ae05460388c89a3","isMergeCommit":false,"messageTitle":"Edit User Guide format","messageBody":"","fileTypesAndContributionMap":{"md":{"insertions":1,"deletions":1}}}]}]},"authorFileTypeContributionMap":{"gordonajajar":{"java":788,"md":170,"fxml":0,"sh":1,"bat":0,"gradle":0,"txt":11}},"authorContributionVariance":{"gordonajajar":11171.276},"authorDisplayNameMap":{"gordonajajar":"CS2113-W13-1 GORD.. JIE"}}
