{"authorDailyContributionsMap":{"gordonajajar":[{"date":"2025-08-31T00:00:00","commitResults":[{"hash":"fa18008bb5bcaf45a9f1f166fa4116a1ac1b5b9d","isMergeCommit":false,"messageTitle":"Add increment: level-0","messageBody":"","tags":["Level-0"],"fileTypesAndContributionMap":{"java":{"insertions":13,"deletions":10}}},{"hash":"b7787e5f39171fe16ab7aef6344ecb5004da51cd","isMergeCommit":false,"messageTitle":"Add increment: level-1","messageBody":"","tags":["Level-1"],"fileTypesAndContributionMap":{"java":{"insertions":16,"deletions":1}}},{"hash":"e0ee71f786ad7a8a51ba5029d464cd7d972191ad","isMergeCommit":false,"messageTitle":"Add increment: level-2","messageBody":"","tags":["Level-2"],"fileTypesAndContributionMap":{"java":{"insertions":17,"deletions":3}}},{"hash":"4d1c57936f3f52c3ab504a338dedd94ac7c99563","isMergeCommit":false,"messageTitle":"Add increment: level-3","messageBody":"","tags":["Level-3","A-CodingStandard"],"fileTypesAndContributionMap":{"java":{"insertions":49,"deletions":5}}}]},{"date":"2025-09-07T00:00:00","commitResults":[{"hash":"8b66956cb460a55ec331153a1ffee1b59c34ca51","isMergeCommit":false,"messageTitle":"Add increment: level-4 with TextUiTesting","messageBody":"Add Todo, Deadline, Event subclasses of Task. Refactor code into switch case\n","tags":["Level-4","A-TextUiTesting","A-Inheritance","A-CodeQuality"],"fileTypesAndContributionMap":{"txt":{"insertions":11,"deletions":0},"java":{"insertions":105,"deletions":24},"sh":{"insertions":1,"deletions":1}}}]},{"date":"2025-09-14T00:00:00","commitResults":[{"hash":"2788748fee05a9bd879acd1d3c127f5380832d41","isMergeCommit":false,"messageTitle":"Add increment: level-5","messageBody":"","fileTypesAndContributionMap":{"java":{"insertions":72,"deletions":47}}},{"hash":"479c3f648c5c95a93234734fa0b638f2df85069d","isMergeCommit":true,"messageTitle":"Merge branch \u0027branch-Level-5\u0027","messageBody":"","fileTypesAndContributionMap":{}},{"hash":"215b0dc2b9c471a4b6e9379c516249e564a7e647","isMergeCommit":false,"messageTitle":"Add increment: a-packages","messageBody":"Also factor terminal printing during task creation out of constructors to Parser function\n","fileTypesAndContributionMap":{"java":{"insertions":59,"deletions":21}}},{"hash":"c5795e9a99f8aae5456a66f2886e620be8069be3","isMergeCommit":true,"messageTitle":"Merge branch \u0027branch-A-Packages\u0027","messageBody":"","tags":["Level-5","A-Packages","A-Exceptions"],"fileTypesAndContributionMap":{}}]}]},"authorFileTypeContributionMap":{"gordonajajar":{"java":230,"md":0,"fxml":0,"sh":1,"bat":0,"gradle":0,"txt":11}},"authorContributionVariance":{"gordonajajar":1771.3942},"authorDisplayNameMap":{"gordonajajar":"CS2113-W13-1 GORD.. JIE"}}
