[{"path":"README.md","fileType":"md","lines":[{"lineNumber":1,"author":{"gitId":"kevinlokewy"},"content":"# Augustine project template","lastModifiedDate":"2025-08-24T21:57:18","isFullCredit":false},{"lineNumber":2,"author":{"gitId":"-"},"content":"","lastModifiedDate":"2020-05-25T00:03:55","isFullCredit":false},{"lineNumber":3,"author":{"gitId":"-"},"content":"This is a project template for a greenfield Java project. It\u0027s named after the Java mascot _Duke_. Given below are instructions on how to use it.","lastModifiedDate":"2020-05-25T00:03:55","isFullCredit":false},{"lineNumber":4,"author":{"gitId":"-"},"content":"","lastModifiedDate":"2020-05-25T00:03:55","isFullCredit":false},{"lineNumber":5,"author":{"gitId":"-"},"content":"## Setting up in Intellij","lastModifiedDate":"2020-05-25T00:03:55","isFullCredit":false},{"lineNumber":6,"author":{"gitId":"-"},"content":"","lastModifiedDate":"2020-05-25T00:03:55","isFullCredit":false},{"lineNumber":7,"author":{"gitId":"-"},"content":"Prerequisites: JDK 17, update Intellij to the most recent version.","lastModifiedDate":"2024-07-11T16:50:14","isFullCredit":false},{"lineNumber":8,"author":{"gitId":"-"},"content":"","lastModifiedDate":"2020-05-25T00:03:55","isFullCredit":false},{"lineNumber":9,"author":{"gitId":"-"},"content":"1. Open Intellij (if you are not in the welcome screen, click `File` \u003e `Close Project` to close the existing project first)","lastModifiedDate":"2021-01-17T12:25:53","isFullCredit":false},{"lineNumber":10,"author":{"gitId":"-"},"content":"1. Open the project into Intellij as follows:","lastModifiedDate":"2021-01-17T12:25:53","isFullCredit":false},{"lineNumber":11,"author":{"gitId":"-"},"content":"   1. Click `Open`.","lastModifiedDate":"2021-01-17T12:25:53","isFullCredit":false},{"lineNumber":12,"author":{"gitId":"-"},"content":"   1. Select the project directory, and click `OK`.","lastModifiedDate":"2021-01-17T12:25:53","isFullCredit":false},{"lineNumber":13,"author":{"gitId":"-"},"content":"   1. If there are any further prompts, accept the defaults.","lastModifiedDate":"2020-05-25T00:03:55","isFullCredit":false},{"lineNumber":14,"author":{"gitId":"-"},"content":"1. Configure the project to use **JDK 17** (not other versions) as explained in [here](https://www.jetbrains.com/help/idea/sdk.html#set-up-jdk).\u003cbr\u003e","lastModifiedDate":"2024-07-11T16:50:14","isFullCredit":false},{"lineNumber":15,"author":{"gitId":"-"},"content":"   In the same dialog, set the **Project language level** field to the `SDK default` option.","lastModifiedDate":"2021-07-29T20:29:39","isFullCredit":false},{"lineNumber":16,"author":{"gitId":"kevinlokewy"},"content":"1. After that, locate the `src/main/java/Augustine.java` file, right-click it, and choose `Run Augustine.main()` (if the code editor is showing compile errors, try restarting the IDE). If the setup is correct, you should see something like the below as the output:","lastModifiedDate":"2025-08-24T21:57:18","isFullCredit":false},{"lineNumber":17,"author":{"gitId":"-"},"content":"   ```","lastModifiedDate":"2020-05-25T00:03:55","isFullCredit":false},{"lineNumber":18,"author":{"gitId":"-"},"content":"   Hello from","lastModifiedDate":"2020-05-25T00:03:55","isFullCredit":false},{"lineNumber":19,"author":{"gitId":"-"},"content":"    ____        _        ","lastModifiedDate":"2020-05-25T00:03:55","isFullCredit":false},{"lineNumber":20,"author":{"gitId":"-"},"content":"   |  _ \\ _   _| | _____ ","lastModifiedDate":"2020-05-25T00:03:55","isFullCredit":false},{"lineNumber":21,"author":{"gitId":"-"},"content":"   | | | | | | | |/ / _ \\","lastModifiedDate":"2020-05-25T00:03:55","isFullCredit":false},{"lineNumber":22,"author":{"gitId":"-"},"content":"   | |_| | |_| |   \u003c  __/","lastModifiedDate":"2020-05-25T00:03:55","isFullCredit":false},{"lineNumber":23,"author":{"gitId":"-"},"content":"   |____/ \\__,_|_|\\_\\___|","lastModifiedDate":"2020-05-25T00:03:55","isFullCredit":false},{"lineNumber":24,"author":{"gitId":"-"},"content":"   ```","lastModifiedDate":"2020-05-25T00:03:55","isFullCredit":false},{"lineNumber":25,"author":{"gitId":"-"},"content":"","lastModifiedDate":"2025-01-04T21:44:28","isFullCredit":false},{"lineNumber":26,"author":{"gitId":"-"},"content":"**Warning:** Keep the `src\\main\\java` folder as the root folder for Java files (i.e., don\u0027t rename those folders or move Java files to another folder outside of this folder path), as this is the default location some tools (e.g., Gradle) expect to find Java files.","lastModifiedDate":"2025-01-04T21:44:28","isFullCredit":false}],"authorContributionMap":{"-":24,"kevinlokewy":2}},{"path":"data/augustine.txt","fileType":"txt","lines":[{"lineNumber":1,"author":{"gitId":"kevinlokewy"},"content":"T | 0 | CS2107 assignment 1","lastModifiedDate":"2025-09-12T12:34:01","isFullCredit":false},{"lineNumber":2,"author":{"gitId":"kevinlokewy"},"content":"E | 0 | EE2026 Tutorial | 1500 | 1600 today","lastModifiedDate":"2025-09-12T12:34:01","isFullCredit":false}],"authorContributionMap":{"kevinlokewy":2}},{"path":"docs/README.md","fileType":"md","lines":[{"lineNumber":1,"author":{"gitId":"kevinlokewy"},"content":"# Augustine User Guide","lastModifiedDate":"2025-08-24T21:57:18","isFullCredit":false},{"lineNumber":2,"author":{"gitId":"-"},"content":"","lastModifiedDate":"2019-07-29T17:14:46","isFullCredit":false},{"lineNumber":3,"author":{"gitId":"-"},"content":"// Update the title above to match the actual product name","lastModifiedDate":"2024-01-07T18:33:52","isFullCredit":false},{"lineNumber":4,"author":{"gitId":"-"},"content":"","lastModifiedDate":"2019-07-29T17:14:46","isFullCredit":false},{"lineNumber":5,"author":{"gitId":"-"},"content":"// Product screenshot goes here","lastModifiedDate":"2024-01-07T18:33:52","isFullCredit":false},{"lineNumber":6,"author":{"gitId":"-"},"content":"","lastModifiedDate":"2021-07-17T16:49:07","isFullCredit":false},{"lineNumber":7,"author":{"gitId":"-"},"content":"// Product intro goes here","lastModifiedDate":"2024-01-07T18:33:52","isFullCredit":false},{"lineNumber":8,"author":{"gitId":"-"},"content":"","lastModifiedDate":"2021-07-17T16:49:07","isFullCredit":false},{"lineNumber":9,"author":{"gitId":"-"},"content":"## Adding deadlines","lastModifiedDate":"2024-01-07T18:33:52","isFullCredit":false},{"lineNumber":10,"author":{"gitId":"-"},"content":"","lastModifiedDate":"2021-07-17T16:49:07","isFullCredit":false},{"lineNumber":11,"author":{"gitId":"-"},"content":"// Describe the action and its outcome.","lastModifiedDate":"2024-01-07T18:33:52","isFullCredit":false},{"lineNumber":12,"author":{"gitId":"-"},"content":"","lastModifiedDate":"2019-07-29T17:14:46","isFullCredit":false},{"lineNumber":13,"author":{"gitId":"-"},"content":"// Give examples of usage","lastModifiedDate":"2024-01-07T18:33:52","isFullCredit":false},{"lineNumber":14,"author":{"gitId":"-"},"content":"","lastModifiedDate":"2019-07-29T17:14:46","isFullCredit":false},{"lineNumber":15,"author":{"gitId":"-"},"content":"Example: `keyword (optional arguments)`","lastModifiedDate":"2024-01-07T18:33:52","isFullCredit":false},{"lineNumber":16,"author":{"gitId":"-"},"content":"","lastModifiedDate":"2019-07-29T17:14:46","isFullCredit":false},{"lineNumber":17,"author":{"gitId":"-"},"content":"// A description of the expected outcome goes here","lastModifiedDate":"2024-01-07T18:33:52","isFullCredit":false},{"lineNumber":18,"author":{"gitId":"-"},"content":"","lastModifiedDate":"2019-07-29T17:14:46","isFullCredit":false},{"lineNumber":19,"author":{"gitId":"-"},"content":"```","lastModifiedDate":"2024-01-07T18:33:52","isFullCredit":false},{"lineNumber":20,"author":{"gitId":"-"},"content":"expected output","lastModifiedDate":"2024-01-07T18:33:52","isFullCredit":false},{"lineNumber":21,"author":{"gitId":"-"},"content":"```","lastModifiedDate":"2024-01-07T18:33:52","isFullCredit":false},{"lineNumber":22,"author":{"gitId":"-"},"content":"","lastModifiedDate":"2019-07-29T17:14:46","isFullCredit":false},{"lineNumber":23,"author":{"gitId":"-"},"content":"## Feature ABC","lastModifiedDate":"2024-01-07T18:33:52","isFullCredit":false},{"lineNumber":24,"author":{"gitId":"-"},"content":"","lastModifiedDate":"2019-07-29T17:14:46","isFullCredit":false},{"lineNumber":25,"author":{"gitId":"-"},"content":"// Feature details","lastModifiedDate":"2024-01-07T18:33:52","isFullCredit":false},{"lineNumber":26,"author":{"gitId":"-"},"content":"","lastModifiedDate":"2019-07-29T17:14:46","isFullCredit":false},{"lineNumber":27,"author":{"gitId":"-"},"content":"","lastModifiedDate":"2021-07-17T16:49:07","isFullCredit":false},{"lineNumber":28,"author":{"gitId":"-"},"content":"## Feature XYZ","lastModifiedDate":"2024-01-07T18:33:52","isFullCredit":false},{"lineNumber":29,"author":{"gitId":"-"},"content":"","lastModifiedDate":"2024-01-07T18:33:52","isFullCredit":false},{"lineNumber":30,"author":{"gitId":"-"},"content":"// Feature details","lastModifiedDate":"2024-01-07T18:33:52","isFullCredit":false}],"authorContributionMap":{"-":29,"kevinlokewy":1}},{"path":"src/main/java/augustine/Augustine.java","fileType":"java","lines":[{"lineNumber":1,"author":{"gitId":"kevinlokewy"},"content":"package augustine;","lastModifiedDate":"2025-09-08T16:51:05","isFullCredit":false},{"lineNumber":2,"author":{"gitId":"kevinlokewy"},"content":"import java.util.Scanner;","lastModifiedDate":"2025-09-01T15:34:47","isFullCredit":false},{"lineNumber":3,"author":{"gitId":"kevinlokewy"},"content":"import java.util.ArrayList;","lastModifiedDate":"2025-09-01T22:29:34","isFullCredit":false},{"lineNumber":4,"author":{"gitId":"kevinlokewy"},"content":"import java.io.BufferedReader;","lastModifiedDate":"2025-09-12T12:34:01","isFullCredit":false},{"lineNumber":5,"author":{"gitId":"kevinlokewy"},"content":"import java.io.BufferedWriter;","lastModifiedDate":"2025-09-12T12:34:01","isFullCredit":false},{"lineNumber":6,"author":{"gitId":"kevinlokewy"},"content":"import java.io.File;","lastModifiedDate":"2025-09-12T12:34:01","isFullCredit":false},{"lineNumber":7,"author":{"gitId":"kevinlokewy"},"content":"import java.io.FileReader;","lastModifiedDate":"2025-09-12T12:34:01","isFullCredit":false},{"lineNumber":8,"author":{"gitId":"kevinlokewy"},"content":"import java.io.FileWriter;","lastModifiedDate":"2025-09-12T12:34:01","isFullCredit":false},{"lineNumber":9,"author":{"gitId":"kevinlokewy"},"content":"import java.io.IOException;","lastModifiedDate":"2025-09-12T12:34:01","isFullCredit":false},{"lineNumber":10,"author":{"gitId":"kevinlokewy"},"content":"","lastModifiedDate":"2025-09-01T15:34:47","isFullCredit":false},{"lineNumber":11,"author":{"gitId":"kevinlokewy"},"content":"public class Augustine {","lastModifiedDate":"2025-08-24T21:57:18","isFullCredit":false},{"lineNumber":12,"author":{"gitId":"kevinlokewy"},"content":"","lastModifiedDate":"2025-09-04T20:05:04","isFullCredit":false},{"lineNumber":13,"author":{"gitId":"kevinlokewy"},"content":"    public static final String NOT_DONE_ICON \u003d \" \";","lastModifiedDate":"2025-09-04T20:05:04","isFullCredit":false},{"lineNumber":14,"author":{"gitId":"kevinlokewy"},"content":"    public static final String DONE_ICON \u003d \"X\";","lastModifiedDate":"2025-09-04T20:05:04","isFullCredit":false},{"lineNumber":15,"author":{"gitId":"kevinlokewy"},"content":"    private static final String FILE_PATH \u003d \"./data/augustine.txt\";","lastModifiedDate":"2025-09-12T12:34:01","isFullCredit":false},{"lineNumber":16,"author":{"gitId":"kevinlokewy"},"content":"","lastModifiedDate":"2025-09-04T20:05:04","isFullCredit":false},{"lineNumber":17,"author":{"gitId":"kevinlokewy"},"content":"    public static void main(String[] args) {","lastModifiedDate":"2025-08-24T21:57:18","isFullCredit":false},{"lineNumber":18,"author":{"gitId":"kevinlokewy"},"content":"        Scanner line \u003d new Scanner(System.in);","lastModifiedDate":"2025-09-01T15:34:47","isFullCredit":false},{"lineNumber":19,"author":{"gitId":"kevinlokewy"},"content":"        ArrayList\u003cTask\u003e tasks \u003d loadTasks();","lastModifiedDate":"2025-09-12T12:34:01","isFullCredit":false},{"lineNumber":20,"author":{"gitId":"kevinlokewy"},"content":"        printGreeting();","lastModifiedDate":"2025-09-04T15:24:24","isFullCredit":false},{"lineNumber":21,"author":{"gitId":"kevinlokewy"},"content":"","lastModifiedDate":"2025-09-01T15:34:47","isFullCredit":false},{"lineNumber":22,"author":{"gitId":"kevinlokewy"},"content":"        while (true) {","lastModifiedDate":"2025-09-01T15:34:47","isFullCredit":false},{"lineNumber":23,"author":{"gitId":"kevinlokewy"},"content":"            String input \u003d line.nextLine().trim();","lastModifiedDate":"2025-09-01T20:33:33","isFullCredit":false},{"lineNumber":24,"author":{"gitId":"kevinlokewy"},"content":"            if (input.isEmpty()) {","lastModifiedDate":"2025-09-08T15:08:41","isFullCredit":false},{"lineNumber":25,"author":{"gitId":"kevinlokewy"},"content":"                continue;","lastModifiedDate":"2025-09-08T15:08:41","isFullCredit":false},{"lineNumber":26,"author":{"gitId":"kevinlokewy"},"content":"            }","lastModifiedDate":"2025-09-08T15:08:41","isFullCredit":false},{"lineNumber":27,"author":{"gitId":"kevinlokewy"},"content":"","lastModifiedDate":"2025-09-01T15:34:47","isFullCredit":false},{"lineNumber":28,"author":{"gitId":"kevinlokewy"},"content":"            // Split into command and argument","lastModifiedDate":"2025-09-04T16:06:10","isFullCredit":false},{"lineNumber":29,"author":{"gitId":"kevinlokewy"},"content":"            String[] parts \u003d splitTask(input);","lastModifiedDate":"2025-09-04T20:05:04","isFullCredit":false},{"lineNumber":30,"author":{"gitId":"kevinlokewy"},"content":"            String command \u003d getFirstWord(parts);","lastModifiedDate":"2025-09-04T20:05:04","isFullCredit":false},{"lineNumber":31,"author":{"gitId":"kevinlokewy"},"content":"            String argument \u003d parts.length \u003e 1 ? parts[1].trim() : \"\";","lastModifiedDate":"2025-09-04T16:06:10","isFullCredit":false},{"lineNumber":32,"author":{"gitId":"kevinlokewy"},"content":"","lastModifiedDate":"2025-09-04T16:06:10","isFullCredit":false},{"lineNumber":33,"author":{"gitId":"kevinlokewy"},"content":"            try {","lastModifiedDate":"2025-09-08T15:34:05","isFullCredit":false},{"lineNumber":34,"author":{"gitId":"kevinlokewy"},"content":"                switch (command) {","lastModifiedDate":"2025-09-04T16:06:10","isFullCredit":false},{"lineNumber":35,"author":{"gitId":"kevinlokewy"},"content":"                case \"bye\":","lastModifiedDate":"2025-09-04T16:06:10","isFullCredit":false},{"lineNumber":36,"author":{"gitId":"kevinlokewy"},"content":"                    printBye();","lastModifiedDate":"2025-09-04T15:24:24","isFullCredit":false},{"lineNumber":37,"author":{"gitId":"kevinlokewy"},"content":"                    line.close();","lastModifiedDate":"2025-09-04T16:06:10","isFullCredit":false},{"lineNumber":38,"author":{"gitId":"kevinlokewy"},"content":"                    return; // exit program","lastModifiedDate":"2025-09-04T16:06:10","isFullCredit":false},{"lineNumber":39,"author":{"gitId":"kevinlokewy"},"content":"","lastModifiedDate":"2025-09-04T16:06:10","isFullCredit":false},{"lineNumber":40,"author":{"gitId":"kevinlokewy"},"content":"                case \"list\":","lastModifiedDate":"2025-09-04T16:06:10","isFullCredit":false},{"lineNumber":41,"author":{"gitId":"kevinlokewy"},"content":"                    printTaskList(tasks);  // handles \"list\" command","lastModifiedDate":"2025-09-04T20:10:20","isFullCredit":false},{"lineNumber":42,"author":{"gitId":"kevinlokewy"},"content":"                    break;","lastModifiedDate":"2025-09-04T16:06:10","isFullCredit":false},{"lineNumber":43,"author":{"gitId":"kevinlokewy"},"content":"","lastModifiedDate":"2025-09-01T15:34:47","isFullCredit":false},{"lineNumber":44,"author":{"gitId":"kevinlokewy"},"content":"                case \"todo\":","lastModifiedDate":"2025-09-04T16:06:10","isFullCredit":false},{"lineNumber":45,"author":{"gitId":"kevinlokewy"},"content":"                    handleToDo(argument, tasks);  // handle \"todo\" command","lastModifiedDate":"2025-09-08T15:34:05","isFullCredit":false},{"lineNumber":46,"author":{"gitId":"kevinlokewy"},"content":"                    saveTasks(tasks); // \u003d\u003d\u003d LEVEL 7 CHANGE \u003d\u003d\u003d","lastModifiedDate":"2025-09-12T12:34:01","isFullCredit":false},{"lineNumber":47,"author":{"gitId":"kevinlokewy"},"content":"                    break;","lastModifiedDate":"2025-09-04T16:06:10","isFullCredit":false},{"lineNumber":48,"author":{"gitId":"kevinlokewy"},"content":"","lastModifiedDate":"2025-09-04T16:06:10","isFullCredit":false},{"lineNumber":49,"author":{"gitId":"kevinlokewy"},"content":"                case \"deadline\":","lastModifiedDate":"2025-09-04T16:06:10","isFullCredit":false},{"lineNumber":50,"author":{"gitId":"kevinlokewy"},"content":"                    handleDeadline(argument, tasks); // handle \"deadline\" command","lastModifiedDate":"2025-09-08T15:34:05","isFullCredit":false},{"lineNumber":51,"author":{"gitId":"kevinlokewy"},"content":"                    saveTasks(tasks); // \u003d\u003d\u003d LEVEL 7 CHANGE \u003d\u003d\u003d","lastModifiedDate":"2025-09-12T12:34:01","isFullCredit":false},{"lineNumber":52,"author":{"gitId":"kevinlokewy"},"content":"                    break;","lastModifiedDate":"2025-09-04T16:06:10","isFullCredit":false},{"lineNumber":53,"author":{"gitId":"kevinlokewy"},"content":"","lastModifiedDate":"2025-09-04T16:06:10","isFullCredit":false},{"lineNumber":54,"author":{"gitId":"kevinlokewy"},"content":"                case \"event\":","lastModifiedDate":"2025-09-04T16:06:10","isFullCredit":false},{"lineNumber":55,"author":{"gitId":"kevinlokewy"},"content":"                    handleEvent(argument, tasks);  // handle \"event\" command","lastModifiedDate":"2025-09-08T15:34:05","isFullCredit":false},{"lineNumber":56,"author":{"gitId":"kevinlokewy"},"content":"                    saveTasks(tasks); // \u003d\u003d\u003d LEVEL 7 CHANGE \u003d\u003d\u003d","lastModifiedDate":"2025-09-12T12:34:01","isFullCredit":false},{"lineNumber":57,"author":{"gitId":"kevinlokewy"},"content":"                    break;","lastModifiedDate":"2025-09-04T16:06:10","isFullCredit":false},{"lineNumber":58,"author":{"gitId":"kevinlokewy"},"content":"","lastModifiedDate":"2025-09-01T22:29:34","isFullCredit":false},{"lineNumber":59,"author":{"gitId":"kevinlokewy"},"content":"                case \"mark\":","lastModifiedDate":"2025-09-04T16:06:10","isFullCredit":false},{"lineNumber":60,"author":{"gitId":"kevinlokewy"},"content":"                    handleMark(argument, tasks); // handle \"mark\" command","lastModifiedDate":"2025-09-08T15:34:05","isFullCredit":false},{"lineNumber":61,"author":{"gitId":"kevinlokewy"},"content":"                    saveTasks(tasks); // \u003d\u003d\u003d LEVEL 7 CHANGE \u003d\u003d\u003d","lastModifiedDate":"2025-09-12T12:34:01","isFullCredit":false},{"lineNumber":62,"author":{"gitId":"kevinlokewy"},"content":"                    break;","lastModifiedDate":"2025-09-04T20:05:04","isFullCredit":false},{"lineNumber":63,"author":{"gitId":"kevinlokewy"},"content":"","lastModifiedDate":"2025-09-04T20:05:04","isFullCredit":false},{"lineNumber":64,"author":{"gitId":"kevinlokewy"},"content":"                case \"unmark\":","lastModifiedDate":"2025-09-04T20:05:04","isFullCredit":false},{"lineNumber":65,"author":{"gitId":"kevinlokewy"},"content":"                    handleUnmark(argument, tasks);  // handle \"unmark\" command","lastModifiedDate":"2025-09-08T15:34:05","isFullCredit":false},{"lineNumber":66,"author":{"gitId":"kevinlokewy"},"content":"                    saveTasks(tasks); // \u003d\u003d\u003d LEVEL 7 CHANGE \u003d\u003d\u003d","lastModifiedDate":"2025-09-12T12:34:01","isFullCredit":false},{"lineNumber":67,"author":{"gitId":"kevinlokewy"},"content":"                    break;","lastModifiedDate":"2025-09-12T12:34:01","isFullCredit":false},{"lineNumber":68,"author":{"gitId":"kevinlokewy"},"content":"                case \"delete\":","lastModifiedDate":"2025-09-12T12:34:01","isFullCredit":false},{"lineNumber":69,"author":{"gitId":"kevinlokewy"},"content":"                    handleDelete(argument, tasks);","lastModifiedDate":"2025-09-12T12:34:01","isFullCredit":false},{"lineNumber":70,"author":{"gitId":"kevinlokewy"},"content":"                    saveTasks(tasks); // \u003d\u003d\u003d LEVEL 7 CHANGE \u003d\u003d\u003d","lastModifiedDate":"2025-09-12T12:34:01","isFullCredit":false},{"lineNumber":71,"author":{"gitId":"kevinlokewy"},"content":"                    break;","lastModifiedDate":"2025-09-04T20:05:04","isFullCredit":false},{"lineNumber":72,"author":{"gitId":"kevinlokewy"},"content":"","lastModifiedDate":"2025-09-04T20:05:04","isFullCredit":false},{"lineNumber":73,"author":{"gitId":"kevinlokewy"},"content":"                default:","lastModifiedDate":"2025-09-04T20:05:04","isFullCredit":false},{"lineNumber":74,"author":{"gitId":"kevinlokewy"},"content":"                    throw new AugustineException(\"I don\u0027t understand that command. Try: todo, deadline, event, list, mark, unmark\");","lastModifiedDate":"2025-09-08T15:34:05","isFullCredit":false},{"lineNumber":75,"author":{"gitId":"kevinlokewy"},"content":"                }","lastModifiedDate":"2025-09-08T15:34:05","isFullCredit":false},{"lineNumber":76,"author":{"gitId":"kevinlokewy"},"content":"            } catch (AugustineException e) {","lastModifiedDate":"2025-09-08T15:34:05","isFullCredit":false},{"lineNumber":77,"author":{"gitId":"kevinlokewy"},"content":"                printErrorMessage(e.getMessage());","lastModifiedDate":"2025-09-08T15:34:05","isFullCredit":false},{"lineNumber":78,"author":{"gitId":"kevinlokewy"},"content":"            }","lastModifiedDate":"2025-09-04T20:05:04","isFullCredit":false},{"lineNumber":79,"author":{"gitId":"kevinlokewy"},"content":"        }","lastModifiedDate":"2025-09-04T20:05:04","isFullCredit":false},{"lineNumber":80,"author":{"gitId":"kevinlokewy"},"content":"    }","lastModifiedDate":"2025-09-04T20:05:04","isFullCredit":false},{"lineNumber":81,"author":{"gitId":"kevinlokewy"},"content":"","lastModifiedDate":"2025-09-04T20:05:04","isFullCredit":false},{"lineNumber":82,"author":{"gitId":"kevinlokewy"},"content":"","lastModifiedDate":"2025-09-12T12:34:01","isFullCredit":false},{"lineNumber":83,"author":{"gitId":"kevinlokewy"},"content":"    // HELPER FUNCTIONS","lastModifiedDate":"2025-09-04T20:10:20","isFullCredit":false},{"lineNumber":84,"author":{"gitId":"kevinlokewy"},"content":"","lastModifiedDate":"2025-09-04T20:10:20","isFullCredit":false},{"lineNumber":85,"author":{"gitId":"kevinlokewy"},"content":"    private static ArrayList\u003cTask\u003e loadTasks() {","lastModifiedDate":"2025-09-12T12:34:01","isFullCredit":false},{"lineNumber":86,"author":{"gitId":"kevinlokewy"},"content":"        ArrayList\u003cTask\u003e tasks \u003d new ArrayList\u003c\u003e();","lastModifiedDate":"2025-09-12T12:34:01","isFullCredit":false},{"lineNumber":87,"author":{"gitId":"kevinlokewy"},"content":"        try {","lastModifiedDate":"2025-09-12T12:34:01","isFullCredit":false},{"lineNumber":88,"author":{"gitId":"kevinlokewy"},"content":"            File folder \u003d new File(\"./data\");","lastModifiedDate":"2025-09-12T12:34:01","isFullCredit":false},{"lineNumber":89,"author":{"gitId":"kevinlokewy"},"content":"            if (!folder.exists()) {","lastModifiedDate":"2025-09-12T12:34:01","isFullCredit":false},{"lineNumber":90,"author":{"gitId":"kevinlokewy"},"content":"                boolean created \u003d folder.mkdirs();","lastModifiedDate":"2025-09-12T12:34:01","isFullCredit":false},{"lineNumber":91,"author":{"gitId":"kevinlokewy"},"content":"                if (!created) {","lastModifiedDate":"2025-09-12T12:34:01","isFullCredit":false},{"lineNumber":92,"author":{"gitId":"kevinlokewy"},"content":"                    System.out.println(\"Warning: failed to create data folder.\");","lastModifiedDate":"2025-09-12T12:34:01","isFullCredit":false},{"lineNumber":93,"author":{"gitId":"kevinlokewy"},"content":"                }","lastModifiedDate":"2025-09-12T12:34:01","isFullCredit":false},{"lineNumber":94,"author":{"gitId":"kevinlokewy"},"content":"            }","lastModifiedDate":"2025-09-12T12:34:01","isFullCredit":false},{"lineNumber":95,"author":{"gitId":"kevinlokewy"},"content":"","lastModifiedDate":"2025-09-12T12:34:01","isFullCredit":false},{"lineNumber":96,"author":{"gitId":"kevinlokewy"},"content":"","lastModifiedDate":"2025-09-12T12:34:01","isFullCredit":false},{"lineNumber":97,"author":{"gitId":"kevinlokewy"},"content":"            File file \u003d new File(FILE_PATH);","lastModifiedDate":"2025-09-12T12:34:01","isFullCredit":false},{"lineNumber":98,"author":{"gitId":"kevinlokewy"},"content":"            if (!file.exists()) {","lastModifiedDate":"2025-09-12T12:34:01","isFullCredit":false},{"lineNumber":99,"author":{"gitId":"kevinlokewy"},"content":"                try {","lastModifiedDate":"2025-09-12T12:34:01","isFullCredit":false},{"lineNumber":100,"author":{"gitId":"kevinlokewy"},"content":"                    boolean created \u003d file.createNewFile();","lastModifiedDate":"2025-09-12T12:34:01","isFullCredit":false},{"lineNumber":101,"author":{"gitId":"kevinlokewy"},"content":"                    if (!created) {","lastModifiedDate":"2025-09-12T12:34:01","isFullCredit":false},{"lineNumber":102,"author":{"gitId":"kevinlokewy"},"content":"                        System.out.println(\"Warning: could not create file \" + FILE_PATH);","lastModifiedDate":"2025-09-12T12:34:01","isFullCredit":false},{"lineNumber":103,"author":{"gitId":"kevinlokewy"},"content":"                    }","lastModifiedDate":"2025-09-12T12:34:01","isFullCredit":false},{"lineNumber":104,"author":{"gitId":"kevinlokewy"},"content":"                } catch (IOException e) {","lastModifiedDate":"2025-09-12T12:34:01","isFullCredit":false},{"lineNumber":105,"author":{"gitId":"kevinlokewy"},"content":"                    System.out.println(\"Error creating file: \" + e.getMessage());","lastModifiedDate":"2025-09-12T12:34:01","isFullCredit":false},{"lineNumber":106,"author":{"gitId":"kevinlokewy"},"content":"                }","lastModifiedDate":"2025-09-12T12:34:01","isFullCredit":false},{"lineNumber":107,"author":{"gitId":"kevinlokewy"},"content":"            }","lastModifiedDate":"2025-09-12T12:34:01","isFullCredit":false},{"lineNumber":108,"author":{"gitId":"kevinlokewy"},"content":"","lastModifiedDate":"2025-09-12T12:34:01","isFullCredit":false},{"lineNumber":109,"author":{"gitId":"kevinlokewy"},"content":"","lastModifiedDate":"2025-09-12T12:34:01","isFullCredit":false},{"lineNumber":110,"author":{"gitId":"kevinlokewy"},"content":"            BufferedReader br \u003d new BufferedReader(new FileReader(file));","lastModifiedDate":"2025-09-12T12:34:01","isFullCredit":false},{"lineNumber":111,"author":{"gitId":"kevinlokewy"},"content":"            String line;","lastModifiedDate":"2025-09-12T12:34:01","isFullCredit":false},{"lineNumber":112,"author":{"gitId":"kevinlokewy"},"content":"            while ((line \u003d br.readLine()) !\u003d null) {","lastModifiedDate":"2025-09-12T12:34:01","isFullCredit":false},{"lineNumber":113,"author":{"gitId":"kevinlokewy"},"content":"                Task task \u003d parseTaskFromFile(line);","lastModifiedDate":"2025-09-12T12:34:01","isFullCredit":false},{"lineNumber":114,"author":{"gitId":"kevinlokewy"},"content":"                if (task !\u003d null) tasks.add(task);","lastModifiedDate":"2025-09-12T12:34:01","isFullCredit":false},{"lineNumber":115,"author":{"gitId":"kevinlokewy"},"content":"            }","lastModifiedDate":"2025-09-12T12:34:01","isFullCredit":false},{"lineNumber":116,"author":{"gitId":"kevinlokewy"},"content":"            br.close();","lastModifiedDate":"2025-09-12T12:34:01","isFullCredit":false},{"lineNumber":117,"author":{"gitId":"kevinlokewy"},"content":"        } catch (IOException e) {","lastModifiedDate":"2025-09-12T12:34:01","isFullCredit":false},{"lineNumber":118,"author":{"gitId":"kevinlokewy"},"content":"            System.out.println(\"Error loading tasks: \" + e.getMessage());","lastModifiedDate":"2025-09-12T12:34:01","isFullCredit":false},{"lineNumber":119,"author":{"gitId":"kevinlokewy"},"content":"        }","lastModifiedDate":"2025-09-12T12:34:01","isFullCredit":false},{"lineNumber":120,"author":{"gitId":"kevinlokewy"},"content":"        return tasks;","lastModifiedDate":"2025-09-12T12:34:01","isFullCredit":false},{"lineNumber":121,"author":{"gitId":"kevinlokewy"},"content":"    }","lastModifiedDate":"2025-09-12T12:34:01","isFullCredit":false},{"lineNumber":122,"author":{"gitId":"kevinlokewy"},"content":"","lastModifiedDate":"2025-09-12T12:34:01","isFullCredit":false},{"lineNumber":123,"author":{"gitId":"kevinlokewy"},"content":"    // Save tasks to file","lastModifiedDate":"2025-09-12T12:34:01","isFullCredit":false},{"lineNumber":124,"author":{"gitId":"kevinlokewy"},"content":"    private static void saveTasks(ArrayList\u003cTask\u003e tasks) {","lastModifiedDate":"2025-09-12T12:34:01","isFullCredit":false},{"lineNumber":125,"author":{"gitId":"kevinlokewy"},"content":"        try {","lastModifiedDate":"2025-09-12T12:34:01","isFullCredit":false},{"lineNumber":126,"author":{"gitId":"kevinlokewy"},"content":"            File folder \u003d new File(\"./data\");","lastModifiedDate":"2025-09-12T12:34:01","isFullCredit":false},{"lineNumber":127,"author":{"gitId":"kevinlokewy"},"content":"            if (!folder.exists()) {","lastModifiedDate":"2025-09-12T12:34:01","isFullCredit":false},{"lineNumber":128,"author":{"gitId":"kevinlokewy"},"content":"                boolean created \u003d folder.mkdirs();","lastModifiedDate":"2025-09-12T12:34:01","isFullCredit":false},{"lineNumber":129,"author":{"gitId":"kevinlokewy"},"content":"                if (!created) {","lastModifiedDate":"2025-09-12T12:34:01","isFullCredit":false},{"lineNumber":130,"author":{"gitId":"kevinlokewy"},"content":"                    System.out.println(\"Warning: failed to create data folder.\");","lastModifiedDate":"2025-09-12T12:34:01","isFullCredit":false},{"lineNumber":131,"author":{"gitId":"kevinlokewy"},"content":"                }","lastModifiedDate":"2025-09-12T12:34:01","isFullCredit":false},{"lineNumber":132,"author":{"gitId":"kevinlokewy"},"content":"            }","lastModifiedDate":"2025-09-12T12:34:01","isFullCredit":false},{"lineNumber":133,"author":{"gitId":"kevinlokewy"},"content":"            BufferedWriter bw \u003d new BufferedWriter(new FileWriter(FILE_PATH));","lastModifiedDate":"2025-09-12T12:34:01","isFullCredit":false},{"lineNumber":134,"author":{"gitId":"kevinlokewy"},"content":"            for (Task task : tasks) {","lastModifiedDate":"2025-09-12T12:34:01","isFullCredit":false},{"lineNumber":135,"author":{"gitId":"kevinlokewy"},"content":"                bw.write(formatTaskForFile(task));","lastModifiedDate":"2025-09-12T12:34:01","isFullCredit":false},{"lineNumber":136,"author":{"gitId":"kevinlokewy"},"content":"                bw.newLine();","lastModifiedDate":"2025-09-12T12:34:01","isFullCredit":false},{"lineNumber":137,"author":{"gitId":"kevinlokewy"},"content":"            }","lastModifiedDate":"2025-09-12T12:34:01","isFullCredit":false},{"lineNumber":138,"author":{"gitId":"kevinlokewy"},"content":"            bw.close();","lastModifiedDate":"2025-09-12T12:34:01","isFullCredit":false},{"lineNumber":139,"author":{"gitId":"kevinlokewy"},"content":"        } catch (IOException e) {","lastModifiedDate":"2025-09-12T12:34:01","isFullCredit":false},{"lineNumber":140,"author":{"gitId":"kevinlokewy"},"content":"            System.out.println(\"Error saving tasks: \" + e.getMessage());","lastModifiedDate":"2025-09-12T12:34:01","isFullCredit":false},{"lineNumber":141,"author":{"gitId":"kevinlokewy"},"content":"        }","lastModifiedDate":"2025-09-12T12:34:01","isFullCredit":false},{"lineNumber":142,"author":{"gitId":"kevinlokewy"},"content":"    }","lastModifiedDate":"2025-09-12T12:34:01","isFullCredit":false},{"lineNumber":143,"author":{"gitId":"kevinlokewy"},"content":"","lastModifiedDate":"2025-09-12T12:34:01","isFullCredit":false},{"lineNumber":144,"author":{"gitId":"kevinlokewy"},"content":"    // Convert a task to a string to store in the file","lastModifiedDate":"2025-09-12T12:34:01","isFullCredit":false},{"lineNumber":145,"author":{"gitId":"kevinlokewy"},"content":"    private static String formatTaskForFile(Task task) {","lastModifiedDate":"2025-09-12T12:34:01","isFullCredit":false},{"lineNumber":146,"author":{"gitId":"kevinlokewy"},"content":"        String type \u003d task instanceof Todo ? \"T\" :","lastModifiedDate":"2025-09-12T12:34:01","isFullCredit":false},{"lineNumber":147,"author":{"gitId":"kevinlokewy"},"content":"                task instanceof Deadline ? \"D\" : \"E\";","lastModifiedDate":"2025-09-12T12:34:01","isFullCredit":false},{"lineNumber":148,"author":{"gitId":"kevinlokewy"},"content":"        String done \u003d task.getStatusIcon().equals(DONE_ICON) ? \"1\" : \"0\";","lastModifiedDate":"2025-09-12T12:34:01","isFullCredit":false},{"lineNumber":149,"author":{"gitId":"kevinlokewy"},"content":"        String description \u003d task.getDescription();","lastModifiedDate":"2025-09-12T12:34:01","isFullCredit":false},{"lineNumber":150,"author":{"gitId":"kevinlokewy"},"content":"","lastModifiedDate":"2025-09-12T12:34:01","isFullCredit":false},{"lineNumber":151,"author":{"gitId":"kevinlokewy"},"content":"        if (task instanceof Deadline) {","lastModifiedDate":"2025-09-12T12:34:01","isFullCredit":false},{"lineNumber":152,"author":{"gitId":"kevinlokewy"},"content":"            return type + \" | \" + done + \" | \" + description + \" | \" + ((Deadline) task).getBy();","lastModifiedDate":"2025-09-12T12:34:01","isFullCredit":false},{"lineNumber":153,"author":{"gitId":"kevinlokewy"},"content":"        } else if (task instanceof Event) {","lastModifiedDate":"2025-09-12T12:34:01","isFullCredit":false},{"lineNumber":154,"author":{"gitId":"kevinlokewy"},"content":"            return type + \" | \" + done + \" | \" + description + \" | \" + ((Event) task).getFrom() + \" | \" + ((Event) task).getTo();","lastModifiedDate":"2025-09-12T12:34:01","isFullCredit":false},{"lineNumber":155,"author":{"gitId":"kevinlokewy"},"content":"        } else { // Todo","lastModifiedDate":"2025-09-12T12:34:01","isFullCredit":false},{"lineNumber":156,"author":{"gitId":"kevinlokewy"},"content":"            return type + \" | \" + done + \" | \" + description;","lastModifiedDate":"2025-09-12T12:34:01","isFullCredit":false},{"lineNumber":157,"author":{"gitId":"kevinlokewy"},"content":"        }","lastModifiedDate":"2025-09-12T12:34:01","isFullCredit":false},{"lineNumber":158,"author":{"gitId":"kevinlokewy"},"content":"    }","lastModifiedDate":"2025-09-12T12:34:01","isFullCredit":false},{"lineNumber":159,"author":{"gitId":"kevinlokewy"},"content":"","lastModifiedDate":"2025-09-12T12:34:01","isFullCredit":false},{"lineNumber":160,"author":{"gitId":"kevinlokewy"},"content":"    // Parse a line from file back into a Task object","lastModifiedDate":"2025-09-12T12:34:01","isFullCredit":false},{"lineNumber":161,"author":{"gitId":"kevinlokewy"},"content":"    private static Task parseTaskFromFile(String line) {","lastModifiedDate":"2025-09-12T12:34:01","isFullCredit":false},{"lineNumber":162,"author":{"gitId":"kevinlokewy"},"content":"        String[] parts \u003d line.split(\" \\\\| \");","lastModifiedDate":"2025-09-12T12:34:01","isFullCredit":false},{"lineNumber":163,"author":{"gitId":"kevinlokewy"},"content":"        String type \u003d parts[0];","lastModifiedDate":"2025-09-12T12:34:01","isFullCredit":false},{"lineNumber":164,"author":{"gitId":"kevinlokewy"},"content":"        boolean isDone \u003d parts[1].equals(\"1\");","lastModifiedDate":"2025-09-12T12:34:01","isFullCredit":false},{"lineNumber":165,"author":{"gitId":"kevinlokewy"},"content":"        String description \u003d parts[2];","lastModifiedDate":"2025-09-12T12:34:01","isFullCredit":false},{"lineNumber":166,"author":{"gitId":"kevinlokewy"},"content":"","lastModifiedDate":"2025-09-12T12:34:01","isFullCredit":false},{"lineNumber":167,"author":{"gitId":"kevinlokewy"},"content":"        Task task \u003d null;","lastModifiedDate":"2025-09-12T12:34:01","isFullCredit":false},{"lineNumber":168,"author":{"gitId":"kevinlokewy"},"content":"        switch (type) {","lastModifiedDate":"2025-09-12T12:34:01","isFullCredit":false},{"lineNumber":169,"author":{"gitId":"kevinlokewy"},"content":"        case \"T\":","lastModifiedDate":"2025-09-12T12:34:01","isFullCredit":false},{"lineNumber":170,"author":{"gitId":"kevinlokewy"},"content":"            task \u003d new Todo(description);","lastModifiedDate":"2025-09-12T12:34:01","isFullCredit":false},{"lineNumber":171,"author":{"gitId":"kevinlokewy"},"content":"            break;","lastModifiedDate":"2025-09-12T12:34:01","isFullCredit":false},{"lineNumber":172,"author":{"gitId":"kevinlokewy"},"content":"        case \"D\":","lastModifiedDate":"2025-09-12T12:34:01","isFullCredit":false},{"lineNumber":173,"author":{"gitId":"kevinlokewy"},"content":"            task \u003d new Deadline(description, parts[3]);","lastModifiedDate":"2025-09-12T12:34:01","isFullCredit":false},{"lineNumber":174,"author":{"gitId":"kevinlokewy"},"content":"            break;","lastModifiedDate":"2025-09-12T12:34:01","isFullCredit":false},{"lineNumber":175,"author":{"gitId":"kevinlokewy"},"content":"        case \"E\":","lastModifiedDate":"2025-09-12T12:34:01","isFullCredit":false},{"lineNumber":176,"author":{"gitId":"kevinlokewy"},"content":"            task \u003d new Event(description, parts[3], parts[4]);","lastModifiedDate":"2025-09-12T12:34:01","isFullCredit":false},{"lineNumber":177,"author":{"gitId":"kevinlokewy"},"content":"            break;","lastModifiedDate":"2025-09-12T12:34:01","isFullCredit":false},{"lineNumber":178,"author":{"gitId":"kevinlokewy"},"content":"        }","lastModifiedDate":"2025-09-12T12:34:01","isFullCredit":false},{"lineNumber":179,"author":{"gitId":"kevinlokewy"},"content":"","lastModifiedDate":"2025-09-12T12:34:01","isFullCredit":false},{"lineNumber":180,"author":{"gitId":"kevinlokewy"},"content":"        if (task !\u003d null \u0026\u0026 isDone) {","lastModifiedDate":"2025-09-12T12:34:01","isFullCredit":false},{"lineNumber":181,"author":{"gitId":"kevinlokewy"},"content":"            task.markAsDone();","lastModifiedDate":"2025-09-12T12:34:01","isFullCredit":false},{"lineNumber":182,"author":{"gitId":"kevinlokewy"},"content":"        }","lastModifiedDate":"2025-09-12T12:34:01","isFullCredit":false},{"lineNumber":183,"author":{"gitId":"kevinlokewy"},"content":"","lastModifiedDate":"2025-09-12T12:34:01","isFullCredit":false},{"lineNumber":184,"author":{"gitId":"kevinlokewy"},"content":"        return task;","lastModifiedDate":"2025-09-12T12:34:01","isFullCredit":false},{"lineNumber":185,"author":{"gitId":"kevinlokewy"},"content":"    }","lastModifiedDate":"2025-09-12T12:34:01","isFullCredit":false},{"lineNumber":186,"author":{"gitId":"kevinlokewy"},"content":"","lastModifiedDate":"2025-09-12T12:34:01","isFullCredit":false},{"lineNumber":187,"author":{"gitId":"kevinlokewy"},"content":"    private static void handleUnmark(String argument, ArrayList\u003cTask\u003e tasks) throws AugustineException {","lastModifiedDate":"2025-09-08T15:34:05","isFullCredit":false},{"lineNumber":188,"author":{"gitId":"kevinlokewy"},"content":"        if (argument.isEmpty()) {","lastModifiedDate":"2025-09-04T16:06:10","isFullCredit":false},{"lineNumber":189,"author":{"gitId":"kevinlokewy"},"content":"            throw new AugustineException(\"Please provide a task number!\");","lastModifiedDate":"2025-09-08T15:34:05","isFullCredit":false},{"lineNumber":190,"author":{"gitId":"kevinlokewy"},"content":"","lastModifiedDate":"2025-09-08T15:34:05","isFullCredit":false},{"lineNumber":191,"author":{"gitId":"kevinlokewy"},"content":"        }","lastModifiedDate":"2025-09-04T16:06:10","isFullCredit":false},{"lineNumber":192,"author":{"gitId":"kevinlokewy"},"content":"        try {","lastModifiedDate":"2025-09-01T22:29:34","isFullCredit":false},{"lineNumber":193,"author":{"gitId":"kevinlokewy"},"content":"            int index \u003d Integer.parseInt(argument) - 1;","lastModifiedDate":"2025-09-04T16:06:10","isFullCredit":false},{"lineNumber":194,"author":{"gitId":"kevinlokewy"},"content":"            if (index \u003c 0 || index \u003e\u003d tasks.size()) {","lastModifiedDate":"2025-09-01T22:29:34","isFullCredit":false},{"lineNumber":195,"author":{"gitId":"kevinlokewy"},"content":"                System.out.println(\"____________________________________________________________\");","lastModifiedDate":"2025-09-01T20:33:33","isFullCredit":false},{"lineNumber":196,"author":{"gitId":"kevinlokewy"},"content":"                System.out.println(\"This task doesn\u0027t exist!\");","lastModifiedDate":"2025-09-01T22:29:34","isFullCredit":false},{"lineNumber":197,"author":{"gitId":"kevinlokewy"},"content":"                System.out.println(\"____________________________________________________________\");","lastModifiedDate":"2025-09-01T20:17:30","isFullCredit":false},{"lineNumber":198,"author":{"gitId":"kevinlokewy"},"content":"                return;","lastModifiedDate":"2025-09-04T20:05:04","isFullCredit":false},{"lineNumber":199,"author":{"gitId":"kevinlokewy"},"content":"            }","lastModifiedDate":"2025-09-01T20:17:30","isFullCredit":false},{"lineNumber":200,"author":{"gitId":"kevinlokewy"},"content":"","lastModifiedDate":"2025-09-01T22:29:34","isFullCredit":false},{"lineNumber":201,"author":{"gitId":"kevinlokewy"},"content":"            Task task \u003d tasks.get(index);","lastModifiedDate":"2025-09-01T22:29:34","isFullCredit":false},{"lineNumber":202,"author":{"gitId":"kevinlokewy"},"content":"            if (task.getStatusIcon().equals(NOT_DONE_ICON)) {","lastModifiedDate":"2025-09-04T20:05:04","isFullCredit":false},{"lineNumber":203,"author":{"gitId":"kevinlokewy"},"content":"                System.out.println(\"____________________________________________________________\");","lastModifiedDate":"2025-09-01T22:29:34","isFullCredit":false},{"lineNumber":204,"author":{"gitId":"kevinlokewy"},"content":"                System.out.println(\"This item is already unmarked!\");","lastModifiedDate":"2025-09-04T20:05:04","isFullCredit":false},{"lineNumber":205,"author":{"gitId":"kevinlokewy"},"content":"                System.out.println(\"____________________________________________________________\");","lastModifiedDate":"2025-09-01T22:29:34","isFullCredit":false},{"lineNumber":206,"author":{"gitId":"kevinlokewy"},"content":"            } else {","lastModifiedDate":"2025-09-01T20:33:33","isFullCredit":false},{"lineNumber":207,"author":{"gitId":"kevinlokewy"},"content":"                task.markAsNotDone();","lastModifiedDate":"2025-09-04T20:05:04","isFullCredit":false},{"lineNumber":208,"author":{"gitId":"kevinlokewy"},"content":"                System.out.println(\"____________________________________________________________\");","lastModifiedDate":"2025-09-01T22:29:34","isFullCredit":false},{"lineNumber":209,"author":{"gitId":"kevinlokewy"},"content":"                System.out.println(\"OK, I\u0027ve marked this task as not done yet:\");","lastModifiedDate":"2025-09-04T20:05:04","isFullCredit":false},{"lineNumber":210,"author":{"gitId":"kevinlokewy"},"content":"                System.out.println(\"  \" + task);","lastModifiedDate":"2025-09-01T22:29:34","isFullCredit":false},{"lineNumber":211,"author":{"gitId":"kevinlokewy"},"content":"                System.out.println(\"____________________________________________________________\");","lastModifiedDate":"2025-09-01T22:29:34","isFullCredit":false},{"lineNumber":212,"author":{"gitId":"kevinlokewy"},"content":"            }","lastModifiedDate":"2025-09-01T22:29:34","isFullCredit":false},{"lineNumber":213,"author":{"gitId":"kevinlokewy"},"content":"        } catch (NumberFormatException e) {","lastModifiedDate":"2025-09-01T22:29:34","isFullCredit":false},{"lineNumber":214,"author":{"gitId":"kevinlokewy"},"content":"            throw new AugustineException(\"Please provide a valid task number!\");","lastModifiedDate":"2025-09-08T15:34:05","isFullCredit":false},{"lineNumber":215,"author":{"gitId":"kevinlokewy"},"content":"        }","lastModifiedDate":"2025-09-01T22:29:34","isFullCredit":false},{"lineNumber":216,"author":{"gitId":"kevinlokewy"},"content":"    }","lastModifiedDate":"2025-09-04T20:05:04","isFullCredit":false},{"lineNumber":217,"author":{"gitId":"kevinlokewy"},"content":"","lastModifiedDate":"2025-09-01T20:17:30","isFullCredit":false},{"lineNumber":218,"author":{"gitId":"kevinlokewy"},"content":"    private static void handleMark(String argument, ArrayList\u003cTask\u003e tasks) throws AugustineException {","lastModifiedDate":"2025-09-08T15:34:05","isFullCredit":false},{"lineNumber":219,"author":{"gitId":"kevinlokewy"},"content":"        if (argument.isEmpty()) {","lastModifiedDate":"2025-09-04T16:06:10","isFullCredit":false},{"lineNumber":220,"author":{"gitId":"kevinlokewy"},"content":"            throw new AugustineException(\"Please provide a task number!\");","lastModifiedDate":"2025-09-08T15:34:05","isFullCredit":false},{"lineNumber":221,"author":{"gitId":"kevinlokewy"},"content":"        }","lastModifiedDate":"2025-09-04T16:06:10","isFullCredit":false},{"lineNumber":222,"author":{"gitId":"kevinlokewy"},"content":"        try {","lastModifiedDate":"2025-09-01T22:29:34","isFullCredit":false},{"lineNumber":223,"author":{"gitId":"kevinlokewy"},"content":"            int index \u003d Integer.parseInt(argument) - 1;","lastModifiedDate":"2025-09-04T16:06:10","isFullCredit":false},{"lineNumber":224,"author":{"gitId":"kevinlokewy"},"content":"            if (index \u003c 0 || index \u003e\u003d tasks.size()) {","lastModifiedDate":"2025-09-01T22:29:34","isFullCredit":false},{"lineNumber":225,"author":{"gitId":"kevinlokewy"},"content":"                System.out.println(\"____________________________________________________________\");","lastModifiedDate":"2025-09-01T20:33:33","isFullCredit":false},{"lineNumber":226,"author":{"gitId":"kevinlokewy"},"content":"                System.out.println(\"This task doesn\u0027t exist!\");","lastModifiedDate":"2025-09-01T22:29:34","isFullCredit":false},{"lineNumber":227,"author":{"gitId":"kevinlokewy"},"content":"                System.out.println(\"____________________________________________________________\");","lastModifiedDate":"2025-09-01T20:33:33","isFullCredit":false},{"lineNumber":228,"author":{"gitId":"kevinlokewy"},"content":"                return;","lastModifiedDate":"2025-09-04T20:05:04","isFullCredit":false},{"lineNumber":229,"author":{"gitId":"kevinlokewy"},"content":"            }","lastModifiedDate":"2025-09-01T22:29:34","isFullCredit":false},{"lineNumber":230,"author":{"gitId":"kevinlokewy"},"content":"","lastModifiedDate":"2025-09-01T20:33:33","isFullCredit":false},{"lineNumber":231,"author":{"gitId":"kevinlokewy"},"content":"            Task task \u003d tasks.get(index);","lastModifiedDate":"2025-09-01T22:29:34","isFullCredit":false},{"lineNumber":232,"author":{"gitId":"kevinlokewy"},"content":"            if (task.getStatusIcon().equals(DONE_ICON)) {","lastModifiedDate":"2025-09-04T20:05:04","isFullCredit":false},{"lineNumber":233,"author":{"gitId":"kevinlokewy"},"content":"                System.out.println(\"____________________________________________________________\");","lastModifiedDate":"2025-09-01T22:29:34","isFullCredit":false},{"lineNumber":234,"author":{"gitId":"kevinlokewy"},"content":"                System.out.println(\"This item is already marked!\");","lastModifiedDate":"2025-09-04T20:05:04","isFullCredit":false},{"lineNumber":235,"author":{"gitId":"kevinlokewy"},"content":"                System.out.println(\"____________________________________________________________\");","lastModifiedDate":"2025-09-01T22:29:34","isFullCredit":false},{"lineNumber":236,"author":{"gitId":"kevinlokewy"},"content":"","lastModifiedDate":"2025-09-04T20:05:04","isFullCredit":false},{"lineNumber":237,"author":{"gitId":"kevinlokewy"},"content":"            } else {","lastModifiedDate":"2025-09-01T22:29:34","isFullCredit":false},{"lineNumber":238,"author":{"gitId":"kevinlokewy"},"content":"                task.markAsDone();","lastModifiedDate":"2025-09-04T20:05:04","isFullCredit":false},{"lineNumber":239,"author":{"gitId":"kevinlokewy"},"content":"                System.out.println(\"____________________________________________________________\");","lastModifiedDate":"2025-09-01T22:29:34","isFullCredit":false},{"lineNumber":240,"author":{"gitId":"kevinlokewy"},"content":"                System.out.println(\"Nice! I\u0027ve marked this task as done:\");","lastModifiedDate":"2025-09-04T20:05:04","isFullCredit":false},{"lineNumber":241,"author":{"gitId":"kevinlokewy"},"content":"                System.out.println(\"  \" + task);","lastModifiedDate":"2025-09-01T22:29:34","isFullCredit":false},{"lineNumber":242,"author":{"gitId":"kevinlokewy"},"content":"                System.out.println(\"____________________________________________________________\");","lastModifiedDate":"2025-09-01T22:29:34","isFullCredit":false},{"lineNumber":243,"author":{"gitId":"kevinlokewy"},"content":"            }","lastModifiedDate":"2025-09-01T20:33:33","isFullCredit":false},{"lineNumber":244,"author":{"gitId":"kevinlokewy"},"content":"        } catch (NumberFormatException e) {","lastModifiedDate":"2025-09-01T22:29:34","isFullCredit":false},{"lineNumber":245,"author":{"gitId":"kevinlokewy"},"content":"            throw new AugustineException(\"Please provide a valid task number!\");","lastModifiedDate":"2025-09-08T15:34:05","isFullCredit":false},{"lineNumber":246,"author":{"gitId":"kevinlokewy"},"content":"        }","lastModifiedDate":"2025-09-01T20:33:33","isFullCredit":false},{"lineNumber":247,"author":{"gitId":"kevinlokewy"},"content":"    }","lastModifiedDate":"2025-09-04T20:05:04","isFullCredit":false},{"lineNumber":248,"author":{"gitId":"kevinlokewy"},"content":"","lastModifiedDate":"2025-09-01T20:33:33","isFullCredit":false},{"lineNumber":249,"author":{"gitId":"kevinlokewy"},"content":"","lastModifiedDate":"2025-09-04T20:05:04","isFullCredit":false},{"lineNumber":250,"author":{"gitId":"kevinlokewy"},"content":"    private static void handleEvent(String argument, ArrayList\u003cTask\u003e tasks) throws AugustineException {","lastModifiedDate":"2025-09-08T15:34:05","isFullCredit":false},{"lineNumber":251,"author":{"gitId":"kevinlokewy"},"content":"        if (argument.contains(\"/from\") \u0026\u0026 argument.contains(\"/to\")) {","lastModifiedDate":"2025-09-08T16:51:05","isFullCredit":false},{"lineNumber":252,"author":{"gitId":"kevinlokewy"},"content":"            String[] eventParts \u003d argument.split(\"/from\", 2);","lastModifiedDate":"2025-09-04T20:05:04","isFullCredit":false},{"lineNumber":253,"author":{"gitId":"kevinlokewy"},"content":"            String description \u003d eventParts[0].trim();","lastModifiedDate":"2025-09-04T20:05:04","isFullCredit":false},{"lineNumber":254,"author":{"gitId":"kevinlokewy"},"content":"            String[] timeParts \u003d eventParts[1].split(\"/to\", 2);","lastModifiedDate":"2025-09-04T20:05:04","isFullCredit":false},{"lineNumber":255,"author":{"gitId":"kevinlokewy"},"content":"            String from \u003d timeParts[0].trim();","lastModifiedDate":"2025-09-04T20:05:04","isFullCredit":false},{"lineNumber":256,"author":{"gitId":"kevinlokewy"},"content":"            String to \u003d timeParts[1].trim();","lastModifiedDate":"2025-09-04T20:05:04","isFullCredit":false},{"lineNumber":257,"author":{"gitId":"kevinlokewy"},"content":"            Task task \u003d new Event(description, from, to);","lastModifiedDate":"2025-09-04T20:05:04","isFullCredit":false},{"lineNumber":258,"author":{"gitId":"kevinlokewy"},"content":"            tasks.add(task);","lastModifiedDate":"2025-09-04T20:05:04","isFullCredit":false},{"lineNumber":259,"author":{"gitId":"kevinlokewy"},"content":"            printDescription(task, tasks.size());","lastModifiedDate":"2025-09-04T20:05:04","isFullCredit":false},{"lineNumber":260,"author":{"gitId":"kevinlokewy"},"content":"        } else {","lastModifiedDate":"2025-09-04T20:05:04","isFullCredit":false},{"lineNumber":261,"author":{"gitId":"kevinlokewy"},"content":"            throw new AugustineException(\"Please provide an event in the format: event \u003cdescription\u003e /from \u003cstart\u003e /to \u003cend\u003e\");","lastModifiedDate":"2025-09-08T15:34:05","isFullCredit":false},{"lineNumber":262,"author":{"gitId":"kevinlokewy"},"content":"        }","lastModifiedDate":"2025-09-04T15:24:24","isFullCredit":false},{"lineNumber":263,"author":{"gitId":"kevinlokewy"},"content":"    }","lastModifiedDate":"2025-09-04T15:24:24","isFullCredit":false},{"lineNumber":264,"author":{"gitId":"kevinlokewy"},"content":"","lastModifiedDate":"2025-09-04T20:05:04","isFullCredit":false},{"lineNumber":265,"author":{"gitId":"kevinlokewy"},"content":"    private static void handleDeadline(String argument, ArrayList\u003cTask\u003e tasks) throws AugustineException {","lastModifiedDate":"2025-09-08T15:34:05","isFullCredit":false},{"lineNumber":266,"author":{"gitId":"kevinlokewy"},"content":"        if (argument.contains(\"/by\")) {","lastModifiedDate":"2025-09-08T16:51:05","isFullCredit":false},{"lineNumber":267,"author":{"gitId":"kevinlokewy"},"content":"            String[] deadlineParts \u003d argument.split(\"/by\", 2);","lastModifiedDate":"2025-09-04T20:05:04","isFullCredit":false},{"lineNumber":268,"author":{"gitId":"kevinlokewy"},"content":"            String description \u003d deadlineParts[0].trim();","lastModifiedDate":"2025-09-04T20:05:04","isFullCredit":false},{"lineNumber":269,"author":{"gitId":"kevinlokewy"},"content":"            String by \u003d deadlineParts[1].trim();","lastModifiedDate":"2025-09-04T20:05:04","isFullCredit":false},{"lineNumber":270,"author":{"gitId":"kevinlokewy"},"content":"            Task task \u003d new Deadline(description, by);","lastModifiedDate":"2025-09-04T20:05:04","isFullCredit":false},{"lineNumber":271,"author":{"gitId":"kevinlokewy"},"content":"            tasks.add(task);","lastModifiedDate":"2025-09-04T20:05:04","isFullCredit":false},{"lineNumber":272,"author":{"gitId":"kevinlokewy"},"content":"            printDescription(task, tasks.size());","lastModifiedDate":"2025-09-04T20:05:04","isFullCredit":false},{"lineNumber":273,"author":{"gitId":"kevinlokewy"},"content":"        } else {","lastModifiedDate":"2025-09-04T20:05:04","isFullCredit":false},{"lineNumber":274,"author":{"gitId":"kevinlokewy"},"content":"            throw new AugustineException(\"Please provide a deadline in the format: deadline \u003cdescription\u003e /by \u003ctime\u003e\");","lastModifiedDate":"2025-09-08T15:34:05","isFullCredit":false},{"lineNumber":275,"author":{"gitId":"kevinlokewy"},"content":"        }","lastModifiedDate":"2025-09-04T20:05:04","isFullCredit":false},{"lineNumber":276,"author":{"gitId":"kevinlokewy"},"content":"    }","lastModifiedDate":"2025-09-04T20:05:04","isFullCredit":false},{"lineNumber":277,"author":{"gitId":"kevinlokewy"},"content":"","lastModifiedDate":"2025-09-04T20:05:04","isFullCredit":false},{"lineNumber":278,"author":{"gitId":"kevinlokewy"},"content":"    private static void handleToDo(String argument, ArrayList\u003cTask\u003e tasks) throws AugustineException {","lastModifiedDate":"2025-09-08T15:34:05","isFullCredit":false},{"lineNumber":279,"author":{"gitId":"kevinlokewy"},"content":"        if (!argument.isEmpty()) {","lastModifiedDate":"2025-09-04T20:05:04","isFullCredit":false},{"lineNumber":280,"author":{"gitId":"kevinlokewy"},"content":"            Task task \u003d new Todo(argument);","lastModifiedDate":"2025-09-04T20:05:04","isFullCredit":false},{"lineNumber":281,"author":{"gitId":"kevinlokewy"},"content":"            tasks.add(task);","lastModifiedDate":"2025-09-04T20:05:04","isFullCredit":false},{"lineNumber":282,"author":{"gitId":"kevinlokewy"},"content":"            printDescription(task, tasks.size());","lastModifiedDate":"2025-09-04T20:05:04","isFullCredit":false},{"lineNumber":283,"author":{"gitId":"kevinlokewy"},"content":"        } else {","lastModifiedDate":"2025-09-04T20:05:04","isFullCredit":false},{"lineNumber":284,"author":{"gitId":"kevinlokewy"},"content":"            throw new AugustineException(\"Please provide a task description!\");","lastModifiedDate":"2025-09-08T15:34:05","isFullCredit":false},{"lineNumber":285,"author":{"gitId":"kevinlokewy"},"content":"        }","lastModifiedDate":"2025-09-04T20:05:04","isFullCredit":false},{"lineNumber":286,"author":{"gitId":"kevinlokewy"},"content":"    }","lastModifiedDate":"2025-09-04T15:24:24","isFullCredit":false},{"lineNumber":287,"author":{"gitId":"kevinlokewy"},"content":"","lastModifiedDate":"2025-09-04T20:05:04","isFullCredit":false},{"lineNumber":288,"author":{"gitId":"kevinlokewy"},"content":"    private static void printTaskList(ArrayList\u003cTask\u003e tasks) {","lastModifiedDate":"2025-09-04T20:05:04","isFullCredit":false},{"lineNumber":289,"author":{"gitId":"kevinlokewy"},"content":"        System.out.println(\"____________________________________________________________\");","lastModifiedDate":"2025-09-04T20:05:04","isFullCredit":false},{"lineNumber":290,"author":{"gitId":"kevinlokewy"},"content":"        if (tasks.isEmpty()) {","lastModifiedDate":"2025-09-04T20:05:04","isFullCredit":false},{"lineNumber":291,"author":{"gitId":"kevinlokewy"},"content":"            System.out.println(\"No tasks added yet!\");","lastModifiedDate":"2025-09-04T20:05:04","isFullCredit":false},{"lineNumber":292,"author":{"gitId":"kevinlokewy"},"content":"        } else {","lastModifiedDate":"2025-09-04T20:05:04","isFullCredit":false},{"lineNumber":293,"author":{"gitId":"kevinlokewy"},"content":"            System.out.println(\"Here are the tasks in your list:\");","lastModifiedDate":"2025-09-04T20:05:04","isFullCredit":false},{"lineNumber":294,"author":{"gitId":"kevinlokewy"},"content":"            for (int i \u003d 0; i \u003c tasks.size(); i++) {","lastModifiedDate":"2025-09-04T20:05:04","isFullCredit":false},{"lineNumber":295,"author":{"gitId":"kevinlokewy"},"content":"                System.out.println(\" \" + (i + 1) + \". \" + tasks.get(i));","lastModifiedDate":"2025-09-04T20:05:04","isFullCredit":false},{"lineNumber":296,"author":{"gitId":"kevinlokewy"},"content":"            }","lastModifiedDate":"2025-09-04T20:05:04","isFullCredit":false},{"lineNumber":297,"author":{"gitId":"kevinlokewy"},"content":"        }","lastModifiedDate":"2025-09-04T20:05:04","isFullCredit":false},{"lineNumber":298,"author":{"gitId":"kevinlokewy"},"content":"        System.out.println(\"____________________________________________________________\");","lastModifiedDate":"2025-09-04T20:05:04","isFullCredit":false},{"lineNumber":299,"author":{"gitId":"kevinlokewy"},"content":"    }","lastModifiedDate":"2025-09-04T20:05:04","isFullCredit":false},{"lineNumber":300,"author":{"gitId":"kevinlokewy"},"content":"","lastModifiedDate":"2025-09-04T20:05:04","isFullCredit":false},{"lineNumber":301,"author":{"gitId":"kevinlokewy"},"content":"    private static String getFirstWord(String[] parts) {","lastModifiedDate":"2025-09-04T20:05:04","isFullCredit":false},{"lineNumber":302,"author":{"gitId":"kevinlokewy"},"content":"        return parts[0].toLowerCase();","lastModifiedDate":"2025-09-04T20:05:04","isFullCredit":false},{"lineNumber":303,"author":{"gitId":"kevinlokewy"},"content":"    }","lastModifiedDate":"2025-09-04T20:05:04","isFullCredit":false},{"lineNumber":304,"author":{"gitId":"kevinlokewy"},"content":"","lastModifiedDate":"2025-09-04T20:05:04","isFullCredit":false},{"lineNumber":305,"author":{"gitId":"kevinlokewy"},"content":"    private static String[] splitTask(String input) {","lastModifiedDate":"2025-09-04T20:05:04","isFullCredit":false},{"lineNumber":306,"author":{"gitId":"kevinlokewy"},"content":"        return input.split(\" \", 2);","lastModifiedDate":"2025-09-04T20:05:04","isFullCredit":false},{"lineNumber":307,"author":{"gitId":"kevinlokewy"},"content":"    }","lastModifiedDate":"2025-09-04T20:05:04","isFullCredit":false},{"lineNumber":308,"author":{"gitId":"kevinlokewy"},"content":"","lastModifiedDate":"2025-09-04T20:05:04","isFullCredit":false},{"lineNumber":309,"author":{"gitId":"kevinlokewy"},"content":"    private static void printErrorMessage(String message) {","lastModifiedDate":"2025-09-08T15:34:05","isFullCredit":false},{"lineNumber":310,"author":{"gitId":"kevinlokewy"},"content":"        System.out.println(\"____________________________________________________________\");","lastModifiedDate":"2025-09-01T22:29:34","isFullCredit":false},{"lineNumber":311,"author":{"gitId":"kevinlokewy"},"content":"        System.out.println(message);","lastModifiedDate":"2025-09-08T15:34:05","isFullCredit":false},{"lineNumber":312,"author":{"gitId":"kevinlokewy"},"content":"        System.out.println(\"____________________________________________________________\");","lastModifiedDate":"2025-09-01T22:29:34","isFullCredit":false},{"lineNumber":313,"author":{"gitId":"kevinlokewy"},"content":"    }","lastModifiedDate":"2025-08-24T21:57:18","isFullCredit":false},{"lineNumber":314,"author":{"gitId":"kevinlokewy"},"content":"","lastModifiedDate":"2025-09-04T15:24:24","isFullCredit":false},{"lineNumber":315,"author":{"gitId":"kevinlokewy"},"content":"    private static void printDescription(Task task, int totalTasks) {","lastModifiedDate":"2025-09-04T16:06:10","isFullCredit":false},{"lineNumber":316,"author":{"gitId":"kevinlokewy"},"content":"        String taskWord \u003d totalTasks \u003d\u003d 1 ? \"task\" : \"tasks\"; // singular or plural","lastModifiedDate":"2025-09-04T16:06:10","isFullCredit":false},{"lineNumber":317,"author":{"gitId":"kevinlokewy"},"content":"        System.out.println(\"____________________________________________________________\");","lastModifiedDate":"2025-09-04T15:24:24","isFullCredit":false},{"lineNumber":318,"author":{"gitId":"kevinlokewy"},"content":"        System.out.println(\"Okay! I\u0027ve added the following task:\");","lastModifiedDate":"2025-09-04T16:06:10","isFullCredit":false},{"lineNumber":319,"author":{"gitId":"kevinlokewy"},"content":"        System.out.println(\"   \" + task);","lastModifiedDate":"2025-09-04T16:06:10","isFullCredit":false},{"lineNumber":320,"author":{"gitId":"kevinlokewy"},"content":"        System.out.println(\"You now have \" + totalTasks + \" \" + taskWord + \" in the list.\");","lastModifiedDate":"2025-09-04T16:06:10","isFullCredit":false},{"lineNumber":321,"author":{"gitId":"kevinlokewy"},"content":"        System.out.println(\"____________________________________________________________\");","lastModifiedDate":"2025-09-04T15:24:24","isFullCredit":false},{"lineNumber":322,"author":{"gitId":"kevinlokewy"},"content":"    }","lastModifiedDate":"2025-08-24T21:57:18","isFullCredit":false},{"lineNumber":323,"author":{"gitId":"kevinlokewy"},"content":"","lastModifiedDate":"2025-08-24T21:57:18","isFullCredit":false},{"lineNumber":324,"author":{"gitId":"kevinlokewy"},"content":"","lastModifiedDate":"2025-09-04T16:06:10","isFullCredit":false},{"lineNumber":325,"author":{"gitId":"kevinlokewy"},"content":"    private static void printGreeting() {","lastModifiedDate":"2025-09-04T15:24:24","isFullCredit":false},{"lineNumber":326,"author":{"gitId":"kevinlokewy"},"content":"        System.out.println(\"____________________________________________________________\");","lastModifiedDate":"2025-09-04T15:24:24","isFullCredit":false},{"lineNumber":327,"author":{"gitId":"kevinlokewy"},"content":"        System.out.println(\" Hello! I\u0027m Augustine\");","lastModifiedDate":"2025-09-04T15:24:24","isFullCredit":false},{"lineNumber":328,"author":{"gitId":"kevinlokewy"},"content":"        System.out.println(\" What can I do for you?\");","lastModifiedDate":"2025-09-04T15:24:24","isFullCredit":false},{"lineNumber":329,"author":{"gitId":"kevinlokewy"},"content":"        System.out.println(\"____________________________________________________________\");","lastModifiedDate":"2025-09-04T15:24:24","isFullCredit":false},{"lineNumber":330,"author":{"gitId":"kevinlokewy"},"content":"    }","lastModifiedDate":"2025-09-04T15:24:24","isFullCredit":false},{"lineNumber":331,"author":{"gitId":"kevinlokewy"},"content":"","lastModifiedDate":"2025-09-04T15:24:24","isFullCredit":false},{"lineNumber":332,"author":{"gitId":"kevinlokewy"},"content":"    private static void printBye() {","lastModifiedDate":"2025-09-04T15:24:24","isFullCredit":false},{"lineNumber":333,"author":{"gitId":"kevinlokewy"},"content":"        System.out.println(\"____________________________________________________________\");","lastModifiedDate":"2025-09-04T15:24:24","isFullCredit":false},{"lineNumber":334,"author":{"gitId":"kevinlokewy"},"content":"        System.out.println(\" Bye. Hope to see you again soon!\");","lastModifiedDate":"2025-09-04T15:24:24","isFullCredit":false},{"lineNumber":335,"author":{"gitId":"kevinlokewy"},"content":"        System.out.println(\"____________________________________________________________\");","lastModifiedDate":"2025-09-04T15:24:24","isFullCredit":false},{"lineNumber":336,"author":{"gitId":"kevinlokewy"},"content":"    }","lastModifiedDate":"2025-09-04T15:24:24","isFullCredit":false},{"lineNumber":337,"author":{"gitId":"kevinlokewy"},"content":"","lastModifiedDate":"2025-09-12T12:34:01","isFullCredit":false},{"lineNumber":338,"author":{"gitId":"kevinlokewy"},"content":"    private static void handleDelete(String argument, ArrayList\u003cTask\u003e tasks) throws AugustineException {","lastModifiedDate":"2025-09-12T12:34:01","isFullCredit":false},{"lineNumber":339,"author":{"gitId":"kevinlokewy"},"content":"        if (argument.isEmpty()) {","lastModifiedDate":"2025-09-12T12:34:01","isFullCredit":false},{"lineNumber":340,"author":{"gitId":"kevinlokewy"},"content":"            throw new AugustineException(\"Please provide a task number to delete!\");","lastModifiedDate":"2025-09-12T12:34:01","isFullCredit":false},{"lineNumber":341,"author":{"gitId":"kevinlokewy"},"content":"        }","lastModifiedDate":"2025-09-12T12:34:01","isFullCredit":false},{"lineNumber":342,"author":{"gitId":"kevinlokewy"},"content":"        try {","lastModifiedDate":"2025-09-12T12:34:01","isFullCredit":false},{"lineNumber":343,"author":{"gitId":"kevinlokewy"},"content":"            int index \u003d Integer.parseInt(argument) - 1; // convert to 0-based","lastModifiedDate":"2025-09-12T12:34:01","isFullCredit":false},{"lineNumber":344,"author":{"gitId":"kevinlokewy"},"content":"            if (index \u003c 0 || index \u003e\u003d tasks.size()) {","lastModifiedDate":"2025-09-12T12:34:01","isFullCredit":false},{"lineNumber":345,"author":{"gitId":"kevinlokewy"},"content":"                throw new AugustineException(\"This task doesn\u0027t exist!\");","lastModifiedDate":"2025-09-12T12:34:01","isFullCredit":false},{"lineNumber":346,"author":{"gitId":"kevinlokewy"},"content":"            }","lastModifiedDate":"2025-09-01T22:29:34","isFullCredit":false},{"lineNumber":347,"author":{"gitId":"kevinlokewy"},"content":"","lastModifiedDate":"2025-09-08T15:08:41","isFullCredit":false},{"lineNumber":348,"author":{"gitId":"kevinlokewy"},"content":"            Task removed \u003d tasks.remove(index); // remove task from list","lastModifiedDate":"2025-09-12T12:34:01","isFullCredit":false},{"lineNumber":349,"author":{"gitId":"kevinlokewy"},"content":"            System.out.println(\"____________________________________________________________\");","lastModifiedDate":"2025-09-12T12:34:01","isFullCredit":false},{"lineNumber":350,"author":{"gitId":"kevinlokewy"},"content":"            System.out.println(\"Noted. I\u0027ve removed this task:\");","lastModifiedDate":"2025-09-12T12:34:01","isFullCredit":false},{"lineNumber":351,"author":{"gitId":"kevinlokewy"},"content":"            System.out.println(\"  \" + removed);","lastModifiedDate":"2025-09-12T12:34:01","isFullCredit":false},{"lineNumber":352,"author":{"gitId":"kevinlokewy"},"content":"            String taskWord \u003d tasks.size() \u003d\u003d 1 ? \"task\" : \"tasks\";","lastModifiedDate":"2025-09-12T12:34:01","isFullCredit":false},{"lineNumber":353,"author":{"gitId":"kevinlokewy"},"content":"            System.out.println(\"Now you have \" + tasks.size() + \" \" + taskWord + \" in the list.\");","lastModifiedDate":"2025-09-12T12:34:01","isFullCredit":false},{"lineNumber":354,"author":{"gitId":"kevinlokewy"},"content":"            System.out.println(\"____________________________________________________________\");","lastModifiedDate":"2025-09-12T12:34:01","isFullCredit":false},{"lineNumber":355,"author":{"gitId":"kevinlokewy"},"content":"        } catch (NumberFormatException e) {","lastModifiedDate":"2025-09-12T12:34:01","isFullCredit":false},{"lineNumber":356,"author":{"gitId":"kevinlokewy"},"content":"            throw new AugustineException(\"Please provide a valid task number!\");","lastModifiedDate":"2025-09-12T12:34:01","isFullCredit":false},{"lineNumber":357,"author":{"gitId":"kevinlokewy"},"content":"        }","lastModifiedDate":"2025-09-12T12:34:01","isFullCredit":false},{"lineNumber":358,"author":{"gitId":"kevinlokewy"},"content":"    }","lastModifiedDate":"2025-09-12T12:34:01","isFullCredit":false},{"lineNumber":359,"author":{"gitId":"kevinlokewy"},"content":"}","lastModifiedDate":"2025-09-12T12:34:01","isFullCredit":false}],"authorContributionMap":{"kevinlokewy":359}},{"path":"src/main/java/augustine/AugustineException.java","fileType":"java","lines":[{"lineNumber":1,"author":{"gitId":"kevinlokewy"},"content":"package augustine;","lastModifiedDate":"2025-09-08T16:51:05","isFullCredit":false},{"lineNumber":2,"author":{"gitId":"kevinlokewy"},"content":"","lastModifiedDate":"2025-09-08T16:51:05","isFullCredit":false},{"lineNumber":3,"author":{"gitId":"kevinlokewy"},"content":"public class AugustineException extends Exception {","lastModifiedDate":"2025-09-08T16:51:05","isFullCredit":false},{"lineNumber":4,"author":{"gitId":"kevinlokewy"},"content":"    public AugustineException(String message) {","lastModifiedDate":"2025-09-08T16:51:05","isFullCredit":false},{"lineNumber":5,"author":{"gitId":"kevinlokewy"},"content":"        super(message);","lastModifiedDate":"2025-09-08T16:51:05","isFullCredit":false},{"lineNumber":6,"author":{"gitId":"kevinlokewy"},"content":"    }","lastModifiedDate":"2025-09-08T16:51:05","isFullCredit":false},{"lineNumber":7,"author":{"gitId":"kevinlokewy"},"content":"}","lastModifiedDate":"2025-09-08T16:51:05","isFullCredit":false}],"authorContributionMap":{"kevinlokewy":7}},{"path":"src/main/java/augustine/Deadline.java","fileType":"java","lines":[{"lineNumber":1,"author":{"gitId":"kevinlokewy"},"content":"package augustine;","lastModifiedDate":"2025-09-08T16:51:05","isFullCredit":false},{"lineNumber":2,"author":{"gitId":"kevinlokewy"},"content":"","lastModifiedDate":"2025-09-08T16:51:05","isFullCredit":false},{"lineNumber":3,"author":{"gitId":"kevinlokewy"},"content":"public class Deadline extends Task {","lastModifiedDate":"2025-09-04T16:06:10","isFullCredit":false},{"lineNumber":4,"author":{"gitId":"kevinlokewy"},"content":"    private String by;","lastModifiedDate":"2025-09-04T16:06:10","isFullCredit":false},{"lineNumber":5,"author":{"gitId":"kevinlokewy"},"content":"","lastModifiedDate":"2025-09-04T16:06:10","isFullCredit":false},{"lineNumber":6,"author":{"gitId":"kevinlokewy"},"content":"    public Deadline(String description, String by) {","lastModifiedDate":"2025-09-04T16:06:10","isFullCredit":false},{"lineNumber":7,"author":{"gitId":"kevinlokewy"},"content":"        super(description);","lastModifiedDate":"2025-09-04T16:06:10","isFullCredit":false},{"lineNumber":8,"author":{"gitId":"kevinlokewy"},"content":"        this.by \u003d by;","lastModifiedDate":"2025-09-04T16:06:10","isFullCredit":false},{"lineNumber":9,"author":{"gitId":"kevinlokewy"},"content":"    }","lastModifiedDate":"2025-09-04T16:06:10","isFullCredit":false},{"lineNumber":10,"author":{"gitId":"kevinlokewy"},"content":"","lastModifiedDate":"2025-09-04T16:06:10","isFullCredit":false},{"lineNumber":11,"author":{"gitId":"kevinlokewy"},"content":"    @Override","lastModifiedDate":"2025-09-04T16:06:10","isFullCredit":false},{"lineNumber":12,"author":{"gitId":"kevinlokewy"},"content":"    public String toString() {","lastModifiedDate":"2025-09-04T16:06:10","isFullCredit":false},{"lineNumber":13,"author":{"gitId":"kevinlokewy"},"content":"        return \"[D]\" + super.toString() + \" (by: \" + by + \")\";","lastModifiedDate":"2025-09-04T16:06:10","isFullCredit":false},{"lineNumber":14,"author":{"gitId":"kevinlokewy"},"content":"    }","lastModifiedDate":"2025-09-04T16:06:10","isFullCredit":false},{"lineNumber":15,"author":{"gitId":"kevinlokewy"},"content":"    public String getBy(){","lastModifiedDate":"2025-09-12T12:34:01","isFullCredit":false},{"lineNumber":16,"author":{"gitId":"kevinlokewy"},"content":"        return by;","lastModifiedDate":"2025-09-12T12:34:01","isFullCredit":false},{"lineNumber":17,"author":{"gitId":"kevinlokewy"},"content":"    }","lastModifiedDate":"2025-09-12T12:34:01","isFullCredit":false},{"lineNumber":18,"author":{"gitId":"kevinlokewy"},"content":"}","lastModifiedDate":"2025-09-04T16:06:10","isFullCredit":false}],"authorContributionMap":{"kevinlokewy":18}},{"path":"src/main/java/augustine/Event.java","fileType":"java","lines":[{"lineNumber":1,"author":{"gitId":"kevinlokewy"},"content":"package augustine;","lastModifiedDate":"2025-09-08T16:51:05","isFullCredit":false},{"lineNumber":2,"author":{"gitId":"kevinlokewy"},"content":"","lastModifiedDate":"2025-09-08T16:51:05","isFullCredit":false},{"lineNumber":3,"author":{"gitId":"kevinlokewy"},"content":"public class Event extends Task {","lastModifiedDate":"2025-09-04T16:06:10","isFullCredit":false},{"lineNumber":4,"author":{"gitId":"kevinlokewy"},"content":"    private final String from;","lastModifiedDate":"2025-09-08T16:51:05","isFullCredit":false},{"lineNumber":5,"author":{"gitId":"kevinlokewy"},"content":"    private final String to;","lastModifiedDate":"2025-09-08T16:51:05","isFullCredit":false},{"lineNumber":6,"author":{"gitId":"kevinlokewy"},"content":"","lastModifiedDate":"2025-09-04T16:06:10","isFullCredit":false},{"lineNumber":7,"author":{"gitId":"kevinlokewy"},"content":"    public Event(String description, String from, String to) {","lastModifiedDate":"2025-09-04T16:06:10","isFullCredit":false},{"lineNumber":8,"author":{"gitId":"kevinlokewy"},"content":"        super(description);","lastModifiedDate":"2025-09-04T16:06:10","isFullCredit":false},{"lineNumber":9,"author":{"gitId":"kevinlokewy"},"content":"        this.from \u003d from;","lastModifiedDate":"2025-09-04T16:06:10","isFullCredit":false},{"lineNumber":10,"author":{"gitId":"kevinlokewy"},"content":"        this.to \u003d to;","lastModifiedDate":"2025-09-04T16:06:10","isFullCredit":false},{"lineNumber":11,"author":{"gitId":"kevinlokewy"},"content":"    }","lastModifiedDate":"2025-09-04T16:06:10","isFullCredit":false},{"lineNumber":12,"author":{"gitId":"kevinlokewy"},"content":"","lastModifiedDate":"2025-09-04T16:06:10","isFullCredit":false},{"lineNumber":13,"author":{"gitId":"kevinlokewy"},"content":"    @Override","lastModifiedDate":"2025-09-04T16:06:10","isFullCredit":false},{"lineNumber":14,"author":{"gitId":"kevinlokewy"},"content":"    public String toString() {","lastModifiedDate":"2025-09-04T16:06:10","isFullCredit":false},{"lineNumber":15,"author":{"gitId":"kevinlokewy"},"content":"        return \"[E]\" + super.toString() + \" (from: \" + from + \" to: \" + to + \")\";","lastModifiedDate":"2025-09-04T16:06:10","isFullCredit":false},{"lineNumber":16,"author":{"gitId":"kevinlokewy"},"content":"    }","lastModifiedDate":"2025-09-04T16:06:10","isFullCredit":false},{"lineNumber":17,"author":{"gitId":"kevinlokewy"},"content":"    public String getFrom(){","lastModifiedDate":"2025-09-12T12:34:01","isFullCredit":false},{"lineNumber":18,"author":{"gitId":"kevinlokewy"},"content":"        return from;","lastModifiedDate":"2025-09-12T12:34:01","isFullCredit":false},{"lineNumber":19,"author":{"gitId":"kevinlokewy"},"content":"    }","lastModifiedDate":"2025-09-04T16:06:10","isFullCredit":false},{"lineNumber":20,"author":{"gitId":"kevinlokewy"},"content":"    public String getTo(){","lastModifiedDate":"2025-09-12T12:34:01","isFullCredit":false},{"lineNumber":21,"author":{"gitId":"kevinlokewy"},"content":"        return to;","lastModifiedDate":"2025-09-12T12:34:01","isFullCredit":false},{"lineNumber":22,"author":{"gitId":"kevinlokewy"},"content":"    }","lastModifiedDate":"2025-09-12T12:34:01","isFullCredit":false},{"lineNumber":23,"author":{"gitId":"kevinlokewy"},"content":"}","lastModifiedDate":"2025-09-12T12:34:01","isFullCredit":false},{"lineNumber":24,"author":{"gitId":"kevinlokewy"},"content":"","lastModifiedDate":"2025-09-12T12:34:01","isFullCredit":false},{"lineNumber":25,"author":{"gitId":"kevinlokewy"},"content":"","lastModifiedDate":"2025-09-12T12:34:01","isFullCredit":false}],"authorContributionMap":{"kevinlokewy":25}},{"path":"src/main/java/augustine/Task.java","fileType":"java","lines":[{"lineNumber":1,"author":{"gitId":"kevinlokewy"},"content":"package augustine;","lastModifiedDate":"2025-09-08T16:51:05","isFullCredit":false},{"lineNumber":2,"author":{"gitId":"kevinlokewy"},"content":"","lastModifiedDate":"2025-09-08T16:51:05","isFullCredit":false},{"lineNumber":3,"author":{"gitId":"kevinlokewy"},"content":"public class Task {","lastModifiedDate":"2025-09-01T22:29:34","isFullCredit":false},{"lineNumber":4,"author":{"gitId":"kevinlokewy"},"content":"    private final String description;","lastModifiedDate":"2025-09-08T16:51:05","isFullCredit":false},{"lineNumber":5,"author":{"gitId":"kevinlokewy"},"content":"    private boolean isDone;","lastModifiedDate":"2025-09-01T22:29:34","isFullCredit":false},{"lineNumber":6,"author":{"gitId":"kevinlokewy"},"content":"","lastModifiedDate":"2025-09-01T22:29:34","isFullCredit":false},{"lineNumber":7,"author":{"gitId":"kevinlokewy"},"content":"    public Task(String description) {","lastModifiedDate":"2025-09-01T22:29:34","isFullCredit":false},{"lineNumber":8,"author":{"gitId":"kevinlokewy"},"content":"        this.description \u003d description;","lastModifiedDate":"2025-09-01T22:29:34","isFullCredit":false},{"lineNumber":9,"author":{"gitId":"kevinlokewy"},"content":"        this.isDone \u003d false;","lastModifiedDate":"2025-09-01T22:29:34","isFullCredit":false},{"lineNumber":10,"author":{"gitId":"kevinlokewy"},"content":"    }","lastModifiedDate":"2025-09-01T22:29:34","isFullCredit":false},{"lineNumber":11,"author":{"gitId":"kevinlokewy"},"content":"","lastModifiedDate":"2025-09-01T22:29:34","isFullCredit":false},{"lineNumber":12,"author":{"gitId":"kevinlokewy"},"content":"    public void markAsDone() {","lastModifiedDate":"2025-09-01T22:29:34","isFullCredit":false},{"lineNumber":13,"author":{"gitId":"kevinlokewy"},"content":"        isDone \u003d true;","lastModifiedDate":"2025-09-01T22:29:34","isFullCredit":false},{"lineNumber":14,"author":{"gitId":"kevinlokewy"},"content":"    }","lastModifiedDate":"2025-09-01T22:29:34","isFullCredit":false},{"lineNumber":15,"author":{"gitId":"kevinlokewy"},"content":"","lastModifiedDate":"2025-09-01T22:29:34","isFullCredit":false},{"lineNumber":16,"author":{"gitId":"kevinlokewy"},"content":"    public void markAsNotDone() {","lastModifiedDate":"2025-09-01T22:29:34","isFullCredit":false},{"lineNumber":17,"author":{"gitId":"kevinlokewy"},"content":"        isDone \u003d false;","lastModifiedDate":"2025-09-01T22:29:34","isFullCredit":false},{"lineNumber":18,"author":{"gitId":"kevinlokewy"},"content":"    }","lastModifiedDate":"2025-09-01T22:29:34","isFullCredit":false},{"lineNumber":19,"author":{"gitId":"kevinlokewy"},"content":"","lastModifiedDate":"2025-09-01T22:29:34","isFullCredit":false},{"lineNumber":20,"author":{"gitId":"kevinlokewy"},"content":"    public String getStatusIcon() {","lastModifiedDate":"2025-09-01T22:29:34","isFullCredit":false},{"lineNumber":21,"author":{"gitId":"kevinlokewy"},"content":"        return isDone ? \"X\" : \" \";","lastModifiedDate":"2025-09-01T22:29:34","isFullCredit":false},{"lineNumber":22,"author":{"gitId":"kevinlokewy"},"content":"    }","lastModifiedDate":"2025-09-01T22:29:34","isFullCredit":false},{"lineNumber":23,"author":{"gitId":"kevinlokewy"},"content":"","lastModifiedDate":"2025-09-01T22:29:34","isFullCredit":false},{"lineNumber":24,"author":{"gitId":"kevinlokewy"},"content":"    public String getDescription() {","lastModifiedDate":"2025-09-01T22:29:34","isFullCredit":false},{"lineNumber":25,"author":{"gitId":"kevinlokewy"},"content":"","lastModifiedDate":"2025-09-08T16:51:05","isFullCredit":false},{"lineNumber":26,"author":{"gitId":"kevinlokewy"},"content":"        return description;","lastModifiedDate":"2025-09-01T22:29:34","isFullCredit":false},{"lineNumber":27,"author":{"gitId":"kevinlokewy"},"content":"    }","lastModifiedDate":"2025-09-01T22:29:34","isFullCredit":false},{"lineNumber":28,"author":{"gitId":"kevinlokewy"},"content":"","lastModifiedDate":"2025-09-08T16:51:05","isFullCredit":false},{"lineNumber":29,"author":{"gitId":"kevinlokewy"},"content":"    @Override","lastModifiedDate":"2025-09-01T22:29:34","isFullCredit":false},{"lineNumber":30,"author":{"gitId":"kevinlokewy"},"content":"    public String toString() {","lastModifiedDate":"2025-09-01T22:29:34","isFullCredit":false},{"lineNumber":31,"author":{"gitId":"kevinlokewy"},"content":"        return \"[\" + getStatusIcon() + \"] \" + getDescription();","lastModifiedDate":"2025-09-08T16:51:05","isFullCredit":false},{"lineNumber":32,"author":{"gitId":"kevinlokewy"},"content":"    }","lastModifiedDate":"2025-09-01T22:29:34","isFullCredit":false},{"lineNumber":33,"author":{"gitId":"kevinlokewy"},"content":"","lastModifiedDate":"2025-09-01T22:29:34","isFullCredit":false},{"lineNumber":34,"author":{"gitId":"kevinlokewy"},"content":"    public boolean isDone(){","lastModifiedDate":"2025-09-12T12:34:01","isFullCredit":false},{"lineNumber":35,"author":{"gitId":"kevinlokewy"},"content":"        return isDone;","lastModifiedDate":"2025-09-12T12:34:01","isFullCredit":false},{"lineNumber":36,"author":{"gitId":"kevinlokewy"},"content":"    }","lastModifiedDate":"2025-09-12T12:34:01","isFullCredit":false},{"lineNumber":37,"author":{"gitId":"kevinlokewy"},"content":"}","lastModifiedDate":"2025-09-12T12:34:01","isFullCredit":false}],"authorContributionMap":{"kevinlokewy":37}},{"path":"src/main/java/augustine/Todo.java","fileType":"java","lines":[{"lineNumber":1,"author":{"gitId":"kevinlokewy"},"content":"package augustine;","lastModifiedDate":"2025-09-08T16:51:05","isFullCredit":false},{"lineNumber":2,"author":{"gitId":"kevinlokewy"},"content":"","lastModifiedDate":"2025-09-08T16:51:05","isFullCredit":false},{"lineNumber":3,"author":{"gitId":"kevinlokewy"},"content":"public class Todo extends Task {","lastModifiedDate":"2025-09-04T16:06:10","isFullCredit":false},{"lineNumber":4,"author":{"gitId":"kevinlokewy"},"content":"    public Todo(String description) {","lastModifiedDate":"2025-09-04T16:06:10","isFullCredit":false},{"lineNumber":5,"author":{"gitId":"kevinlokewy"},"content":"        super(description);","lastModifiedDate":"2025-09-04T16:06:10","isFullCredit":false},{"lineNumber":6,"author":{"gitId":"kevinlokewy"},"content":"    }","lastModifiedDate":"2025-09-04T16:06:10","isFullCredit":false},{"lineNumber":7,"author":{"gitId":"kevinlokewy"},"content":"","lastModifiedDate":"2025-09-04T16:06:10","isFullCredit":false},{"lineNumber":8,"author":{"gitId":"kevinlokewy"},"content":"    @Override","lastModifiedDate":"2025-09-04T16:06:10","isFullCredit":false},{"lineNumber":9,"author":{"gitId":"kevinlokewy"},"content":"    public String toString() {","lastModifiedDate":"2025-09-04T16:06:10","isFullCredit":false},{"lineNumber":10,"author":{"gitId":"kevinlokewy"},"content":"        return \"[T]\" + super.toString();","lastModifiedDate":"2025-09-04T16:06:10","isFullCredit":false},{"lineNumber":11,"author":{"gitId":"kevinlokewy"},"content":"    }","lastModifiedDate":"2025-09-04T16:06:10","isFullCredit":false},{"lineNumber":12,"author":{"gitId":"kevinlokewy"},"content":"}","lastModifiedDate":"2025-09-04T16:06:10","isFullCredit":false},{"lineNumber":13,"author":{"gitId":"kevinlokewy"},"content":"","lastModifiedDate":"2025-09-12T12:34:01","isFullCredit":false}],"authorContributionMap":{"kevinlokewy":13}},{"path":"text-ui-test/input.txt","fileType":"txt","lines":[{"lineNumber":1,"author":{"gitId":"kevinlokewy"},"content":"todo read book","lastModifiedDate":"2025-09-04T17:02:07","isFullCredit":false},{"lineNumber":2,"author":{"gitId":"kevinlokewy"},"content":"deadline return book /by Sunday","lastModifiedDate":"2025-09-04T17:02:07","isFullCredit":false},{"lineNumber":3,"author":{"gitId":"kevinlokewy"},"content":"event project meeting /from Mon 2pm /to 4pm","lastModifiedDate":"2025-09-04T17:02:07","isFullCredit":false},{"lineNumber":4,"author":{"gitId":"kevinlokewy"},"content":"list","lastModifiedDate":"2025-09-04T17:02:07","isFullCredit":false},{"lineNumber":5,"author":{"gitId":"kevinlokewy"},"content":"mark 1","lastModifiedDate":"2025-09-04T17:02:07","isFullCredit":false},{"lineNumber":6,"author":{"gitId":"kevinlokewy"},"content":"unmark 2","lastModifiedDate":"2025-09-04T17:02:07","isFullCredit":false},{"lineNumber":7,"author":{"gitId":"kevinlokewy"},"content":"bye","lastModifiedDate":"2025-09-04T17:02:07","isFullCredit":false}],"authorContributionMap":{"kevinlokewy":7}},{"path":"text-ui-test/runtest.bat","fileType":"bat","lines":[{"lineNumber":1,"author":{"gitId":"-"},"content":"@ECHO OFF","lastModifiedDate":"2020-05-25T00:03:55","isFullCredit":false},{"lineNumber":2,"author":{"gitId":"-"},"content":"","lastModifiedDate":"2020-05-25T00:03:55","isFullCredit":false},{"lineNumber":3,"author":{"gitId":"-"},"content":"REM create bin directory if it doesn\u0027t exist","lastModifiedDate":"2020-05-25T00:03:55","isFullCredit":false},{"lineNumber":4,"author":{"gitId":"-"},"content":"if not exist ..\\bin mkdir ..\\bin","lastModifiedDate":"2020-05-25T00:03:55","isFullCredit":false},{"lineNumber":5,"author":{"gitId":"-"},"content":"","lastModifiedDate":"2020-05-25T00:03:55","isFullCredit":false},{"lineNumber":6,"author":{"gitId":"-"},"content":"REM delete output from previous run","lastModifiedDate":"2020-05-25T00:03:55","isFullCredit":false},{"lineNumber":7,"author":{"gitId":"-"},"content":"if exist ACTUAL.TXT del ACTUAL.TXT","lastModifiedDate":"2020-08-25T17:23:26","isFullCredit":false},{"lineNumber":8,"author":{"gitId":"-"},"content":"","lastModifiedDate":"2020-05-25T00:03:55","isFullCredit":false},{"lineNumber":9,"author":{"gitId":"-"},"content":"REM compile the code into the bin folder","lastModifiedDate":"2020-05-25T00:03:55","isFullCredit":false},{"lineNumber":10,"author":{"gitId":"-"},"content":"javac  -cp ..\\src\\main\\java -Xlint:none -d ..\\bin ..\\src\\main\\java\\*.java","lastModifiedDate":"2020-08-25T17:23:26","isFullCredit":false},{"lineNumber":11,"author":{"gitId":"-"},"content":"IF ERRORLEVEL 1 (","lastModifiedDate":"2020-05-25T00:03:55","isFullCredit":false},{"lineNumber":12,"author":{"gitId":"-"},"content":"    echo ********** BUILD FAILURE **********","lastModifiedDate":"2020-05-25T00:03:55","isFullCredit":false},{"lineNumber":13,"author":{"gitId":"-"},"content":"    exit /b 1","lastModifiedDate":"2020-05-25T00:03:55","isFullCredit":false},{"lineNumber":14,"author":{"gitId":"-"},"content":")","lastModifiedDate":"2020-05-25T00:03:55","isFullCredit":false},{"lineNumber":15,"author":{"gitId":"-"},"content":"REM no error here, errorlevel \u003d\u003d 0","lastModifiedDate":"2020-05-25T00:03:55","isFullCredit":false},{"lineNumber":16,"author":{"gitId":"-"},"content":"","lastModifiedDate":"2020-05-25T00:03:55","isFullCredit":false},{"lineNumber":17,"author":{"gitId":"-"},"content":"REM run the program, feed commands from input.txt file and redirect the output to the ACTUAL.TXT","lastModifiedDate":"2020-05-25T00:03:55","isFullCredit":false},{"lineNumber":18,"author":{"gitId":"kevinlokewy"},"content":"java -classpath ..\\bin Augustine \u003c input.txt \u003e ACTUAL.TXT","lastModifiedDate":"2025-08-24T21:57:18","isFullCredit":false},{"lineNumber":19,"author":{"gitId":"-"},"content":"","lastModifiedDate":"2020-05-25T00:03:55","isFullCredit":false},{"lineNumber":20,"author":{"gitId":"-"},"content":"REM compare the output to the expected output","lastModifiedDate":"2020-05-25T00:03:55","isFullCredit":false},{"lineNumber":21,"author":{"gitId":"-"},"content":"FC ACTUAL.TXT EXPECTED.TXT","lastModifiedDate":"2020-05-25T00:03:55","isFullCredit":false}],"authorContributionMap":{"-":20,"kevinlokewy":1}},{"path":"text-ui-test/runtest.sh","fileType":"sh","lines":[{"lineNumber":1,"author":{"gitId":"-"},"content":"#!/usr/bin/env bash","lastModifiedDate":"2020-05-25T00:03:55","isFullCredit":false},{"lineNumber":2,"author":{"gitId":"-"},"content":"","lastModifiedDate":"2020-05-25T00:03:55","isFullCredit":false},{"lineNumber":3,"author":{"gitId":"-"},"content":"# create bin directory if it doesn\u0027t exist","lastModifiedDate":"2020-05-25T00:03:55","isFullCredit":false},{"lineNumber":4,"author":{"gitId":"-"},"content":"if [ ! -d \"../bin\" ]","lastModifiedDate":"2020-05-25T00:03:55","isFullCredit":false},{"lineNumber":5,"author":{"gitId":"-"},"content":"then","lastModifiedDate":"2020-05-25T00:03:55","isFullCredit":false},{"lineNumber":6,"author":{"gitId":"-"},"content":"    mkdir ../bin","lastModifiedDate":"2020-05-25T00:03:55","isFullCredit":false},{"lineNumber":7,"author":{"gitId":"-"},"content":"fi","lastModifiedDate":"2020-05-25T00:03:55","isFullCredit":false},{"lineNumber":8,"author":{"gitId":"-"},"content":"","lastModifiedDate":"2020-05-25T00:03:55","isFullCredit":false},{"lineNumber":9,"author":{"gitId":"-"},"content":"# delete output from previous run","lastModifiedDate":"2020-05-25T00:03:55","isFullCredit":false},{"lineNumber":10,"author":{"gitId":"-"},"content":"if [ -e \"./ACTUAL.TXT\" ]","lastModifiedDate":"2020-05-25T00:03:55","isFullCredit":false},{"lineNumber":11,"author":{"gitId":"-"},"content":"then","lastModifiedDate":"2020-05-25T00:03:55","isFullCredit":false},{"lineNumber":12,"author":{"gitId":"-"},"content":"    rm ACTUAL.TXT","lastModifiedDate":"2020-05-25T00:03:55","isFullCredit":false},{"lineNumber":13,"author":{"gitId":"-"},"content":"fi","lastModifiedDate":"2020-05-25T00:03:55","isFullCredit":false},{"lineNumber":14,"author":{"gitId":"-"},"content":"","lastModifiedDate":"2020-05-25T00:03:55","isFullCredit":false},{"lineNumber":15,"author":{"gitId":"-"},"content":"# compile the code into the bin folder, terminates if error occurred","lastModifiedDate":"2020-05-25T00:03:55","isFullCredit":false},{"lineNumber":16,"author":{"gitId":"-"},"content":"if ! javac -cp ../src/main/java -Xlint:none -d ../bin ../src/main/java/*.java","lastModifiedDate":"2020-08-25T17:23:26","isFullCredit":false},{"lineNumber":17,"author":{"gitId":"-"},"content":"then","lastModifiedDate":"2020-05-25T00:03:55","isFullCredit":false},{"lineNumber":18,"author":{"gitId":"-"},"content":"    echo \"********** BUILD FAILURE **********\"","lastModifiedDate":"2020-05-25T00:03:55","isFullCredit":false},{"lineNumber":19,"author":{"gitId":"-"},"content":"    exit 1","lastModifiedDate":"2020-05-25T00:03:55","isFullCredit":false},{"lineNumber":20,"author":{"gitId":"-"},"content":"fi","lastModifiedDate":"2020-05-25T00:03:55","isFullCredit":false},{"lineNumber":21,"author":{"gitId":"-"},"content":"","lastModifiedDate":"2020-05-25T00:03:55","isFullCredit":false},{"lineNumber":22,"author":{"gitId":"-"},"content":"# run the program, feed commands from input.txt file and redirect the output to the ACTUAL.TXT","lastModifiedDate":"2020-05-25T00:03:55","isFullCredit":false},{"lineNumber":23,"author":{"gitId":"kevinlokewy"},"content":"java -classpath ../bin Augustine \u003c input.txt \u003e ACTUAL.TXT","lastModifiedDate":"2025-09-04T17:02:07","isFullCredit":false},{"lineNumber":24,"author":{"gitId":"-"},"content":"","lastModifiedDate":"2020-05-25T00:03:55","isFullCredit":false},{"lineNumber":25,"author":{"gitId":"-"},"content":"# convert to UNIX format","lastModifiedDate":"2020-05-25T00:03:55","isFullCredit":false},{"lineNumber":26,"author":{"gitId":"-"},"content":"cp EXPECTED.TXT EXPECTED-UNIX.TXT","lastModifiedDate":"2020-05-25T00:03:55","isFullCredit":false},{"lineNumber":27,"author":{"gitId":"kevinlokewy"},"content":"","lastModifiedDate":"2025-09-04T17:02:07","isFullCredit":false},{"lineNumber":28,"author":{"gitId":"-"},"content":"dos2unix ACTUAL.TXT EXPECTED-UNIX.TXT","lastModifiedDate":"2020-05-25T00:03:55","isFullCredit":false},{"lineNumber":29,"author":{"gitId":"-"},"content":"","lastModifiedDate":"2020-05-25T00:03:55","isFullCredit":false},{"lineNumber":30,"author":{"gitId":"-"},"content":"# compare the output to the expected output","lastModifiedDate":"2020-05-25T00:03:55","isFullCredit":false},{"lineNumber":31,"author":{"gitId":"-"},"content":"diff ACTUAL.TXT EXPECTED-UNIX.TXT","lastModifiedDate":"2020-05-25T00:03:55","isFullCredit":false},{"lineNumber":32,"author":{"gitId":"-"},"content":"if [ $? -eq 0 ]","lastModifiedDate":"2020-05-25T00:03:55","isFullCredit":false},{"lineNumber":33,"author":{"gitId":"-"},"content":"then","lastModifiedDate":"2020-05-25T00:03:55","isFullCredit":false},{"lineNumber":34,"author":{"gitId":"-"},"content":"    echo \"Test result: PASSED\"","lastModifiedDate":"2020-05-25T00:03:55","isFullCredit":false},{"lineNumber":35,"author":{"gitId":"-"},"content":"    exit 0","lastModifiedDate":"2020-05-25T00:03:55","isFullCredit":false},{"lineNumber":36,"author":{"gitId":"-"},"content":"else","lastModifiedDate":"2020-05-25T00:03:55","isFullCredit":false},{"lineNumber":37,"author":{"gitId":"-"},"content":"    echo \"Test result: FAILED\"","lastModifiedDate":"2020-05-25T00:03:55","isFullCredit":false},{"lineNumber":38,"author":{"gitId":"-"},"content":"    exit 1","lastModifiedDate":"2020-05-25T00:03:55","isFullCredit":false},{"lineNumber":39,"author":{"gitId":"-"},"content":"fi","lastModifiedDate":"2020-05-25T00:03:55","isFullCredit":false}],"authorContributionMap":{"-":37,"kevinlokewy":2}}]
