{"authorDailyContributionsMap":{"Rayan-Wong":[{"date":"2025-08-11T00:00:00","commitResults":[{"hash":"544eff9f3568ec87b7ba74661fb52a556154fb68","isMergeCommit":false,"messageTitle":"Level-0","messageBody":"","tags":["Level-0"],"fileTypesAndContributionMap":{"java":{"insertions":7,"deletions":10},"bat":{"insertions":1,"deletions":1},"sh":{"insertions":1,"deletions":1},"md":{"insertions":8,"deletions":10}}}]},{"date":"2025-08-18T00:00:00","commitResults":[{"hash":"8aa532521af65d3a27910b68c78e05947efca074","isMergeCommit":false,"messageTitle":"Level-1","messageBody":"Added CLI parsing of commands\nin Cli.java. Currently, it just prints out what was typed into, apart from \"bye\" which stops the program\n","tags":["Level-1"],"fileTypesAndContributionMap":{"java":{"insertions":28,"deletions":1}}},{"hash":"10507784767a2369be9c857e8aeacfa654bf53a7","isMergeCommit":false,"messageTitle":"Level-2","messageBody":"Added add and list all tasks functionality. Additionally, created TaskService interface, TaskService implementation and TaskServiceRepo\n","fileTypesAndContributionMap":{"java":{"insertions":85,"deletions":9}}}]},{"date":"2025-08-27T00:00:00","commitResults":[{"hash":"196dda0e4e39561161f599826a40f0ea570490b2","isMergeCommit":false,"messageTitle":"Align switch-case block in CLI to follow code style","messageBody":"","tags":["A-CodingStandard"],"fileTypesAndContributionMap":{"java":{"insertions":25,"deletions":25}}}]},{"date":"2025-08-28T00:00:00","commitResults":[{"hash":"51df09dffe1ca4710a05ffa6f9ed859b7fd93152","isMergeCommit":false,"messageTitle":"Added mark and unmarking of tasks as completed.","messageBody":"Tasks now have a done attribute which is set via markDone(status). TaskService supplies the status via CLI. Generic index verifier + aligner created to use across whole TaskServiceRepo class, also throwing IndexOutOfBoundsException if an invalid index is supplied.\n","fileTypesAndContributionMap":{"java":{"insertions":84,"deletions":11}}}]},{"date":"2025-08-29T00:00:00","commitResults":[{"hash":"1caebabb12bba0f6c577ef093b560f0a4018ab8b","isMergeCommit":false,"messageTitle":"Modified add task behaviour","messageBody":"Tasks are now added by simply typing the task name, instead of calling the keyword add\n","tags":["Level-3","Level-2"],"fileTypesAndContributionMap":{"java":{"insertions":21,"deletions":17}}}]},{"date":"2025-09-03T00:00:00","commitResults":[{"hash":"d261478b865406a72bf787f9dbb3508b55468ed9","isMergeCommit":false,"messageTitle":"Added todo, event, deadline","messageBody":"Using keywords todo, event and deadline respectively, you can now add them. On success, the task status is now also printed including how many tasks are in the list. Tasks refer to todo, event or deadline. Added toString() methods for all of such classes. Without using a keyword, Bob now rejects the command.\n","tags":["Level-4"],"fileTypesAndContributionMap":{"java":{"insertions":115,"deletions":9}}},{"hash":"af5b123aa28554296eb7fba427ad6e42ca64bfa5","isMergeCommit":false,"messageTitle":"Refactored string array joining in Cli to join(). Added checks for invalid from, to and by args.","messageBody":"","tags":["A-CodeQuality"],"fileTypesAndContributionMap":{"java":{"insertions":14,"deletions":10}}}]},{"date":"2025-09-04T00:00:00","commitResults":[{"hash":"ff533579d8b515f62f71b348af8651c606c90264","isMergeCommit":false,"messageTitle":"Improved test to accomodate for happy paths and common edge cases (no task name, using list command when its empty, no /by arg for deadline, no /from and /to for event) Added handling of when list command is used if there are no tasks","messageBody":"","tags":["A-TextUiTesting"],"fileTypesAndContributionMap":{"txt":{"insertions":12,"deletions":0},"java":{"insertions":4,"deletions":0},"bat":{"insertions":1,"deletions":0}}}]},{"date":"2025-09-08T00:00:00","commitResults":[{"hash":"37903af5063e50310c79eb7bec32fd60a89d7ff8","isMergeCommit":false,"messageTitle":"Moved all java files into a single package called bob, updated test scripts to reflect changes","messageBody":"todo: Package all java files into relevant packages\n","fileTypesAndContributionMap":{"java":{"insertions":18,"deletions":0},"bat":{"insertions":2,"deletions":2},"sh":{"insertions":2,"deletions":2},"md":{"insertions":2,"deletions":2}}},{"hash":"6d97fead43bef5d03286253e1d2973bf480babee","isMergeCommit":false,"messageTitle":"Placed classes etc in appropriate packages, fixed test script to work with current packaging, fixed README.md","messageBody":"","fileTypesAndContributionMap":{"java":{"insertions":30,"deletions":10},"bat":{"insertions":8,"deletions":1},"md":{"insertions":1,"deletions":1}}},{"hash":"326443fbd38777dec52a561b3435d47d7c6575c6","isMergeCommit":true,"messageTitle":"Merge pull request #1","messageBody":"branch-A-Packages\n\nPackaged classes etc into proper packages","tags":["A-Packages"],"fileTypesAndContributionMap":{}},{"hash":"d07debd94adc2f6502c413ea46823e3ab82a8d4e","isMergeCommit":false,"messageTitle":"Included proper formatting use for error messages","messageBody":"","fileTypesAndContributionMap":{"java":{"insertions":3,"deletions":3}}},{"hash":"bebaefb46596b54f3d482ee593c3cb1e4655bdfa","isMergeCommit":true,"messageTitle":"Merge pull request #2","messageBody":"Included proper formatting use for error messages","tags":["Level-5"],"fileTypesAndContributionMap":{}},{"hash":"2b131355c5acd1accb1416bb7dbfe7c33f5e565b","isMergeCommit":false,"messageTitle":"Added app specific exceptions for repo indexing exceptions, modified exception messages, refactored command syntaxes, used exceptions for all invalid inputs except only if user only use one word for invalid commands, updated test, improved readability","messageBody":"","fileTypesAndContributionMap":{"java":{"insertions":94,"deletions":60}}},{"hash":"8f0bd11ecd59a3d97d60ff78e0715b9e051b48aa","isMergeCommit":true,"messageTitle":"Merge pull request #3","messageBody":"Added app specific exceptions for repo indexing exceptions, modified exception messages, refactored command syntaxes, used exceptions for all invalid inputs except only if user only use one word for invalid commands, updated test, improved readability","tags":["A-Exceptions","A-Collections"],"fileTypesAndContributionMap":{}}]},{"date":"2025-09-15T00:00:00","commitResults":[{"hash":"9e2c24ef39a2a3be66a886e898faab6982505eb1","isMergeCommit":false,"messageTitle":"Added delete functionality for tasks, modified fetchtask() to return Task type, updated input test for coverage against edge case","messageBody":"","fileTypesAndContributionMap":{"txt":{"insertions":13,"deletions":4},"java":{"insertions":46,"deletions":11}}},{"hash":"9524e7662d69850f9770dfbef2f5257f7b85eb1a","isMergeCommit":false,"messageTitle":"Updated fetch() and remove() to reflect repo is more generic","messageBody":"","fileTypesAndContributionMap":{"java":{"insertions":4,"deletions":4}}},{"hash":"e2716495aa7179d95667ba886dc1f40e5c5b3413","isMergeCommit":false,"messageTitle":"Added file-saving capabilities","messageBody":"","fileTypesAndContributionMap":{"java":{"insertions":178,"deletions":21}}},{"hash":"cc93bc675b0334e0eaf43a4491d0496169ff4d52","isMergeCommit":true,"messageTitle":"Merge pull request #5","messageBody":"Added delete functionality for tasks, modified fetchtask() to return Task type, updated input test for coverage against edge case","tags":["Level-6"],"fileTypesAndContributionMap":{}},{"hash":"edf7fe2aa22da1894de11aa4e39d2b5758edb806","isMergeCommit":true,"messageTitle":"Merge branch \u0027branch-Level-7\u0027 of https://github.com/Rayan-Wong/ip into branch-Level-7","messageBody":"# Conflicts:\n#\tsrc/main/java/bob/adapter/Cli.java\n","fileTypesAndContributionMap":{}},{"hash":"89891f4dc0765bd44c70f2037af20b2cc336ecaa","isMergeCommit":true,"messageTitle":"Merge pull request #6 from Rayan-Wong/branch-Level-7","messageBody":"Added file-saving capabilities","tags":["Level-7","A-Jar"],"fileTypesAndContributionMap":{}}]}]},"authorFileTypeContributionMap":{"Rayan-Wong":{"java":570,"md":8,"fxml":0,"sh":2,"bat":10,"gradle":0,"txt":21}},"authorContributionVariance":{"Rayan-Wong":4142.1973},"authorDisplayNameMap":{"Rayan-Wong":"CS2113-W12-3 RAYA..WONG"}}
