[{"path":"src/main/java/Alpha.java","fileType":"java","lines":[{"lineNumber":1,"author":{"gitId":"ashpasa"},"content":"import java.util.Scanner;","lastModifiedDate":"2025-08-26T15:13:29","isFullCredit":false},{"lineNumber":2,"author":{"gitId":"ashpasa"},"content":"","lastModifiedDate":"2025-08-26T15:13:29","isFullCredit":false},{"lineNumber":3,"author":{"gitId":"ashpasa"},"content":"public class Alpha {","lastModifiedDate":"2025-08-21T08:57:09","isFullCredit":false},{"lineNumber":4,"author":{"gitId":"ashpasa"},"content":"    static Scanner input \u003d new Scanner(System.in);","lastModifiedDate":"2025-08-26T22:23:30","isFullCredit":false},{"lineNumber":5,"author":{"gitId":"ashpasa"},"content":"    private static Task[] taskList \u003d new Task[100];","lastModifiedDate":"2025-08-28T19:28:17","isFullCredit":false},{"lineNumber":6,"author":{"gitId":"ashpasa"},"content":"    private static int taskCount \u003d 0;","lastModifiedDate":"2025-08-26T22:39:25","isFullCredit":false},{"lineNumber":7,"author":{"gitId":"ashpasa"},"content":"","lastModifiedDate":"2025-08-26T22:39:25","isFullCredit":false},{"lineNumber":8,"author":{"gitId":"ashpasa"},"content":"    public static void main(String[] args) {","lastModifiedDate":"2025-08-21T08:57:09","isFullCredit":false},{"lineNumber":9,"author":{"gitId":"ashpasa"},"content":"        int status \u003d 1;","lastModifiedDate":"2025-08-26T15:13:29","isFullCredit":false},{"lineNumber":10,"author":{"gitId":"ashpasa"},"content":"        System.out.println(startDialogue()","lastModifiedDate":"2025-08-29T15:27:02","isFullCredit":false},{"lineNumber":11,"author":{"gitId":"ashpasa"},"content":"            + \"Hello! I\u0027m Alpha\"","lastModifiedDate":"2025-08-26T22:23:30","isFullCredit":false},{"lineNumber":12,"author":{"gitId":"ashpasa"},"content":"            + System.lineSeparator()","lastModifiedDate":"2025-08-26T22:23:30","isFullCredit":false},{"lineNumber":13,"author":{"gitId":"ashpasa"},"content":"            + \"What can I do for you?\"","lastModifiedDate":"2025-08-26T22:23:30","isFullCredit":false},{"lineNumber":14,"author":{"gitId":"ashpasa"},"content":"            + endDialogue());","lastModifiedDate":"2025-08-29T15:27:02","isFullCredit":false},{"lineNumber":15,"author":{"gitId":"ashpasa"},"content":"        do {","lastModifiedDate":"2025-08-26T15:13:29","isFullCredit":false},{"lineNumber":16,"author":{"gitId":"ashpasa"},"content":"            status \u003d executeCommand();","lastModifiedDate":"2025-08-26T15:13:29","isFullCredit":false},{"lineNumber":17,"author":{"gitId":"ashpasa"},"content":"        } while (status !\u003d 0);","lastModifiedDate":"2025-08-26T15:13:29","isFullCredit":false},{"lineNumber":18,"author":{"gitId":"ashpasa"},"content":"    }","lastModifiedDate":"2025-08-26T15:13:29","isFullCredit":false},{"lineNumber":19,"author":{"gitId":"ashpasa"},"content":"","lastModifiedDate":"2025-08-26T15:13:29","isFullCredit":false},{"lineNumber":20,"author":{"gitId":"ashpasa"},"content":"    private static int executeCommand() {","lastModifiedDate":"2025-08-26T15:13:29","isFullCredit":false},{"lineNumber":21,"author":{"gitId":"ashpasa"},"content":"        String command \u003d input.nextLine();","lastModifiedDate":"2025-08-26T22:23:30","isFullCredit":false},{"lineNumber":22,"author":{"gitId":"ashpasa"},"content":"        System.out.print(startDialogue());","lastModifiedDate":"2025-08-29T15:27:02","isFullCredit":false},{"lineNumber":23,"author":{"gitId":"ashpasa"},"content":"        if (command.startsWith(\"mark\")) {","lastModifiedDate":"2025-08-28T20:05:22","isFullCredit":false},{"lineNumber":24,"author":{"gitId":"ashpasa"},"content":"            System.out.println(\"Nice! I\u0027ve marked this task as done:\"","lastModifiedDate":"2025-08-29T15:27:02","isFullCredit":false},{"lineNumber":25,"author":{"gitId":"ashpasa"},"content":"                + System.lineSeparator());","lastModifiedDate":"2025-08-28T20:05:22","isFullCredit":false},{"lineNumber":26,"author":{"gitId":"ashpasa"},"content":"            taskList[Integer.parseInt(command.split(\" \")[1]) - 1].markAsDone();","lastModifiedDate":"2025-08-28T20:05:22","isFullCredit":false},{"lineNumber":27,"author":{"gitId":"ashpasa"},"content":"            printTasks(taskList);","lastModifiedDate":"2025-08-28T20:05:22","isFullCredit":false},{"lineNumber":28,"author":{"gitId":"ashpasa"},"content":"            System.out.println(endDialogue());","lastModifiedDate":"2025-08-29T15:27:02","isFullCredit":false},{"lineNumber":29,"author":{"gitId":"ashpasa"},"content":"            return 1;","lastModifiedDate":"2025-08-28T20:05:22","isFullCredit":false},{"lineNumber":30,"author":{"gitId":"ashpasa"},"content":"        } else if (command.startsWith(\"unmark\")) {","lastModifiedDate":"2025-08-28T20:05:22","isFullCredit":false},{"lineNumber":31,"author":{"gitId":"ashpasa"},"content":"            System.out.println(\"Alright, I\u0027ve marked this task as undone:\"","lastModifiedDate":"2025-08-29T15:27:02","isFullCredit":false},{"lineNumber":32,"author":{"gitId":"ashpasa"},"content":"                + System.lineSeparator());","lastModifiedDate":"2025-08-28T20:05:22","isFullCredit":false},{"lineNumber":33,"author":{"gitId":"ashpasa"},"content":"            taskList[Integer.parseInt(command.split(\" \")[1]) - 1].markAsNotDone();","lastModifiedDate":"2025-08-28T20:05:22","isFullCredit":false},{"lineNumber":34,"author":{"gitId":"ashpasa"},"content":"            printTasks(taskList);","lastModifiedDate":"2025-08-28T20:05:22","isFullCredit":false},{"lineNumber":35,"author":{"gitId":"ashpasa"},"content":"            System.out.println(endDialogue());","lastModifiedDate":"2025-08-29T15:27:02","isFullCredit":false},{"lineNumber":36,"author":{"gitId":"ashpasa"},"content":"            return 1;","lastModifiedDate":"2025-08-28T20:05:22","isFullCredit":false},{"lineNumber":37,"author":{"gitId":"ashpasa"},"content":"        }","lastModifiedDate":"2025-08-28T20:05:22","isFullCredit":false},{"lineNumber":38,"author":{"gitId":"ashpasa"},"content":"        switch (command) {","lastModifiedDate":"2025-08-28T19:07:28","isFullCredit":false},{"lineNumber":39,"author":{"gitId":"ashpasa"},"content":"        case \"bye\":","lastModifiedDate":"2025-08-28T19:07:28","isFullCredit":false},{"lineNumber":40,"author":{"gitId":"ashpasa"},"content":"            System.out.println(\"Bye. Hope to see you again soon!\"","lastModifiedDate":"2025-08-29T15:27:02","isFullCredit":false},{"lineNumber":41,"author":{"gitId":"ashpasa"},"content":"                + System.lineSeparator()","lastModifiedDate":"2025-08-26T22:23:30","isFullCredit":false},{"lineNumber":42,"author":{"gitId":"ashpasa"},"content":"                + \"____________________________________________________\");","lastModifiedDate":"2025-08-26T15:13:29","isFullCredit":false},{"lineNumber":43,"author":{"gitId":"ashpasa"},"content":"        return 0;","lastModifiedDate":"2025-08-26T15:13:29","isFullCredit":false},{"lineNumber":44,"author":{"gitId":"ashpasa"},"content":"        case \"list\":","lastModifiedDate":"2025-08-28T19:07:28","isFullCredit":false},{"lineNumber":45,"author":{"gitId":"ashpasa"},"content":"            System.out.println(\"Here are the tasks in your list:\");","lastModifiedDate":"2025-08-29T15:27:02","isFullCredit":false},{"lineNumber":46,"author":{"gitId":"ashpasa"},"content":"            printTasks(taskList);","lastModifiedDate":"2025-08-28T20:05:22","isFullCredit":false},{"lineNumber":47,"author":{"gitId":"ashpasa"},"content":"            System.out.println(\"____________________________________________________\");","lastModifiedDate":"2025-08-28T19:07:28","isFullCredit":false},{"lineNumber":48,"author":{"gitId":"ashpasa"},"content":"            return 1;","lastModifiedDate":"2025-08-28T19:07:28","isFullCredit":false},{"lineNumber":49,"author":{"gitId":"ashpasa"},"content":"        default:","lastModifiedDate":"2025-08-28T19:07:28","isFullCredit":false},{"lineNumber":50,"author":{"gitId":"ashpasa"},"content":"            addTask(command);","lastModifiedDate":"2025-08-28T20:05:22","isFullCredit":false},{"lineNumber":51,"author":{"gitId":"ashpasa"},"content":"            System.out.println(\"added: \" + command","lastModifiedDate":"2025-08-29T15:27:02","isFullCredit":false},{"lineNumber":52,"author":{"gitId":"ashpasa"},"content":"                + System.lineSeparator()","lastModifiedDate":"2025-08-26T22:23:30","isFullCredit":false},{"lineNumber":53,"author":{"gitId":"ashpasa"},"content":"                + \"____________________________________________________\");","lastModifiedDate":"2025-08-21T08:57:09","isFullCredit":false},{"lineNumber":54,"author":{"gitId":"ashpasa"},"content":"            return 1;","lastModifiedDate":"2025-08-26T15:13:29","isFullCredit":false},{"lineNumber":55,"author":{"gitId":"ashpasa"},"content":"        }","lastModifiedDate":"2025-08-21T08:57:09","isFullCredit":false},{"lineNumber":56,"author":{"gitId":"ashpasa"},"content":"    }","lastModifiedDate":"2025-08-28T19:07:28","isFullCredit":false},{"lineNumber":57,"author":{"gitId":"ashpasa"},"content":"","lastModifiedDate":"2025-08-26T22:39:25","isFullCredit":false},{"lineNumber":58,"author":{"gitId":"ashpasa"},"content":"    private static void addTask(String task) {","lastModifiedDate":"2025-08-28T20:05:22","isFullCredit":false},{"lineNumber":59,"author":{"gitId":"ashpasa"},"content":"        taskList[taskCount] \u003d new Task(task);","lastModifiedDate":"2025-08-28T19:28:17","isFullCredit":false},{"lineNumber":60,"author":{"gitId":"ashpasa"},"content":"        taskList[taskCount].setOrder(taskCount + 1);","lastModifiedDate":"2025-08-28T20:05:22","isFullCredit":false},{"lineNumber":61,"author":{"gitId":"ashpasa"},"content":"        taskCount++;","lastModifiedDate":"2025-08-26T22:39:25","isFullCredit":false},{"lineNumber":62,"author":{"gitId":"ashpasa"},"content":"    }","lastModifiedDate":"2025-08-28T20:05:22","isFullCredit":false},{"lineNumber":63,"author":{"gitId":"ashpasa"},"content":"","lastModifiedDate":"2025-08-28T20:05:22","isFullCredit":false},{"lineNumber":64,"author":{"gitId":"ashpasa"},"content":"    private static void printTasks(Task[] taskList) {","lastModifiedDate":"2025-08-28T20:05:22","isFullCredit":false},{"lineNumber":65,"author":{"gitId":"ashpasa"},"content":"        for (int i \u003d 0; i \u003c taskCount; i++) {","lastModifiedDate":"2025-08-28T20:05:22","isFullCredit":false},{"lineNumber":66,"author":{"gitId":"ashpasa"},"content":"            System.out.println(taskList[i].toString());","lastModifiedDate":"2025-08-28T20:05:22","isFullCredit":false},{"lineNumber":67,"author":{"gitId":"ashpasa"},"content":"        }","lastModifiedDate":"2025-08-28T20:05:22","isFullCredit":false},{"lineNumber":68,"author":{"gitId":"ashpasa"},"content":"    }","lastModifiedDate":"2025-08-26T22:39:25","isFullCredit":false},{"lineNumber":69,"author":{"gitId":"ashpasa"},"content":"","lastModifiedDate":"2025-08-29T15:27:02","isFullCredit":false},{"lineNumber":70,"author":{"gitId":"ashpasa"},"content":"    private static String startDialogue() {","lastModifiedDate":"2025-08-29T15:27:02","isFullCredit":false},{"lineNumber":71,"author":{"gitId":"ashpasa"},"content":"        return \"___________________________________________________\" + System.lineSeparator()","lastModifiedDate":"2025-08-29T15:27:02","isFullCredit":false},{"lineNumber":72,"author":{"gitId":"ashpasa"},"content":"            + \"\u003d\u003d\u003d\u003d\u003d\u003d\u003d\u003d\u003d\u003d\u003d\u003d\u003d\u003d\u003d\u003d\u003d\u003d\u003d\u003d\u003d\u003d\u003d\u003d\u003d\u003d\u003d\u003d\u003d\u003d\u003d\u003d\u003d\u003d\u003d\u003d\u003d\u003d\u003d\u003d\u003d\u003d\u003d\u003d\u003d\u003d\u003d\u003d\u003d\u003d|\" + System.lineSeparator();","lastModifiedDate":"2025-08-29T15:27:02","isFullCredit":false},{"lineNumber":73,"author":{"gitId":"ashpasa"},"content":"    }","lastModifiedDate":"2025-08-29T15:27:02","isFullCredit":false},{"lineNumber":74,"author":{"gitId":"ashpasa"},"content":"","lastModifiedDate":"2025-08-29T15:27:02","isFullCredit":false},{"lineNumber":75,"author":{"gitId":"ashpasa"},"content":"    private static String endDialogue() {","lastModifiedDate":"2025-08-29T15:27:02","isFullCredit":false},{"lineNumber":76,"author":{"gitId":"ashpasa"},"content":"        return System.lineSeparator() + \"__________________________________________________|\";","lastModifiedDate":"2025-08-29T15:27:02","isFullCredit":false},{"lineNumber":77,"author":{"gitId":"ashpasa"},"content":"    }","lastModifiedDate":"2025-08-29T15:27:02","isFullCredit":false},{"lineNumber":78,"author":{"gitId":"ashpasa"},"content":"}","lastModifiedDate":"2025-08-21T08:57:09","isFullCredit":false}],"authorContributionMap":{"ashpasa":78}},{"path":"src/main/java/Task.java","fileType":"java","lines":[{"lineNumber":1,"author":{"gitId":"ashpasa"},"content":"public class Task {","lastModifiedDate":"2025-08-28T19:28:17","isFullCredit":false},{"lineNumber":2,"author":{"gitId":"ashpasa"},"content":"    private String description;","lastModifiedDate":"2025-08-28T19:28:17","isFullCredit":false},{"lineNumber":3,"author":{"gitId":"ashpasa"},"content":"    private boolean isDone;","lastModifiedDate":"2025-08-28T19:28:17","isFullCredit":false},{"lineNumber":4,"author":{"gitId":"ashpasa"},"content":"    private Integer order;","lastModifiedDate":"2025-08-28T20:05:22","isFullCredit":false},{"lineNumber":5,"author":{"gitId":"ashpasa"},"content":"","lastModifiedDate":"2025-08-28T19:28:17","isFullCredit":false},{"lineNumber":6,"author":{"gitId":"ashpasa"},"content":"    public Task(String description) {","lastModifiedDate":"2025-08-28T19:28:17","isFullCredit":false},{"lineNumber":7,"author":{"gitId":"ashpasa"},"content":"        this.description \u003d description;","lastModifiedDate":"2025-08-28T19:28:17","isFullCredit":false},{"lineNumber":8,"author":{"gitId":"ashpasa"},"content":"        this.isDone \u003d false;","lastModifiedDate":"2025-08-28T19:28:17","isFullCredit":false},{"lineNumber":9,"author":{"gitId":"ashpasa"},"content":"        this.order \u003d 0;","lastModifiedDate":"2025-08-28T20:05:22","isFullCredit":false},{"lineNumber":10,"author":{"gitId":"ashpasa"},"content":"    }","lastModifiedDate":"2025-08-28T19:28:17","isFullCredit":false},{"lineNumber":11,"author":{"gitId":"ashpasa"},"content":"","lastModifiedDate":"2025-08-28T19:28:17","isFullCredit":false},{"lineNumber":12,"author":{"gitId":"ashpasa"},"content":"    public void markAsDone() {","lastModifiedDate":"2025-08-28T19:28:17","isFullCredit":false},{"lineNumber":13,"author":{"gitId":"ashpasa"},"content":"        this.isDone \u003d true;","lastModifiedDate":"2025-08-28T19:28:17","isFullCredit":false},{"lineNumber":14,"author":{"gitId":"ashpasa"},"content":"    }","lastModifiedDate":"2025-08-28T19:28:17","isFullCredit":false},{"lineNumber":15,"author":{"gitId":"ashpasa"},"content":"","lastModifiedDate":"2025-08-28T19:28:17","isFullCredit":false},{"lineNumber":16,"author":{"gitId":"ashpasa"},"content":"    public void markAsNotDone() {","lastModifiedDate":"2025-08-28T19:28:17","isFullCredit":false},{"lineNumber":17,"author":{"gitId":"ashpasa"},"content":"        this.isDone \u003d false;","lastModifiedDate":"2025-08-28T19:28:17","isFullCredit":false},{"lineNumber":18,"author":{"gitId":"ashpasa"},"content":"    }","lastModifiedDate":"2025-08-28T19:28:17","isFullCredit":false},{"lineNumber":19,"author":{"gitId":"ashpasa"},"content":"","lastModifiedDate":"2025-08-28T19:28:17","isFullCredit":false},{"lineNumber":20,"author":{"gitId":"ashpasa"},"content":"    public String toString() {","lastModifiedDate":"2025-08-28T19:28:17","isFullCredit":false},{"lineNumber":21,"author":{"gitId":"ashpasa"},"content":"        return Integer.toString(order) + \".\" + (isDone ? \"[X] \" : \"[ ] \") + description;","lastModifiedDate":"2025-08-28T20:05:22","isFullCredit":false},{"lineNumber":22,"author":{"gitId":"ashpasa"},"content":"    }","lastModifiedDate":"2025-08-28T20:05:22","isFullCredit":false},{"lineNumber":23,"author":{"gitId":"ashpasa"},"content":"","lastModifiedDate":"2025-08-28T20:05:22","isFullCredit":false},{"lineNumber":24,"author":{"gitId":"ashpasa"},"content":"    public void setOrder(int order) {","lastModifiedDate":"2025-08-28T20:05:22","isFullCredit":false},{"lineNumber":25,"author":{"gitId":"ashpasa"},"content":"        this.order \u003d order;","lastModifiedDate":"2025-08-28T20:05:22","isFullCredit":false},{"lineNumber":26,"author":{"gitId":"ashpasa"},"content":"    }","lastModifiedDate":"2025-08-28T19:28:17","isFullCredit":false},{"lineNumber":27,"author":{"gitId":"ashpasa"},"content":"}","lastModifiedDate":"2025-08-28T19:28:17","isFullCredit":false}],"authorContributionMap":{"ashpasa":27}}]
