{"authorDailyContributionsMap":{"ashpasa":[{"date":"2025-08-21T00:00:00","commitResults":[{"hash":"c680046978717730c6f11d87c84b64161df33931","isMergeCommit":false,"messageTitle":"Rename chatbot and implement text output","messageBody":"","tags":["Level-0"],"fileTypesAndContributionMap":{"java":{"insertions":10,"deletions":10}}}]},{"date":"2025-08-26T00:00:00","commitResults":[{"hash":"40800e916a452288b9809d18cbffd6a76377be38","isMergeCommit":false,"messageTitle":"Add function to echo command","messageBody":"","fileTypesAndContributionMap":{"java":{"insertions":20,"deletions":1}}},{"hash":"9f94a53ad96ac9a8bc6322a94b9059416926970d","isMergeCommit":false,"messageTitle":"Reformat line endings to follow convention","messageBody":"","tags":["Level-1"],"fileTypesAndContributionMap":{"java":{"insertions":16,"deletions":9}}},{"hash":"49afaf9702c33983be3ed9377175149cceb2bad0","isMergeCommit":false,"messageTitle":"Add a string array and a method to store tasks","messageBody":"","fileTypesAndContributionMap":{"java":{"insertions":13,"deletions":0}}}]},{"date":"2025-08-28T00:00:00","commitResults":[{"hash":"d73e8d9e2ff9954ab64b4ba4ea3d4d7c42407167","isMergeCommit":false,"messageTitle":"Add array for storage of tasks","messageBody":"","tags":["Level-2"],"fileTypesAndContributionMap":{"java":{"insertions":22,"deletions":9}}},{"hash":"d57f6d531d717c4a50801db440c7247f03dc3b38","isMergeCommit":false,"messageTitle":"Add task class for individual task objects","messageBody":"","fileTypesAndContributionMap":{"java":{"insertions":24,"deletions":3}}},{"hash":"90ae39e733f2ebcd3aa7df34b52a8f1da2175b5d","isMergeCommit":false,"messageTitle":"Implement marking and unmarking function","messageBody":"","tags":["Level-3"],"fileTypesAndContributionMap":{"java":{"insertions":36,"deletions":12}}}]},{"date":"2025-08-29T00:00:00","commitResults":[{"hash":"e602bfc81947b6b644853ac9794fa759217cac83","isMergeCommit":false,"messageTitle":"Implement strings for starting and ending dialogue","messageBody":"","tags":["A-CodingStandard"],"fileTypesAndContributionMap":{"java":{"insertions":19,"deletions":21}}}]},{"date":"2025-09-03T00:00:00","commitResults":[{"hash":"619b3c78c58c272e8fd830796064eeee349f15e4","isMergeCommit":false,"messageTitle":"Combine dialogue strings into single method","messageBody":"","fileTypesAndContributionMap":{"java":{"insertions":18,"deletions":4}}},{"hash":"a9d57b5e4756e42f1d7074fe362bfc1befaf8d31","isMergeCommit":false,"messageTitle":"Implement subclasses with unique behaviour","messageBody":"","tags":["Level-4"],"fileTypesAndContributionMap":{"java":{"insertions":148,"deletions":44}}}]},{"date":"2025-09-04T00:00:00","commitResults":[{"hash":"071afd9a61dd3e555d932286805bd66c03016148","isMergeCommit":false,"messageTitle":"Add dialogue start and end markers","messageBody":"","tags":["A-CodeQuality"],"fileTypesAndContributionMap":{"java":{"insertions":8,"deletions":1}}}]},{"date":"2025-09-09T00:00:00","commitResults":[{"hash":"5e0e8902a315bd0277051328f939bd6935a836a7","isMergeCommit":false,"messageTitle":"Implement automated testing","messageBody":"","fileTypesAndContributionMap":{"txt":{"insertions":13,"deletions":0},"java":{"insertions":24,"deletions":12},"bat":{"insertions":1,"deletions":1}}}]},{"date":"2025-09-11T00:00:00","commitResults":[{"hash":"368cacd406f0cee62f05209ebf67f260d4344cc8","isMergeCommit":false,"messageTitle":"Add exception handling for command parsing method","messageBody":"","fileTypesAndContributionMap":{"java":{"insertions":39,"deletions":32}}},{"hash":"559e6ba460d45e5d40fca5070e0178c5775108fc","isMergeCommit":false,"messageTitle":"Add exception throwing to command methods","messageBody":"","fileTypesAndContributionMap":{"java":{"insertions":5,"deletions":11}}},{"hash":"b1b51ff1162fee9c5e1abeb992605fc74b210bb3","isMergeCommit":false,"messageTitle":"Edit error messages","messageBody":"","tags":["A-Exceptions"],"fileTypesAndContributionMap":{"java":{"insertions":7,"deletions":3}}}]},{"date":"2025-09-12T00:00:00","commitResults":[{"hash":"b03dd79f33a5d0c6c368641cd4c9f33238416f43","isMergeCommit":true,"messageTitle":"Merge branch \u0027branch-Level-5\u0027","messageBody":"","tags":["Level-5"],"fileTypesAndContributionMap":{}}]},{"date":"2025-09-16T00:00:00","commitResults":[{"hash":"c72396552af412a6d0905bc0893cea53a08b7b20","isMergeCommit":false,"messageTitle":"Sort files into package","messageBody":"","tags":["A-Packages"],"fileTypesAndContributionMap":{"java":{"insertions":14,"deletions":0}}},{"hash":"ad49b2760757cec332d15b84840efc771a2bc30d","isMergeCommit":false,"messageTitle":"Replace task array with ArrayList","messageBody":"","fileTypesAndContributionMap":{"java":{"insertions":12,"deletions":11}}},{"hash":"72dfe1d86696dad07c441039b019f07ef7523e72","isMergeCommit":false,"messageTitle":"Replace array implementation with ArrayList implementation","messageBody":"","tags":["A-Collections"],"fileTypesAndContributionMap":{"java":{"insertions":9,"deletions":10}}},{"hash":"d6618ea9cd53f147a16aa1684d7e82810e622b57","isMergeCommit":false,"messageTitle":"Implement deletion with testing","messageBody":"","fileTypesAndContributionMap":{"txt":{"insertions":9,"deletions":0},"java":{"insertions":42,"deletions":26},"bat":{"insertions":1,"deletions":1},"sh":{"insertions":2,"deletions":2}}}]},{"date":"2025-09-17T00:00:00","commitResults":[{"hash":"a79b9a912101afd6b270467acecc5d938a941dbe","isMergeCommit":false,"messageTitle":"Implement function to write to file","messageBody":"","fileTypesAndContributionMap":{"java":{"insertions":74,"deletions":1}}},{"hash":"d03365790e3fab8d478f79daeb3cf9f938e9ce38","isMergeCommit":true,"messageTitle":"Merge branch \u0027branch-Level-6\u0027","messageBody":"","tags":["Level-6"],"fileTypesAndContributionMap":{}},{"hash":"46acae9c47b1d72fc43ec4459d6595fa24062060","isMergeCommit":true,"messageTitle":"Merge branch \u0027branch-Level-7\u0027","messageBody":"# Conflicts:\n#\tsrc/main/java/Alpha/Alpha.java\n","tags":["Level-7"],"fileTypesAndContributionMap":{}}]},{"date":"2025-10-02T00:00:00","commitResults":[{"hash":"e627471977a21180585e7bd8073bce3f3f72ea74","isMergeCommit":false,"messageTitle":"Fix fallthrough on task deletion","messageBody":"","fileTypesAndContributionMap":{"java":{"insertions":7,"deletions":1}}}]},{"date":"2025-10-03T00:00:00","commitResults":[{"hash":"bdf8bc6d5ec80aa288b22537cea299d8b8e2d681","isMergeCommit":false,"messageTitle":"Refactor code to different classes","messageBody":"","fileTypesAndContributionMap":{"java":{"insertions":335,"deletions":249}}},{"hash":"fbd21452e9482ee3c8cf6f4fda92d2ab2523332c","isMergeCommit":false,"messageTitle":"Refactor main function","messageBody":"","fileTypesAndContributionMap":{"java":{"insertions":18,"deletions":9}}},{"hash":"16b40330b7314d9461774eb022d5d60221662a61","isMergeCommit":false,"messageTitle":"Move files into utils package","messageBody":"","fileTypesAndContributionMap":{"java":{"insertions":8,"deletions":0}}},{"hash":"bd62abefe6880c1f9e635521bc3ac247d45ceb0e","isMergeCommit":true,"messageTitle":"Merge branch \u0027OOP-refactoring\u0027","messageBody":"","tags":["A-MoreOOP"],"fileTypesAndContributionMap":{}},{"hash":"c9be4141e8f7d455b0771d776bb4cbeec3c12b31","isMergeCommit":false,"messageTitle":"Remove commented code and abstract task class","messageBody":"","fileTypesAndContributionMap":{"java":{"insertions":2,"deletions":10}}}]},{"date":"2025-10-04T00:00:00","commitResults":[{"hash":"82f8aaafaa730b4c928a7e8170105ff214609c34","isMergeCommit":false,"messageTitle":"Implement search by string feature","messageBody":"","fileTypesAndContributionMap":{"java":{"insertions":37,"deletions":1}}},{"hash":"155f324d9f6119be97a1650e0235b7dae27bc9e5","isMergeCommit":true,"messageTitle":"Merge pull request #1 from ashpasa/branch-Level-9","messageBody":"Implement search by string feature","tags":["Level-9"],"fileTypesAndContributionMap":{}},{"hash":"c0720e2f4ea0b205332ce43fd1c722bf259d54f8","isMergeCommit":false,"messageTitle":"Fix unmark tasks not saving task list","messageBody":"","fileTypesAndContributionMap":{"java":{"insertions":1,"deletions":0}}},{"hash":"fa70534ce93e159c671e075f3e1ebca64df848a7","isMergeCommit":false,"messageTitle":"Update README","messageBody":"","fileTypesAndContributionMap":{"md":{"insertions":121,"deletions":26}}},{"hash":"7e586aab4d3b7097a9285fdff129f9d0d46a59e3","isMergeCommit":true,"messageTitle":"Merge pull request #2 from ashpasa/branch-UserGuide","messageBody":"Update user guide","fileTypesAndContributionMap":{}},{"hash":"2061d2a69833f06f286450f33f87becdb8e32965","isMergeCommit":false,"messageTitle":"Update correct README","messageBody":"","tags":["A-UserGuide"],"fileTypesAndContributionMap":{"md":{"insertions":107,"deletions":16}}},{"hash":"dc7cfd77b4eb568b0d94c1303b6f8646670c9237","isMergeCommit":false,"messageTitle":"Add comments for readability","messageBody":"","fileTypesAndContributionMap":{"java":{"insertions":24,"deletions":0}}},{"hash":"95de134bd85b7672e8a37672a4ba2cd71950aa9f","isMergeCommit":false,"messageTitle":"Update automated test","messageBody":"","fileTypesAndContributionMap":{"java":{"insertions":0,"deletions":1}}},{"hash":"0de3e677a46b384097d85d6fae77a67e240d84cc","isMergeCommit":true,"messageTitle":"Merge pull request #3 from ashpasa/branch-JavaDoc","messageBody":"Update documentation","tags":["A-Release","A-JavaDoc"],"fileTypesAndContributionMap":{}}]}]},"authorFileTypeContributionMap":{"ashpasa":{"java":511,"md":221,"fxml":0,"sh":2,"bat":2,"gradle":0,"txt":22}},"authorContributionVariance":{"ashpasa":9560.674},"authorDisplayNameMap":{"ashpasa":"CS2113-T10-2 PANG..SHER"}}
