[{"path":"docs/README.md","fileType":"md","lines":[{"lineNumber":1,"author":{"gitId":"Kennahh"},"content":"# Chauncey User Guide","lastModifiedDate":"2025-08-19T13:14:22","isFullCredit":false},{"lineNumber":2,"author":{"gitId":"-"},"content":"","lastModifiedDate":"2019-07-29T17:14:46","isFullCredit":false},{"lineNumber":3,"author":{"gitId":"-"},"content":"// Update the title above to match the actual product name","lastModifiedDate":"2024-01-07T18:33:52","isFullCredit":false},{"lineNumber":4,"author":{"gitId":"-"},"content":"","lastModifiedDate":"2019-07-29T17:14:46","isFullCredit":false},{"lineNumber":5,"author":{"gitId":"-"},"content":"// Product screenshot goes here","lastModifiedDate":"2024-01-07T18:33:52","isFullCredit":false},{"lineNumber":6,"author":{"gitId":"-"},"content":"","lastModifiedDate":"2021-07-17T16:49:07","isFullCredit":false},{"lineNumber":7,"author":{"gitId":"-"},"content":"// Product intro goes here","lastModifiedDate":"2024-01-07T18:33:52","isFullCredit":false},{"lineNumber":8,"author":{"gitId":"-"},"content":"","lastModifiedDate":"2021-07-17T16:49:07","isFullCredit":false},{"lineNumber":9,"author":{"gitId":"-"},"content":"## Adding deadlines","lastModifiedDate":"2024-01-07T18:33:52","isFullCredit":false},{"lineNumber":10,"author":{"gitId":"-"},"content":"","lastModifiedDate":"2021-07-17T16:49:07","isFullCredit":false},{"lineNumber":11,"author":{"gitId":"-"},"content":"// Describe the action and its outcome.","lastModifiedDate":"2024-01-07T18:33:52","isFullCredit":false},{"lineNumber":12,"author":{"gitId":"-"},"content":"","lastModifiedDate":"2019-07-29T17:14:46","isFullCredit":false},{"lineNumber":13,"author":{"gitId":"-"},"content":"// Give examples of usage","lastModifiedDate":"2024-01-07T18:33:52","isFullCredit":false},{"lineNumber":14,"author":{"gitId":"-"},"content":"","lastModifiedDate":"2019-07-29T17:14:46","isFullCredit":false},{"lineNumber":15,"author":{"gitId":"-"},"content":"Example: `keyword (optional arguments)`","lastModifiedDate":"2024-01-07T18:33:52","isFullCredit":false},{"lineNumber":16,"author":{"gitId":"-"},"content":"","lastModifiedDate":"2019-07-29T17:14:46","isFullCredit":false},{"lineNumber":17,"author":{"gitId":"-"},"content":"// A description of the expected outcome goes here","lastModifiedDate":"2024-01-07T18:33:52","isFullCredit":false},{"lineNumber":18,"author":{"gitId":"-"},"content":"","lastModifiedDate":"2019-07-29T17:14:46","isFullCredit":false},{"lineNumber":19,"author":{"gitId":"-"},"content":"```","lastModifiedDate":"2024-01-07T18:33:52","isFullCredit":false},{"lineNumber":20,"author":{"gitId":"-"},"content":"expected output","lastModifiedDate":"2024-01-07T18:33:52","isFullCredit":false},{"lineNumber":21,"author":{"gitId":"-"},"content":"```","lastModifiedDate":"2024-01-07T18:33:52","isFullCredit":false},{"lineNumber":22,"author":{"gitId":"-"},"content":"","lastModifiedDate":"2019-07-29T17:14:46","isFullCredit":false},{"lineNumber":23,"author":{"gitId":"-"},"content":"## Feature ABC","lastModifiedDate":"2024-01-07T18:33:52","isFullCredit":false},{"lineNumber":24,"author":{"gitId":"-"},"content":"","lastModifiedDate":"2019-07-29T17:14:46","isFullCredit":false},{"lineNumber":25,"author":{"gitId":"-"},"content":"// Feature details","lastModifiedDate":"2024-01-07T18:33:52","isFullCredit":false},{"lineNumber":26,"author":{"gitId":"-"},"content":"","lastModifiedDate":"2019-07-29T17:14:46","isFullCredit":false},{"lineNumber":27,"author":{"gitId":"-"},"content":"","lastModifiedDate":"2021-07-17T16:49:07","isFullCredit":false},{"lineNumber":28,"author":{"gitId":"-"},"content":"## Feature XYZ","lastModifiedDate":"2024-01-07T18:33:52","isFullCredit":false},{"lineNumber":29,"author":{"gitId":"-"},"content":"","lastModifiedDate":"2024-01-07T18:33:52","isFullCredit":false},{"lineNumber":30,"author":{"gitId":"-"},"content":"// Feature details","lastModifiedDate":"2024-01-07T18:33:52","isFullCredit":false}],"authorContributionMap":{"Kennahh":1,"-":29}},{"path":"src/main/java/Chauncey.java","fileType":"java","lines":[{"lineNumber":1,"author":{"gitId":"Kennahh"},"content":"import java.util.Scanner;","lastModifiedDate":"2025-08-25T15:02:00","isFullCredit":false},{"lineNumber":2,"author":{"gitId":"Kennahh"},"content":"","lastModifiedDate":"2025-08-25T15:02:00","isFullCredit":false},{"lineNumber":3,"author":{"gitId":"Kennahh"},"content":"public class Chauncey {","lastModifiedDate":"2025-08-19T13:14:22","isFullCredit":false},{"lineNumber":4,"author":{"gitId":"Kennahh"},"content":"    private static Task[] tasks \u003d new Task[100];","lastModifiedDate":"2025-08-25T17:21:37","isFullCredit":false},{"lineNumber":5,"author":{"gitId":"Kennahh"},"content":"    private static int numOfTask \u003d 0;","lastModifiedDate":"2025-08-25T17:21:37","isFullCredit":false},{"lineNumber":6,"author":{"gitId":"Kennahh"},"content":"","lastModifiedDate":"2025-08-25T15:28:38","isFullCredit":false},{"lineNumber":7,"author":{"gitId":"Kennahh"},"content":"    public static void printLine(){","lastModifiedDate":"2025-08-25T14:45:49","isFullCredit":false},{"lineNumber":8,"author":{"gitId":"Kennahh"},"content":"        System.out.println(\"____________________________________________________________\");","lastModifiedDate":"2025-08-19T13:14:22","isFullCredit":false},{"lineNumber":9,"author":{"gitId":"Kennahh"},"content":"    }","lastModifiedDate":"2025-08-25T14:45:49","isFullCredit":false},{"lineNumber":10,"author":{"gitId":"Kennahh"},"content":"","lastModifiedDate":"2025-08-25T14:45:49","isFullCredit":false},{"lineNumber":11,"author":{"gitId":"Kennahh"},"content":"    public static void addTask(String command){","lastModifiedDate":"2025-08-25T17:21:37","isFullCredit":false},{"lineNumber":12,"author":{"gitId":"Kennahh"},"content":"        tasks[numOfTask] \u003d new Task(command);","lastModifiedDate":"2025-08-25T17:21:37","isFullCredit":false},{"lineNumber":13,"author":{"gitId":"Kennahh"},"content":"        numOfTask++;","lastModifiedDate":"2025-08-25T17:21:37","isFullCredit":false},{"lineNumber":14,"author":{"gitId":"Kennahh"},"content":"        System.out.println(\"added: \" + command);","lastModifiedDate":"2025-08-25T15:28:38","isFullCredit":false},{"lineNumber":15,"author":{"gitId":"Kennahh"},"content":"    }","lastModifiedDate":"2025-08-25T15:28:38","isFullCredit":false},{"lineNumber":16,"author":{"gitId":"Kennahh"},"content":"","lastModifiedDate":"2025-08-25T15:28:38","isFullCredit":false},{"lineNumber":17,"author":{"gitId":"Kennahh"},"content":"    public static void removeTask(int taskNumber) {","lastModifiedDate":"2025-08-27T23:07:28","isFullCredit":false},{"lineNumber":18,"author":{"gitId":"Kennahh"},"content":"        String command \u003d tasks[taskNumber-1].getDescription();","lastModifiedDate":"2025-08-27T23:07:28","isFullCredit":false},{"lineNumber":19,"author":{"gitId":"Kennahh"},"content":"        for (int i\u003dtaskNumber-1; i\u003cnumOfTask-1; i++){","lastModifiedDate":"2025-08-27T23:07:28","isFullCredit":false},{"lineNumber":20,"author":{"gitId":"Kennahh"},"content":"            tasks[i] \u003d tasks[i+1];","lastModifiedDate":"2025-08-27T23:07:28","isFullCredit":false},{"lineNumber":21,"author":{"gitId":"Kennahh"},"content":"        }","lastModifiedDate":"2025-08-27T23:07:28","isFullCredit":false},{"lineNumber":22,"author":{"gitId":"Kennahh"},"content":"        numOfTask--;","lastModifiedDate":"2025-08-27T23:07:28","isFullCredit":false},{"lineNumber":23,"author":{"gitId":"Kennahh"},"content":"        System.out.println(\"removed: \" + command);","lastModifiedDate":"2025-08-27T23:07:28","isFullCredit":false},{"lineNumber":24,"author":{"gitId":"Kennahh"},"content":"    }","lastModifiedDate":"2025-08-27T23:07:28","isFullCredit":false},{"lineNumber":25,"author":{"gitId":"Kennahh"},"content":"","lastModifiedDate":"2025-08-27T23:07:28","isFullCredit":false},{"lineNumber":26,"author":{"gitId":"Kennahh"},"content":"    public static void listTasks(){","lastModifiedDate":"2025-08-25T17:21:37","isFullCredit":false},{"lineNumber":27,"author":{"gitId":"Kennahh"},"content":"        for (int i \u003d 1; i\u003c\u003d numOfTask; i++){","lastModifiedDate":"2025-08-25T17:21:37","isFullCredit":false},{"lineNumber":28,"author":{"gitId":"Kennahh"},"content":"            System.out.println(i + \".[\" + tasks[i-1].getStatusIcon() + \"] \" + tasks[i-1].getDescription());","lastModifiedDate":"2025-08-25T17:21:37","isFullCredit":false},{"lineNumber":29,"author":{"gitId":"Kennahh"},"content":"        }","lastModifiedDate":"2025-08-25T15:28:38","isFullCredit":false},{"lineNumber":30,"author":{"gitId":"Kennahh"},"content":"    }","lastModifiedDate":"2025-08-25T15:28:38","isFullCredit":false},{"lineNumber":31,"author":{"gitId":"Kennahh"},"content":"","lastModifiedDate":"2025-08-25T15:28:38","isFullCredit":false},{"lineNumber":32,"author":{"gitId":"Kennahh"},"content":"    public static void main(String[] args) {","lastModifiedDate":"2025-08-25T14:45:49","isFullCredit":false},{"lineNumber":33,"author":{"gitId":"Kennahh"},"content":"        // Add greetings.","lastModifiedDate":"2025-08-25T14:45:49","isFullCredit":false},{"lineNumber":34,"author":{"gitId":"Kennahh"},"content":"        printLine();","lastModifiedDate":"2025-08-25T14:45:49","isFullCredit":false},{"lineNumber":35,"author":{"gitId":"Kennahh"},"content":"        System.out.println(\"Hello! I\u0027m Chauncey.\");","lastModifiedDate":"2025-08-19T13:14:22","isFullCredit":false},{"lineNumber":36,"author":{"gitId":"Kennahh"},"content":"        System.out.println(\"List of things I can do: add / remove / list / mark / unmark \");","lastModifiedDate":"2025-08-27T23:07:28","isFullCredit":false},{"lineNumber":37,"author":{"gitId":"Kennahh"},"content":"        System.out.println(\"What can I do for you?\");","lastModifiedDate":"2025-08-19T13:14:22","isFullCredit":false},{"lineNumber":38,"author":{"gitId":"Kennahh"},"content":"        printLine();","lastModifiedDate":"2025-08-25T14:45:49","isFullCredit":false},{"lineNumber":39,"author":{"gitId":"Kennahh"},"content":"        System.out.println();","lastModifiedDate":"2025-08-25T15:02:00","isFullCredit":false},{"lineNumber":40,"author":{"gitId":"Kennahh"},"content":"","lastModifiedDate":"2025-08-25T15:02:00","isFullCredit":false},{"lineNumber":41,"author":{"gitId":"Kennahh"},"content":"        // Enable echos of commands entered by the user","lastModifiedDate":"2025-08-25T15:02:00","isFullCredit":false},{"lineNumber":42,"author":{"gitId":"Kennahh"},"content":"        Scanner in \u003d new Scanner(System.in);","lastModifiedDate":"2025-08-25T15:02:00","isFullCredit":false},{"lineNumber":43,"author":{"gitId":"Kennahh"},"content":"        String command \u003d in.nextLine();","lastModifiedDate":"2025-08-25T15:02:00","isFullCredit":false},{"lineNumber":44,"author":{"gitId":"Kennahh"},"content":"        while (!command.equals(\"bye\")){","lastModifiedDate":"2025-08-25T15:02:00","isFullCredit":false},{"lineNumber":45,"author":{"gitId":"Kennahh"},"content":"            printLine();","lastModifiedDate":"2025-08-25T15:02:00","isFullCredit":false},{"lineNumber":46,"author":{"gitId":"Kennahh"},"content":"            if (command.equals(\"list\")){","lastModifiedDate":"2025-08-25T15:28:38","isFullCredit":false},{"lineNumber":47,"author":{"gitId":"Kennahh"},"content":"                listTasks();","lastModifiedDate":"2025-08-25T17:21:37","isFullCredit":false},{"lineNumber":48,"author":{"gitId":"Kennahh"},"content":"            }","lastModifiedDate":"2025-08-25T17:21:37","isFullCredit":false},{"lineNumber":49,"author":{"gitId":"Kennahh"},"content":"            else if (command.equals(\"add\")) {","lastModifiedDate":"2025-08-27T23:07:28","isFullCredit":false},{"lineNumber":50,"author":{"gitId":"Kennahh"},"content":"                System.out.print(\"What task do you want to add? \");","lastModifiedDate":"2025-08-27T23:07:28","isFullCredit":false},{"lineNumber":51,"author":{"gitId":"Kennahh"},"content":"                String task \u003d in.nextLine();","lastModifiedDate":"2025-08-27T23:07:28","isFullCredit":false},{"lineNumber":52,"author":{"gitId":"Kennahh"},"content":"                addTask(task);","lastModifiedDate":"2025-08-27T23:07:28","isFullCredit":false},{"lineNumber":53,"author":{"gitId":"Kennahh"},"content":"            }","lastModifiedDate":"2025-08-27T23:07:28","isFullCredit":false},{"lineNumber":54,"author":{"gitId":"Kennahh"},"content":"            else if (command.startsWith(\"remove\")) {","lastModifiedDate":"2025-08-27T23:07:28","isFullCredit":false},{"lineNumber":55,"author":{"gitId":"Kennahh"},"content":"                int taskNumber \u003d Character.getNumericValue(command.charAt(command.length()-1));","lastModifiedDate":"2025-08-27T23:07:28","isFullCredit":false},{"lineNumber":56,"author":{"gitId":"Kennahh"},"content":"                removeTask(taskNumber);","lastModifiedDate":"2025-08-27T23:07:28","isFullCredit":false},{"lineNumber":57,"author":{"gitId":"Kennahh"},"content":"            }","lastModifiedDate":"2025-08-27T23:07:28","isFullCredit":false},{"lineNumber":58,"author":{"gitId":"Kennahh"},"content":"            else if (command.startsWith(\"mark\")){","lastModifiedDate":"2025-08-25T17:21:37","isFullCredit":false},{"lineNumber":59,"author":{"gitId":"Kennahh"},"content":"                int taskNumber \u003d Character.getNumericValue(command.charAt(command.length()-1));","lastModifiedDate":"2025-08-25T17:21:37","isFullCredit":false},{"lineNumber":60,"author":{"gitId":"Kennahh"},"content":"                tasks[taskNumber-1].markAsDone();","lastModifiedDate":"2025-08-25T17:21:37","isFullCredit":false},{"lineNumber":61,"author":{"gitId":"Kennahh"},"content":"            }","lastModifiedDate":"2025-08-25T17:21:37","isFullCredit":false},{"lineNumber":62,"author":{"gitId":"Kennahh"},"content":"            else if (command.startsWith(\"unmark\")){","lastModifiedDate":"2025-08-25T17:21:37","isFullCredit":false},{"lineNumber":63,"author":{"gitId":"Kennahh"},"content":"                int taskNumber \u003d Character.getNumericValue(command.charAt(command.length()-1));","lastModifiedDate":"2025-08-25T17:21:37","isFullCredit":false},{"lineNumber":64,"author":{"gitId":"Kennahh"},"content":"                tasks[taskNumber-1].markAsUndone();","lastModifiedDate":"2025-08-25T17:21:37","isFullCredit":false},{"lineNumber":65,"author":{"gitId":"Kennahh"},"content":"            }","lastModifiedDate":"2025-08-25T15:28:38","isFullCredit":false},{"lineNumber":66,"author":{"gitId":"Kennahh"},"content":"            else{","lastModifiedDate":"2025-08-25T15:28:38","isFullCredit":false},{"lineNumber":67,"author":{"gitId":"Kennahh"},"content":"                System.out.println(\"Invalid command.\");","lastModifiedDate":"2025-08-27T23:07:28","isFullCredit":false},{"lineNumber":68,"author":{"gitId":"Kennahh"},"content":"            }","lastModifiedDate":"2025-08-25T15:28:38","isFullCredit":false},{"lineNumber":69,"author":{"gitId":"Kennahh"},"content":"            printLine();","lastModifiedDate":"2025-08-25T15:02:00","isFullCredit":false},{"lineNumber":70,"author":{"gitId":"Kennahh"},"content":"            System.out.println();","lastModifiedDate":"2025-08-25T15:02:00","isFullCredit":false},{"lineNumber":71,"author":{"gitId":"Kennahh"},"content":"            command \u003d in.nextLine();","lastModifiedDate":"2025-08-25T15:02:00","isFullCredit":false},{"lineNumber":72,"author":{"gitId":"Kennahh"},"content":"        }","lastModifiedDate":"2025-08-25T15:02:00","isFullCredit":false},{"lineNumber":73,"author":{"gitId":"Kennahh"},"content":"","lastModifiedDate":"2025-08-25T14:45:49","isFullCredit":false},{"lineNumber":74,"author":{"gitId":"Kennahh"},"content":"        // Exit when the user enters \"bye\"","lastModifiedDate":"2025-08-25T15:02:00","isFullCredit":false},{"lineNumber":75,"author":{"gitId":"Kennahh"},"content":"        printLine();","lastModifiedDate":"2025-08-25T14:45:49","isFullCredit":false},{"lineNumber":76,"author":{"gitId":"Kennahh"},"content":"        System.out.println(\"Bye. Hope to see you again soon!\");","lastModifiedDate":"2025-08-19T13:14:22","isFullCredit":false},{"lineNumber":77,"author":{"gitId":"Kennahh"},"content":"        printLine();","lastModifiedDate":"2025-08-25T14:45:49","isFullCredit":false},{"lineNumber":78,"author":{"gitId":"Kennahh"},"content":"    }","lastModifiedDate":"2025-08-19T13:14:22","isFullCredit":false},{"lineNumber":79,"author":{"gitId":"Kennahh"},"content":"}","lastModifiedDate":"2025-08-19T13:14:22","isFullCredit":false}],"authorContributionMap":{"Kennahh":79}},{"path":"src/main/java/Task.java","fileType":"java","lines":[{"lineNumber":1,"author":{"gitId":"Kennahh"},"content":"public class Task {","lastModifiedDate":"2025-08-25T17:21:37","isFullCredit":false},{"lineNumber":2,"author":{"gitId":"Kennahh"},"content":"    private String description;","lastModifiedDate":"2025-08-25T17:21:37","isFullCredit":false},{"lineNumber":3,"author":{"gitId":"Kennahh"},"content":"    private boolean isDone;","lastModifiedDate":"2025-08-25T17:21:37","isFullCredit":false},{"lineNumber":4,"author":{"gitId":"Kennahh"},"content":"","lastModifiedDate":"2025-08-25T17:21:37","isFullCredit":false},{"lineNumber":5,"author":{"gitId":"Kennahh"},"content":"    // Constructor","lastModifiedDate":"2025-08-25T17:21:37","isFullCredit":false},{"lineNumber":6,"author":{"gitId":"Kennahh"},"content":"    public Task(String description){","lastModifiedDate":"2025-08-25T17:21:37","isFullCredit":false},{"lineNumber":7,"author":{"gitId":"Kennahh"},"content":"        this.description \u003d description;","lastModifiedDate":"2025-08-25T17:21:37","isFullCredit":false},{"lineNumber":8,"author":{"gitId":"Kennahh"},"content":"        this.isDone \u003d false;","lastModifiedDate":"2025-08-25T17:21:37","isFullCredit":false},{"lineNumber":9,"author":{"gitId":"Kennahh"},"content":"    }","lastModifiedDate":"2025-08-25T17:21:37","isFullCredit":false},{"lineNumber":10,"author":{"gitId":"Kennahh"},"content":"","lastModifiedDate":"2025-08-25T17:21:37","isFullCredit":false},{"lineNumber":11,"author":{"gitId":"Kennahh"},"content":"    // getter and setter of isDone","lastModifiedDate":"2025-08-25T17:21:37","isFullCredit":false},{"lineNumber":12,"author":{"gitId":"Kennahh"},"content":"    public void markAsDone(){","lastModifiedDate":"2025-08-25T17:21:37","isFullCredit":false},{"lineNumber":13,"author":{"gitId":"Kennahh"},"content":"        this.isDone \u003d true;","lastModifiedDate":"2025-08-25T17:21:37","isFullCredit":false},{"lineNumber":14,"author":{"gitId":"Kennahh"},"content":"        System.out.println(\"Nice! I\u0027ve marked this task as done:\");","lastModifiedDate":"2025-08-25T17:21:37","isFullCredit":false},{"lineNumber":15,"author":{"gitId":"Kennahh"},"content":"        System.out.println(\"[\" + getStatusIcon() + \"] \" + description);","lastModifiedDate":"2025-08-25T17:21:37","isFullCredit":false},{"lineNumber":16,"author":{"gitId":"Kennahh"},"content":"    }","lastModifiedDate":"2025-08-25T17:21:37","isFullCredit":false},{"lineNumber":17,"author":{"gitId":"Kennahh"},"content":"","lastModifiedDate":"2025-08-25T17:21:37","isFullCredit":false},{"lineNumber":18,"author":{"gitId":"Kennahh"},"content":"    public void markAsUndone(){","lastModifiedDate":"2025-08-25T17:21:37","isFullCredit":false},{"lineNumber":19,"author":{"gitId":"Kennahh"},"content":"        this.isDone \u003d false;","lastModifiedDate":"2025-08-25T17:21:37","isFullCredit":false},{"lineNumber":20,"author":{"gitId":"Kennahh"},"content":"        System.out.println(\"OK, I\u0027ve marked this task as not done yet:\");","lastModifiedDate":"2025-08-25T17:21:37","isFullCredit":false},{"lineNumber":21,"author":{"gitId":"Kennahh"},"content":"        System.out.println(\"[\" + getStatusIcon() + \"] \" + description);","lastModifiedDate":"2025-08-25T17:21:37","isFullCredit":false},{"lineNumber":22,"author":{"gitId":"Kennahh"},"content":"    }","lastModifiedDate":"2025-08-25T17:21:37","isFullCredit":false},{"lineNumber":23,"author":{"gitId":"Kennahh"},"content":"","lastModifiedDate":"2025-08-25T17:21:37","isFullCredit":false},{"lineNumber":24,"author":{"gitId":"Kennahh"},"content":"    public String getStatusIcon(){","lastModifiedDate":"2025-08-25T17:21:37","isFullCredit":false},{"lineNumber":25,"author":{"gitId":"Kennahh"},"content":"        return (isDone ? \"X\":\" \");","lastModifiedDate":"2025-08-25T17:21:37","isFullCredit":false},{"lineNumber":26,"author":{"gitId":"Kennahh"},"content":"    }","lastModifiedDate":"2025-08-25T17:21:37","isFullCredit":false},{"lineNumber":27,"author":{"gitId":"Kennahh"},"content":"","lastModifiedDate":"2025-08-25T17:21:37","isFullCredit":false},{"lineNumber":28,"author":{"gitId":"Kennahh"},"content":"    // getter and setter of description","lastModifiedDate":"2025-08-25T17:21:37","isFullCredit":false},{"lineNumber":29,"author":{"gitId":"Kennahh"},"content":"    public String getDescription(){","lastModifiedDate":"2025-08-25T17:21:37","isFullCredit":false},{"lineNumber":30,"author":{"gitId":"Kennahh"},"content":"        return description;","lastModifiedDate":"2025-08-25T17:21:37","isFullCredit":false},{"lineNumber":31,"author":{"gitId":"Kennahh"},"content":"    }","lastModifiedDate":"2025-08-25T17:21:37","isFullCredit":false},{"lineNumber":32,"author":{"gitId":"Kennahh"},"content":"","lastModifiedDate":"2025-08-25T17:21:37","isFullCredit":false},{"lineNumber":33,"author":{"gitId":"Kennahh"},"content":"    public void setDescription(String description){","lastModifiedDate":"2025-08-25T17:21:37","isFullCredit":false},{"lineNumber":34,"author":{"gitId":"Kennahh"},"content":"        this.description \u003d description;","lastModifiedDate":"2025-08-25T17:21:37","isFullCredit":false},{"lineNumber":35,"author":{"gitId":"Kennahh"},"content":"    }","lastModifiedDate":"2025-08-25T17:21:37","isFullCredit":false},{"lineNumber":36,"author":{"gitId":"Kennahh"},"content":"}","lastModifiedDate":"2025-08-25T17:21:37","isFullCredit":false}],"authorContributionMap":{"Kennahh":36}},{"path":"text-ui-test/runtest.bat","fileType":"bat","lines":[{"lineNumber":1,"author":{"gitId":"-"},"content":"@ECHO OFF","lastModifiedDate":"2020-05-25T00:03:55","isFullCredit":false},{"lineNumber":2,"author":{"gitId":"-"},"content":"","lastModifiedDate":"2020-05-25T00:03:55","isFullCredit":false},{"lineNumber":3,"author":{"gitId":"-"},"content":"REM create bin directory if it doesn\u0027t exist","lastModifiedDate":"2020-05-25T00:03:55","isFullCredit":false},{"lineNumber":4,"author":{"gitId":"-"},"content":"if not exist ..\\bin mkdir ..\\bin","lastModifiedDate":"2020-05-25T00:03:55","isFullCredit":false},{"lineNumber":5,"author":{"gitId":"-"},"content":"","lastModifiedDate":"2020-05-25T00:03:55","isFullCredit":false},{"lineNumber":6,"author":{"gitId":"-"},"content":"REM delete output from previous run","lastModifiedDate":"2020-05-25T00:03:55","isFullCredit":false},{"lineNumber":7,"author":{"gitId":"-"},"content":"if exist ACTUAL.TXT del ACTUAL.TXT","lastModifiedDate":"2020-08-25T17:23:26","isFullCredit":false},{"lineNumber":8,"author":{"gitId":"-"},"content":"","lastModifiedDate":"2020-05-25T00:03:55","isFullCredit":false},{"lineNumber":9,"author":{"gitId":"-"},"content":"REM compile the code into the bin folder","lastModifiedDate":"2020-05-25T00:03:55","isFullCredit":false},{"lineNumber":10,"author":{"gitId":"-"},"content":"javac  -cp ..\\src\\main\\java -Xlint:none -d ..\\bin ..\\src\\main\\java\\*.java","lastModifiedDate":"2020-08-25T17:23:26","isFullCredit":false},{"lineNumber":11,"author":{"gitId":"-"},"content":"IF ERRORLEVEL 1 (","lastModifiedDate":"2020-05-25T00:03:55","isFullCredit":false},{"lineNumber":12,"author":{"gitId":"-"},"content":"    echo ********** BUILD FAILURE **********","lastModifiedDate":"2020-05-25T00:03:55","isFullCredit":false},{"lineNumber":13,"author":{"gitId":"-"},"content":"    exit /b 1","lastModifiedDate":"2020-05-25T00:03:55","isFullCredit":false},{"lineNumber":14,"author":{"gitId":"-"},"content":")","lastModifiedDate":"2020-05-25T00:03:55","isFullCredit":false},{"lineNumber":15,"author":{"gitId":"-"},"content":"REM no error here, errorlevel \u003d\u003d 0","lastModifiedDate":"2020-05-25T00:03:55","isFullCredit":false},{"lineNumber":16,"author":{"gitId":"-"},"content":"","lastModifiedDate":"2020-05-25T00:03:55","isFullCredit":false},{"lineNumber":17,"author":{"gitId":"-"},"content":"REM run the program, feed commands from input.txt file and redirect the output to the ACTUAL.TXT","lastModifiedDate":"2020-05-25T00:03:55","isFullCredit":false},{"lineNumber":18,"author":{"gitId":"Kennahh"},"content":"java -classpath ..\\bin Chauncey \u003c input.txt \u003e ACTUAL.TXT","lastModifiedDate":"2025-08-19T13:14:22","isFullCredit":false},{"lineNumber":19,"author":{"gitId":"-"},"content":"","lastModifiedDate":"2020-05-25T00:03:55","isFullCredit":false},{"lineNumber":20,"author":{"gitId":"-"},"content":"REM compare the output to the expected output","lastModifiedDate":"2020-05-25T00:03:55","isFullCredit":false},{"lineNumber":21,"author":{"gitId":"-"},"content":"FC ACTUAL.TXT EXPECTED.TXT","lastModifiedDate":"2020-05-25T00:03:55","isFullCredit":false}],"authorContributionMap":{"Kennahh":1,"-":20}}]
