{"authorDailyContributionsMap":{"Kennahh":[{"date":"2025-08-19T00:00:00","commitResults":[{"hash":"c7f287e5fa5a5061d60dc67e0ecdd0b305071a3c","isMergeCommit":false,"messageTitle":"Rename the chatbot; Add greetings and exit.","messageBody":"","tags":["Level-0_Version-0"],"fileTypesAndContributionMap":{"java":{"insertions":10,"deletions":10},"bat":{"insertions":1,"deletions":1},"md":{"insertions":1,"deletions":1}}}]},{"date":"2025-08-25T00:00:00","commitResults":[{"hash":"859e1a071fc7ae05f61dae59899cb832ce18c4ae","isMergeCommit":false,"messageTitle":"Add one method to print line and add some comments.","messageBody":"","tags":["Level-0_Version-1"],"fileTypesAndContributionMap":{"java":{"insertions":11,"deletions":3}}},{"hash":"927224fd8a73dad10105def195473df6abce1c0c","isMergeCommit":false,"messageTitle":"Enable echos of commands entered by the user.","messageBody":"","tags":["Level-1"],"fileTypesAndContributionMap":{"java":{"insertions":15,"deletions":1}}},{"hash":"e5c9653bc1a2fae0c3de7f74fd3832bebe594a87","isMergeCommit":false,"messageTitle":"Add string array to store commands. Add methods to add command and list commands.","messageBody":"","tags":["Level-2"],"fileTypesAndContributionMap":{"java":{"insertions":21,"deletions":1}}},{"hash":"9fe94233c08c27abf7ee5a4e7b71bdac1b7f5677","isMergeCommit":false,"messageTitle":"Add class Task. Add mark and unmark function to chatbot Chauncey.","messageBody":"","tags":["Level-3_Version-0"],"fileTypesAndContributionMap":{"java":{"insertions":54,"deletions":10}}}]},{"date":"2025-08-27T00:00:00","commitResults":[{"hash":"ac20a0c938b5a4736145155c85ae5c2dc2cf5b36","isMergeCommit":false,"messageTitle":"Add \"remove\" function in chatbox and make \"add\" function clearer.","messageBody":"","tags":["Level-3_Version-1"],"fileTypesAndContributionMap":{"java":{"insertions":20,"deletions":1}}}]}]},"authorFileTypeContributionMap":{"Kennahh":{"java":115,"md":1,"fxml":0,"sh":0,"bat":1,"gradle":0,"txt":0}},"authorContributionVariance":{"Kennahh":658.8475},"authorDisplayNameMap":{"Kennahh":"CS2113-W12-1 HE P.. SAN"}}
