[{"path":"src/main/java/Odin.java","fileType":"java","lines":[{"lineNumber":1,"author":{"gitId":"shauntsr"},"content":"public class Odin {","lastModifiedDate":"2025-08-26T17:55:10","isFullCredit":false},{"lineNumber":2,"author":{"gitId":"shauntsr"},"content":"    public static void printHorizontalLine(){","lastModifiedDate":"2025-08-26T17:55:10","isFullCredit":false},{"lineNumber":3,"author":{"gitId":"shauntsr"},"content":"        System.out.println(\"__________________________________________\");","lastModifiedDate":"2025-08-26T17:55:10","isFullCredit":false},{"lineNumber":4,"author":{"gitId":"shauntsr"},"content":"    }","lastModifiedDate":"2025-08-26T17:55:10","isFullCredit":false},{"lineNumber":5,"author":{"gitId":"shauntsr"},"content":"    public static void main(String[] args) {","lastModifiedDate":"2025-08-26T17:55:10","isFullCredit":false},{"lineNumber":6,"author":{"gitId":"shauntsr"},"content":"        printHorizontalLine();","lastModifiedDate":"2025-08-26T17:55:10","isFullCredit":false},{"lineNumber":7,"author":{"gitId":"shauntsr"},"content":"        System.out.println(\"Hello! I\u0027m Odin\");","lastModifiedDate":"2025-08-26T17:55:10","isFullCredit":false},{"lineNumber":8,"author":{"gitId":"shauntsr"},"content":"        System.out.println(\"What can I do for you?\");","lastModifiedDate":"2025-08-26T17:55:10","isFullCredit":false},{"lineNumber":9,"author":{"gitId":"shauntsr"},"content":"        printHorizontalLine();","lastModifiedDate":"2025-08-26T17:55:10","isFullCredit":false},{"lineNumber":10,"author":{"gitId":"shauntsr"},"content":"        System.out.println(\"Bye. Hope to see you again soon!\");","lastModifiedDate":"2025-08-26T17:55:10","isFullCredit":false},{"lineNumber":11,"author":{"gitId":"shauntsr"},"content":"        printHorizontalLine();","lastModifiedDate":"2025-08-26T17:55:10","isFullCredit":false},{"lineNumber":12,"author":{"gitId":"shauntsr"},"content":"    }","lastModifiedDate":"2025-08-26T17:55:10","isFullCredit":false},{"lineNumber":13,"author":{"gitId":"shauntsr"},"content":"}","lastModifiedDate":"2025-08-26T17:55:10","isFullCredit":false}],"authorContributionMap":{"shauntsr":13}}]
