{"authorDailyContributionsMap":{"shauntsr":[{"date":"2025-08-26T00:00:00","commitResults":[{"hash":"94d8cd217583318a683e2549575238e71cdb1424","isMergeCommit":false,"messageTitle":"add increment: level-0","messageBody":"","fileTypesAndContributionMap":{"java":{"insertions":13,"deletions":10}}}]}]},"authorFileTypeContributionMap":{"shauntsr":{"java":13,"md":0,"fxml":0,"sh":0,"bat":0,"gradle":0,"txt":0}},"authorContributionVariance":{"shauntsr":26.376734},"authorDisplayNameMap":{"shauntsr":"SHAU.. REN"}}
