{"authorDailyContributionsMap":{"AWeiBin":[{"date":"2025-08-24T00:00:00","commitResults":[{"hash":"9d1789ab4365481ef17e8e26a5674f53e9bfda9e","isMergeCommit":false,"messageTitle":"Add readAndProcessUserCommands and printMessageWithBorder","messageBody":"","tags":["Level-1"],"fileTypesAndContributionMap":{"java":{"insertions":39,"deletions":10}}},{"hash":"cc5ee75a09248ce7f8ba864576fbdcdf88488db1","isMergeCommit":false,"messageTitle":"Add chatbotExpression variable","messageBody":"","fileTypesAndContributionMap":{"java":{"insertions":10,"deletions":4}}},{"hash":"be62332b1ad0891334ff2f31f9b8b1a44ca810d7","isMergeCommit":false,"messageTitle":"Add support to store task and list them","messageBody":"","tags":["Level-2"],"fileTypesAndContributionMap":{"java":{"insertions":40,"deletions":12}}},{"hash":"a878dafe78b84de87e19c1d21e3a45d274624ed3","isMergeCommit":false,"messageTitle":"Add Task class","messageBody":"","fileTypesAndContributionMap":{"java":{"insertions":59,"deletions":21}}}]},{"date":"2025-08-28T00:00:00","commitResults":[{"hash":"f07d9fafe0b6c5ab849a53ea2764a661474dc788","isMergeCommit":false,"messageTitle":"Add mark task using integer","messageBody":"","tags":["Level-3"],"fileTypesAndContributionMap":{"java":{"insertions":24,"deletions":13}}}]},{"date":"2025-08-30T00:00:00","commitResults":[{"hash":"9b4cde5d37b2095911267af89c82dbd17b83ccdc","isMergeCommit":false,"messageTitle":"Refactor code","messageBody":"","tags":["A-CodingStandard"],"fileTypesAndContributionMap":{"java":{"insertions":165,"deletions":87}}},{"hash":"aae1d860674f855be5d43d42b7032fcd78da37c3","isMergeCommit":false,"messageTitle":"Fix mark task out of range","messageBody":"","tags":["Level-3v2"],"fileTypesAndContributionMap":{"java":{"insertions":3,"deletions":3}}},{"hash":"739ad892b766902e57dd29fc5a6a1ea8dbef0328","isMergeCommit":false,"messageTitle":"ToDo, Event, Deadline","messageBody":"","tags":["Level-4"],"fileTypesAndContributionMap":{"java":{"insertions":166,"deletions":10}}},{"hash":"d13ded35cd2df4c0b727e00884d3217064e5f6a3","isMergeCommit":false,"messageTitle":"Automated Text UI Testing","messageBody":"","tags":["A-TextUiTesting"],"fileTypesAndContributionMap":{"txt":{"insertions":12,"deletions":0},"java":{"insertions":2,"deletions":2},"bat":{"insertions":1,"deletions":1}}}]},{"date":"2025-09-06T00:00:00","commitResults":[{"hash":"ae3708bd34c815da852b4976d3e961bfe1893c2f","isMergeCommit":false,"messageTitle":"Refactor code","messageBody":"","tags":["A-CodeQuality"],"fileTypesAndContributionMap":{"java":{"insertions":133,"deletions":122}}},{"hash":"77cd4446057437ed64ffa1226f0daebe4d28c2be","isMergeCommit":false,"messageTitle":"Handle Errors","messageBody":"","fileTypesAndContributionMap":{"java":{"insertions":14,"deletions":11}}},{"hash":"230310aa28b2b1ae81e3705cb9b83bd7ab405ccc","isMergeCommit":false,"messageTitle":"Use Exceptions to handle errors","messageBody":"","tags":["A-Exceptions"],"fileTypesAndContributionMap":{"java":{"insertions":42,"deletions":39}}},{"hash":"fdcf61468d1318ce451532afe0878ead0acacce9","isMergeCommit":true,"messageTitle":"Merge branch \u0027branch-Level-5\u0027","messageBody":"","tags":["Level-5"],"fileTypesAndContributionMap":{}},{"hash":"4eb6edebfc2d925d031eaa9ee782cb4e9c6ffc1e","isMergeCommit":false,"messageTitle":"Organize into Packages","messageBody":"","tags":["A-Packages"],"fileTypesAndContributionMap":{"java":{"insertions":40,"deletions":0},"bat":{"insertions":2,"deletions":2}}}]},{"date":"2025-09-12T00:00:00","commitResults":[{"hash":"f51a47573df9e404c2e18f7cb6bc63d52feb0dfb","isMergeCommit":false,"messageTitle":"Add Delete","messageBody":"","fileTypesAndContributionMap":{"java":{"insertions":39,"deletions":19}}}]},{"date":"2025-09-13T00:00:00","commitResults":[{"hash":"d1ae5319afb4a7001e97540acf7479da59375258","isMergeCommit":false,"messageTitle":"Add Save","messageBody":"","fileTypesAndContributionMap":{"java":{"insertions":213,"deletions":14}}},{"hash":"1bdaad2ff625c0e9953118a7fac27919a54dc888","isMergeCommit":true,"messageTitle":"Merge branch \u0027branch-Level-6\u0027","messageBody":"","tags":["Level-6"],"fileTypesAndContributionMap":{}},{"hash":"d6f268984669b1693e45f53565b3536b4ad4599d","isMergeCommit":true,"messageTitle":"Merge branch \u0027branch-Level-7\u0027","messageBody":"# Conflicts:\n#\tsrc/main/java/akari/command/CommandManager.java\n","tags":["Level-7"],"fileTypesAndContributionMap":{}}]}]},"authorFileTypeContributionMap":{"AWeiBin":{"java":630,"md":0,"fxml":0,"sh":0,"bat":2,"gradle":0,"txt":12}},"authorContributionVariance":{"AWeiBin":11124.118},"authorDisplayNameMap":{"AWeiBin":"CS2113-T10-4 ANG .. BIN"}}
