[{"path":"README.md","fileType":"md","lines":[{"lineNumber":1,"author":{"gitId":"asytrix99"},"content":"# WitBot project template","lastModifiedDate":"2025-08-20T22:11:27","isFullCredit":false},{"lineNumber":2,"author":{"gitId":"-"},"content":"","lastModifiedDate":"2020-05-25T00:03:55","isFullCredit":false},{"lineNumber":3,"author":{"gitId":"-"},"content":"This is a project template for a greenfield Java project. It\u0027s named after the Java mascot _Duke_. Given below are instructions on how to use it.","lastModifiedDate":"2020-05-25T00:03:55","isFullCredit":false},{"lineNumber":4,"author":{"gitId":"-"},"content":"","lastModifiedDate":"2020-05-25T00:03:55","isFullCredit":false},{"lineNumber":5,"author":{"gitId":"-"},"content":"## Setting up in Intellij","lastModifiedDate":"2020-05-25T00:03:55","isFullCredit":false},{"lineNumber":6,"author":{"gitId":"-"},"content":"","lastModifiedDate":"2020-05-25T00:03:55","isFullCredit":false},{"lineNumber":7,"author":{"gitId":"-"},"content":"Prerequisites: JDK 17, update Intellij to the most recent version.","lastModifiedDate":"2024-07-11T16:50:14","isFullCredit":false},{"lineNumber":8,"author":{"gitId":"-"},"content":"","lastModifiedDate":"2020-05-25T00:03:55","isFullCredit":false},{"lineNumber":9,"author":{"gitId":"-"},"content":"1. Open Intellij (if you are not in the welcome screen, click `File` \u003e `Close Project` to close the existing project first)","lastModifiedDate":"2021-01-17T12:25:53","isFullCredit":false},{"lineNumber":10,"author":{"gitId":"-"},"content":"1. Open the project into Intellij as follows:","lastModifiedDate":"2021-01-17T12:25:53","isFullCredit":false},{"lineNumber":11,"author":{"gitId":"-"},"content":"   1. Click `Open`.","lastModifiedDate":"2021-01-17T12:25:53","isFullCredit":false},{"lineNumber":12,"author":{"gitId":"-"},"content":"   1. Select the project directory, and click `OK`.","lastModifiedDate":"2021-01-17T12:25:53","isFullCredit":false},{"lineNumber":13,"author":{"gitId":"-"},"content":"   1. If there are any further prompts, accept the defaults.","lastModifiedDate":"2020-05-25T00:03:55","isFullCredit":false},{"lineNumber":14,"author":{"gitId":"-"},"content":"1. Configure the project to use **JDK 17** (not other versions) as explained in [here](https://www.jetbrains.com/help/idea/sdk.html#set-up-jdk).\u003cbr\u003e","lastModifiedDate":"2024-07-11T16:50:14","isFullCredit":false},{"lineNumber":15,"author":{"gitId":"-"},"content":"   In the same dialog, set the **Project language level** field to the `SDK default` option.","lastModifiedDate":"2021-07-29T20:29:39","isFullCredit":false},{"lineNumber":16,"author":{"gitId":"asytrix99"},"content":"1. After that, locate the `src/main/java/WitBot.java` file, right-click it, and choose `Run WitBot.main()` (if the code editor is showing compile errors, try restarting the IDE). If the setup is correct, you should see something like the below as the output:","lastModifiedDate":"2025-08-20T22:11:27","isFullCredit":false},{"lineNumber":17,"author":{"gitId":"-"},"content":"   ```","lastModifiedDate":"2020-05-25T00:03:55","isFullCredit":false},{"lineNumber":18,"author":{"gitId":"-"},"content":"   Hello from","lastModifiedDate":"2020-05-25T00:03:55","isFullCredit":false},{"lineNumber":19,"author":{"gitId":"-"},"content":"    ____        _        ","lastModifiedDate":"2020-05-25T00:03:55","isFullCredit":false},{"lineNumber":20,"author":{"gitId":"-"},"content":"   |  _ \\ _   _| | _____ ","lastModifiedDate":"2020-05-25T00:03:55","isFullCredit":false},{"lineNumber":21,"author":{"gitId":"-"},"content":"   | | | | | | | |/ / _ \\","lastModifiedDate":"2020-05-25T00:03:55","isFullCredit":false},{"lineNumber":22,"author":{"gitId":"-"},"content":"   | |_| | |_| |   \u003c  __/","lastModifiedDate":"2020-05-25T00:03:55","isFullCredit":false},{"lineNumber":23,"author":{"gitId":"-"},"content":"   |____/ \\__,_|_|\\_\\___|","lastModifiedDate":"2020-05-25T00:03:55","isFullCredit":false},{"lineNumber":24,"author":{"gitId":"-"},"content":"   ```","lastModifiedDate":"2020-05-25T00:03:55","isFullCredit":false},{"lineNumber":25,"author":{"gitId":"-"},"content":"","lastModifiedDate":"2025-01-04T21:44:28","isFullCredit":false},{"lineNumber":26,"author":{"gitId":"-"},"content":"**Warning:** Keep the `src\\main\\java` folder as the root folder for Java files (i.e., don\u0027t rename those folders or move Java files to another folder outside of this folder path), as this is the default location some tools (e.g., Gradle) expect to find Java files.","lastModifiedDate":"2025-01-04T21:44:28","isFullCredit":false}],"authorContributionMap":{"asytrix99":2,"-":24}},{"path":"docs/README.md","fileType":"md","lines":[{"lineNumber":1,"author":{"gitId":"asytrix99"},"content":"# WitBot User Guide","lastModifiedDate":"2025-08-20T22:11:27","isFullCredit":false},{"lineNumber":2,"author":{"gitId":"-"},"content":"","lastModifiedDate":"2019-07-29T17:14:46","isFullCredit":false},{"lineNumber":3,"author":{"gitId":"-"},"content":"// Update the title above to match the actual product name","lastModifiedDate":"2024-01-07T18:33:52","isFullCredit":false},{"lineNumber":4,"author":{"gitId":"-"},"content":"","lastModifiedDate":"2019-07-29T17:14:46","isFullCredit":false},{"lineNumber":5,"author":{"gitId":"-"},"content":"// Product screenshot goes here","lastModifiedDate":"2024-01-07T18:33:52","isFullCredit":false},{"lineNumber":6,"author":{"gitId":"-"},"content":"","lastModifiedDate":"2021-07-17T16:49:07","isFullCredit":false},{"lineNumber":7,"author":{"gitId":"-"},"content":"// Product intro goes here","lastModifiedDate":"2024-01-07T18:33:52","isFullCredit":false},{"lineNumber":8,"author":{"gitId":"-"},"content":"","lastModifiedDate":"2021-07-17T16:49:07","isFullCredit":false},{"lineNumber":9,"author":{"gitId":"-"},"content":"## Adding deadlines","lastModifiedDate":"2024-01-07T18:33:52","isFullCredit":false},{"lineNumber":10,"author":{"gitId":"-"},"content":"","lastModifiedDate":"2021-07-17T16:49:07","isFullCredit":false},{"lineNumber":11,"author":{"gitId":"-"},"content":"// Describe the action and its outcome.","lastModifiedDate":"2024-01-07T18:33:52","isFullCredit":false},{"lineNumber":12,"author":{"gitId":"-"},"content":"","lastModifiedDate":"2019-07-29T17:14:46","isFullCredit":false},{"lineNumber":13,"author":{"gitId":"-"},"content":"// Give examples of usage","lastModifiedDate":"2024-01-07T18:33:52","isFullCredit":false},{"lineNumber":14,"author":{"gitId":"-"},"content":"","lastModifiedDate":"2019-07-29T17:14:46","isFullCredit":false},{"lineNumber":15,"author":{"gitId":"-"},"content":"Example: `keyword (optional arguments)`","lastModifiedDate":"2024-01-07T18:33:52","isFullCredit":false},{"lineNumber":16,"author":{"gitId":"-"},"content":"","lastModifiedDate":"2019-07-29T17:14:46","isFullCredit":false},{"lineNumber":17,"author":{"gitId":"-"},"content":"// A description of the expected outcome goes here","lastModifiedDate":"2024-01-07T18:33:52","isFullCredit":false},{"lineNumber":18,"author":{"gitId":"-"},"content":"","lastModifiedDate":"2019-07-29T17:14:46","isFullCredit":false},{"lineNumber":19,"author":{"gitId":"-"},"content":"```","lastModifiedDate":"2024-01-07T18:33:52","isFullCredit":false},{"lineNumber":20,"author":{"gitId":"-"},"content":"expected output","lastModifiedDate":"2024-01-07T18:33:52","isFullCredit":false},{"lineNumber":21,"author":{"gitId":"-"},"content":"```","lastModifiedDate":"2024-01-07T18:33:52","isFullCredit":false},{"lineNumber":22,"author":{"gitId":"-"},"content":"","lastModifiedDate":"2019-07-29T17:14:46","isFullCredit":false},{"lineNumber":23,"author":{"gitId":"-"},"content":"## Feature ABC","lastModifiedDate":"2024-01-07T18:33:52","isFullCredit":false},{"lineNumber":24,"author":{"gitId":"-"},"content":"","lastModifiedDate":"2019-07-29T17:14:46","isFullCredit":false},{"lineNumber":25,"author":{"gitId":"-"},"content":"// Feature details","lastModifiedDate":"2024-01-07T18:33:52","isFullCredit":false},{"lineNumber":26,"author":{"gitId":"-"},"content":"","lastModifiedDate":"2019-07-29T17:14:46","isFullCredit":false},{"lineNumber":27,"author":{"gitId":"-"},"content":"","lastModifiedDate":"2021-07-17T16:49:07","isFullCredit":false},{"lineNumber":28,"author":{"gitId":"-"},"content":"## Feature XYZ","lastModifiedDate":"2024-01-07T18:33:52","isFullCredit":false},{"lineNumber":29,"author":{"gitId":"-"},"content":"","lastModifiedDate":"2024-01-07T18:33:52","isFullCredit":false},{"lineNumber":30,"author":{"gitId":"-"},"content":"// Feature details","lastModifiedDate":"2024-01-07T18:33:52","isFullCredit":false}],"authorContributionMap":{"asytrix99":1,"-":29}},{"path":"src/main/java/zeus/ZeusBot.java","fileType":"java","lines":[{"lineNumber":1,"author":{"gitId":"asytrix99"},"content":"package zeus;","lastModifiedDate":"2025-09-07T03:40:20","isFullCredit":false},{"lineNumber":2,"author":{"gitId":"asytrix99"},"content":"","lastModifiedDate":"2025-09-07T03:40:20","isFullCredit":false},{"lineNumber":3,"author":{"gitId":"asytrix99"},"content":"import zeus.exceptions.DuplicateMarkingException;","lastModifiedDate":"2025-09-11T02:25:46","isFullCredit":false},{"lineNumber":4,"author":{"gitId":"asytrix99"},"content":"import zeus.exceptions.EmptyListException;","lastModifiedDate":"2025-09-11T02:25:46","isFullCredit":false},{"lineNumber":5,"author":{"gitId":"asytrix99"},"content":"import zeus.exceptions.NumArgsException;","lastModifiedDate":"2025-09-11T02:25:46","isFullCredit":false},{"lineNumber":6,"author":{"gitId":"asytrix99"},"content":"import zeus.tasks.Task;","lastModifiedDate":"2025-09-07T03:40:20","isFullCredit":false},{"lineNumber":7,"author":{"gitId":"asytrix99"},"content":"import zeus.tasks.Deadline;","lastModifiedDate":"2025-09-07T03:40:20","isFullCredit":false},{"lineNumber":8,"author":{"gitId":"asytrix99"},"content":"import zeus.tasks.Todo;","lastModifiedDate":"2025-09-07T03:40:20","isFullCredit":false},{"lineNumber":9,"author":{"gitId":"asytrix99"},"content":"import zeus.tasks.Event;","lastModifiedDate":"2025-09-07T03:40:20","isFullCredit":false},{"lineNumber":10,"author":{"gitId":"asytrix99"},"content":"","lastModifiedDate":"2025-09-07T03:40:20","isFullCredit":false},{"lineNumber":11,"author":{"gitId":"asytrix99"},"content":"import java.util.ArrayList;","lastModifiedDate":"2025-08-31T14:43:46","isFullCredit":false},{"lineNumber":12,"author":{"gitId":"asytrix99"},"content":"import java.util.Scanner;","lastModifiedDate":"2025-08-31T19:09:19","isFullCredit":false},{"lineNumber":13,"author":{"gitId":"asytrix99"},"content":"import static java.lang.Integer.parseInt;","lastModifiedDate":"2025-08-31T14:43:46","isFullCredit":false},{"lineNumber":14,"author":{"gitId":"asytrix99"},"content":"","lastModifiedDate":"2025-08-31T14:43:46","isFullCredit":false},{"lineNumber":15,"author":{"gitId":"asytrix99"},"content":"public class ZeusBot {","lastModifiedDate":"2025-08-31T14:43:46","isFullCredit":false},{"lineNumber":16,"author":{"gitId":"asytrix99"},"content":"","lastModifiedDate":"2025-08-31T14:43:46","isFullCredit":false},{"lineNumber":17,"author":{"gitId":"asytrix99"},"content":"\tpublic static final String INDENT \u003d \"\\t\";","lastModifiedDate":"2025-09-07T02:26:50","isFullCredit":false},{"lineNumber":18,"author":{"gitId":"asytrix99"},"content":"\tpublic static final String TAB \u003d INDENT + \"____________________________________________________________\";","lastModifiedDate":"2025-09-07T02:26:50","isFullCredit":false},{"lineNumber":19,"author":{"gitId":"asytrix99"},"content":"\tpublic static final String MSG_EMPTY_INPUT \u003d INDENT + \"Oops! You\u0027ve gotta input something~\";","lastModifiedDate":"2025-09-07T02:26:50","isFullCredit":false},{"lineNumber":20,"author":{"gitId":"asytrix99"},"content":"\tpublic static final String MSG_BYE \u003d INDENT + \"Awh... so fast? Alright then, hope to see you again soon!\";","lastModifiedDate":"2025-09-07T02:26:50","isFullCredit":false},{"lineNumber":21,"author":{"gitId":"asytrix99"},"content":"\tpublic static final String MSG_DUPLICATE_MARK \u003d INDENT + \"You\u0027ve already finished this silly!\";","lastModifiedDate":"2025-09-07T02:26:50","isFullCredit":false},{"lineNumber":22,"author":{"gitId":"asytrix99"},"content":"\tpublic static final String MSG_MARK \u003d INDENT + \"Ah! That\u0027s amazing, you\u0027ve got another one crossed out~\";","lastModifiedDate":"2025-09-11T02:25:46","isFullCredit":false},{"lineNumber":23,"author":{"gitId":"asytrix99"},"content":"\tpublic static final String MSG_DUPLICATE_UNMARK \u003d \"I see... Trying to run away from responsibilities? It\u0027s already unmarked...\";","lastModifiedDate":"2025-09-11T02:25:46","isFullCredit":false},{"lineNumber":24,"author":{"gitId":"asytrix99"},"content":"\tpublic static final String MSG_UNMARK \u003d \"Awh, it\u0027s alright, you can work on this next time. Keep up!\";","lastModifiedDate":"2025-09-11T02:25:46","isFullCredit":false},{"lineNumber":25,"author":{"gitId":"asytrix99"},"content":"\tpublic static final String EMPTY_LIST_PROMPT \u003d \"You\u0027re free for the day!\";","lastModifiedDate":"2025-09-11T02:25:46","isFullCredit":false},{"lineNumber":26,"author":{"gitId":"asytrix99"},"content":"\tpublic static final String OUT_OF_BOUNDS_PROMPT \u003d \"Your query is too large for your current list :/\";","lastModifiedDate":"2025-09-11T02:25:46","isFullCredit":false},{"lineNumber":27,"author":{"gitId":"asytrix99"},"content":"\tpublic static final String MISSING_INDEX_PROMPT \u003d \"What are you even referring to? Add an index!\";","lastModifiedDate":"2025-09-11T02:25:46","isFullCredit":false},{"lineNumber":28,"author":{"gitId":"asytrix99"},"content":"\tpublic static final String EXCESSIVE_INPUT_ARGS_PROMPT \u003d \"One task at a time my friend! Input only one digit~\";","lastModifiedDate":"2025-09-11T02:25:46","isFullCredit":false},{"lineNumber":29,"author":{"gitId":"asytrix99"},"content":"","lastModifiedDate":"2025-08-31T14:43:46","isFullCredit":false},{"lineNumber":30,"author":{"gitId":"asytrix99"},"content":"\tpublic static void main(String[] args) {","lastModifiedDate":"2025-08-31T19:09:19","isFullCredit":false},{"lineNumber":31,"author":{"gitId":"asytrix99"},"content":"\t\tZeusBot.greetUser();","lastModifiedDate":"2025-08-31T19:09:19","isFullCredit":false},{"lineNumber":32,"author":{"gitId":"asytrix99"},"content":"\t\thandleUserInput();","lastModifiedDate":"2025-09-07T02:26:50","isFullCredit":false},{"lineNumber":33,"author":{"gitId":"asytrix99"},"content":"\t}","lastModifiedDate":"2025-09-07T02:26:50","isFullCredit":false},{"lineNumber":34,"author":{"gitId":"asytrix99"},"content":"","lastModifiedDate":"2025-08-31T19:09:19","isFullCredit":false},{"lineNumber":35,"author":{"gitId":"asytrix99"},"content":"\tprivate static void handleUserInput() {","lastModifiedDate":"2025-09-07T02:26:50","isFullCredit":false},{"lineNumber":36,"author":{"gitId":"asytrix99"},"content":"\t\tScanner sc \u003d new Scanner(System.in);","lastModifiedDate":"2025-08-31T19:09:19","isFullCredit":false},{"lineNumber":37,"author":{"gitId":"asytrix99"},"content":"\t\tArrayList\u003cTask\u003e todo_list \u003d new ArrayList\u003c\u003e();","lastModifiedDate":"2025-09-07T02:26:50","isFullCredit":false},{"lineNumber":38,"author":{"gitId":"asytrix99"},"content":"","lastModifiedDate":"2025-08-31T19:09:19","isFullCredit":false},{"lineNumber":39,"author":{"gitId":"asytrix99"},"content":"\t\twhile (true) {","lastModifiedDate":"2025-08-31T19:09:19","isFullCredit":false},{"lineNumber":40,"author":{"gitId":"asytrix99"},"content":"\t\t\tString echo_word \u003d sc.nextLine();","lastModifiedDate":"2025-09-07T02:26:50","isFullCredit":false},{"lineNumber":41,"author":{"gitId":"asytrix99"},"content":"\t\t\tswitch (echo_word.split(\" \")[0]) {","lastModifiedDate":"2025-09-07T03:05:19","isFullCredit":false},{"lineNumber":42,"author":{"gitId":"asytrix99"},"content":"\t\t\tcase \"bye\":","lastModifiedDate":"2025-09-07T02:26:50","isFullCredit":false},{"lineNumber":43,"author":{"gitId":"asytrix99"},"content":"\t\t\t\tZeusBot.sayByeToUser();","lastModifiedDate":"2025-09-11T02:25:46","isFullCredit":false},{"lineNumber":44,"author":{"gitId":"asytrix99"},"content":"\t\t\t\treturn;","lastModifiedDate":"2025-09-07T02:26:50","isFullCredit":false},{"lineNumber":45,"author":{"gitId":"asytrix99"},"content":"\t\t\t// Checks for empty input","lastModifiedDate":"2025-09-07T02:26:50","isFullCredit":false},{"lineNumber":46,"author":{"gitId":"asytrix99"},"content":"\t\t\tcase \"\":","lastModifiedDate":"2025-09-07T02:26:50","isFullCredit":false},{"lineNumber":47,"author":{"gitId":"asytrix99"},"content":"\t\t\t\tSystem.out.println(MSG_EMPTY_INPUT);","lastModifiedDate":"2025-09-11T02:25:46","isFullCredit":false},{"lineNumber":48,"author":{"gitId":"asytrix99"},"content":"\t\t\t\ttab();","lastModifiedDate":"2025-09-11T02:25:46","isFullCredit":false},{"lineNumber":49,"author":{"gitId":"asytrix99"},"content":"\t\t\t\tcontinue;","lastModifiedDate":"2025-09-07T02:26:50","isFullCredit":false},{"lineNumber":50,"author":{"gitId":"asytrix99"},"content":"\t\t\tcase \"mark\":","lastModifiedDate":"2025-09-07T02:26:50","isFullCredit":false},{"lineNumber":51,"author":{"gitId":"asytrix99"},"content":"\t\t\tcase \"unmark\":","lastModifiedDate":"2025-09-07T02:26:50","isFullCredit":false},{"lineNumber":52,"author":{"gitId":"asytrix99"},"content":"\t\t\t\tZeusBot.handleMarking(echo_word, todo_list);","lastModifiedDate":"2025-09-07T02:26:50","isFullCredit":false},{"lineNumber":53,"author":{"gitId":"asytrix99"},"content":"\t\t\t\tbreak;","lastModifiedDate":"2025-09-07T03:05:19","isFullCredit":false},{"lineNumber":54,"author":{"gitId":"asytrix99"},"content":"\t\t\tcase \"list\":","lastModifiedDate":"2025-09-07T02:26:50","isFullCredit":false},{"lineNumber":55,"author":{"gitId":"asytrix99"},"content":"\t\t\t\tZeusBot.listTasks(todo_list);","lastModifiedDate":"2025-09-07T02:26:50","isFullCredit":false},{"lineNumber":56,"author":{"gitId":"asytrix99"},"content":"\t\t\t\tbreak;","lastModifiedDate":"2025-09-07T03:05:19","isFullCredit":false},{"lineNumber":57,"author":{"gitId":"asytrix99"},"content":"\t\t\tdefault:","lastModifiedDate":"2025-09-07T02:26:50","isFullCredit":false},{"lineNumber":58,"author":{"gitId":"asytrix99"},"content":"\t\t\t\tZeusBot.addTask(echo_word, todo_list);","lastModifiedDate":"2025-09-07T02:26:50","isFullCredit":false},{"lineNumber":59,"author":{"gitId":"asytrix99"},"content":"\t\t\t}","lastModifiedDate":"2025-09-07T02:26:50","isFullCredit":false},{"lineNumber":60,"author":{"gitId":"asytrix99"},"content":"\t\t}","lastModifiedDate":"2025-08-31T19:09:19","isFullCredit":false},{"lineNumber":61,"author":{"gitId":"asytrix99"},"content":"\t}","lastModifiedDate":"2025-08-31T19:09:19","isFullCredit":false},{"lineNumber":62,"author":{"gitId":"asytrix99"},"content":"","lastModifiedDate":"2025-08-31T19:09:19","isFullCredit":false},{"lineNumber":63,"author":{"gitId":"asytrix99"},"content":"\tprivate static void tab() {","lastModifiedDate":"2025-08-31T14:43:46","isFullCredit":false},{"lineNumber":64,"author":{"gitId":"asytrix99"},"content":"\t\tSystem.out.println(TAB);","lastModifiedDate":"2025-09-07T02:26:50","isFullCredit":false},{"lineNumber":65,"author":{"gitId":"asytrix99"},"content":"\t}","lastModifiedDate":"2025-08-31T14:43:46","isFullCredit":false},{"lineNumber":66,"author":{"gitId":"asytrix99"},"content":"","lastModifiedDate":"2025-09-07T02:26:50","isFullCredit":false},{"lineNumber":67,"author":{"gitId":"asytrix99"},"content":"\tpublic static void listTasks(ArrayList\u003cTask\u003e todo_list) {","lastModifiedDate":"2025-08-31T14:43:46","isFullCredit":false},{"lineNumber":68,"author":{"gitId":"asytrix99"},"content":"\t\ttry {","lastModifiedDate":"2025-09-11T02:25:46","isFullCredit":false},{"lineNumber":69,"author":{"gitId":"asytrix99"},"content":"\t\t\ttab();","lastModifiedDate":"2025-08-31T14:43:46","isFullCredit":false},{"lineNumber":70,"author":{"gitId":"asytrix99"},"content":"\t\t\tcheckEmptyList(todo_list);","lastModifiedDate":"2025-08-31T14:43:46","isFullCredit":false},{"lineNumber":71,"author":{"gitId":"asytrix99"},"content":"\t\t\tprintList(todo_list);","lastModifiedDate":"2025-08-31T14:43:46","isFullCredit":false},{"lineNumber":72,"author":{"gitId":"asytrix99"},"content":"\t\t\ttab();","lastModifiedDate":"2025-08-31T14:43:46","isFullCredit":false},{"lineNumber":73,"author":{"gitId":"asytrix99"},"content":"\t\t} catch (EmptyListException e) {","lastModifiedDate":"2025-09-11T02:25:46","isFullCredit":false},{"lineNumber":74,"author":{"gitId":"asytrix99"},"content":"\t\t\tSystem.out.println(MSG_EMPTY_INPUT);","lastModifiedDate":"2025-09-11T02:25:46","isFullCredit":false},{"lineNumber":75,"author":{"gitId":"asytrix99"},"content":"\t\t}","lastModifiedDate":"2025-09-11T02:25:46","isFullCredit":false},{"lineNumber":76,"author":{"gitId":"asytrix99"},"content":"\t}","lastModifiedDate":"2025-08-31T14:43:46","isFullCredit":false},{"lineNumber":77,"author":{"gitId":"asytrix99"},"content":"","lastModifiedDate":"2025-09-07T02:26:50","isFullCredit":false},{"lineNumber":78,"author":{"gitId":"asytrix99"},"content":"\tpublic static void handleMarking(String echo_word, ArrayList\u003cTask\u003e todo_list) {","lastModifiedDate":"2025-08-31T14:43:46","isFullCredit":false},{"lineNumber":79,"author":{"gitId":"asytrix99"},"content":"\t\ttry {","lastModifiedDate":"2025-09-11T02:25:46","isFullCredit":false},{"lineNumber":80,"author":{"gitId":"asytrix99"},"content":"\t\t\t// Ensures number of args \u003d\u003d 2","lastModifiedDate":"2025-09-07T02:26:50","isFullCredit":false},{"lineNumber":81,"author":{"gitId":"asytrix99"},"content":"\t\t\tcheckCorrectNumArgs(echo_word);","lastModifiedDate":"2025-09-11T02:25:46","isFullCredit":false},{"lineNumber":82,"author":{"gitId":"asytrix99"},"content":"","lastModifiedDate":"2025-09-11T02:25:46","isFullCredit":false},{"lineNumber":83,"author":{"gitId":"asytrix99"},"content":"\t\t\t// Catches if user tries to mark/unmark an empty list","lastModifiedDate":"2025-09-11T02:25:46","isFullCredit":false},{"lineNumber":84,"author":{"gitId":"asytrix99"},"content":"\t\t\tcheckEmptyList(todo_list);","lastModifiedDate":"2025-09-11T02:25:46","isFullCredit":false},{"lineNumber":85,"author":{"gitId":"asytrix99"},"content":"","lastModifiedDate":"2025-09-11T02:25:46","isFullCredit":false},{"lineNumber":86,"author":{"gitId":"asytrix99"},"content":"\t\t\tint task_index \u003d getTaskIndex(echo_word);","lastModifiedDate":"2025-09-11T02:25:46","isFullCredit":false},{"lineNumber":87,"author":{"gitId":"asytrix99"},"content":"","lastModifiedDate":"2025-09-11T02:25:46","isFullCredit":false},{"lineNumber":88,"author":{"gitId":"asytrix99"},"content":"\t\t\t//  Catches if user inputs index out of bounds","lastModifiedDate":"2025-09-11T02:25:46","isFullCredit":false},{"lineNumber":89,"author":{"gitId":"asytrix99"},"content":"\t\t\tcheckOutOfBounds(todo_list, task_index);","lastModifiedDate":"2025-09-11T02:25:46","isFullCredit":false},{"lineNumber":90,"author":{"gitId":"asytrix99"},"content":"","lastModifiedDate":"2025-09-11T02:25:46","isFullCredit":false},{"lineNumber":91,"author":{"gitId":"asytrix99"},"content":"\t\t\tcheckDuplicate(echo_word, todo_list, task_index);","lastModifiedDate":"2025-09-11T02:25:46","isFullCredit":false},{"lineNumber":92,"author":{"gitId":"asytrix99"},"content":"","lastModifiedDate":"2025-08-31T14:43:46","isFullCredit":false},{"lineNumber":93,"author":{"gitId":"asytrix99"},"content":"\t\t\tprintTaskBar(todo_list, task_index);","lastModifiedDate":"2025-08-31T14:43:46","isFullCredit":false},{"lineNumber":94,"author":{"gitId":"asytrix99"},"content":"\t\t\ttab();","lastModifiedDate":"2025-09-07T02:26:50","isFullCredit":false},{"lineNumber":95,"author":{"gitId":"asytrix99"},"content":"\t\t} catch (NumArgsException | DuplicateMarkingException | EmptyListException | IndexOutOfBoundsException e) {","lastModifiedDate":"2025-09-11T02:25:46","isFullCredit":false},{"lineNumber":96,"author":{"gitId":"asytrix99"},"content":"\t\t\tSystem.out.println(e.getMessage());","lastModifiedDate":"2025-09-11T02:25:46","isFullCredit":false},{"lineNumber":97,"author":{"gitId":"asytrix99"},"content":"\t\t\ttab();","lastModifiedDate":"2025-09-11T02:25:46","isFullCredit":false},{"lineNumber":98,"author":{"gitId":"asytrix99"},"content":"\t\t}","lastModifiedDate":"2025-09-11T02:25:46","isFullCredit":false},{"lineNumber":99,"author":{"gitId":"asytrix99"},"content":"\t}","lastModifiedDate":"2025-08-31T14:43:46","isFullCredit":false},{"lineNumber":100,"author":{"gitId":"asytrix99"},"content":"","lastModifiedDate":"2025-09-07T02:26:50","isFullCredit":false},{"lineNumber":101,"author":{"gitId":"asytrix99"},"content":"\tprivate static void checkOutOfBounds(ArrayList\u003cTask\u003e todoList, int task_index) {","lastModifiedDate":"2025-09-11T02:25:46","isFullCredit":false},{"lineNumber":102,"author":{"gitId":"asytrix99"},"content":"\t\tif (todoList.size() \u003c task_index + 1) {","lastModifiedDate":"2025-09-11T02:25:46","isFullCredit":false},{"lineNumber":103,"author":{"gitId":"asytrix99"},"content":"\t\t\tthrow new IndexOutOfBoundsException(INDENT + OUT_OF_BOUNDS_PROMPT);","lastModifiedDate":"2025-09-11T02:25:46","isFullCredit":false},{"lineNumber":104,"author":{"gitId":"asytrix99"},"content":"\t\t}","lastModifiedDate":"2025-09-11T02:25:46","isFullCredit":false},{"lineNumber":105,"author":{"gitId":"asytrix99"},"content":"\t}","lastModifiedDate":"2025-08-31T14:43:46","isFullCredit":false},{"lineNumber":106,"author":{"gitId":"asytrix99"},"content":"","lastModifiedDate":"2025-09-07T02:26:50","isFullCredit":false},{"lineNumber":107,"author":{"gitId":"asytrix99"},"content":"\tprotected static void greetUser() {","lastModifiedDate":"2025-08-31T14:43:46","isFullCredit":false},{"lineNumber":108,"author":{"gitId":"asytrix99"},"content":"\t\t// Greeting user","lastModifiedDate":"2025-09-07T02:26:50","isFullCredit":false},{"lineNumber":109,"author":{"gitId":"asytrix99"},"content":"\t\ttab();","lastModifiedDate":"2025-09-07T02:26:50","isFullCredit":false},{"lineNumber":110,"author":{"gitId":"asytrix99"},"content":"\t\t// Logo generated from https://patorjk.com/software/taag/","lastModifiedDate":"2025-09-07T02:26:50","isFullCredit":false},{"lineNumber":111,"author":{"gitId":"asytrix99"},"content":"\t\tString logo \u003d \"\"\"","lastModifiedDate":"2025-09-07T02:26:50","isFullCredit":false},{"lineNumber":112,"author":{"gitId":"asytrix99"},"content":"\t\t\t\t _____                                                                                                      _____\\s","lastModifiedDate":"2025-09-07T02:26:50","isFullCredit":false},{"lineNumber":113,"author":{"gitId":"asytrix99"},"content":"\t\t\t\t( ___ )----------------------------------------------------------------------------------------------------( ___ )","lastModifiedDate":"2025-09-07T02:26:50","isFullCredit":false},{"lineNumber":114,"author":{"gitId":"asytrix99"},"content":"\t\t\t\t |   |                                                                                                      |   |\\s","lastModifiedDate":"2025-09-07T02:26:50","isFullCredit":false},{"lineNumber":115,"author":{"gitId":"asytrix99"},"content":"\t\t\t\t |   |           _____                    _____                    _____                    _____           |   |\\s","lastModifiedDate":"2025-09-07T02:26:50","isFullCredit":false},{"lineNumber":116,"author":{"gitId":"asytrix99"},"content":"\t\t\t\t |   |          /\\\\    \\\\                  /\\\\    \\\\                  /\\\\    \\\\                  /\\\\    \\\\          |   |\\s","lastModifiedDate":"2025-09-07T02:26:50","isFullCredit":false},{"lineNumber":117,"author":{"gitId":"asytrix99"},"content":"\t\t\t\t |   |         /::\\\\    \\\\                /::\\\\    \\\\                /::\\\\____\\\\                /::\\\\    \\\\         |   |\\s","lastModifiedDate":"2025-09-07T02:26:50","isFullCredit":false},{"lineNumber":118,"author":{"gitId":"asytrix99"},"content":"\t\t\t\t |   |         \\\\:::\\\\    \\\\              /::::\\\\    \\\\              /:::/    /               /::::\\\\    \\\\        |   |\\s","lastModifiedDate":"2025-09-07T02:26:50","isFullCredit":false},{"lineNumber":119,"author":{"gitId":"asytrix99"},"content":"\t\t\t\t |   |          \\\\:::\\\\    \\\\            /::::::\\\\    \\\\            /:::/    /               /::::::\\\\    \\\\       |   |\\s","lastModifiedDate":"2025-09-07T02:26:50","isFullCredit":false},{"lineNumber":120,"author":{"gitId":"asytrix99"},"content":"\t\t\t\t |   |           \\\\:::\\\\    \\\\          /:::/\\\\:::\\\\    \\\\          /:::/    /               /:::/\\\\:::\\\\    \\\\      |   |\\s","lastModifiedDate":"2025-09-07T02:26:50","isFullCredit":false},{"lineNumber":121,"author":{"gitId":"asytrix99"},"content":"\t\t\t\t |   |            \\\\:::\\\\    \\\\        /:::/__\\\\:::\\\\    \\\\        /:::/    /               /:::/__\\\\:::\\\\    \\\\     |   |\\s","lastModifiedDate":"2025-09-07T02:26:50","isFullCredit":false},{"lineNumber":122,"author":{"gitId":"asytrix99"},"content":"\t\t\t\t |   |             \\\\:::\\\\    \\\\      /::::\\\\   \\\\:::\\\\    \\\\      /:::/    /                \\\\:::\\\\   \\\\:::\\\\    \\\\    |   |\\s","lastModifiedDate":"2025-09-07T02:26:50","isFullCredit":false},{"lineNumber":123,"author":{"gitId":"asytrix99"},"content":"\t\t\t\t |   |              \\\\:::\\\\    \\\\    /::::::\\\\   \\\\:::\\\\    \\\\    /:::/    /      _____    ___\\\\:::\\\\   \\\\:::\\\\    \\\\   |   |\\s","lastModifiedDate":"2025-09-07T02:26:50","isFullCredit":false},{"lineNumber":124,"author":{"gitId":"asytrix99"},"content":"\t\t\t\t |   |               \\\\:::\\\\    \\\\  /:::/\\\\:::\\\\   \\\\:::\\\\    \\\\  /:::/____/      /\\\\    \\\\  /\\\\   \\\\:::\\\\   \\\\:::\\\\    \\\\  |   |\\s","lastModifiedDate":"2025-09-07T02:26:50","isFullCredit":false},{"lineNumber":125,"author":{"gitId":"asytrix99"},"content":"\t\t\t\t |   | _______________\\\\:::\\\\____\\\\/:::/__\\\\:::\\\\   \\\\:::\\\\____\\\\|:::|    /      /::\\\\____\\\\/::\\\\   \\\\:::\\\\   \\\\:::\\\\____\\\\ |   |\\s","lastModifiedDate":"2025-09-07T02:26:50","isFullCredit":false},{"lineNumber":126,"author":{"gitId":"asytrix99"},"content":"\t\t\t\t |   | \\\\::::::::::::::::::/    /\\\\:::\\\\   \\\\:::\\\\   \\\\::/    /|:::|____\\\\     /:::/    /\\\\:::\\\\   \\\\:::\\\\   \\\\::/    / |   |\\s","lastModifiedDate":"2025-09-07T02:26:50","isFullCredit":false},{"lineNumber":127,"author":{"gitId":"asytrix99"},"content":"\t\t\t\t |   |  \\\\::::::::::::::::/____/  \\\\:::\\\\   \\\\:::\\\\   \\\\/____/  \\\\:::\\\\    \\\\   /:::/    /  \\\\:::\\\\   \\\\:::\\\\   \\\\/____/  |   |\\s","lastModifiedDate":"2025-09-07T02:26:50","isFullCredit":false},{"lineNumber":128,"author":{"gitId":"asytrix99"},"content":"\t\t\t\t |   |   \\\\:::\\\\~~~~\\\\~~~~~~         \\\\:::\\\\   \\\\:::\\\\    \\\\       \\\\:::\\\\    \\\\ /:::/    /    \\\\:::\\\\   \\\\:::\\\\    \\\\      |   |\\s","lastModifiedDate":"2025-09-07T02:26:50","isFullCredit":false},{"lineNumber":129,"author":{"gitId":"asytrix99"},"content":"\t\t\t\t |   |    \\\\:::\\\\    \\\\               \\\\:::\\\\   \\\\:::\\\\____\\\\       \\\\:::\\\\    /:::/    /      \\\\:::\\\\   \\\\:::\\\\____\\\\     |   |\\s","lastModifiedDate":"2025-09-07T02:26:50","isFullCredit":false},{"lineNumber":130,"author":{"gitId":"asytrix99"},"content":"\t\t\t\t |   |     \\\\:::\\\\    \\\\               \\\\:::\\\\   \\\\::/    /        \\\\:::\\\\__/:::/    /        \\\\:::\\\\  /:::/    /     |   |\\s","lastModifiedDate":"2025-09-07T02:26:50","isFullCredit":false},{"lineNumber":131,"author":{"gitId":"asytrix99"},"content":"\t\t\t\t |   |      \\\\:::\\\\    \\\\               \\\\:::\\\\   \\\\/____/          \\\\::::::::/    /          \\\\:::\\\\/:::/    /      |   |\\s","lastModifiedDate":"2025-09-07T02:26:50","isFullCredit":false},{"lineNumber":132,"author":{"gitId":"asytrix99"},"content":"\t\t\t\t |   |       \\\\:::\\\\    \\\\               \\\\:::\\\\    \\\\               \\\\::::::/    /            \\\\::::::/    /       |   |\\s","lastModifiedDate":"2025-09-07T02:26:50","isFullCredit":false},{"lineNumber":133,"author":{"gitId":"asytrix99"},"content":"\t\t\t\t |   |        \\\\:::\\\\____\\\\               \\\\:::\\\\____\\\\               \\\\::::/    /              \\\\::::/    /        |   |\\s","lastModifiedDate":"2025-09-07T02:26:50","isFullCredit":false},{"lineNumber":134,"author":{"gitId":"asytrix99"},"content":"\t\t\t\t |   |         \\\\::/    /                \\\\::/    /                \\\\::/____/                \\\\::/    /         |   |\\s","lastModifiedDate":"2025-09-07T02:26:50","isFullCredit":false},{"lineNumber":135,"author":{"gitId":"asytrix99"},"content":"\t\t\t\t |   |          \\\\/____/                  \\\\/____/                  ~~                       \\\\/____/          |   |\\s","lastModifiedDate":"2025-09-07T02:26:50","isFullCredit":false},{"lineNumber":136,"author":{"gitId":"asytrix99"},"content":"\t\t\t\t |___|                                                                                                      |___|\\s","lastModifiedDate":"2025-09-07T02:26:50","isFullCredit":false},{"lineNumber":137,"author":{"gitId":"asytrix99"},"content":"\t\t\t\t(_____)----------------------------------------------------------------------------------------------------(_____)\"\"\";","lastModifiedDate":"2025-09-07T02:26:50","isFullCredit":false},{"lineNumber":138,"author":{"gitId":"asytrix99"},"content":"\t\tSystem.out.println(INDENT + \"Hey there human (I hope you are...)! I\u0027m ZEUSBot - your unconventionally helpful sidekick!\" + logo);","lastModifiedDate":"2025-09-07T02:26:50","isFullCredit":false},{"lineNumber":139,"author":{"gitId":"asytrix99"},"content":"\t\tSystem.out.println(INDENT + \"What idea, plan or meme do you have on mind today?\");","lastModifiedDate":"2025-09-07T02:26:50","isFullCredit":false},{"lineNumber":140,"author":{"gitId":"asytrix99"},"content":"\t\ttab();","lastModifiedDate":"2025-08-31T14:43:46","isFullCredit":false},{"lineNumber":141,"author":{"gitId":"asytrix99"},"content":"\t\ttab();","lastModifiedDate":"2025-08-31T14:43:46","isFullCredit":false},{"lineNumber":142,"author":{"gitId":"asytrix99"},"content":"\t}","lastModifiedDate":"2025-08-31T14:43:46","isFullCredit":false},{"lineNumber":143,"author":{"gitId":"asytrix99"},"content":"","lastModifiedDate":"2025-09-07T02:26:50","isFullCredit":false},{"lineNumber":144,"author":{"gitId":"asytrix99"},"content":"\tprivate static void checkDuplicate(String echo_word, ArrayList\u003cTask\u003e todo_list, int task_index) throws DuplicateMarkingException {","lastModifiedDate":"2025-09-11T02:25:46","isFullCredit":false},{"lineNumber":145,"author":{"gitId":"asytrix99"},"content":"\t\t// Checking for duplicate marking or unmarking","lastModifiedDate":"2025-09-11T02:25:46","isFullCredit":false},{"lineNumber":146,"author":{"gitId":"asytrix99"},"content":"\t\tif (echo_word.startsWith(\"mark\")) {","lastModifiedDate":"2025-08-31T14:43:46","isFullCredit":false},{"lineNumber":147,"author":{"gitId":"asytrix99"},"content":"\t\t\tcheckDuplicateMark(todo_list, task_index);","lastModifiedDate":"2025-09-11T02:25:46","isFullCredit":false},{"lineNumber":148,"author":{"gitId":"asytrix99"},"content":"\t\t} else {","lastModifiedDate":"2025-08-31T14:43:46","isFullCredit":false},{"lineNumber":149,"author":{"gitId":"asytrix99"},"content":"\t\t\tcheckDuplicateUnmark(todo_list, task_index);","lastModifiedDate":"2025-09-11T02:25:46","isFullCredit":false},{"lineNumber":150,"author":{"gitId":"asytrix99"},"content":"\t\t}","lastModifiedDate":"2025-08-31T14:43:46","isFullCredit":false},{"lineNumber":151,"author":{"gitId":"asytrix99"},"content":"\t}","lastModifiedDate":"2025-08-31T14:43:46","isFullCredit":false},{"lineNumber":152,"author":{"gitId":"asytrix99"},"content":"","lastModifiedDate":"2025-09-07T02:26:50","isFullCredit":false},{"lineNumber":153,"author":{"gitId":"asytrix99"},"content":"\tprivate static int getTaskIndex(String echo_word) {","lastModifiedDate":"2025-08-31T14:43:46","isFullCredit":false},{"lineNumber":154,"author":{"gitId":"asytrix99"},"content":"\t\treturn parseInt(echo_word.split(\" \")[1]) - 1;","lastModifiedDate":"2025-09-07T02:26:50","isFullCredit":false},{"lineNumber":155,"author":{"gitId":"asytrix99"},"content":"\t}","lastModifiedDate":"2025-08-31T14:43:46","isFullCredit":false},{"lineNumber":156,"author":{"gitId":"asytrix99"},"content":"","lastModifiedDate":"2025-09-07T02:26:50","isFullCredit":false},{"lineNumber":157,"author":{"gitId":"asytrix99"},"content":"\tpublic static void addTask(String echo_word, ArrayList\u003cTask\u003e todo_list) {","lastModifiedDate":"2025-08-31T14:43:46","isFullCredit":false},{"lineNumber":158,"author":{"gitId":"asytrix99"},"content":"\t\ttab();","lastModifiedDate":"2025-08-31T14:43:46","isFullCredit":false},{"lineNumber":159,"author":{"gitId":"asytrix99"},"content":"\t\tString[] parts \u003d echo_word.split(\" \", 2);","lastModifiedDate":"2025-08-31T14:43:46","isFullCredit":false},{"lineNumber":160,"author":{"gitId":"asytrix99"},"content":"\t\tString action \u003d parts[0];","lastModifiedDate":"2025-08-31T14:43:46","isFullCredit":false},{"lineNumber":161,"author":{"gitId":"asytrix99"},"content":"","lastModifiedDate":"2025-08-31T14:43:46","isFullCredit":false},{"lineNumber":162,"author":{"gitId":"asytrix99"},"content":"\t\tTask t;","lastModifiedDate":"2025-09-07T02:26:50","isFullCredit":false},{"lineNumber":163,"author":{"gitId":"asytrix99"},"content":"","lastModifiedDate":"2025-08-31T14:43:46","isFullCredit":false},{"lineNumber":164,"author":{"gitId":"asytrix99"},"content":"\t\t// Set task t subclass based on action","lastModifiedDate":"2025-09-07T02:26:50","isFullCredit":false},{"lineNumber":165,"author":{"gitId":"asytrix99"},"content":"\t\tswitch (action) {","lastModifiedDate":"2025-09-07T02:26:50","isFullCredit":false},{"lineNumber":166,"author":{"gitId":"asytrix99"},"content":"\t\tcase \"todo\":","lastModifiedDate":"2025-08-31T14:43:46","isFullCredit":false},{"lineNumber":167,"author":{"gitId":"asytrix99"},"content":"\t\t\tt \u003d new Todo(parts[1]);","lastModifiedDate":"2025-08-31T14:43:46","isFullCredit":false},{"lineNumber":168,"author":{"gitId":"asytrix99"},"content":"\t\t\tbreak;","lastModifiedDate":"2025-08-31T14:43:46","isFullCredit":false},{"lineNumber":169,"author":{"gitId":"asytrix99"},"content":"\t\tcase \"deadline\":","lastModifiedDate":"2025-08-31T14:43:46","isFullCredit":false},{"lineNumber":170,"author":{"gitId":"asytrix99"},"content":"\t\t\tString[] deadlineParts \u003d parts[1].split(\" /by \");","lastModifiedDate":"2025-08-31T14:43:46","isFullCredit":false},{"lineNumber":171,"author":{"gitId":"asytrix99"},"content":"\t\t\tt \u003d new Deadline(deadlineParts[0], deadlineParts[1]);","lastModifiedDate":"2025-08-31T14:43:46","isFullCredit":false},{"lineNumber":172,"author":{"gitId":"asytrix99"},"content":"\t\t\tbreak;","lastModifiedDate":"2025-08-31T14:43:46","isFullCredit":false},{"lineNumber":173,"author":{"gitId":"asytrix99"},"content":"\t\tcase \"event\":","lastModifiedDate":"2025-08-31T14:43:46","isFullCredit":false},{"lineNumber":174,"author":{"gitId":"asytrix99"},"content":"\t\t\tString[] eventParts \u003d parts[1].split(\"/from | /to\");","lastModifiedDate":"2025-08-31T14:43:46","isFullCredit":false},{"lineNumber":175,"author":{"gitId":"asytrix99"},"content":"\t\t\tt \u003d new Event(eventParts[0], eventParts[1], eventParts[2]);","lastModifiedDate":"2025-08-31T14:43:46","isFullCredit":false},{"lineNumber":176,"author":{"gitId":"asytrix99"},"content":"\t\t\tbreak;","lastModifiedDate":"2025-08-31T14:43:46","isFullCredit":false},{"lineNumber":177,"author":{"gitId":"asytrix99"},"content":"\t\tdefault:","lastModifiedDate":"2025-08-31T14:43:46","isFullCredit":false},{"lineNumber":178,"author":{"gitId":"asytrix99"},"content":"\t\t\tSystem.out.println(INDENT + \"Invalid action!\");","lastModifiedDate":"2025-09-07T02:26:50","isFullCredit":false},{"lineNumber":179,"author":{"gitId":"asytrix99"},"content":"\t\t\ttab();","lastModifiedDate":"2025-08-31T14:43:46","isFullCredit":false},{"lineNumber":180,"author":{"gitId":"asytrix99"},"content":"\t\t\treturn;","lastModifiedDate":"2025-08-31T14:43:46","isFullCredit":false},{"lineNumber":181,"author":{"gitId":"asytrix99"},"content":"\t\t}","lastModifiedDate":"2025-08-31T14:43:46","isFullCredit":false},{"lineNumber":182,"author":{"gitId":"asytrix99"},"content":"","lastModifiedDate":"2025-08-31T14:43:46","isFullCredit":false},{"lineNumber":183,"author":{"gitId":"asytrix99"},"content":"\t\ttodo_list.add(t);","lastModifiedDate":"2025-08-31T14:43:46","isFullCredit":false},{"lineNumber":184,"author":{"gitId":"asytrix99"},"content":"\t\tSystem.out.println(INDENT + \"Got it. I\u0027ve added this task:\");","lastModifiedDate":"2025-09-07T02:26:50","isFullCredit":false},{"lineNumber":185,"author":{"gitId":"asytrix99"},"content":"\t\tSystem.out.println(INDENT + \" \" + t);","lastModifiedDate":"2025-09-07T02:26:50","isFullCredit":false},{"lineNumber":186,"author":{"gitId":"asytrix99"},"content":"\t\tSystem.out.println(INDENT + \"Now you have \" + todo_list.size() + \" tasks in this list.\");","lastModifiedDate":"2025-09-07T02:26:50","isFullCredit":false},{"lineNumber":187,"author":{"gitId":"asytrix99"},"content":"\t\ttab();","lastModifiedDate":"2025-08-31T14:43:46","isFullCredit":false},{"lineNumber":188,"author":{"gitId":"asytrix99"},"content":"\t}","lastModifiedDate":"2025-08-31T14:43:46","isFullCredit":false},{"lineNumber":189,"author":{"gitId":"asytrix99"},"content":"","lastModifiedDate":"2025-09-07T02:26:50","isFullCredit":false},{"lineNumber":190,"author":{"gitId":"asytrix99"},"content":"\tpublic static void sayByeToUser() {","lastModifiedDate":"2025-09-11T02:25:46","isFullCredit":false},{"lineNumber":191,"author":{"gitId":"asytrix99"},"content":"\t\ttab();","lastModifiedDate":"2025-08-31T14:43:46","isFullCredit":false},{"lineNumber":192,"author":{"gitId":"asytrix99"},"content":"\t\tSystem.out.println(MSG_BYE);","lastModifiedDate":"2025-08-31T14:43:46","isFullCredit":false},{"lineNumber":193,"author":{"gitId":"asytrix99"},"content":"\t\ttab();","lastModifiedDate":"2025-08-31T14:43:46","isFullCredit":false},{"lineNumber":194,"author":{"gitId":"asytrix99"},"content":"\t}","lastModifiedDate":"2025-08-31T14:43:46","isFullCredit":false},{"lineNumber":195,"author":{"gitId":"asytrix99"},"content":"","lastModifiedDate":"2025-09-07T02:26:50","isFullCredit":false},{"lineNumber":196,"author":{"gitId":"asytrix99"},"content":"\tprivate static void printList(ArrayList\u003cTask\u003e todo_list) {","lastModifiedDate":"2025-08-31T14:43:46","isFullCredit":false},{"lineNumber":197,"author":{"gitId":"asytrix99"},"content":"\t\tint counter \u003d 1;","lastModifiedDate":"2025-08-31T14:43:46","isFullCredit":false},{"lineNumber":198,"author":{"gitId":"asytrix99"},"content":"\t\tSystem.out.println(INDENT + \"Here are the tasks in your list:\");","lastModifiedDate":"2025-09-07T02:26:50","isFullCredit":false},{"lineNumber":199,"author":{"gitId":"asytrix99"},"content":"\t\tfor (Task task : todo_list) {","lastModifiedDate":"2025-08-31T14:43:46","isFullCredit":false},{"lineNumber":200,"author":{"gitId":"asytrix99"},"content":"\t\t\tSystem.out.println(INDENT + counter + \".\" + task.toString());","lastModifiedDate":"2025-09-07T02:26:50","isFullCredit":false},{"lineNumber":201,"author":{"gitId":"asytrix99"},"content":"\t\t\tcounter++;","lastModifiedDate":"2025-08-31T14:43:46","isFullCredit":false},{"lineNumber":202,"author":{"gitId":"asytrix99"},"content":"\t\t}","lastModifiedDate":"2025-08-31T14:43:46","isFullCredit":false},{"lineNumber":203,"author":{"gitId":"asytrix99"},"content":"\t}","lastModifiedDate":"2025-08-31T14:43:46","isFullCredit":false},{"lineNumber":204,"author":{"gitId":"asytrix99"},"content":"","lastModifiedDate":"2025-09-07T02:26:50","isFullCredit":false},{"lineNumber":205,"author":{"gitId":"asytrix99"},"content":"\tprivate static void checkEmptyList(ArrayList\u003cTask\u003e todo_list) throws EmptyListException {","lastModifiedDate":"2025-09-11T02:25:46","isFullCredit":false},{"lineNumber":206,"author":{"gitId":"asytrix99"},"content":"\t\tif (todo_list.isEmpty()) {","lastModifiedDate":"2025-08-31T14:43:46","isFullCredit":false},{"lineNumber":207,"author":{"gitId":"asytrix99"},"content":"\t\t\ttab();","lastModifiedDate":"2025-09-11T02:25:46","isFullCredit":false},{"lineNumber":208,"author":{"gitId":"asytrix99"},"content":"\t\t\tthrow new EmptyListException(INDENT + EMPTY_LIST_PROMPT);","lastModifiedDate":"2025-09-11T02:25:46","isFullCredit":false},{"lineNumber":209,"author":{"gitId":"asytrix99"},"content":"\t\t}","lastModifiedDate":"2025-08-31T14:43:46","isFullCredit":false},{"lineNumber":210,"author":{"gitId":"asytrix99"},"content":"\t}","lastModifiedDate":"2025-08-31T14:43:46","isFullCredit":false},{"lineNumber":211,"author":{"gitId":"asytrix99"},"content":"","lastModifiedDate":"2025-09-07T02:26:50","isFullCredit":false},{"lineNumber":212,"author":{"gitId":"asytrix99"},"content":"\tprivate static void printTaskBar(ArrayList\u003cTask\u003e todo_list, int task_index) {","lastModifiedDate":"2025-08-31T14:43:46","isFullCredit":false},{"lineNumber":213,"author":{"gitId":"asytrix99"},"content":"\t\tString string \u003d todo_list.get(task_index).toString();","lastModifiedDate":"2025-09-07T02:26:50","isFullCredit":false},{"lineNumber":214,"author":{"gitId":"asytrix99"},"content":"\t\tSystem.out.println(string);","lastModifiedDate":"2025-09-07T02:26:50","isFullCredit":false},{"lineNumber":215,"author":{"gitId":"asytrix99"},"content":"\t}","lastModifiedDate":"2025-08-31T14:43:46","isFullCredit":false},{"lineNumber":216,"author":{"gitId":"asytrix99"},"content":"","lastModifiedDate":"2025-09-07T02:26:50","isFullCredit":false},{"lineNumber":217,"author":{"gitId":"asytrix99"},"content":"\tprivate static void checkDuplicateUnmark(ArrayList\u003cTask\u003e todo_list, int task_index) throws DuplicateMarkingException {","lastModifiedDate":"2025-09-11T02:25:46","isFullCredit":false},{"lineNumber":218,"author":{"gitId":"asytrix99"},"content":"\t\tif (!todo_list.get(task_index).isDone) {","lastModifiedDate":"2025-08-31T14:43:46","isFullCredit":false},{"lineNumber":219,"author":{"gitId":"asytrix99"},"content":"\t\t\tthrow new DuplicateMarkingException(INDENT + MSG_DUPLICATE_UNMARK);","lastModifiedDate":"2025-09-11T02:25:46","isFullCredit":false},{"lineNumber":220,"author":{"gitId":"asytrix99"},"content":"\t\t} else {","lastModifiedDate":"2025-08-31T14:43:46","isFullCredit":false},{"lineNumber":221,"author":{"gitId":"asytrix99"},"content":"\t\t\tSystem.out.println(INDENT + MSG_UNMARK);","lastModifiedDate":"2025-09-11T02:25:46","isFullCredit":false},{"lineNumber":222,"author":{"gitId":"asytrix99"},"content":"\t\t\ttodo_list.get(task_index).isDone \u003d false;","lastModifiedDate":"2025-08-31T14:43:46","isFullCredit":false},{"lineNumber":223,"author":{"gitId":"asytrix99"},"content":"\t\t\ttab();","lastModifiedDate":"2025-08-31T14:43:46","isFullCredit":false},{"lineNumber":224,"author":{"gitId":"asytrix99"},"content":"\t\t}","lastModifiedDate":"2025-08-31T14:43:46","isFullCredit":false},{"lineNumber":225,"author":{"gitId":"asytrix99"},"content":"\t}","lastModifiedDate":"2025-08-31T14:43:46","isFullCredit":false},{"lineNumber":226,"author":{"gitId":"asytrix99"},"content":"","lastModifiedDate":"2025-09-07T02:26:50","isFullCredit":false},{"lineNumber":227,"author":{"gitId":"asytrix99"},"content":"\tprivate static void checkDuplicateMark(ArrayList\u003cTask\u003e todo_list, int task_index) throws DuplicateMarkingException {","lastModifiedDate":"2025-09-11T02:25:46","isFullCredit":false},{"lineNumber":228,"author":{"gitId":"asytrix99"},"content":"\t\tif (todo_list.get(task_index).isDone) {","lastModifiedDate":"2025-08-31T14:43:46","isFullCredit":false},{"lineNumber":229,"author":{"gitId":"asytrix99"},"content":"\t\t\tthrow new DuplicateMarkingException(INDENT + MSG_DUPLICATE_MARK);","lastModifiedDate":"2025-09-11T02:25:46","isFullCredit":false},{"lineNumber":230,"author":{"gitId":"asytrix99"},"content":"\t\t} else {","lastModifiedDate":"2025-08-31T14:43:46","isFullCredit":false},{"lineNumber":231,"author":{"gitId":"asytrix99"},"content":"\t\t\tSystem.out.println(INDENT + MSG_MARK);","lastModifiedDate":"2025-09-11T02:25:46","isFullCredit":false},{"lineNumber":232,"author":{"gitId":"asytrix99"},"content":"\t\t\ttodo_list.get(task_index).isDone \u003d true;","lastModifiedDate":"2025-08-31T14:43:46","isFullCredit":false},{"lineNumber":233,"author":{"gitId":"asytrix99"},"content":"\t\t\ttab();","lastModifiedDate":"2025-08-31T14:43:46","isFullCredit":false},{"lineNumber":234,"author":{"gitId":"asytrix99"},"content":"\t\t}","lastModifiedDate":"2025-08-31T14:43:46","isFullCredit":false},{"lineNumber":235,"author":{"gitId":"asytrix99"},"content":"\t}","lastModifiedDate":"2025-08-31T14:43:46","isFullCredit":false},{"lineNumber":236,"author":{"gitId":"asytrix99"},"content":"","lastModifiedDate":"2025-09-07T02:26:50","isFullCredit":false},{"lineNumber":237,"author":{"gitId":"asytrix99"},"content":"\tprivate static void checkCorrectNumArgs(String echo_word) throws NumArgsException {","lastModifiedDate":"2025-09-11T02:25:46","isFullCredit":false},{"lineNumber":238,"author":{"gitId":"asytrix99"},"content":"\t\tif (echo_word.split(\" \").length \u003d\u003d 1) {","lastModifiedDate":"2025-08-31T14:43:46","isFullCredit":false},{"lineNumber":239,"author":{"gitId":"asytrix99"},"content":"\t\t\ttab();","lastModifiedDate":"2025-08-31T14:43:46","isFullCredit":false},{"lineNumber":240,"author":{"gitId":"asytrix99"},"content":"\t\t\tthrow new NumArgsException(INDENT + MISSING_INDEX_PROMPT);","lastModifiedDate":"2025-09-11T02:25:46","isFullCredit":false},{"lineNumber":241,"author":{"gitId":"asytrix99"},"content":"\t\t} else if (echo_word.split(\" \").length \u003e 2) {","lastModifiedDate":"2025-08-31T14:43:46","isFullCredit":false},{"lineNumber":242,"author":{"gitId":"asytrix99"},"content":"\t\t\ttab();","lastModifiedDate":"2025-08-31T14:43:46","isFullCredit":false},{"lineNumber":243,"author":{"gitId":"asytrix99"},"content":"\t\t\tthrow new NumArgsException(INDENT + EXCESSIVE_INPUT_ARGS_PROMPT);","lastModifiedDate":"2025-09-11T02:25:46","isFullCredit":false},{"lineNumber":244,"author":{"gitId":"asytrix99"},"content":"\t\t}","lastModifiedDate":"2025-08-31T14:43:46","isFullCredit":false},{"lineNumber":245,"author":{"gitId":"asytrix99"},"content":"\t}","lastModifiedDate":"2025-08-31T14:43:46","isFullCredit":false},{"lineNumber":246,"author":{"gitId":"asytrix99"},"content":"}","lastModifiedDate":"2025-08-31T14:43:46","isFullCredit":false}],"authorContributionMap":{"asytrix99":246}},{"path":"src/main/java/zeus/exceptions/DuplicateMarkingException.java","fileType":"java","lines":[{"lineNumber":1,"author":{"gitId":"asytrix99"},"content":"package zeus.exceptions;","lastModifiedDate":"2025-09-11T02:25:46","isFullCredit":false},{"lineNumber":2,"author":{"gitId":"asytrix99"},"content":"","lastModifiedDate":"2025-09-11T02:25:46","isFullCredit":false},{"lineNumber":3,"author":{"gitId":"asytrix99"},"content":"public class DuplicateMarkingException extends Exception {","lastModifiedDate":"2025-09-11T02:25:46","isFullCredit":false},{"lineNumber":4,"author":{"gitId":"asytrix99"},"content":"\tpublic DuplicateMarkingException(String message) {","lastModifiedDate":"2025-09-11T02:25:46","isFullCredit":false},{"lineNumber":5,"author":{"gitId":"asytrix99"},"content":"\t\tsuper(message);","lastModifiedDate":"2025-09-11T02:25:46","isFullCredit":false},{"lineNumber":6,"author":{"gitId":"asytrix99"},"content":"\t}","lastModifiedDate":"2025-09-11T02:25:46","isFullCredit":false},{"lineNumber":7,"author":{"gitId":"asytrix99"},"content":"}","lastModifiedDate":"2025-09-11T02:25:46","isFullCredit":false}],"authorContributionMap":{"asytrix99":7}},{"path":"src/main/java/zeus/exceptions/EmptyListException.java","fileType":"java","lines":[{"lineNumber":1,"author":{"gitId":"asytrix99"},"content":"package zeus.exceptions;","lastModifiedDate":"2025-09-11T02:25:46","isFullCredit":false},{"lineNumber":2,"author":{"gitId":"asytrix99"},"content":"","lastModifiedDate":"2025-09-11T02:25:46","isFullCredit":false},{"lineNumber":3,"author":{"gitId":"asytrix99"},"content":"public class EmptyListException extends Exception {","lastModifiedDate":"2025-09-11T02:25:46","isFullCredit":false},{"lineNumber":4,"author":{"gitId":"asytrix99"},"content":"\tpublic EmptyListException(String message) {","lastModifiedDate":"2025-09-11T02:25:46","isFullCredit":false},{"lineNumber":5,"author":{"gitId":"asytrix99"},"content":"\t\tsuper(message);","lastModifiedDate":"2025-09-11T02:25:46","isFullCredit":false},{"lineNumber":6,"author":{"gitId":"asytrix99"},"content":"\t}","lastModifiedDate":"2025-09-11T02:25:46","isFullCredit":false},{"lineNumber":7,"author":{"gitId":"asytrix99"},"content":"}","lastModifiedDate":"2025-09-11T02:25:46","isFullCredit":false}],"authorContributionMap":{"asytrix99":7}},{"path":"src/main/java/zeus/exceptions/NumArgsException.java","fileType":"java","lines":[{"lineNumber":1,"author":{"gitId":"asytrix99"},"content":"package zeus.exceptions;","lastModifiedDate":"2025-09-11T02:25:46","isFullCredit":false},{"lineNumber":2,"author":{"gitId":"asytrix99"},"content":"","lastModifiedDate":"2025-09-11T02:25:46","isFullCredit":false},{"lineNumber":3,"author":{"gitId":"asytrix99"},"content":"public class NumArgsException extends Exception {","lastModifiedDate":"2025-09-11T02:25:46","isFullCredit":false},{"lineNumber":4,"author":{"gitId":"asytrix99"},"content":"\tpublic NumArgsException(String message) {","lastModifiedDate":"2025-09-11T02:25:46","isFullCredit":false},{"lineNumber":5,"author":{"gitId":"asytrix99"},"content":"\t\tsuper(message);","lastModifiedDate":"2025-09-11T02:25:46","isFullCredit":false},{"lineNumber":6,"author":{"gitId":"asytrix99"},"content":"\t}","lastModifiedDate":"2025-09-11T02:25:46","isFullCredit":false},{"lineNumber":7,"author":{"gitId":"asytrix99"},"content":"}","lastModifiedDate":"2025-09-11T02:25:46","isFullCredit":false}],"authorContributionMap":{"asytrix99":7}},{"path":"src/main/java/zeus/tasks/Deadline.java","fileType":"java","lines":[{"lineNumber":1,"author":{"gitId":"asytrix99"},"content":"package zeus.tasks;","lastModifiedDate":"2025-09-07T03:40:20","isFullCredit":false},{"lineNumber":2,"author":{"gitId":"asytrix99"},"content":"","lastModifiedDate":"2025-09-07T03:40:20","isFullCredit":false},{"lineNumber":3,"author":{"gitId":"asytrix99"},"content":"public class Deadline extends Task {","lastModifiedDate":"2025-08-31T14:43:46","isFullCredit":false},{"lineNumber":4,"author":{"gitId":"asytrix99"},"content":"\tprotected String by;","lastModifiedDate":"2025-08-31T14:43:46","isFullCredit":false},{"lineNumber":5,"author":{"gitId":"asytrix99"},"content":"","lastModifiedDate":"2025-08-31T14:43:46","isFullCredit":false},{"lineNumber":6,"author":{"gitId":"asytrix99"},"content":"\tpublic Deadline (String description, String by) {","lastModifiedDate":"2025-08-31T14:43:46","isFullCredit":false},{"lineNumber":7,"author":{"gitId":"asytrix99"},"content":"\t\tsuper(description);","lastModifiedDate":"2025-08-31T14:43:46","isFullCredit":false},{"lineNumber":8,"author":{"gitId":"asytrix99"},"content":"\t\tthis.by \u003d by;","lastModifiedDate":"2025-08-31T14:43:46","isFullCredit":false},{"lineNumber":9,"author":{"gitId":"asytrix99"},"content":"\t}","lastModifiedDate":"2025-08-31T14:43:46","isFullCredit":false},{"lineNumber":10,"author":{"gitId":"asytrix99"},"content":"","lastModifiedDate":"2025-08-31T14:43:46","isFullCredit":false},{"lineNumber":11,"author":{"gitId":"asytrix99"},"content":"\t@Override","lastModifiedDate":"2025-08-31T14:43:46","isFullCredit":false},{"lineNumber":12,"author":{"gitId":"asytrix99"},"content":"\tpublic String toString() {","lastModifiedDate":"2025-08-31T14:43:46","isFullCredit":false},{"lineNumber":13,"author":{"gitId":"asytrix99"},"content":"\t\treturn \"\\t\\t[D]\" + super.toString() + \" (by: \" + by + \")\";","lastModifiedDate":"2025-09-07T02:26:50","isFullCredit":false},{"lineNumber":14,"author":{"gitId":"asytrix99"},"content":"\t}","lastModifiedDate":"2025-08-31T14:43:46","isFullCredit":false},{"lineNumber":15,"author":{"gitId":"asytrix99"},"content":"}","lastModifiedDate":"2025-08-31T14:43:46","isFullCredit":false}],"authorContributionMap":{"asytrix99":15}},{"path":"src/main/java/zeus/tasks/Event.java","fileType":"java","lines":[{"lineNumber":1,"author":{"gitId":"asytrix99"},"content":"package zeus.tasks;","lastModifiedDate":"2025-09-07T03:40:20","isFullCredit":false},{"lineNumber":2,"author":{"gitId":"asytrix99"},"content":"","lastModifiedDate":"2025-09-07T03:40:20","isFullCredit":false},{"lineNumber":3,"author":{"gitId":"asytrix99"},"content":"public class Event extends Task {","lastModifiedDate":"2025-08-31T14:43:46","isFullCredit":false},{"lineNumber":4,"author":{"gitId":"asytrix99"},"content":"\tprotected String from;","lastModifiedDate":"2025-08-31T14:43:46","isFullCredit":false},{"lineNumber":5,"author":{"gitId":"asytrix99"},"content":"\tprotected String to;","lastModifiedDate":"2025-08-31T14:43:46","isFullCredit":false},{"lineNumber":6,"author":{"gitId":"asytrix99"},"content":"","lastModifiedDate":"2025-08-31T14:43:46","isFullCredit":false},{"lineNumber":7,"author":{"gitId":"asytrix99"},"content":"\tpublic Event (String description, String from, String to) {","lastModifiedDate":"2025-08-31T14:43:46","isFullCredit":false},{"lineNumber":8,"author":{"gitId":"asytrix99"},"content":"\t\tsuper(description);","lastModifiedDate":"2025-08-31T14:43:46","isFullCredit":false},{"lineNumber":9,"author":{"gitId":"asytrix99"},"content":"\t\tthis.from \u003d from;","lastModifiedDate":"2025-08-31T14:43:46","isFullCredit":false},{"lineNumber":10,"author":{"gitId":"asytrix99"},"content":"\t\tthis.to \u003d to;","lastModifiedDate":"2025-08-31T14:43:46","isFullCredit":false},{"lineNumber":11,"author":{"gitId":"asytrix99"},"content":"\t}","lastModifiedDate":"2025-08-31T14:43:46","isFullCredit":false},{"lineNumber":12,"author":{"gitId":"asytrix99"},"content":"","lastModifiedDate":"2025-08-31T14:43:46","isFullCredit":false},{"lineNumber":13,"author":{"gitId":"asytrix99"},"content":"\t@Override","lastModifiedDate":"2025-08-31T14:43:46","isFullCredit":false},{"lineNumber":14,"author":{"gitId":"asytrix99"},"content":"\tpublic String toString() {","lastModifiedDate":"2025-08-31T14:43:46","isFullCredit":false},{"lineNumber":15,"author":{"gitId":"asytrix99"},"content":"\t\treturn \"\\t\\t[E]\" + super.toString() + \" (from: \" + from + \" to:\" + to + \")\";","lastModifiedDate":"2025-09-07T02:26:50","isFullCredit":false},{"lineNumber":16,"author":{"gitId":"asytrix99"},"content":"\t}","lastModifiedDate":"2025-08-31T14:43:46","isFullCredit":false},{"lineNumber":17,"author":{"gitId":"asytrix99"},"content":"}","lastModifiedDate":"2025-08-31T14:43:46","isFullCredit":false}],"authorContributionMap":{"asytrix99":17}},{"path":"src/main/java/zeus/tasks/Task.java","fileType":"java","lines":[{"lineNumber":1,"author":{"gitId":"asytrix99"},"content":"package zeus.tasks;","lastModifiedDate":"2025-09-07T03:40:20","isFullCredit":false},{"lineNumber":2,"author":{"gitId":"asytrix99"},"content":"","lastModifiedDate":"2025-09-07T03:40:20","isFullCredit":false},{"lineNumber":3,"author":{"gitId":"asytrix99"},"content":"public class Task {","lastModifiedDate":"2025-08-25T10:54:04","isFullCredit":false},{"lineNumber":4,"author":{"gitId":"asytrix99"},"content":"\tprotected String description;","lastModifiedDate":"2025-08-25T10:54:04","isFullCredit":false},{"lineNumber":5,"author":{"gitId":"asytrix99"},"content":"\tpublic boolean isDone;","lastModifiedDate":"2025-09-07T03:40:20","isFullCredit":false},{"lineNumber":6,"author":{"gitId":"asytrix99"},"content":"","lastModifiedDate":"2025-08-25T10:54:04","isFullCredit":false},{"lineNumber":7,"author":{"gitId":"asytrix99"},"content":"\tpublic Task(String description) {","lastModifiedDate":"2025-08-25T10:54:04","isFullCredit":false},{"lineNumber":8,"author":{"gitId":"asytrix99"},"content":"\t\tthis.description \u003d description;","lastModifiedDate":"2025-08-25T10:54:04","isFullCredit":false},{"lineNumber":9,"author":{"gitId":"asytrix99"},"content":"\t\tthis.isDone \u003d false;","lastModifiedDate":"2025-08-25T10:54:04","isFullCredit":false},{"lineNumber":10,"author":{"gitId":"asytrix99"},"content":"\t}","lastModifiedDate":"2025-08-25T10:54:04","isFullCredit":false},{"lineNumber":11,"author":{"gitId":"asytrix99"},"content":"","lastModifiedDate":"2025-08-25T10:54:04","isFullCredit":false},{"lineNumber":12,"author":{"gitId":"asytrix99"},"content":"\tpublic String getStatusIcon() {","lastModifiedDate":"2025-08-25T10:54:04","isFullCredit":false},{"lineNumber":13,"author":{"gitId":"asytrix99"},"content":"\t\treturn (isDone ? \"X\" : \" \");","lastModifiedDate":"2025-08-25T10:54:04","isFullCredit":false},{"lineNumber":14,"author":{"gitId":"asytrix99"},"content":"\t}","lastModifiedDate":"2025-08-25T10:54:04","isFullCredit":false},{"lineNumber":15,"author":{"gitId":"asytrix99"},"content":"","lastModifiedDate":"2025-08-25T10:54:04","isFullCredit":false},{"lineNumber":16,"author":{"gitId":"asytrix99"},"content":"\tpublic String toString() {","lastModifiedDate":"2025-08-31T14:43:46","isFullCredit":false},{"lineNumber":17,"author":{"gitId":"asytrix99"},"content":"\t\treturn \"[\" + getStatusIcon() + \"] \" + description;","lastModifiedDate":"2025-08-31T14:43:46","isFullCredit":false},{"lineNumber":18,"author":{"gitId":"asytrix99"},"content":"\t}","lastModifiedDate":"2025-08-25T10:54:04","isFullCredit":false},{"lineNumber":19,"author":{"gitId":"asytrix99"},"content":"}","lastModifiedDate":"2025-08-25T10:54:04","isFullCredit":false},{"lineNumber":20,"author":{"gitId":"asytrix99"},"content":"","lastModifiedDate":"2025-08-31T14:43:46","isFullCredit":false}],"authorContributionMap":{"asytrix99":20}},{"path":"src/main/java/zeus/tasks/Todo.java","fileType":"java","lines":[{"lineNumber":1,"author":{"gitId":"asytrix99"},"content":"package zeus.tasks;","lastModifiedDate":"2025-09-07T03:40:20","isFullCredit":false},{"lineNumber":2,"author":{"gitId":"asytrix99"},"content":"","lastModifiedDate":"2025-09-07T03:40:20","isFullCredit":false},{"lineNumber":3,"author":{"gitId":"asytrix99"},"content":"public class Todo extends Task {","lastModifiedDate":"2025-08-31T14:43:46","isFullCredit":false},{"lineNumber":4,"author":{"gitId":"asytrix99"},"content":"\tpublic Todo (String description) {","lastModifiedDate":"2025-08-31T14:43:46","isFullCredit":false},{"lineNumber":5,"author":{"gitId":"asytrix99"},"content":"\t\tsuper(description);","lastModifiedDate":"2025-08-31T14:43:46","isFullCredit":false},{"lineNumber":6,"author":{"gitId":"asytrix99"},"content":"\t}","lastModifiedDate":"2025-08-31T14:43:46","isFullCredit":false},{"lineNumber":7,"author":{"gitId":"asytrix99"},"content":"","lastModifiedDate":"2025-08-31T14:43:46","isFullCredit":false},{"lineNumber":8,"author":{"gitId":"asytrix99"},"content":"\t@Override","lastModifiedDate":"2025-08-31T14:43:46","isFullCredit":false},{"lineNumber":9,"author":{"gitId":"asytrix99"},"content":"\tpublic String toString() {","lastModifiedDate":"2025-08-31T14:43:46","isFullCredit":false},{"lineNumber":10,"author":{"gitId":"asytrix99"},"content":"\t\treturn \"\\t\\t[T]\" + super.toString();","lastModifiedDate":"2025-09-07T02:26:50","isFullCredit":false},{"lineNumber":11,"author":{"gitId":"asytrix99"},"content":"\t}","lastModifiedDate":"2025-08-31T14:43:46","isFullCredit":false},{"lineNumber":12,"author":{"gitId":"asytrix99"},"content":"}","lastModifiedDate":"2025-08-31T14:43:46","isFullCredit":false}],"authorContributionMap":{"asytrix99":12}},{"path":"text-ui-test/input.txt","fileType":"txt","lines":[{"lineNumber":1,"author":{"gitId":"asytrix99"},"content":"todo borrow book","lastModifiedDate":"2025-08-31T19:09:19","isFullCredit":false},{"lineNumber":2,"author":{"gitId":"asytrix99"},"content":"list","lastModifiedDate":"2025-09-07T03:05:19","isFullCredit":false},{"lineNumber":3,"author":{"gitId":"asytrix99"},"content":"mark 1","lastModifiedDate":"2025-09-07T03:05:19","isFullCredit":false},{"lineNumber":4,"author":{"gitId":"asytrix99"},"content":"mark 1","lastModifiedDate":"2025-09-07T03:05:19","isFullCredit":false},{"lineNumber":5,"author":{"gitId":"asytrix99"},"content":"unmark 1","lastModifiedDate":"2025-09-07T03:05:19","isFullCredit":false},{"lineNumber":6,"author":{"gitId":"asytrix99"},"content":"list","lastModifiedDate":"2025-09-07T03:05:19","isFullCredit":false},{"lineNumber":7,"author":{"gitId":"asytrix99"},"content":"event CS2113 exam /from Mon 5pm /to Tues 9pm","lastModifiedDate":"2025-09-07T03:05:19","isFullCredit":false},{"lineNumber":8,"author":{"gitId":"asytrix99"},"content":"list","lastModifiedDate":"2025-09-07T03:05:19","isFullCredit":false},{"lineNumber":9,"author":{"gitId":"asytrix99"},"content":"mark 2","lastModifiedDate":"2025-09-07T03:05:19","isFullCredit":false},{"lineNumber":10,"author":{"gitId":"asytrix99"},"content":"mark 1","lastModifiedDate":"2025-09-07T03:05:19","isFullCredit":false},{"lineNumber":11,"author":{"gitId":"asytrix99"},"content":"list","lastModifiedDate":"2025-09-07T03:05:19","isFullCredit":false},{"lineNumber":12,"author":{"gitId":"asytrix99"},"content":"deadline do assignment /by 5pm today","lastModifiedDate":"2025-09-07T03:05:19","isFullCredit":false},{"lineNumber":13,"author":{"gitId":"asytrix99"},"content":"list","lastModifiedDate":"2025-09-07T03:05:19","isFullCredit":false},{"lineNumber":14,"author":{"gitId":"asytrix99"},"content":"mark 3","lastModifiedDate":"2025-09-07T03:05:19","isFullCredit":false},{"lineNumber":15,"author":{"gitId":"asytrix99"},"content":"list","lastModifiedDate":"2025-09-07T03:05:19","isFullCredit":false},{"lineNumber":16,"author":{"gitId":"asytrix99"},"content":"mark 2","lastModifiedDate":"2025-09-07T03:05:19","isFullCredit":false},{"lineNumber":17,"author":{"gitId":"asytrix99"},"content":"bye","lastModifiedDate":"2025-09-07T03:05:19","isFullCredit":false}],"authorContributionMap":{"asytrix99":17}},{"path":"text-ui-test/runtest.bat","fileType":"bat","lines":[{"lineNumber":1,"author":{"gitId":"-"},"content":"@ECHO OFF","lastModifiedDate":"2020-05-25T00:03:55","isFullCredit":false},{"lineNumber":2,"author":{"gitId":"-"},"content":"","lastModifiedDate":"2020-05-25T00:03:55","isFullCredit":false},{"lineNumber":3,"author":{"gitId":"-"},"content":"REM create bin directory if it doesn\u0027t exist","lastModifiedDate":"2020-05-25T00:03:55","isFullCredit":false},{"lineNumber":4,"author":{"gitId":"-"},"content":"if not exist ..\\bin mkdir ..\\bin","lastModifiedDate":"2020-05-25T00:03:55","isFullCredit":false},{"lineNumber":5,"author":{"gitId":"-"},"content":"","lastModifiedDate":"2020-05-25T00:03:55","isFullCredit":false},{"lineNumber":6,"author":{"gitId":"-"},"content":"REM delete output from previous run","lastModifiedDate":"2020-05-25T00:03:55","isFullCredit":false},{"lineNumber":7,"author":{"gitId":"asytrix99"},"content":"del ACTUAL.TXT","lastModifiedDate":"2025-08-31T19:09:19","isFullCredit":false},{"lineNumber":8,"author":{"gitId":"-"},"content":"","lastModifiedDate":"2020-05-25T00:03:55","isFullCredit":false},{"lineNumber":9,"author":{"gitId":"-"},"content":"REM compile the code into the bin folder","lastModifiedDate":"2020-05-25T00:03:55","isFullCredit":false},{"lineNumber":10,"author":{"gitId":"-"},"content":"javac  -cp ..\\src\\main\\java -Xlint:none -d ..\\bin ..\\src\\main\\java\\*.java","lastModifiedDate":"2020-08-25T17:23:26","isFullCredit":false},{"lineNumber":11,"author":{"gitId":"-"},"content":"IF ERRORLEVEL 1 (","lastModifiedDate":"2020-05-25T00:03:55","isFullCredit":false},{"lineNumber":12,"author":{"gitId":"-"},"content":"    echo ********** BUILD FAILURE **********","lastModifiedDate":"2020-05-25T00:03:55","isFullCredit":false},{"lineNumber":13,"author":{"gitId":"-"},"content":"    exit /b 1","lastModifiedDate":"2020-05-25T00:03:55","isFullCredit":false},{"lineNumber":14,"author":{"gitId":"-"},"content":")","lastModifiedDate":"2020-05-25T00:03:55","isFullCredit":false},{"lineNumber":15,"author":{"gitId":"-"},"content":"REM no error here, errorlevel \u003d\u003d 0","lastModifiedDate":"2020-05-25T00:03:55","isFullCredit":false},{"lineNumber":16,"author":{"gitId":"-"},"content":"","lastModifiedDate":"2020-05-25T00:03:55","isFullCredit":false},{"lineNumber":17,"author":{"gitId":"-"},"content":"REM run the program, feed commands from input.txt file and redirect the output to the ACTUAL.TXT","lastModifiedDate":"2020-05-25T00:03:55","isFullCredit":false},{"lineNumber":18,"author":{"gitId":"asytrix99"},"content":"java -classpath ..\\bin main.java.ZeusBot \u003c input.txt \u003e ACTUAL.TXT","lastModifiedDate":"2025-08-31T19:09:19","isFullCredit":false},{"lineNumber":19,"author":{"gitId":"-"},"content":"","lastModifiedDate":"2020-05-25T00:03:55","isFullCredit":false},{"lineNumber":20,"author":{"gitId":"-"},"content":"REM compare the output to the expected output","lastModifiedDate":"2020-05-25T00:03:55","isFullCredit":false},{"lineNumber":21,"author":{"gitId":"-"},"content":"FC ACTUAL.TXT EXPECTED.TXT","lastModifiedDate":"2020-05-25T00:03:55","isFullCredit":false}],"authorContributionMap":{"asytrix99":2,"-":19}},{"path":"text-ui-test/runtest.sh","fileType":"sh","lines":[{"lineNumber":1,"author":{"gitId":"-"},"content":"#!/usr/bin/env bash","lastModifiedDate":"2020-05-25T00:03:55","isFullCredit":false},{"lineNumber":2,"author":{"gitId":"-"},"content":"","lastModifiedDate":"2020-05-25T00:03:55","isFullCredit":false},{"lineNumber":3,"author":{"gitId":"-"},"content":"# create bin directory if it doesn\u0027t exist","lastModifiedDate":"2020-05-25T00:03:55","isFullCredit":false},{"lineNumber":4,"author":{"gitId":"-"},"content":"if [ ! -d \"../bin\" ]","lastModifiedDate":"2020-05-25T00:03:55","isFullCredit":false},{"lineNumber":5,"author":{"gitId":"-"},"content":"then","lastModifiedDate":"2020-05-25T00:03:55","isFullCredit":false},{"lineNumber":6,"author":{"gitId":"-"},"content":"    mkdir ../bin","lastModifiedDate":"2020-05-25T00:03:55","isFullCredit":false},{"lineNumber":7,"author":{"gitId":"-"},"content":"fi","lastModifiedDate":"2020-05-25T00:03:55","isFullCredit":false},{"lineNumber":8,"author":{"gitId":"-"},"content":"","lastModifiedDate":"2020-05-25T00:03:55","isFullCredit":false},{"lineNumber":9,"author":{"gitId":"-"},"content":"# delete output from previous run","lastModifiedDate":"2020-05-25T00:03:55","isFullCredit":false},{"lineNumber":10,"author":{"gitId":"-"},"content":"if [ -e \"./ACTUAL.TXT\" ]","lastModifiedDate":"2020-05-25T00:03:55","isFullCredit":false},{"lineNumber":11,"author":{"gitId":"-"},"content":"then","lastModifiedDate":"2020-05-25T00:03:55","isFullCredit":false},{"lineNumber":12,"author":{"gitId":"-"},"content":"    rm ACTUAL.TXT","lastModifiedDate":"2020-05-25T00:03:55","isFullCredit":false},{"lineNumber":13,"author":{"gitId":"-"},"content":"fi","lastModifiedDate":"2020-05-25T00:03:55","isFullCredit":false},{"lineNumber":14,"author":{"gitId":"-"},"content":"","lastModifiedDate":"2020-05-25T00:03:55","isFullCredit":false},{"lineNumber":15,"author":{"gitId":"-"},"content":"# compile the code into the bin folder, terminates if error occurred","lastModifiedDate":"2020-05-25T00:03:55","isFullCredit":false},{"lineNumber":16,"author":{"gitId":"asytrix99"},"content":"if ! javac -cp ../src/main/java -Xlint:none -d ../bin ../src/main/java/zeus/ZeusBot.java ../src/main/java/zeus/tasks/*.java ../src/main/java/zeus/exceptions/*.java","lastModifiedDate":"2025-09-11T02:25:46","isFullCredit":false},{"lineNumber":17,"author":{"gitId":"-"},"content":"then","lastModifiedDate":"2020-05-25T00:03:55","isFullCredit":false},{"lineNumber":18,"author":{"gitId":"-"},"content":"    echo \"********** BUILD FAILURE **********\"","lastModifiedDate":"2020-05-25T00:03:55","isFullCredit":false},{"lineNumber":19,"author":{"gitId":"-"},"content":"    exit 1","lastModifiedDate":"2020-05-25T00:03:55","isFullCredit":false},{"lineNumber":20,"author":{"gitId":"-"},"content":"fi","lastModifiedDate":"2020-05-25T00:03:55","isFullCredit":false},{"lineNumber":21,"author":{"gitId":"-"},"content":"","lastModifiedDate":"2020-05-25T00:03:55","isFullCredit":false},{"lineNumber":22,"author":{"gitId":"-"},"content":"# run the program, feed commands from input.txt file and redirect the output to the ACTUAL.TXT","lastModifiedDate":"2020-05-25T00:03:55","isFullCredit":false},{"lineNumber":23,"author":{"gitId":"-"},"content":"java -classpath ../bin Duke \u003c input.txt \u003e ACTUAL.TXT","lastModifiedDate":"2020-05-25T00:03:55","isFullCredit":false},{"lineNumber":24,"author":{"gitId":"-"},"content":"","lastModifiedDate":"2020-05-25T00:03:55","isFullCredit":false},{"lineNumber":25,"author":{"gitId":"-"},"content":"# convert to UNIX format","lastModifiedDate":"2020-05-25T00:03:55","isFullCredit":false},{"lineNumber":26,"author":{"gitId":"-"},"content":"cp EXPECTED.TXT EXPECTED-UNIX.TXT","lastModifiedDate":"2020-05-25T00:03:55","isFullCredit":false},{"lineNumber":27,"author":{"gitId":"-"},"content":"dos2unix ACTUAL.TXT EXPECTED-UNIX.TXT","lastModifiedDate":"2020-05-25T00:03:55","isFullCredit":false},{"lineNumber":28,"author":{"gitId":"-"},"content":"","lastModifiedDate":"2020-05-25T00:03:55","isFullCredit":false},{"lineNumber":29,"author":{"gitId":"-"},"content":"# compare the output to the expected output","lastModifiedDate":"2020-05-25T00:03:55","isFullCredit":false},{"lineNumber":30,"author":{"gitId":"-"},"content":"diff ACTUAL.TXT EXPECTED-UNIX.TXT","lastModifiedDate":"2020-05-25T00:03:55","isFullCredit":false},{"lineNumber":31,"author":{"gitId":"-"},"content":"if [ $? -eq 0 ]","lastModifiedDate":"2020-05-25T00:03:55","isFullCredit":false},{"lineNumber":32,"author":{"gitId":"-"},"content":"then","lastModifiedDate":"2020-05-25T00:03:55","isFullCredit":false},{"lineNumber":33,"author":{"gitId":"-"},"content":"    echo \"Test result: PASSED\"","lastModifiedDate":"2020-05-25T00:03:55","isFullCredit":false},{"lineNumber":34,"author":{"gitId":"-"},"content":"    exit 0","lastModifiedDate":"2020-05-25T00:03:55","isFullCredit":false},{"lineNumber":35,"author":{"gitId":"-"},"content":"else","lastModifiedDate":"2020-05-25T00:03:55","isFullCredit":false},{"lineNumber":36,"author":{"gitId":"-"},"content":"    echo \"Test result: FAILED\"","lastModifiedDate":"2020-05-25T00:03:55","isFullCredit":false},{"lineNumber":37,"author":{"gitId":"-"},"content":"    exit 1","lastModifiedDate":"2020-05-25T00:03:55","isFullCredit":false},{"lineNumber":38,"author":{"gitId":"-"},"content":"fi","lastModifiedDate":"2020-05-25T00:03:55","isFullCredit":false}],"authorContributionMap":{"asytrix99":1,"-":37}}]
