{"authorDailyContributionsMap":{"JordanTwz":[{"date":"2025-08-24T00:00:00","commitResults":[{"hash":"a2e31e9a36e7d145247659e51c131aa935315e0b","isMergeCommit":false,"messageTitle":"Nami.java: Add Level-0 greet and exit","messageBody":"","tags":["level-0"],"fileTypesAndContributionMap":{"java":{"insertions":11,"deletions":10}}}]},{"date":"2025-08-28T00:00:00","commitResults":[{"hash":"5a842af8fea60dfff10f116e607b407811f36e1e","isMergeCommit":false,"messageTitle":"Nami.java: Implement Level-1 echo","messageBody":"","tags":["level-1"],"fileTypesAndContributionMap":{"java":{"insertions":21,"deletions":5}}},{"hash":"22196f6b72736e53df888e2884e83bb94d47b95e","isMergeCommit":false,"messageTitle":"Navi.java: Implement Level-2 add and list","messageBody":"","tags":["level-2"],"fileTypesAndContributionMap":{"java":{"insertions":18,"deletions":3}}}]},{"date":"2025-08-29T00:00:00","commitResults":[{"hash":"9666a7ab10cae63ec35cf48a1d7669021bc595ce","isMergeCommit":false,"messageTitle":"Task.java: Introduce Task class for A-Classes","messageBody":"","tags":["level-3","A-CodingStandard"],"fileTypesAndContributionMap":{"java":{"insertions":61,"deletions":7}}}]},{"date":"2025-09-05T00:00:00","commitResults":[{"hash":"7a3ba57b876b8bab790009edf51b113164c5c9d8","isMergeCommit":false,"messageTitle":"todo/deadline/event: Implement Level-4 with inheritance","messageBody":"","tags":["level-4","A-TextUiTesting","A-CodeQuality"],"fileTypesAndContributionMap":{"txt":{"insertions":8,"deletions":0},"java":{"insertions":118,"deletions":44},"bat":{"insertions":1,"deletions":1}}}]}]},"authorFileTypeContributionMap":{"JordanTwz":{"java":170,"md":0,"fxml":0,"sh":0,"bat":1,"gradle":0,"txt":8}},"authorContributionVariance":{"JordanTwz":1158.1664},"authorDisplayNameMap":{"JordanTwz":"CS2113-W12-4 JORD..HENG"}}
