[{"path":"src/main/java/berry/Berry.java","fileType":"java","lines":[{"lineNumber":1,"author":{"gitId":"gohjieling834"},"content":"package berry;","lastModifiedDate":"2025-09-12T03:00:13","isFullCredit":false},{"lineNumber":2,"author":{"gitId":"gohjieling834"},"content":"","lastModifiedDate":"2025-09-12T03:00:13","isFullCredit":false},{"lineNumber":3,"author":{"gitId":"gohjieling834"},"content":"import berry.task.Deadline;","lastModifiedDate":"2025-09-12T03:00:13","isFullCredit":false},{"lineNumber":4,"author":{"gitId":"gohjieling834"},"content":"import berry.task.Event;","lastModifiedDate":"2025-09-12T03:00:13","isFullCredit":false},{"lineNumber":5,"author":{"gitId":"gohjieling834"},"content":"import berry.task.Task;","lastModifiedDate":"2025-09-12T03:00:13","isFullCredit":false},{"lineNumber":6,"author":{"gitId":"gohjieling834"},"content":"import berry.task.Todo;","lastModifiedDate":"2025-09-12T03:00:13","isFullCredit":false},{"lineNumber":7,"author":{"gitId":"gohjieling834"},"content":"","lastModifiedDate":"2025-09-12T03:00:13","isFullCredit":false},{"lineNumber":8,"author":{"gitId":"gohjieling834"},"content":"import java.util.Scanner;","lastModifiedDate":"2025-08-29T01:52:21","isFullCredit":false},{"lineNumber":9,"author":{"gitId":"gohjieling834"},"content":"","lastModifiedDate":"2025-08-29T01:52:21","isFullCredit":false},{"lineNumber":10,"author":{"gitId":"gohjieling834"},"content":"public class Berry {","lastModifiedDate":"2025-08-22T17:43:08","isFullCredit":false},{"lineNumber":11,"author":{"gitId":"gohjieling834"},"content":"    public static final String DIVIDER \u003d \"‧⋆ ✧˚₊‧⋆. ✧˚₊‧⋆‧‧⋆ ✧˚₊‧⋆. ✧˚₊‧⋆‧‧⋆ ✧˚₊‧⋆. ✧˚₊‧⋆‧‧⋆ ✧˚₊‧⋆. ✧˚₊‧⋆‧\";","lastModifiedDate":"2025-09-05T11:53:45","isFullCredit":false},{"lineNumber":12,"author":{"gitId":"gohjieling834"},"content":"    public static final String CHATBOT_NAME \u003d \"Berry\";","lastModifiedDate":"2025-09-05T11:53:45","isFullCredit":false},{"lineNumber":13,"author":{"gitId":"gohjieling834"},"content":"    public static final int TASK_CAPACITY \u003d 100;","lastModifiedDate":"2025-09-05T14:35:28","isFullCredit":false},{"lineNumber":14,"author":{"gitId":"gohjieling834"},"content":"    public static final Scanner IN \u003d new Scanner(System.in);","lastModifiedDate":"2025-09-05T14:35:28","isFullCredit":false},{"lineNumber":15,"author":{"gitId":"gohjieling834"},"content":"","lastModifiedDate":"2025-09-05T11:53:45","isFullCredit":false},{"lineNumber":16,"author":{"gitId":"-"},"content":"    public static void main(String[] args) {","lastModifiedDate":"2019-07-29T17:14:46","isFullCredit":false},{"lineNumber":17,"author":{"gitId":"gohjieling834"},"content":"        String userInput;","lastModifiedDate":"2025-09-05T11:53:45","isFullCredit":false},{"lineNumber":18,"author":{"gitId":"gohjieling834"},"content":"        Task[] tasks \u003d new Task[TASK_CAPACITY];   //array of Task objects","lastModifiedDate":"2025-09-05T14:35:28","isFullCredit":false},{"lineNumber":19,"author":{"gitId":"gohjieling834"},"content":"        int taskCount \u003d 0;","lastModifiedDate":"2025-09-05T11:53:45","isFullCredit":false},{"lineNumber":20,"author":{"gitId":"gohjieling834"},"content":"","lastModifiedDate":"2025-09-05T11:53:45","isFullCredit":false},{"lineNumber":21,"author":{"gitId":"gohjieling834"},"content":"        printHelloMessage();","lastModifiedDate":"2025-09-05T11:53:45","isFullCredit":false},{"lineNumber":22,"author":{"gitId":"gohjieling834"},"content":"        while (true) {","lastModifiedDate":"2025-09-05T11:53:45","isFullCredit":false},{"lineNumber":23,"author":{"gitId":"gohjieling834"},"content":"            userInput \u003d getUserInput(IN);   //get command from user","lastModifiedDate":"2025-09-05T14:35:28","isFullCredit":false},{"lineNumber":24,"author":{"gitId":"gohjieling834"},"content":"            taskCount \u003d executeCommand(userInput, tasks, taskCount);","lastModifiedDate":"2025-09-05T11:53:45","isFullCredit":false},{"lineNumber":25,"author":{"gitId":"gohjieling834"},"content":"        }","lastModifiedDate":"2025-09-05T11:53:45","isFullCredit":false},{"lineNumber":26,"author":{"gitId":"gohjieling834"},"content":"    }","lastModifiedDate":"2025-09-05T11:53:45","isFullCredit":false},{"lineNumber":27,"author":{"gitId":"gohjieling834"},"content":"","lastModifiedDate":"2025-09-05T11:53:45","isFullCredit":false},{"lineNumber":28,"author":{"gitId":"gohjieling834"},"content":"    public static void printHelloMessage() {","lastModifiedDate":"2025-09-05T11:53:45","isFullCredit":false},{"lineNumber":29,"author":{"gitId":"gohjieling834"},"content":"        System.out.println(DIVIDER + \"\\n\" + \"Hello! I\u0027m \" + CHATBOT_NAME","lastModifiedDate":"2025-09-05T11:53:45","isFullCredit":false},{"lineNumber":30,"author":{"gitId":"gohjieling834"},"content":"                + \"\\nWhat can I do for you?\" + \"\\n\" + DIVIDER + \"\\n\");","lastModifiedDate":"2025-09-05T11:53:45","isFullCredit":false},{"lineNumber":31,"author":{"gitId":"gohjieling834"},"content":"    }","lastModifiedDate":"2025-09-05T11:53:45","isFullCredit":false},{"lineNumber":32,"author":{"gitId":"gohjieling834"},"content":"","lastModifiedDate":"2025-09-05T11:53:45","isFullCredit":false},{"lineNumber":33,"author":{"gitId":"gohjieling834"},"content":"    public static void printByeMessage() {","lastModifiedDate":"2025-09-05T11:53:45","isFullCredit":false},{"lineNumber":34,"author":{"gitId":"gohjieling834"},"content":"        System.out.println(\"\\n\" + DIVIDER + \"\\nBye. Hope to see you again soon!\"","lastModifiedDate":"2025-09-05T11:53:45","isFullCredit":false},{"lineNumber":35,"author":{"gitId":"gohjieling834"},"content":"                + \"\\n\" + DIVIDER);","lastModifiedDate":"2025-09-05T11:53:45","isFullCredit":false},{"lineNumber":36,"author":{"gitId":"gohjieling834"},"content":"    }","lastModifiedDate":"2025-09-05T11:53:45","isFullCredit":false},{"lineNumber":37,"author":{"gitId":"gohjieling834"},"content":"","lastModifiedDate":"2025-09-05T11:53:45","isFullCredit":false},{"lineNumber":38,"author":{"gitId":"gohjieling834"},"content":"    public static void printErrorMessage(String errorMessage) {","lastModifiedDate":"2025-09-12T01:59:11","isFullCredit":false},{"lineNumber":39,"author":{"gitId":"gohjieling834"},"content":"        System.out.println(\"\\n\" + DIVIDER + \"\\n\" + errorMessage + \"\\n\" + DIVIDER + \"\\n\");","lastModifiedDate":"2025-09-12T01:59:11","isFullCredit":false},{"lineNumber":40,"author":{"gitId":"gohjieling834"},"content":"    }","lastModifiedDate":"2025-09-05T11:53:45","isFullCredit":false},{"lineNumber":41,"author":{"gitId":"gohjieling834"},"content":"","lastModifiedDate":"2025-09-05T11:53:45","isFullCredit":false},{"lineNumber":42,"author":{"gitId":"gohjieling834"},"content":"    public static void printAddTaskMessage(Task task, int taskCount) {","lastModifiedDate":"2025-09-05T11:53:45","isFullCredit":false},{"lineNumber":43,"author":{"gitId":"gohjieling834"},"content":"        System.out.println(\"\\n\" + DIVIDER + \"\\nGot it. I\u0027ve added this task:\\n  \" + task","lastModifiedDate":"2025-09-05T11:53:45","isFullCredit":false},{"lineNumber":44,"author":{"gitId":"gohjieling834"},"content":"                + \"\\nNow you have \" + (taskCount + 1) + \" tasks in the list.\\n\" + DIVIDER + \"\\n\");","lastModifiedDate":"2025-09-12T03:01:44","isFullCredit":false},{"lineNumber":45,"author":{"gitId":"gohjieling834"},"content":"    }","lastModifiedDate":"2025-09-05T11:53:45","isFullCredit":false},{"lineNumber":46,"author":{"gitId":"gohjieling834"},"content":"","lastModifiedDate":"2025-09-05T11:53:45","isFullCredit":false},{"lineNumber":47,"author":{"gitId":"gohjieling834"},"content":"    public static String getUserInput(Scanner in) {","lastModifiedDate":"2025-09-05T12:55:34","isFullCredit":false},{"lineNumber":48,"author":{"gitId":"gohjieling834"},"content":"        return in.nextLine();","lastModifiedDate":"2025-09-05T11:53:45","isFullCredit":false},{"lineNumber":49,"author":{"gitId":"gohjieling834"},"content":"    }","lastModifiedDate":"2025-08-29T02:58:00","isFullCredit":false},{"lineNumber":50,"author":{"gitId":"gohjieling834"},"content":"","lastModifiedDate":"2025-09-05T11:53:45","isFullCredit":false},{"lineNumber":51,"author":{"gitId":"gohjieling834"},"content":"    public static String extractCommand(String userInput) {","lastModifiedDate":"2025-09-05T11:53:45","isFullCredit":false},{"lineNumber":52,"author":{"gitId":"gohjieling834"},"content":"        String userCommand;","lastModifiedDate":"2025-09-12T01:59:11","isFullCredit":false},{"lineNumber":53,"author":{"gitId":"gohjieling834"},"content":"        if (userInput.contains(\"list\")) {","lastModifiedDate":"2025-09-05T11:53:45","isFullCredit":false},{"lineNumber":54,"author":{"gitId":"gohjieling834"},"content":"            userCommand \u003d \"list\";","lastModifiedDate":"2025-09-05T11:53:45","isFullCredit":false},{"lineNumber":55,"author":{"gitId":"gohjieling834"},"content":"        } else if (userInput.contains(\"todo\")) {","lastModifiedDate":"2025-09-05T11:53:45","isFullCredit":false},{"lineNumber":56,"author":{"gitId":"gohjieling834"},"content":"            userCommand \u003d \"todo\";","lastModifiedDate":"2025-09-05T11:53:45","isFullCredit":false},{"lineNumber":57,"author":{"gitId":"gohjieling834"},"content":"        } else if (userInput.contains(\"deadline\")) {","lastModifiedDate":"2025-09-05T11:53:45","isFullCredit":false},{"lineNumber":58,"author":{"gitId":"gohjieling834"},"content":"            userCommand \u003d \"deadline\";","lastModifiedDate":"2025-09-05T11:53:45","isFullCredit":false},{"lineNumber":59,"author":{"gitId":"gohjieling834"},"content":"        } else if (userInput.contains(\"event\")) {","lastModifiedDate":"2025-09-05T11:53:45","isFullCredit":false},{"lineNumber":60,"author":{"gitId":"gohjieling834"},"content":"            userCommand \u003d \"event\";","lastModifiedDate":"2025-09-05T11:53:45","isFullCredit":false},{"lineNumber":61,"author":{"gitId":"gohjieling834"},"content":"        } else if (userInput.contains(\"mark\")) {","lastModifiedDate":"2025-09-05T11:53:45","isFullCredit":false},{"lineNumber":62,"author":{"gitId":"gohjieling834"},"content":"            userCommand \u003d \"mark\";","lastModifiedDate":"2025-09-05T11:53:45","isFullCredit":false},{"lineNumber":63,"author":{"gitId":"gohjieling834"},"content":"        } else if (userInput.contains(\"bye\")) {","lastModifiedDate":"2025-09-05T11:53:45","isFullCredit":false},{"lineNumber":64,"author":{"gitId":"gohjieling834"},"content":"            userCommand \u003d \"bye\";","lastModifiedDate":"2025-09-05T11:53:45","isFullCredit":false},{"lineNumber":65,"author":{"gitId":"gohjieling834"},"content":"        } else {","lastModifiedDate":"2025-09-12T01:59:11","isFullCredit":false},{"lineNumber":66,"author":{"gitId":"gohjieling834"},"content":"            throw new BerryException(\"Sorry, I\u0027m not sure what you want me to do ._.\");","lastModifiedDate":"2025-09-12T01:59:11","isFullCredit":false},{"lineNumber":67,"author":{"gitId":"gohjieling834"},"content":"        }","lastModifiedDate":"2025-09-05T11:53:45","isFullCredit":false},{"lineNumber":68,"author":{"gitId":"gohjieling834"},"content":"        return userCommand;","lastModifiedDate":"2025-09-05T11:53:45","isFullCredit":false},{"lineNumber":69,"author":{"gitId":"gohjieling834"},"content":"    }","lastModifiedDate":"2025-08-29T02:10:07","isFullCredit":false},{"lineNumber":70,"author":{"gitId":"gohjieling834"},"content":"","lastModifiedDate":"2025-09-05T11:53:45","isFullCredit":false},{"lineNumber":71,"author":{"gitId":"gohjieling834"},"content":"    public static String[] extractDetails(String userInput) {","lastModifiedDate":"2025-09-05T14:35:28","isFullCredit":false},{"lineNumber":72,"author":{"gitId":"gohjieling834"},"content":"        int dividerPosition \u003d userInput.indexOf(\" \");","lastModifiedDate":"2025-09-05T14:35:28","isFullCredit":false},{"lineNumber":73,"author":{"gitId":"gohjieling834"},"content":"        String task \u003d userInput.substring(dividerPosition + 1);","lastModifiedDate":"2025-09-05T14:35:28","isFullCredit":false},{"lineNumber":74,"author":{"gitId":"gohjieling834"},"content":"        return task.split(\"/\");","lastModifiedDate":"2025-09-05T14:35:28","isFullCredit":false},{"lineNumber":75,"author":{"gitId":"gohjieling834"},"content":"    }","lastModifiedDate":"2025-09-05T14:35:28","isFullCredit":false},{"lineNumber":76,"author":{"gitId":"gohjieling834"},"content":"","lastModifiedDate":"2025-09-05T14:35:28","isFullCredit":false},{"lineNumber":77,"author":{"gitId":"gohjieling834"},"content":"    public static int executeCommand(String userInput, Task[] tasks, int taskCount) {","lastModifiedDate":"2025-09-05T11:53:45","isFullCredit":false},{"lineNumber":78,"author":{"gitId":"gohjieling834"},"content":"        try {","lastModifiedDate":"2025-09-12T01:59:11","isFullCredit":false},{"lineNumber":79,"author":{"gitId":"gohjieling834"},"content":"            String userCommand \u003d extractCommand(userInput);","lastModifiedDate":"2025-09-05T11:53:45","isFullCredit":false},{"lineNumber":80,"author":{"gitId":"gohjieling834"},"content":"            switch (userCommand) {","lastModifiedDate":"2025-09-05T11:53:45","isFullCredit":false},{"lineNumber":81,"author":{"gitId":"gohjieling834"},"content":"            case \"list\":","lastModifiedDate":"2025-09-05T11:53:45","isFullCredit":false},{"lineNumber":82,"author":{"gitId":"gohjieling834"},"content":"                printList(tasks, taskCount);","lastModifiedDate":"2025-09-05T11:53:45","isFullCredit":false},{"lineNumber":83,"author":{"gitId":"gohjieling834"},"content":"                break;","lastModifiedDate":"2025-09-05T11:53:45","isFullCredit":false},{"lineNumber":84,"author":{"gitId":"gohjieling834"},"content":"            case \"todo\":","lastModifiedDate":"2025-09-05T11:53:45","isFullCredit":false},{"lineNumber":85,"author":{"gitId":"gohjieling834"},"content":"                addTodo(userInput, tasks, taskCount);","lastModifiedDate":"2025-09-05T11:53:45","isFullCredit":false},{"lineNumber":86,"author":{"gitId":"gohjieling834"},"content":"                taskCount++;","lastModifiedDate":"2025-09-12T03:01:44","isFullCredit":false},{"lineNumber":87,"author":{"gitId":"gohjieling834"},"content":"                break;","lastModifiedDate":"2025-09-05T11:53:45","isFullCredit":false},{"lineNumber":88,"author":{"gitId":"gohjieling834"},"content":"            case \"deadline\":","lastModifiedDate":"2025-09-05T11:53:45","isFullCredit":false},{"lineNumber":89,"author":{"gitId":"gohjieling834"},"content":"                addDeadline(userInput, tasks, taskCount);","lastModifiedDate":"2025-09-05T11:53:45","isFullCredit":false},{"lineNumber":90,"author":{"gitId":"gohjieling834"},"content":"                taskCount++;","lastModifiedDate":"2025-09-12T03:01:44","isFullCredit":false},{"lineNumber":91,"author":{"gitId":"gohjieling834"},"content":"                break;","lastModifiedDate":"2025-09-05T11:53:45","isFullCredit":false},{"lineNumber":92,"author":{"gitId":"gohjieling834"},"content":"            case \"event\":","lastModifiedDate":"2025-09-05T11:53:45","isFullCredit":false},{"lineNumber":93,"author":{"gitId":"gohjieling834"},"content":"                addEvent(userInput, tasks, taskCount);","lastModifiedDate":"2025-09-05T11:53:45","isFullCredit":false},{"lineNumber":94,"author":{"gitId":"gohjieling834"},"content":"                taskCount++;","lastModifiedDate":"2025-09-12T03:01:44","isFullCredit":false},{"lineNumber":95,"author":{"gitId":"gohjieling834"},"content":"                break;","lastModifiedDate":"2025-09-05T11:53:45","isFullCredit":false},{"lineNumber":96,"author":{"gitId":"gohjieling834"},"content":"            case \"mark\":","lastModifiedDate":"2025-09-05T11:53:45","isFullCredit":false},{"lineNumber":97,"author":{"gitId":"gohjieling834"},"content":"                toggleTaskStatus(userInput, tasks);","lastModifiedDate":"2025-09-05T11:53:45","isFullCredit":false},{"lineNumber":98,"author":{"gitId":"gohjieling834"},"content":"                break;","lastModifiedDate":"2025-09-05T11:53:45","isFullCredit":false},{"lineNumber":99,"author":{"gitId":"gohjieling834"},"content":"            case \"bye\":","lastModifiedDate":"2025-09-05T11:53:45","isFullCredit":false},{"lineNumber":100,"author":{"gitId":"gohjieling834"},"content":"                printByeMessage();","lastModifiedDate":"2025-09-05T11:53:45","isFullCredit":false},{"lineNumber":101,"author":{"gitId":"gohjieling834"},"content":"                System.exit(0);","lastModifiedDate":"2025-09-05T11:53:45","isFullCredit":false},{"lineNumber":102,"author":{"gitId":"gohjieling834"},"content":"                // Fallthrough","lastModifiedDate":"2025-09-05T11:53:45","isFullCredit":false},{"lineNumber":103,"author":{"gitId":"gohjieling834"},"content":"            }","lastModifiedDate":"2025-09-12T01:59:11","isFullCredit":false},{"lineNumber":104,"author":{"gitId":"gohjieling834"},"content":"        } catch (BerryException e) {","lastModifiedDate":"2025-09-12T01:59:11","isFullCredit":false},{"lineNumber":105,"author":{"gitId":"gohjieling834"},"content":"            System.out.println(\"\\n\" + DIVIDER + \"\\n\" + e.getMessage() + \"\\n\" + DIVIDER + \"\\n\");","lastModifiedDate":"2025-09-12T01:59:11","isFullCredit":false},{"lineNumber":106,"author":{"gitId":"gohjieling834"},"content":"        } catch (ArrayIndexOutOfBoundsException e) {","lastModifiedDate":"2025-09-12T01:59:11","isFullCredit":false},{"lineNumber":107,"author":{"gitId":"gohjieling834"},"content":"            printErrorMessage(e.getMessage());","lastModifiedDate":"2025-09-12T01:59:11","isFullCredit":false},{"lineNumber":108,"author":{"gitId":"gohjieling834"},"content":"        }","lastModifiedDate":"2025-09-05T11:53:45","isFullCredit":false},{"lineNumber":109,"author":{"gitId":"gohjieling834"},"content":"        return taskCount;","lastModifiedDate":"2025-09-05T11:53:45","isFullCredit":false},{"lineNumber":110,"author":{"gitId":"gohjieling834"},"content":"    }","lastModifiedDate":"2025-09-05T11:53:45","isFullCredit":false},{"lineNumber":111,"author":{"gitId":"gohjieling834"},"content":"","lastModifiedDate":"2025-09-05T11:53:45","isFullCredit":false},{"lineNumber":112,"author":{"gitId":"gohjieling834"},"content":"    public static void addTodo(String userInput, Task[] tasks, int taskCount) {","lastModifiedDate":"2025-09-05T14:35:28","isFullCredit":false},{"lineNumber":113,"author":{"gitId":"gohjieling834"},"content":"        if (userInput.trim().length() \u003c 5) {","lastModifiedDate":"2025-09-12T01:59:11","isFullCredit":false},{"lineNumber":114,"author":{"gitId":"gohjieling834"},"content":"            throw new BerryException(\"Your description of todo cannot be empty!\");","lastModifiedDate":"2025-09-12T01:59:11","isFullCredit":false},{"lineNumber":115,"author":{"gitId":"gohjieling834"},"content":"        }","lastModifiedDate":"2025-09-12T01:59:11","isFullCredit":false},{"lineNumber":116,"author":{"gitId":"gohjieling834"},"content":"        String description \u003d userInput.substring(5).trim();","lastModifiedDate":"2025-09-05T14:35:28","isFullCredit":false},{"lineNumber":117,"author":{"gitId":"gohjieling834"},"content":"        tasks[taskCount] \u003d new Todo(description);","lastModifiedDate":"2025-09-12T03:01:44","isFullCredit":false},{"lineNumber":118,"author":{"gitId":"gohjieling834"},"content":"        printAddTaskMessage(tasks[taskCount], taskCount);","lastModifiedDate":"2025-09-12T03:01:44","isFullCredit":false},{"lineNumber":119,"author":{"gitId":"gohjieling834"},"content":"    }","lastModifiedDate":"2025-09-05T11:53:45","isFullCredit":false},{"lineNumber":120,"author":{"gitId":"gohjieling834"},"content":"","lastModifiedDate":"2025-09-05T11:53:45","isFullCredit":false},{"lineNumber":121,"author":{"gitId":"gohjieling834"},"content":"    public static void addDeadline(String userInput, Task[] tasks, int taskCount) {","lastModifiedDate":"2025-09-05T14:35:28","isFullCredit":false},{"lineNumber":122,"author":{"gitId":"gohjieling834"},"content":"        String[] taskDetails \u003d extractDetails(userInput);","lastModifiedDate":"2025-09-05T14:35:28","isFullCredit":false},{"lineNumber":123,"author":{"gitId":"gohjieling834"},"content":"        if (taskDetails.length \u003c 2) {","lastModifiedDate":"2025-09-12T01:59:11","isFullCredit":false},{"lineNumber":124,"author":{"gitId":"gohjieling834"},"content":"            throw new ArrayIndexOutOfBoundsException(\"Please enter both task description and by when. Thank you :)\");","lastModifiedDate":"2025-09-12T01:59:11","isFullCredit":false},{"lineNumber":125,"author":{"gitId":"gohjieling834"},"content":"        }","lastModifiedDate":"2025-09-12T01:59:11","isFullCredit":false},{"lineNumber":126,"author":{"gitId":"gohjieling834"},"content":"        int startIndexOfBy \u003d taskDetails[1].indexOf(\"by\") + 2;  // + 2 because the substring start index should begin after by","lastModifiedDate":"2025-09-12T03:01:44","isFullCredit":false},{"lineNumber":127,"author":{"gitId":"gohjieling834"},"content":"        String description \u003d taskDetails[0].trim();","lastModifiedDate":"2025-09-05T14:35:28","isFullCredit":false},{"lineNumber":128,"author":{"gitId":"gohjieling834"},"content":"        String by \u003d taskDetails[1].substring(startIndexOfBy).trim();","lastModifiedDate":"2025-09-12T03:01:44","isFullCredit":false},{"lineNumber":129,"author":{"gitId":"gohjieling834"},"content":"        tasks[taskCount] \u003d new Deadline(description, by);","lastModifiedDate":"2025-09-12T03:01:44","isFullCredit":false},{"lineNumber":130,"author":{"gitId":"gohjieling834"},"content":"        printAddTaskMessage(tasks[taskCount], taskCount);","lastModifiedDate":"2025-09-12T03:01:44","isFullCredit":false},{"lineNumber":131,"author":{"gitId":"gohjieling834"},"content":"    }","lastModifiedDate":"2025-08-29T01:52:21","isFullCredit":false},{"lineNumber":132,"author":{"gitId":"gohjieling834"},"content":"","lastModifiedDate":"2025-08-22T17:43:08","isFullCredit":false},{"lineNumber":133,"author":{"gitId":"gohjieling834"},"content":"    public static void addEvent(String userInput, Task[] tasks, int taskCount) {","lastModifiedDate":"2025-09-05T14:35:28","isFullCredit":false},{"lineNumber":134,"author":{"gitId":"gohjieling834"},"content":"        String[] taskDetails \u003d extractDetails(userInput);","lastModifiedDate":"2025-09-05T14:35:28","isFullCredit":false},{"lineNumber":135,"author":{"gitId":"gohjieling834"},"content":"        if (taskDetails.length \u003c 3) {","lastModifiedDate":"2025-09-12T01:59:11","isFullCredit":false},{"lineNumber":136,"author":{"gitId":"gohjieling834"},"content":"            throw new ArrayIndexOutOfBoundsException(\"Please enter all the event detail (description, from, to). Thank you :)\");","lastModifiedDate":"2025-09-12T01:59:11","isFullCredit":false},{"lineNumber":137,"author":{"gitId":"gohjieling834"},"content":"        }","lastModifiedDate":"2025-09-12T01:59:11","isFullCredit":false},{"lineNumber":138,"author":{"gitId":"gohjieling834"},"content":"        int startIndexOfFrom \u003d taskDetails[1].indexOf(\"from\") + 4;  // + 4 because the substring start index should begin after from","lastModifiedDate":"2025-09-12T03:01:44","isFullCredit":false},{"lineNumber":139,"author":{"gitId":"gohjieling834"},"content":"        int startIndexOfTo \u003d taskDetails[2].indexOf(\"to\") + 2;  // + 2 because the substring start index should begin after to","lastModifiedDate":"2025-09-12T03:01:44","isFullCredit":false},{"lineNumber":140,"author":{"gitId":"gohjieling834"},"content":"        String description \u003d taskDetails[0].trim();","lastModifiedDate":"2025-09-05T14:35:28","isFullCredit":false},{"lineNumber":141,"author":{"gitId":"gohjieling834"},"content":"        String from \u003d taskDetails[1].substring(startIndexOfFrom).trim();","lastModifiedDate":"2025-09-12T03:01:44","isFullCredit":false},{"lineNumber":142,"author":{"gitId":"gohjieling834"},"content":"        String to \u003d taskDetails[2].substring(startIndexOfTo).trim();","lastModifiedDate":"2025-09-12T03:01:44","isFullCredit":false},{"lineNumber":143,"author":{"gitId":"gohjieling834"},"content":"        tasks[taskCount] \u003d new Event(description, from, to);","lastModifiedDate":"2025-09-12T03:01:44","isFullCredit":false},{"lineNumber":144,"author":{"gitId":"gohjieling834"},"content":"        printAddTaskMessage(tasks[taskCount], taskCount);","lastModifiedDate":"2025-09-12T03:01:44","isFullCredit":false},{"lineNumber":145,"author":{"gitId":"gohjieling834"},"content":"    }","lastModifiedDate":"2025-08-29T02:58:00","isFullCredit":false},{"lineNumber":146,"author":{"gitId":"gohjieling834"},"content":"","lastModifiedDate":"2025-08-29T02:58:00","isFullCredit":false},{"lineNumber":147,"author":{"gitId":"gohjieling834"},"content":"    public static void printList(Task[] tasks, int taskCount) {","lastModifiedDate":"2025-09-05T11:53:45","isFullCredit":false},{"lineNumber":148,"author":{"gitId":"gohjieling834"},"content":"        if (taskCount \u003d\u003d 0) {","lastModifiedDate":"2025-09-12T01:59:11","isFullCredit":false},{"lineNumber":149,"author":{"gitId":"gohjieling834"},"content":"            throw new BerryException(\"There\u0027s no tasks in the list. Would you like to start adding tasks?\");","lastModifiedDate":"2025-09-12T01:59:11","isFullCredit":false},{"lineNumber":150,"author":{"gitId":"gohjieling834"},"content":"        }","lastModifiedDate":"2025-09-12T01:59:11","isFullCredit":false},{"lineNumber":151,"author":{"gitId":"gohjieling834"},"content":"        System.out.println(\"\\n\" + DIVIDER);","lastModifiedDate":"2025-09-05T11:53:45","isFullCredit":false},{"lineNumber":152,"author":{"gitId":"gohjieling834"},"content":"        for (int i \u003d 0; i \u003c taskCount; i++) {","lastModifiedDate":"2025-09-05T11:53:45","isFullCredit":false},{"lineNumber":153,"author":{"gitId":"gohjieling834"},"content":"            System.out.println(i + 1 + \".\" + tasks[i]);","lastModifiedDate":"2025-09-05T11:53:45","isFullCredit":false},{"lineNumber":154,"author":{"gitId":"gohjieling834"},"content":"        }","lastModifiedDate":"2025-08-29T02:58:00","isFullCredit":false},{"lineNumber":155,"author":{"gitId":"gohjieling834"},"content":"        System.out.println(DIVIDER + \"\\n\");","lastModifiedDate":"2025-09-05T11:53:45","isFullCredit":false},{"lineNumber":156,"author":{"gitId":"-"},"content":"    }","lastModifiedDate":"2019-07-29T17:14:46","isFullCredit":false},{"lineNumber":157,"author":{"gitId":"gohjieling834"},"content":"","lastModifiedDate":"2025-08-29T03:53:02","isFullCredit":false},{"lineNumber":158,"author":{"gitId":"gohjieling834"},"content":"    public static void toggleTaskStatus(String userInput, Task[] tasks) {","lastModifiedDate":"2025-09-05T14:35:28","isFullCredit":false},{"lineNumber":159,"author":{"gitId":"gohjieling834"},"content":"        int dividerPosition \u003d userInput.indexOf(\" \");","lastModifiedDate":"2025-09-05T14:35:28","isFullCredit":false},{"lineNumber":160,"author":{"gitId":"gohjieling834"},"content":"","lastModifiedDate":"2025-08-29T03:53:02","isFullCredit":false},{"lineNumber":161,"author":{"gitId":"gohjieling834"},"content":"        //task number to identify which task to mark/unmark","lastModifiedDate":"2025-08-29T03:53:02","isFullCredit":false},{"lineNumber":162,"author":{"gitId":"gohjieling834"},"content":"        try {","lastModifiedDate":"2025-09-12T01:59:11","isFullCredit":false},{"lineNumber":163,"author":{"gitId":"gohjieling834"},"content":"            int taskNumber \u003d Integer.parseInt(userInput.substring(dividerPosition).trim()) - 1;","lastModifiedDate":"2025-09-05T14:35:28","isFullCredit":false},{"lineNumber":164,"author":{"gitId":"gohjieling834"},"content":"            if (userInput.contains(\"un\")) {","lastModifiedDate":"2025-09-05T14:35:28","isFullCredit":false},{"lineNumber":165,"author":{"gitId":"gohjieling834"},"content":"                tasks[taskNumber].markAsUndone();","lastModifiedDate":"2025-09-05T11:53:45","isFullCredit":false},{"lineNumber":166,"author":{"gitId":"gohjieling834"},"content":"                System.out.println(\"\\n\" + DIVIDER + \"\\n\" + \"Okay, I\u0027ve marked this task as not done yet:\\n  \"","lastModifiedDate":"2025-09-12T01:59:11","isFullCredit":false},{"lineNumber":167,"author":{"gitId":"gohjieling834"},"content":"                        + tasks[taskNumber] + \"\\n\" + DIVIDER + \"\\n\");","lastModifiedDate":"2025-09-05T14:35:28","isFullCredit":false},{"lineNumber":168,"author":{"gitId":"gohjieling834"},"content":"            } else {","lastModifiedDate":"2025-08-29T03:53:02","isFullCredit":false},{"lineNumber":169,"author":{"gitId":"gohjieling834"},"content":"                tasks[taskNumber].markAsDone();","lastModifiedDate":"2025-08-29T03:53:02","isFullCredit":false},{"lineNumber":170,"author":{"gitId":"gohjieling834"},"content":"                System.out.println(\"\\n\" + DIVIDER + \"\\n\" + \"Nice! I\u0027ve marked this task as done:\\n  \"","lastModifiedDate":"2025-09-12T01:59:11","isFullCredit":false},{"lineNumber":171,"author":{"gitId":"gohjieling834"},"content":"                        + tasks[taskNumber] + \"\\n\" + DIVIDER + \"\\n\");","lastModifiedDate":"2025-09-05T14:35:28","isFullCredit":false},{"lineNumber":172,"author":{"gitId":"gohjieling834"},"content":"            }","lastModifiedDate":"2025-08-29T03:53:02","isFullCredit":false},{"lineNumber":173,"author":{"gitId":"gohjieling834"},"content":"        } catch (NumberFormatException e) {","lastModifiedDate":"2025-09-12T01:59:11","isFullCredit":false},{"lineNumber":174,"author":{"gitId":"gohjieling834"},"content":"            printErrorMessage(\"Sorry, I don\u0027t know which task to delete. Please enter the task number, thank you! :)\");","lastModifiedDate":"2025-09-12T01:59:11","isFullCredit":false},{"lineNumber":175,"author":{"gitId":"gohjieling834"},"content":"        } catch (NullPointerException e) {","lastModifiedDate":"2025-09-12T01:59:11","isFullCredit":false},{"lineNumber":176,"author":{"gitId":"gohjieling834"},"content":"            printErrorMessage(\"This task number does not exist! :|\");","lastModifiedDate":"2025-09-12T01:59:11","isFullCredit":false},{"lineNumber":177,"author":{"gitId":"gohjieling834"},"content":"        }","lastModifiedDate":"2025-09-12T01:59:11","isFullCredit":false},{"lineNumber":178,"author":{"gitId":"gohjieling834"},"content":"    }","lastModifiedDate":"2025-08-29T03:53:02","isFullCredit":false},{"lineNumber":179,"author":{"gitId":"-"},"content":"}","lastModifiedDate":"2019-07-29T17:14:46","isFullCredit":false}],"authorContributionMap":{"-":3,"gohjieling834":176}},{"path":"src/main/java/berry/BerryException.java","fileType":"java","lines":[{"lineNumber":1,"author":{"gitId":"gohjieling834"},"content":"package berry;","lastModifiedDate":"2025-09-12T03:00:13","isFullCredit":false},{"lineNumber":2,"author":{"gitId":"gohjieling834"},"content":"","lastModifiedDate":"2025-09-12T03:00:13","isFullCredit":false},{"lineNumber":3,"author":{"gitId":"gohjieling834"},"content":"public class BerryException extends RuntimeException {","lastModifiedDate":"2025-09-11T22:46:41","isFullCredit":false},{"lineNumber":4,"author":{"gitId":"gohjieling834"},"content":"    public BerryException(String message) {","lastModifiedDate":"2025-09-11T22:46:41","isFullCredit":false},{"lineNumber":5,"author":{"gitId":"gohjieling834"},"content":"        super(message);","lastModifiedDate":"2025-09-11T22:46:41","isFullCredit":false},{"lineNumber":6,"author":{"gitId":"gohjieling834"},"content":"    }","lastModifiedDate":"2025-09-11T22:46:41","isFullCredit":false},{"lineNumber":7,"author":{"gitId":"gohjieling834"},"content":"}","lastModifiedDate":"2025-09-11T22:46:41","isFullCredit":false}],"authorContributionMap":{"gohjieling834":7}},{"path":"src/main/java/berry/task/Deadline.java","fileType":"java","lines":[{"lineNumber":1,"author":{"gitId":"gohjieling834"},"content":"package berry.task;","lastModifiedDate":"2025-09-12T03:00:13","isFullCredit":false},{"lineNumber":2,"author":{"gitId":"gohjieling834"},"content":"","lastModifiedDate":"2025-09-12T03:00:13","isFullCredit":false},{"lineNumber":3,"author":{"gitId":"gohjieling834"},"content":"public class Deadline extends Task{","lastModifiedDate":"2025-09-05T11:42:48","isFullCredit":false},{"lineNumber":4,"author":{"gitId":"gohjieling834"},"content":"    private String by;","lastModifiedDate":"2025-09-05T14:35:28","isFullCredit":false},{"lineNumber":5,"author":{"gitId":"gohjieling834"},"content":"","lastModifiedDate":"2025-09-05T11:42:48","isFullCredit":false},{"lineNumber":6,"author":{"gitId":"gohjieling834"},"content":"    public Deadline(String description, String by){","lastModifiedDate":"2025-09-05T11:42:48","isFullCredit":false},{"lineNumber":7,"author":{"gitId":"gohjieling834"},"content":"        super(description);","lastModifiedDate":"2025-09-05T11:42:48","isFullCredit":false},{"lineNumber":8,"author":{"gitId":"gohjieling834"},"content":"        this.by \u003d by;","lastModifiedDate":"2025-09-05T11:42:48","isFullCredit":false},{"lineNumber":9,"author":{"gitId":"gohjieling834"},"content":"    }","lastModifiedDate":"2025-09-05T11:42:48","isFullCredit":false},{"lineNumber":10,"author":{"gitId":"gohjieling834"},"content":"","lastModifiedDate":"2025-09-05T11:42:48","isFullCredit":false},{"lineNumber":11,"author":{"gitId":"gohjieling834"},"content":"    public String getBy() {","lastModifiedDate":"2025-09-05T11:42:48","isFullCredit":false},{"lineNumber":12,"author":{"gitId":"gohjieling834"},"content":"        return by;","lastModifiedDate":"2025-09-05T11:42:48","isFullCredit":false},{"lineNumber":13,"author":{"gitId":"gohjieling834"},"content":"    }","lastModifiedDate":"2025-09-05T11:42:48","isFullCredit":false},{"lineNumber":14,"author":{"gitId":"gohjieling834"},"content":"","lastModifiedDate":"2025-09-05T11:42:48","isFullCredit":false},{"lineNumber":15,"author":{"gitId":"gohjieling834"},"content":"    public void setBy(String by) {","lastModifiedDate":"2025-09-05T11:42:48","isFullCredit":false},{"lineNumber":16,"author":{"gitId":"gohjieling834"},"content":"        this.by \u003d by;","lastModifiedDate":"2025-09-05T11:42:48","isFullCredit":false},{"lineNumber":17,"author":{"gitId":"gohjieling834"},"content":"    }","lastModifiedDate":"2025-09-05T11:42:48","isFullCredit":false},{"lineNumber":18,"author":{"gitId":"gohjieling834"},"content":"","lastModifiedDate":"2025-09-05T11:42:48","isFullCredit":false},{"lineNumber":19,"author":{"gitId":"gohjieling834"},"content":"    @Override","lastModifiedDate":"2025-09-05T11:42:48","isFullCredit":false},{"lineNumber":20,"author":{"gitId":"gohjieling834"},"content":"    public String toString() {","lastModifiedDate":"2025-09-05T11:42:48","isFullCredit":false},{"lineNumber":21,"author":{"gitId":"gohjieling834"},"content":"        return \"[D]\" + super.toString() + \" (by: \" + by + \")\";","lastModifiedDate":"2025-09-05T11:42:48","isFullCredit":false},{"lineNumber":22,"author":{"gitId":"gohjieling834"},"content":"    }}","lastModifiedDate":"2025-09-05T11:42:48","isFullCredit":false}],"authorContributionMap":{"gohjieling834":22}},{"path":"src/main/java/berry/task/Event.java","fileType":"java","lines":[{"lineNumber":1,"author":{"gitId":"gohjieling834"},"content":"package berry.task;","lastModifiedDate":"2025-09-12T03:00:13","isFullCredit":false},{"lineNumber":2,"author":{"gitId":"gohjieling834"},"content":"","lastModifiedDate":"2025-09-12T03:00:13","isFullCredit":false},{"lineNumber":3,"author":{"gitId":"gohjieling834"},"content":"public class Event extends Task {","lastModifiedDate":"2025-09-05T11:42:48","isFullCredit":false},{"lineNumber":4,"author":{"gitId":"gohjieling834"},"content":"    private String from;","lastModifiedDate":"2025-09-05T14:35:28","isFullCredit":false},{"lineNumber":5,"author":{"gitId":"gohjieling834"},"content":"    private String to;","lastModifiedDate":"2025-09-05T14:35:28","isFullCredit":false},{"lineNumber":6,"author":{"gitId":"gohjieling834"},"content":"","lastModifiedDate":"2025-09-05T11:42:48","isFullCredit":false},{"lineNumber":7,"author":{"gitId":"gohjieling834"},"content":"    public Event(String description, String from, String to) {","lastModifiedDate":"2025-09-05T11:42:48","isFullCredit":false},{"lineNumber":8,"author":{"gitId":"gohjieling834"},"content":"        super(description);","lastModifiedDate":"2025-09-05T11:42:48","isFullCredit":false},{"lineNumber":9,"author":{"gitId":"gohjieling834"},"content":"        this.from \u003d from;","lastModifiedDate":"2025-09-05T11:42:48","isFullCredit":false},{"lineNumber":10,"author":{"gitId":"gohjieling834"},"content":"        this.to \u003d to;","lastModifiedDate":"2025-09-05T11:42:48","isFullCredit":false},{"lineNumber":11,"author":{"gitId":"gohjieling834"},"content":"    }","lastModifiedDate":"2025-09-05T11:42:48","isFullCredit":false},{"lineNumber":12,"author":{"gitId":"gohjieling834"},"content":"","lastModifiedDate":"2025-09-05T11:42:48","isFullCredit":false},{"lineNumber":13,"author":{"gitId":"gohjieling834"},"content":"    public String getFrom() {","lastModifiedDate":"2025-09-05T11:42:48","isFullCredit":false},{"lineNumber":14,"author":{"gitId":"gohjieling834"},"content":"        return from;","lastModifiedDate":"2025-09-05T11:42:48","isFullCredit":false},{"lineNumber":15,"author":{"gitId":"gohjieling834"},"content":"    }","lastModifiedDate":"2025-09-05T11:42:48","isFullCredit":false},{"lineNumber":16,"author":{"gitId":"gohjieling834"},"content":"","lastModifiedDate":"2025-09-05T11:42:48","isFullCredit":false},{"lineNumber":17,"author":{"gitId":"gohjieling834"},"content":"    public void setFrom(String from) {","lastModifiedDate":"2025-09-05T11:42:48","isFullCredit":false},{"lineNumber":18,"author":{"gitId":"gohjieling834"},"content":"        this.from \u003d from;","lastModifiedDate":"2025-09-05T11:42:48","isFullCredit":false},{"lineNumber":19,"author":{"gitId":"gohjieling834"},"content":"    }","lastModifiedDate":"2025-09-05T11:42:48","isFullCredit":false},{"lineNumber":20,"author":{"gitId":"gohjieling834"},"content":"","lastModifiedDate":"2025-09-05T11:42:48","isFullCredit":false},{"lineNumber":21,"author":{"gitId":"gohjieling834"},"content":"    public String getTo() {","lastModifiedDate":"2025-09-05T11:42:48","isFullCredit":false},{"lineNumber":22,"author":{"gitId":"gohjieling834"},"content":"        return to;","lastModifiedDate":"2025-09-05T11:42:48","isFullCredit":false},{"lineNumber":23,"author":{"gitId":"gohjieling834"},"content":"    }","lastModifiedDate":"2025-09-05T11:42:48","isFullCredit":false},{"lineNumber":24,"author":{"gitId":"gohjieling834"},"content":"","lastModifiedDate":"2025-09-05T11:42:48","isFullCredit":false},{"lineNumber":25,"author":{"gitId":"gohjieling834"},"content":"    public void setTo(String to) {","lastModifiedDate":"2025-09-05T11:42:48","isFullCredit":false},{"lineNumber":26,"author":{"gitId":"gohjieling834"},"content":"        this.to \u003d to;","lastModifiedDate":"2025-09-05T11:42:48","isFullCredit":false},{"lineNumber":27,"author":{"gitId":"gohjieling834"},"content":"    }","lastModifiedDate":"2025-09-05T11:42:48","isFullCredit":false},{"lineNumber":28,"author":{"gitId":"gohjieling834"},"content":"","lastModifiedDate":"2025-09-05T11:42:48","isFullCredit":false},{"lineNumber":29,"author":{"gitId":"gohjieling834"},"content":"    @Override","lastModifiedDate":"2025-09-05T11:42:48","isFullCredit":false},{"lineNumber":30,"author":{"gitId":"gohjieling834"},"content":"    public String toString() {","lastModifiedDate":"2025-09-05T11:42:48","isFullCredit":false},{"lineNumber":31,"author":{"gitId":"gohjieling834"},"content":"        return \"[E]\" + super.toString() + \" (from: \" + from + \" to: \" + to + \")\";","lastModifiedDate":"2025-09-05T11:42:48","isFullCredit":false},{"lineNumber":32,"author":{"gitId":"gohjieling834"},"content":"    }","lastModifiedDate":"2025-09-05T11:42:48","isFullCredit":false},{"lineNumber":33,"author":{"gitId":"gohjieling834"},"content":"}","lastModifiedDate":"2025-09-05T11:42:48","isFullCredit":false}],"authorContributionMap":{"gohjieling834":33}},{"path":"src/main/java/berry/task/Task.java","fileType":"java","lines":[{"lineNumber":1,"author":{"gitId":"gohjieling834"},"content":"package berry.task;","lastModifiedDate":"2025-09-12T03:00:13","isFullCredit":false},{"lineNumber":2,"author":{"gitId":"gohjieling834"},"content":"","lastModifiedDate":"2025-09-12T03:00:13","isFullCredit":false},{"lineNumber":3,"author":{"gitId":"gohjieling834"},"content":"public class Task {","lastModifiedDate":"2025-08-29T03:08:44","isFullCredit":false},{"lineNumber":4,"author":{"gitId":"gohjieling834"},"content":"    protected String description;","lastModifiedDate":"2025-08-29T03:08:44","isFullCredit":false},{"lineNumber":5,"author":{"gitId":"gohjieling834"},"content":"    protected boolean isDone;","lastModifiedDate":"2025-08-29T03:08:44","isFullCredit":false},{"lineNumber":6,"author":{"gitId":"gohjieling834"},"content":"","lastModifiedDate":"2025-08-29T03:08:44","isFullCredit":false},{"lineNumber":7,"author":{"gitId":"gohjieling834"},"content":"    public Task(String description) {","lastModifiedDate":"2025-08-29T03:08:44","isFullCredit":false},{"lineNumber":8,"author":{"gitId":"gohjieling834"},"content":"        this.description \u003d description;","lastModifiedDate":"2025-08-29T03:08:44","isFullCredit":false},{"lineNumber":9,"author":{"gitId":"gohjieling834"},"content":"        this.isDone \u003d false;","lastModifiedDate":"2025-08-29T03:08:44","isFullCredit":false},{"lineNumber":10,"author":{"gitId":"gohjieling834"},"content":"    }","lastModifiedDate":"2025-08-29T03:08:44","isFullCredit":false},{"lineNumber":11,"author":{"gitId":"gohjieling834"},"content":"","lastModifiedDate":"2025-08-29T03:08:44","isFullCredit":false},{"lineNumber":12,"author":{"gitId":"gohjieling834"},"content":"    public String getDescription() {","lastModifiedDate":"2025-08-29T03:08:44","isFullCredit":false},{"lineNumber":13,"author":{"gitId":"gohjieling834"},"content":"        return description;","lastModifiedDate":"2025-08-29T03:08:44","isFullCredit":false},{"lineNumber":14,"author":{"gitId":"gohjieling834"},"content":"    }","lastModifiedDate":"2025-08-29T03:08:44","isFullCredit":false},{"lineNumber":15,"author":{"gitId":"gohjieling834"},"content":"","lastModifiedDate":"2025-08-29T03:08:44","isFullCredit":false},{"lineNumber":16,"author":{"gitId":"gohjieling834"},"content":"    public void setDescription(String description) {","lastModifiedDate":"2025-08-29T03:08:44","isFullCredit":false},{"lineNumber":17,"author":{"gitId":"gohjieling834"},"content":"        this.description \u003d description;","lastModifiedDate":"2025-08-29T03:08:44","isFullCredit":false},{"lineNumber":18,"author":{"gitId":"gohjieling834"},"content":"    }","lastModifiedDate":"2025-08-29T03:08:44","isFullCredit":false},{"lineNumber":19,"author":{"gitId":"gohjieling834"},"content":"","lastModifiedDate":"2025-08-29T03:08:44","isFullCredit":false},{"lineNumber":20,"author":{"gitId":"gohjieling834"},"content":"    public boolean isDone() {","lastModifiedDate":"2025-08-29T03:08:44","isFullCredit":false},{"lineNumber":21,"author":{"gitId":"gohjieling834"},"content":"        return isDone;","lastModifiedDate":"2025-08-29T03:08:44","isFullCredit":false},{"lineNumber":22,"author":{"gitId":"gohjieling834"},"content":"    }","lastModifiedDate":"2025-08-29T03:08:44","isFullCredit":false},{"lineNumber":23,"author":{"gitId":"gohjieling834"},"content":"","lastModifiedDate":"2025-08-29T03:08:44","isFullCredit":false},{"lineNumber":24,"author":{"gitId":"gohjieling834"},"content":"    public void setDone(boolean done) {","lastModifiedDate":"2025-08-29T03:08:44","isFullCredit":false},{"lineNumber":25,"author":{"gitId":"gohjieling834"},"content":"        isDone \u003d done;","lastModifiedDate":"2025-08-29T03:08:44","isFullCredit":false},{"lineNumber":26,"author":{"gitId":"gohjieling834"},"content":"    }","lastModifiedDate":"2025-08-29T03:08:44","isFullCredit":false},{"lineNumber":27,"author":{"gitId":"gohjieling834"},"content":"","lastModifiedDate":"2025-08-29T03:08:44","isFullCredit":false},{"lineNumber":28,"author":{"gitId":"gohjieling834"},"content":"    public String getStatusIcon() {","lastModifiedDate":"2025-08-29T03:08:44","isFullCredit":false},{"lineNumber":29,"author":{"gitId":"gohjieling834"},"content":"        return (isDone ? \"X\" : \" \");","lastModifiedDate":"2025-08-29T03:08:44","isFullCredit":false},{"lineNumber":30,"author":{"gitId":"gohjieling834"},"content":"    }","lastModifiedDate":"2025-08-29T03:08:44","isFullCredit":false},{"lineNumber":31,"author":{"gitId":"gohjieling834"},"content":"","lastModifiedDate":"2025-08-29T03:08:44","isFullCredit":false},{"lineNumber":32,"author":{"gitId":"gohjieling834"},"content":"    public void markAsDone() {","lastModifiedDate":"2025-08-29T03:08:44","isFullCredit":false},{"lineNumber":33,"author":{"gitId":"gohjieling834"},"content":"        isDone \u003d true;","lastModifiedDate":"2025-08-29T03:08:44","isFullCredit":false},{"lineNumber":34,"author":{"gitId":"gohjieling834"},"content":"    }","lastModifiedDate":"2025-08-29T03:08:44","isFullCredit":false},{"lineNumber":35,"author":{"gitId":"gohjieling834"},"content":"","lastModifiedDate":"2025-08-29T03:08:44","isFullCredit":false},{"lineNumber":36,"author":{"gitId":"gohjieling834"},"content":"    public void markAsUndone() {","lastModifiedDate":"2025-09-05T11:53:45","isFullCredit":false},{"lineNumber":37,"author":{"gitId":"gohjieling834"},"content":"        isDone \u003d false;","lastModifiedDate":"2025-08-29T03:12:57","isFullCredit":false},{"lineNumber":38,"author":{"gitId":"gohjieling834"},"content":"    }","lastModifiedDate":"2025-08-29T03:08:44","isFullCredit":false},{"lineNumber":39,"author":{"gitId":"gohjieling834"},"content":"","lastModifiedDate":"2025-09-05T11:53:45","isFullCredit":false},{"lineNumber":40,"author":{"gitId":"gohjieling834"},"content":"    @Override","lastModifiedDate":"2025-09-05T14:35:28","isFullCredit":false},{"lineNumber":41,"author":{"gitId":"gohjieling834"},"content":"    public String toString() {","lastModifiedDate":"2025-09-05T11:53:45","isFullCredit":false},{"lineNumber":42,"author":{"gitId":"gohjieling834"},"content":"        return \"[\" + getStatusIcon() + \"] \" + description;","lastModifiedDate":"2025-09-05T11:53:45","isFullCredit":false},{"lineNumber":43,"author":{"gitId":"gohjieling834"},"content":"    }","lastModifiedDate":"2025-09-05T11:53:45","isFullCredit":false},{"lineNumber":44,"author":{"gitId":"gohjieling834"},"content":"}","lastModifiedDate":"2025-08-29T03:08:44","isFullCredit":false}],"authorContributionMap":{"gohjieling834":44}},{"path":"src/main/java/berry/task/Todo.java","fileType":"java","lines":[{"lineNumber":1,"author":{"gitId":"gohjieling834"},"content":"package berry.task;","lastModifiedDate":"2025-09-12T03:00:13","isFullCredit":false},{"lineNumber":2,"author":{"gitId":"gohjieling834"},"content":"","lastModifiedDate":"2025-09-12T03:00:13","isFullCredit":false},{"lineNumber":3,"author":{"gitId":"gohjieling834"},"content":"public class Todo extends Task {","lastModifiedDate":"2025-09-05T11:42:48","isFullCredit":false},{"lineNumber":4,"author":{"gitId":"gohjieling834"},"content":"    public Todo(String description) {","lastModifiedDate":"2025-09-05T11:42:48","isFullCredit":false},{"lineNumber":5,"author":{"gitId":"gohjieling834"},"content":"        super(description);","lastModifiedDate":"2025-09-05T11:42:48","isFullCredit":false},{"lineNumber":6,"author":{"gitId":"gohjieling834"},"content":"    }","lastModifiedDate":"2025-09-05T11:42:48","isFullCredit":false},{"lineNumber":7,"author":{"gitId":"gohjieling834"},"content":"","lastModifiedDate":"2025-09-05T11:42:48","isFullCredit":false},{"lineNumber":8,"author":{"gitId":"gohjieling834"},"content":"    @Override","lastModifiedDate":"2025-09-05T11:42:48","isFullCredit":false},{"lineNumber":9,"author":{"gitId":"gohjieling834"},"content":"    public String toString() {","lastModifiedDate":"2025-09-05T11:42:48","isFullCredit":false},{"lineNumber":10,"author":{"gitId":"gohjieling834"},"content":"        return \"[T]\" + super.toString();","lastModifiedDate":"2025-09-05T11:42:48","isFullCredit":false},{"lineNumber":11,"author":{"gitId":"gohjieling834"},"content":"    }","lastModifiedDate":"2025-09-05T11:42:48","isFullCredit":false},{"lineNumber":12,"author":{"gitId":"gohjieling834"},"content":"}","lastModifiedDate":"2025-09-05T11:42:48","isFullCredit":false}],"authorContributionMap":{"gohjieling834":12}},{"path":"text-ui-test/input.txt","fileType":"txt","lines":[{"lineNumber":1,"author":{"gitId":"gohjieling834"},"content":"todo read book","lastModifiedDate":"2025-09-05T12:55:34","isFullCredit":false},{"lineNumber":2,"author":{"gitId":"gohjieling834"},"content":"deadline finish CS2113 Coursemology task /by Mon 5pm","lastModifiedDate":"2025-09-05T14:35:28","isFullCredit":false},{"lineNumber":3,"author":{"gitId":"gohjieling834"},"content":"event attend expo /from Mon 2pm /to 4pm","lastModifiedDate":"2025-09-05T14:35:28","isFullCredit":false},{"lineNumber":4,"author":{"gitId":"gohjieling834"},"content":"mark 1","lastModifiedDate":"2025-09-05T12:55:34","isFullCredit":false},{"lineNumber":5,"author":{"gitId":"gohjieling834"},"content":"list","lastModifiedDate":"2025-09-05T12:55:34","isFullCredit":false},{"lineNumber":6,"author":{"gitId":"gohjieling834"},"content":"todo cook dinner","lastModifiedDate":"2025-09-05T12:55:34","isFullCredit":false},{"lineNumber":7,"author":{"gitId":"gohjieling834"},"content":"deadline Submit homework /by Tue 6pm","lastModifiedDate":"2025-09-05T14:35:28","isFullCredit":false},{"lineNumber":8,"author":{"gitId":"gohjieling834"},"content":"mark 3","lastModifiedDate":"2025-09-05T12:55:34","isFullCredit":false},{"lineNumber":9,"author":{"gitId":"gohjieling834"},"content":"list","lastModifiedDate":"2025-09-05T12:55:34","isFullCredit":false},{"lineNumber":10,"author":{"gitId":"gohjieling834"},"content":"unmark 1","lastModifiedDate":"2025-09-05T12:55:34","isFullCredit":false},{"lineNumber":11,"author":{"gitId":"gohjieling834"},"content":"list","lastModifiedDate":"2025-09-05T12:55:34","isFullCredit":false},{"lineNumber":12,"author":{"gitId":"gohjieling834"},"content":"bye","lastModifiedDate":"2025-09-05T12:55:34","isFullCredit":false}],"authorContributionMap":{"gohjieling834":12}},{"path":"text-ui-test/runtest.bat","fileType":"bat","lines":[{"lineNumber":1,"author":{"gitId":"-"},"content":"@ECHO OFF","lastModifiedDate":"2020-05-25T00:03:55","isFullCredit":false},{"lineNumber":2,"author":{"gitId":"-"},"content":"","lastModifiedDate":"2020-05-25T00:03:55","isFullCredit":false},{"lineNumber":3,"author":{"gitId":"-"},"content":"REM create bin directory if it doesn\u0027t exist","lastModifiedDate":"2020-05-25T00:03:55","isFullCredit":false},{"lineNumber":4,"author":{"gitId":"-"},"content":"if not exist ..\\bin mkdir ..\\bin","lastModifiedDate":"2020-05-25T00:03:55","isFullCredit":false},{"lineNumber":5,"author":{"gitId":"-"},"content":"","lastModifiedDate":"2020-05-25T00:03:55","isFullCredit":false},{"lineNumber":6,"author":{"gitId":"-"},"content":"REM delete output from previous run","lastModifiedDate":"2020-05-25T00:03:55","isFullCredit":false},{"lineNumber":7,"author":{"gitId":"-"},"content":"if exist ACTUAL.TXT del ACTUAL.TXT","lastModifiedDate":"2020-08-25T17:23:26","isFullCredit":false},{"lineNumber":8,"author":{"gitId":"-"},"content":"","lastModifiedDate":"2020-05-25T00:03:55","isFullCredit":false},{"lineNumber":9,"author":{"gitId":"-"},"content":"REM compile the code into the bin folder","lastModifiedDate":"2020-05-25T00:03:55","isFullCredit":false},{"lineNumber":10,"author":{"gitId":"gohjieling834"},"content":"javac  -cp ..\\src\\main\\java -Xlint:none -d ..\\bin ..\\src\\main\\java\\berry\\*.java ..\\src\\main\\java\\berry\\task\\*.java","lastModifiedDate":"2025-09-12T03:00:13","isFullCredit":false},{"lineNumber":11,"author":{"gitId":"-"},"content":"IF ERRORLEVEL 1 (","lastModifiedDate":"2020-05-25T00:03:55","isFullCredit":false},{"lineNumber":12,"author":{"gitId":"-"},"content":"    echo ********** BUILD FAILURE **********","lastModifiedDate":"2020-05-25T00:03:55","isFullCredit":false},{"lineNumber":13,"author":{"gitId":"-"},"content":"    exit /b 1","lastModifiedDate":"2020-05-25T00:03:55","isFullCredit":false},{"lineNumber":14,"author":{"gitId":"-"},"content":")","lastModifiedDate":"2020-05-25T00:03:55","isFullCredit":false},{"lineNumber":15,"author":{"gitId":"-"},"content":"REM no error here, errorlevel \u003d\u003d 0","lastModifiedDate":"2020-05-25T00:03:55","isFullCredit":false},{"lineNumber":16,"author":{"gitId":"-"},"content":"","lastModifiedDate":"2020-05-25T00:03:55","isFullCredit":false},{"lineNumber":17,"author":{"gitId":"-"},"content":"REM run the program, feed commands from input.txt file and redirect the output to the ACTUAL.TXT","lastModifiedDate":"2020-05-25T00:03:55","isFullCredit":false},{"lineNumber":18,"author":{"gitId":"gohjieling834"},"content":"java -classpath ..\\bin berry.Berry \u003c input.txt \u003e ACTUAL.TXT","lastModifiedDate":"2025-09-12T03:00:13","isFullCredit":false},{"lineNumber":19,"author":{"gitId":"-"},"content":"","lastModifiedDate":"2020-05-25T00:03:55","isFullCredit":false},{"lineNumber":20,"author":{"gitId":"-"},"content":"REM compare the output to the expected output","lastModifiedDate":"2020-05-25T00:03:55","isFullCredit":false},{"lineNumber":21,"author":{"gitId":"-"},"content":"FC ACTUAL.TXT EXPECTED.TXT","lastModifiedDate":"2020-05-25T00:03:55","isFullCredit":false}],"authorContributionMap":{"-":19,"gohjieling834":2}}]
