{"authorDailyContributionsMap":{"gohjieling834":[{"date":"2025-08-22T00:00:00","commitResults":[{"hash":"77ec2f859ab9b9d6ebf1ae55ce5a17ee1e44009c","isMergeCommit":false,"messageTitle":"Add Greet and Exit lines","messageBody":"- Added greeting and exit lines\n- Renamed Chatbot name to Berry\n","tags":["Wrong-commit"],"fileTypesAndContributionMap":{"java":{"insertions":0,"deletions":0}}},{"hash":"76967d7b027b7b14f1f455ed69187ff1bbe43451","isMergeCommit":false,"messageTitle":"Add Greet/Exit lines and rename chatbot","messageBody":"- Added greeting and exit lines\n- Renamed chatbot from Duke to Berry\n- Renamed file Duke.java to Berry.java\n","tags":["Level-0"],"fileTypesAndContributionMap":{"java":{"insertions":12,"deletions":7}}}]},{"date":"2025-08-29T00:00:00","commitResults":[{"hash":"557965eea05ad79d498d089fb01f440a05044c97","isMergeCommit":false,"messageTitle":"Add method \u0027echo\u0027","messageBody":"The method \u0027echo\u0027 echos commands entered by the user, and exists when the user types the command \u0027bye\u0027.\n","fileTypesAndContributionMap":{"java":{"insertions":15,"deletions":9}}},{"hash":"3c2962c5a210f0005a45a6341a48d58102e07aa3","isMergeCommit":false,"messageTitle":"Update echo method","messageBody":"Moved the variables and while loop in the echo method into main.\n","tags":["Level-1"],"fileTypesAndContributionMap":{"java":{"insertions":9,"deletions":9}}},{"hash":"e91623edde7e7282c0e4e779cbd53a034b313e7a","isMergeCommit":false,"messageTitle":"Refactor echo method to addTask and add list method","messageBody":"Renamed and updated the echo method so that the method is able to\nadd tasks to the array, and the new method name reflects its functionality better.\n","tags":["Level-2"],"fileTypesAndContributionMap":{"java":{"insertions":19,"deletions":4}}},{"hash":"0d1544f1982bc5012b5c32560402c7c0cb862dfd","isMergeCommit":false,"messageTitle":"Add Task class","messageBody":"Added a Task class to represent tasks and encapsulate their related data.\n","tags":["A-Classes"],"fileTypesAndContributionMap":{"java":{"insertions":37,"deletions":0}}},{"hash":"3ccea3501d518ba53b46c7c05c8720f2153e9417","isMergeCommit":false,"messageTitle":"Update unmarkAsDone method","messageBody":"Included the line to update the isDone to be false.\n","fileTypesAndContributionMap":{"java":{"insertions":1,"deletions":1}}},{"hash":"4e00954d851bd6d4b72f60f5c3a1c15b0feb3f6e","isMergeCommit":false,"messageTitle":"Add toggleTaskStatus method","messageBody":"Added the toggleTaskStatus method so that the user can mark/unmark the task.\n\nUpdated the addTask and list method to work with Task objects instead of Strings.\n","tags":["Level-3"],"fileTypesAndContributionMap":{"java":{"insertions":24,"deletions":5}}},{"hash":"716ce93dfe3f65ce12a5b0b06ec70aaf45a31234","isMergeCommit":false,"messageTitle":"Update code to comply with coding standard","messageBody":"","tags":["A-CodingStandard"],"fileTypesAndContributionMap":{"java":{"insertions":11,"deletions":9}}}]},{"date":"2025-09-05T00:00:00","commitResults":[{"hash":"51afeb3add17483dfeb08df1d4e9962f32661c5c","isMergeCommit":false,"messageTitle":"Add Todo, Deadline, Event classes","messageBody":"Added Todo, Deadline, Event classes as subclasses of Task.\nThis helps to support different task types.\n","tags":["A-Inheritance"],"fileTypesAndContributionMap":{"java":{"insertions":61,"deletions":0}}},{"hash":"c1876e7df65240887c4795cc89b4d2483dc674be","isMergeCommit":false,"messageTitle":"Extract helper methods and add task methods","messageBody":"Extracted code into helper methods for clarity.\nAdded addTodo, addDeadline, and addEvent methods to\nsupport adding different task types.\n","tags":["Level-4"],"fileTypesAndContributionMap":{"java":{"insertions":121,"deletions":32}}},{"hash":"f9000cedfb88ebe34145032a918abb4933bceeb9","isMergeCommit":false,"messageTitle":"Update UITestText for task commands","messageBody":"Updated the input and expected output files to verify all the commands.\n\nMoved Scanner initialisation to main() instead of creating a new Scanner\nin getUserInput() to prevent NoSuchElementException during tests.\n","tags":["A-TextUiTesting"],"fileTypesAndContributionMap":{"txt":{"insertions":12,"deletions":0},"java":{"insertions":3,"deletions":3},"bat":{"insertions":2,"deletions":2}}},{"hash":"e21d142fc69887179654da6a99b4b647507eda1d","isMergeCommit":false,"messageTitle":"Refactor: improve code quality in all classes","messageBody":"- Added extractDetails method to reduce duplications when adding tasks\n- Changed Scanner to a constant\n- Renamed argument \u0027command\u0027 in add task methods\n  and toggleTaskStatus method to \u0027userInput\u0027 for clarity\n- Changed variables in Deadline and Event classes from \u0027private\u0027 to \u0027 protected\u0027\n","tags":["A-CodeQuality"],"fileTypesAndContributionMap":{"txt":{"insertions":3,"deletions":3},"java":{"insertions":33,"deletions":27}}}]}]},"authorFileTypeContributionMap":{"gohjieling834":{"java":247,"md":0,"fxml":0,"sh":0,"bat":2,"gradle":0,"txt":12}},"authorContributionVariance":{"gohjieling834":3697.4678},"authorDisplayNameMap":{"gohjieling834":"CS2113-T11-4 GOH ..LING"}}
