[{"path":"src/main/java/Jord.java","fileType":"java","lines":[{"lineNumber":1,"author":{"gitId":"JeanPerrierIII"},"content":"import tasks.*;","lastModifiedDate":"2025-09-12T12:21:57","isFullCredit":false},{"lineNumber":2,"author":{"gitId":"JeanPerrierIII"},"content":"","lastModifiedDate":"2025-09-12T12:21:57","isFullCredit":false},{"lineNumber":3,"author":{"gitId":"JeanPerrierIII"},"content":"import java.util.Scanner;","lastModifiedDate":"2025-08-28T09:49:53","isFullCredit":false},{"lineNumber":4,"author":{"gitId":"JeanPerrierIII"},"content":"","lastModifiedDate":"2025-08-28T09:49:53","isFullCredit":false},{"lineNumber":5,"author":{"gitId":"JeanPerrierIII"},"content":"public class Jord {","lastModifiedDate":"2025-08-27T12:36:51","isFullCredit":false},{"lineNumber":6,"author":{"gitId":"JeanPerrierIII"},"content":"","lastModifiedDate":"2025-08-28T12:19:45","isFullCredit":false},{"lineNumber":7,"author":{"gitId":"JeanPerrierIII"},"content":"    private static final int TASK_LIMIT \u003d 100;","lastModifiedDate":"2025-08-30T23:39:37","isFullCredit":false},{"lineNumber":8,"author":{"gitId":"JeanPerrierIII"},"content":"    public static final String WELCOME_MESSAGE \u003d \"    Hello! I\u0027m Jord\\n    What can I do for you?\";","lastModifiedDate":"2025-09-10T17:07:58","isFullCredit":false},{"lineNumber":9,"author":{"gitId":"JeanPerrierIII"},"content":"    public static final String BYE_MESSAGE \u003d \"    Bye, see you again!\";","lastModifiedDate":"2025-09-10T17:07:58","isFullCredit":false},{"lineNumber":10,"author":{"gitId":"JeanPerrierIII"},"content":"","lastModifiedDate":"2025-09-07T15:41:53","isFullCredit":false},{"lineNumber":11,"author":{"gitId":"JeanPerrierIII"},"content":"    private static Task[] TASKS \u003d new Task[TASK_LIMIT];","lastModifiedDate":"2025-08-30T23:39:37","isFullCredit":false},{"lineNumber":12,"author":{"gitId":"JeanPerrierIII"},"content":"    private static int TASK_COUNT \u003d 0;","lastModifiedDate":"2025-08-30T23:39:37","isFullCredit":false},{"lineNumber":13,"author":{"gitId":"JeanPerrierIII"},"content":"    private static final Scanner SCANNER \u003d new Scanner(System.in);","lastModifiedDate":"2025-08-30T23:39:37","isFullCredit":false},{"lineNumber":14,"author":{"gitId":"JeanPerrierIII"},"content":"","lastModifiedDate":"2025-08-30T23:39:37","isFullCredit":false},{"lineNumber":15,"author":{"gitId":"JeanPerrierIII"},"content":"    public static final String TASK_CORRECT_USAGE \u003d \"add \u003ctask description\u003e\";","lastModifiedDate":"2025-09-10T17:07:58","isFullCredit":false},{"lineNumber":16,"author":{"gitId":"JeanPerrierIII"},"content":"    public static final String TODO_CORRECT_USAGE \u003d \"todo \u003cdescription\u003e\";","lastModifiedDate":"2025-09-10T17:07:58","isFullCredit":false},{"lineNumber":17,"author":{"gitId":"JeanPerrierIII"},"content":"    public static final String EVENT_CORRECT_USAGE \u003d \"event \u003cdescription\u003e /from \u003cdate 1\u003e /to \u003cdate 2\u003e\";","lastModifiedDate":"2025-09-10T17:07:58","isFullCredit":false},{"lineNumber":18,"author":{"gitId":"JeanPerrierIII"},"content":"    public static final String DEADLINE_CORRECT_USAGE \u003d \"deadline \u003cdescription\u003e /by \u003cdate\u003e\";","lastModifiedDate":"2025-09-10T17:07:58","isFullCredit":false},{"lineNumber":19,"author":{"gitId":"JeanPerrierIII"},"content":"    public static final String MARKED_COMPLETE \u003d \"    The following task has been marked complete\";","lastModifiedDate":"2025-09-10T17:07:58","isFullCredit":false},{"lineNumber":20,"author":{"gitId":"JeanPerrierIII"},"content":"    public static final String MARKED_INCOMPLETE \u003d \"    The following task has been marked incomplete\";","lastModifiedDate":"2025-09-10T17:07:58","isFullCredit":false},{"lineNumber":21,"author":{"gitId":"JeanPerrierIII"},"content":"    public static final String MARK_CORRECT_USAGE \u003d \"mark/unmark \u003cindex of task\u003e\";","lastModifiedDate":"2025-09-10T17:07:58","isFullCredit":false},{"lineNumber":22,"author":{"gitId":"JeanPerrierIII"},"content":"    public static final String LIST_EMPTY_MESSAGE \u003d","lastModifiedDate":"2025-09-10T17:07:58","isFullCredit":false},{"lineNumber":23,"author":{"gitId":"JeanPerrierIII"},"content":"            \"    No tasks have been added, use todo, event or deadline to add some\";","lastModifiedDate":"2025-09-10T17:07:58","isFullCredit":false},{"lineNumber":24,"author":{"gitId":"JeanPerrierIII"},"content":"","lastModifiedDate":"2025-09-07T15:41:53","isFullCredit":false},{"lineNumber":25,"author":{"gitId":"JeanPerrierIII"},"content":"","lastModifiedDate":"2025-09-07T15:41:53","isFullCredit":false},{"lineNumber":26,"author":{"gitId":"JeanPerrierIII"},"content":"    public static void printLogo() {","lastModifiedDate":"2025-09-10T17:18:19","isFullCredit":false},{"lineNumber":27,"author":{"gitId":"JeanPerrierIII"},"content":"        System.out.println(\"    ______  _______    _______   ______  \\n\" +","lastModifiedDate":"2025-09-10T17:18:19","isFullCredit":false},{"lineNumber":28,"author":{"gitId":"JeanPerrierIII"},"content":"                \"   ╱      ╲╱       ╲╲╱╱       ╲_╱      ╲╲\\n\" +","lastModifiedDate":"2025-09-10T17:18:19","isFullCredit":false},{"lineNumber":29,"author":{"gitId":"JeanPerrierIII"},"content":"                \"  ╱       ╱        ╱╱╱        ╱        ╱╱\\n\" +","lastModifiedDate":"2025-09-10T17:18:19","isFullCredit":false},{"lineNumber":30,"author":{"gitId":"JeanPerrierIII"},"content":"                \"_╱      ╱╱         ╱        _╱         ╱ \\n\" +","lastModifiedDate":"2025-09-10T17:18:19","isFullCredit":false},{"lineNumber":31,"author":{"gitId":"JeanPerrierIII"},"content":"                \"╲______╱╱╲________╱╲____╱___╱╲________╱  \");","lastModifiedDate":"2025-09-10T17:18:19","isFullCredit":false},{"lineNumber":32,"author":{"gitId":"JeanPerrierIII"},"content":"    }","lastModifiedDate":"2025-09-10T17:18:19","isFullCredit":false},{"lineNumber":33,"author":{"gitId":"JeanPerrierIII"},"content":"","lastModifiedDate":"2025-09-10T17:18:19","isFullCredit":false},{"lineNumber":34,"author":{"gitId":"JeanPerrierIII"},"content":"    public static void printCorrectUsage(TaskType type) {","lastModifiedDate":"2025-09-07T15:41:53","isFullCredit":false},{"lineNumber":35,"author":{"gitId":"JeanPerrierIII"},"content":"        System.out.print(\"    Correct usage: \");","lastModifiedDate":"2025-09-07T15:41:53","isFullCredit":false},{"lineNumber":36,"author":{"gitId":"JeanPerrierIII"},"content":"        switch (type) {","lastModifiedDate":"2025-09-07T15:41:53","isFullCredit":false},{"lineNumber":37,"author":{"gitId":"JeanPerrierIII"},"content":"        case TASK:","lastModifiedDate":"2025-09-10T16:33:06","isFullCredit":false},{"lineNumber":38,"author":{"gitId":"JeanPerrierIII"},"content":"            System.out.println(TASK_CORRECT_USAGE);","lastModifiedDate":"2025-09-10T16:33:06","isFullCredit":false},{"lineNumber":39,"author":{"gitId":"JeanPerrierIII"},"content":"            break;","lastModifiedDate":"2025-09-10T16:33:06","isFullCredit":false},{"lineNumber":40,"author":{"gitId":"JeanPerrierIII"},"content":"        case TODO:","lastModifiedDate":"2025-09-07T15:41:53","isFullCredit":false},{"lineNumber":41,"author":{"gitId":"JeanPerrierIII"},"content":"            System.out.println(TODO_CORRECT_USAGE);","lastModifiedDate":"2025-09-07T15:41:53","isFullCredit":false},{"lineNumber":42,"author":{"gitId":"JeanPerrierIII"},"content":"            break;","lastModifiedDate":"2025-09-07T15:41:53","isFullCredit":false},{"lineNumber":43,"author":{"gitId":"JeanPerrierIII"},"content":"        case EVENT:","lastModifiedDate":"2025-09-07T15:41:53","isFullCredit":false},{"lineNumber":44,"author":{"gitId":"JeanPerrierIII"},"content":"            System.out.println(EVENT_CORRECT_USAGE);","lastModifiedDate":"2025-09-07T15:41:53","isFullCredit":false},{"lineNumber":45,"author":{"gitId":"JeanPerrierIII"},"content":"            break;","lastModifiedDate":"2025-09-07T15:41:53","isFullCredit":false},{"lineNumber":46,"author":{"gitId":"JeanPerrierIII"},"content":"        case DEADLINE:","lastModifiedDate":"2025-09-07T15:41:53","isFullCredit":false},{"lineNumber":47,"author":{"gitId":"JeanPerrierIII"},"content":"            System.out.println(DEADLINE_CORRECT_USAGE);","lastModifiedDate":"2025-09-07T15:41:53","isFullCredit":false},{"lineNumber":48,"author":{"gitId":"JeanPerrierIII"},"content":"            break;","lastModifiedDate":"2025-09-07T15:41:53","isFullCredit":false},{"lineNumber":49,"author":{"gitId":"JeanPerrierIII"},"content":"        case MARK:","lastModifiedDate":"2025-09-07T15:41:53","isFullCredit":false},{"lineNumber":50,"author":{"gitId":"JeanPerrierIII"},"content":"            System.out.println(MARK_CORRECT_USAGE);","lastModifiedDate":"2025-09-07T15:41:53","isFullCredit":false},{"lineNumber":51,"author":{"gitId":"JeanPerrierIII"},"content":"            break;","lastModifiedDate":"2025-09-07T15:41:53","isFullCredit":false},{"lineNumber":52,"author":{"gitId":"JeanPerrierIII"},"content":"        }","lastModifiedDate":"2025-09-07T15:41:53","isFullCredit":false},{"lineNumber":53,"author":{"gitId":"JeanPerrierIII"},"content":"    }","lastModifiedDate":"2025-09-07T15:41:53","isFullCredit":false},{"lineNumber":54,"author":{"gitId":"JeanPerrierIII"},"content":"","lastModifiedDate":"2025-09-07T15:41:53","isFullCredit":false},{"lineNumber":55,"author":{"gitId":"JeanPerrierIII"},"content":"    public static void listTasks() {","lastModifiedDate":"2025-09-01T17:08:44","isFullCredit":false},{"lineNumber":56,"author":{"gitId":"JeanPerrierIII"},"content":"        if (TASK_COUNT \u003d\u003d 0) {","lastModifiedDate":"2025-09-07T15:41:53","isFullCredit":false},{"lineNumber":57,"author":{"gitId":"JeanPerrierIII"},"content":"            System.out.println(LIST_EMPTY_MESSAGE);","lastModifiedDate":"2025-09-10T17:07:58","isFullCredit":false},{"lineNumber":58,"author":{"gitId":"JeanPerrierIII"},"content":"        }","lastModifiedDate":"2025-09-07T15:41:53","isFullCredit":false},{"lineNumber":59,"author":{"gitId":"JeanPerrierIII"},"content":"        int i \u003d 0;","lastModifiedDate":"2025-08-28T12:19:45","isFullCredit":false},{"lineNumber":60,"author":{"gitId":"JeanPerrierIII"},"content":"        while (TASKS[i] !\u003d null) {","lastModifiedDate":"2025-08-30T23:39:37","isFullCredit":false},{"lineNumber":61,"author":{"gitId":"JeanPerrierIII"},"content":"            System.out.print(\"    \" + (i+1) + \". \");","lastModifiedDate":"2025-08-28T12:19:45","isFullCredit":false},{"lineNumber":62,"author":{"gitId":"JeanPerrierIII"},"content":"            System.out.println(TASKS[i].toString());","lastModifiedDate":"2025-09-01T17:08:44","isFullCredit":false},{"lineNumber":63,"author":{"gitId":"JeanPerrierIII"},"content":"            i++;","lastModifiedDate":"2025-08-28T12:19:45","isFullCredit":false},{"lineNumber":64,"author":{"gitId":"JeanPerrierIII"},"content":"        }","lastModifiedDate":"2025-08-28T12:19:45","isFullCredit":false},{"lineNumber":65,"author":{"gitId":"JeanPerrierIII"},"content":"    }","lastModifiedDate":"2025-08-28T12:19:45","isFullCredit":false},{"lineNumber":66,"author":{"gitId":"JeanPerrierIII"},"content":"","lastModifiedDate":"2025-08-28T12:19:45","isFullCredit":false},{"lineNumber":67,"author":{"gitId":"JeanPerrierIII"},"content":"    public static void printTask(int index) {","lastModifiedDate":"2025-09-01T17:08:44","isFullCredit":false},{"lineNumber":68,"author":{"gitId":"JeanPerrierIII"},"content":"        System.out.println(\"    \" + TASKS[index].toString());","lastModifiedDate":"2025-09-01T17:37:49","isFullCredit":false},{"lineNumber":69,"author":{"gitId":"JeanPerrierIII"},"content":"        System.out.println(\"    Total tasks: \" + (index + 1));","lastModifiedDate":"2025-09-01T17:10:05","isFullCredit":false},{"lineNumber":70,"author":{"gitId":"JeanPerrierIII"},"content":"    }","lastModifiedDate":"2025-09-01T17:08:44","isFullCredit":false},{"lineNumber":71,"author":{"gitId":"JeanPerrierIII"},"content":"","lastModifiedDate":"2025-09-01T17:08:44","isFullCredit":false},{"lineNumber":72,"author":{"gitId":"JeanPerrierIII"},"content":"    public static boolean isTaskMarkerInputValid(String[] input) {","lastModifiedDate":"2025-09-07T15:41:53","isFullCredit":false},{"lineNumber":73,"author":{"gitId":"JeanPerrierIII"},"content":"        if (input.length \u003c 2 || input[1].trim().isEmpty() ) {","lastModifiedDate":"2025-09-07T15:41:53","isFullCredit":false},{"lineNumber":74,"author":{"gitId":"JeanPerrierIII"},"content":"            System.out.println(\"    Error: missing task index\");","lastModifiedDate":"2025-09-07T15:41:53","isFullCredit":false},{"lineNumber":75,"author":{"gitId":"JeanPerrierIII"},"content":"            return false;","lastModifiedDate":"2025-09-07T15:41:53","isFullCredit":false},{"lineNumber":76,"author":{"gitId":"JeanPerrierIII"},"content":"        }","lastModifiedDate":"2025-09-07T15:41:53","isFullCredit":false},{"lineNumber":77,"author":{"gitId":"JeanPerrierIII"},"content":"        // task index is present, and not empty","lastModifiedDate":"2025-09-07T15:41:53","isFullCredit":false},{"lineNumber":78,"author":{"gitId":"JeanPerrierIII"},"content":"","lastModifiedDate":"2025-09-07T15:41:53","isFullCredit":false},{"lineNumber":79,"author":{"gitId":"JeanPerrierIII"},"content":"        try {","lastModifiedDate":"2025-09-07T15:41:53","isFullCredit":false},{"lineNumber":80,"author":{"gitId":"JeanPerrierIII"},"content":"            int i \u003d Integer.parseInt(input[1]);","lastModifiedDate":"2025-09-07T15:41:53","isFullCredit":false},{"lineNumber":81,"author":{"gitId":"JeanPerrierIII"},"content":"        } catch (NumberFormatException e) {","lastModifiedDate":"2025-09-07T15:41:53","isFullCredit":false},{"lineNumber":82,"author":{"gitId":"JeanPerrierIII"},"content":"            // not an integer","lastModifiedDate":"2025-09-07T15:41:53","isFullCredit":false},{"lineNumber":83,"author":{"gitId":"JeanPerrierIII"},"content":"            System.out.println(\"    Error: index specified is not an integer\");","lastModifiedDate":"2025-09-07T15:41:53","isFullCredit":false},{"lineNumber":84,"author":{"gitId":"JeanPerrierIII"},"content":"            return false;","lastModifiedDate":"2025-09-07T15:41:53","isFullCredit":false},{"lineNumber":85,"author":{"gitId":"JeanPerrierIII"},"content":"        }","lastModifiedDate":"2025-09-07T15:41:53","isFullCredit":false},{"lineNumber":86,"author":{"gitId":"JeanPerrierIII"},"content":"        // index specified is an integer","lastModifiedDate":"2025-09-07T15:41:53","isFullCredit":false},{"lineNumber":87,"author":{"gitId":"JeanPerrierIII"},"content":"        return true;","lastModifiedDate":"2025-09-07T15:41:53","isFullCredit":false},{"lineNumber":88,"author":{"gitId":"JeanPerrierIII"},"content":"    }","lastModifiedDate":"2025-09-07T15:41:53","isFullCredit":false},{"lineNumber":89,"author":{"gitId":"JeanPerrierIII"},"content":"","lastModifiedDate":"2025-09-07T15:41:53","isFullCredit":false},{"lineNumber":90,"author":{"gitId":"JeanPerrierIII"},"content":"    public static void taskMarker(String[] input) {","lastModifiedDate":"2025-09-01T17:08:44","isFullCredit":false},{"lineNumber":91,"author":{"gitId":"JeanPerrierIII"},"content":"        if (!isTaskMarkerInputValid(input)) {","lastModifiedDate":"2025-09-07T15:41:53","isFullCredit":false},{"lineNumber":92,"author":{"gitId":"JeanPerrierIII"},"content":"            printCorrectUsage(TaskType.MARK);","lastModifiedDate":"2025-09-07T15:41:53","isFullCredit":false},{"lineNumber":93,"author":{"gitId":"JeanPerrierIII"},"content":"            return;","lastModifiedDate":"2025-09-07T15:41:53","isFullCredit":false},{"lineNumber":94,"author":{"gitId":"JeanPerrierIII"},"content":"        }","lastModifiedDate":"2025-09-07T15:41:53","isFullCredit":false},{"lineNumber":95,"author":{"gitId":"JeanPerrierIII"},"content":"        int index \u003d Integer.parseInt(input[1]) - 1;","lastModifiedDate":"2025-09-01T17:08:44","isFullCredit":false},{"lineNumber":96,"author":{"gitId":"JeanPerrierIII"},"content":"        boolean isMark \u003d !input[0].contains(\"un\");","lastModifiedDate":"2025-09-03T19:32:12","isFullCredit":false},{"lineNumber":97,"author":{"gitId":"JeanPerrierIII"},"content":"","lastModifiedDate":"2025-09-03T19:32:12","isFullCredit":false},{"lineNumber":98,"author":{"gitId":"JeanPerrierIII"},"content":"        // check if index is within bounds","lastModifiedDate":"2025-09-07T15:41:53","isFullCredit":false},{"lineNumber":99,"author":{"gitId":"JeanPerrierIII"},"content":"        if (index \u003c 0 || index \u003e TASK_LIMIT || TASKS[index] \u003d\u003d null) {","lastModifiedDate":"2025-09-07T15:41:53","isFullCredit":false},{"lineNumber":100,"author":{"gitId":"JeanPerrierIII"},"content":"            System.out.println(\"    Error: task of specified index does not exist; use \\\"list\\\" to get index \");","lastModifiedDate":"2025-09-07T15:41:53","isFullCredit":false},{"lineNumber":101,"author":{"gitId":"JeanPerrierIII"},"content":"            printCorrectUsage(TaskType.MARK);","lastModifiedDate":"2025-09-07T15:41:53","isFullCredit":false},{"lineNumber":102,"author":{"gitId":"JeanPerrierIII"},"content":"            return;","lastModifiedDate":"2025-09-07T15:41:53","isFullCredit":false},{"lineNumber":103,"author":{"gitId":"JeanPerrierIII"},"content":"        }","lastModifiedDate":"2025-09-07T15:41:53","isFullCredit":false},{"lineNumber":104,"author":{"gitId":"JeanPerrierIII"},"content":"","lastModifiedDate":"2025-09-07T15:41:53","isFullCredit":false},{"lineNumber":105,"author":{"gitId":"JeanPerrierIII"},"content":"        TASKS[index].setMarked(isMark);","lastModifiedDate":"2025-09-03T19:32:12","isFullCredit":false},{"lineNumber":106,"author":{"gitId":"JeanPerrierIII"},"content":"        System.out.println(isMark ? MARKED_COMPLETE","lastModifiedDate":"2025-09-07T15:41:53","isFullCredit":false},{"lineNumber":107,"author":{"gitId":"JeanPerrierIII"},"content":"                : MARKED_INCOMPLETE);","lastModifiedDate":"2025-09-07T15:41:53","isFullCredit":false},{"lineNumber":108,"author":{"gitId":"JeanPerrierIII"},"content":"        System.out.print(\"    \");","lastModifiedDate":"2025-08-28T12:19:45","isFullCredit":false},{"lineNumber":109,"author":{"gitId":"JeanPerrierIII"},"content":"        System.out.println(TASKS[index].toString());","lastModifiedDate":"2025-09-01T17:08:44","isFullCredit":false},{"lineNumber":110,"author":{"gitId":"JeanPerrierIII"},"content":"    }","lastModifiedDate":"2025-09-01T17:08:44","isFullCredit":false},{"lineNumber":111,"author":{"gitId":"JeanPerrierIII"},"content":"","lastModifiedDate":"2025-09-01T17:08:44","isFullCredit":false},{"lineNumber":112,"author":{"gitId":"JeanPerrierIII"},"content":"    public static boolean isTaskInputValid(String[] input) {","lastModifiedDate":"2025-09-10T16:33:06","isFullCredit":false},{"lineNumber":113,"author":{"gitId":"JeanPerrierIII"},"content":"        if (input.length \u003c 2 || input[1].trim().isEmpty()) {","lastModifiedDate":"2025-09-10T16:33:06","isFullCredit":false},{"lineNumber":114,"author":{"gitId":"JeanPerrierIII"},"content":"            System.out.println(\"    Error: missing task description\");","lastModifiedDate":"2025-09-10T16:33:06","isFullCredit":false},{"lineNumber":115,"author":{"gitId":"JeanPerrierIII"},"content":"            return false;","lastModifiedDate":"2025-09-10T16:33:06","isFullCredit":false},{"lineNumber":116,"author":{"gitId":"JeanPerrierIII"},"content":"        }","lastModifiedDate":"2025-09-10T16:33:06","isFullCredit":false},{"lineNumber":117,"author":{"gitId":"JeanPerrierIII"},"content":"        return true;","lastModifiedDate":"2025-09-10T16:33:06","isFullCredit":false},{"lineNumber":118,"author":{"gitId":"JeanPerrierIII"},"content":"    }","lastModifiedDate":"2025-09-10T16:33:06","isFullCredit":false},{"lineNumber":119,"author":{"gitId":"JeanPerrierIII"},"content":"","lastModifiedDate":"2025-09-10T16:33:06","isFullCredit":false},{"lineNumber":120,"author":{"gitId":"JeanPerrierIII"},"content":"    public static void addTask(String[] input) {","lastModifiedDate":"2025-09-10T16:33:06","isFullCredit":false},{"lineNumber":121,"author":{"gitId":"JeanPerrierIII"},"content":"        if (!isTaskInputValid(input)) {","lastModifiedDate":"2025-09-10T16:33:06","isFullCredit":false},{"lineNumber":122,"author":{"gitId":"JeanPerrierIII"},"content":"            printCorrectUsage(TaskType.TASK);","lastModifiedDate":"2025-09-10T16:33:06","isFullCredit":false},{"lineNumber":123,"author":{"gitId":"JeanPerrierIII"},"content":"            return;","lastModifiedDate":"2025-09-10T16:33:06","isFullCredit":false},{"lineNumber":124,"author":{"gitId":"JeanPerrierIII"},"content":"        }","lastModifiedDate":"2025-09-10T16:33:06","isFullCredit":false},{"lineNumber":125,"author":{"gitId":"JeanPerrierIII"},"content":"        TASKS[TASK_COUNT] \u003d new Task(input[1]);","lastModifiedDate":"2025-09-10T16:33:06","isFullCredit":false},{"lineNumber":126,"author":{"gitId":"JeanPerrierIII"},"content":"        System.out.println(\"    added task:\");","lastModifiedDate":"2025-09-10T16:33:06","isFullCredit":false},{"lineNumber":127,"author":{"gitId":"JeanPerrierIII"},"content":"        printTask(TASK_COUNT);","lastModifiedDate":"2025-09-10T16:33:06","isFullCredit":false},{"lineNumber":128,"author":{"gitId":"JeanPerrierIII"},"content":"        TASK_COUNT++;","lastModifiedDate":"2025-09-10T16:33:06","isFullCredit":false},{"lineNumber":129,"author":{"gitId":"JeanPerrierIII"},"content":"    }","lastModifiedDate":"2025-09-10T16:33:06","isFullCredit":false},{"lineNumber":130,"author":{"gitId":"JeanPerrierIII"},"content":"","lastModifiedDate":"2025-09-10T16:33:06","isFullCredit":false},{"lineNumber":131,"author":{"gitId":"JeanPerrierIII"},"content":"","lastModifiedDate":"2025-09-07T15:41:53","isFullCredit":false},{"lineNumber":132,"author":{"gitId":"JeanPerrierIII"},"content":"","lastModifiedDate":"2025-09-07T15:41:53","isFullCredit":false},{"lineNumber":133,"author":{"gitId":"JeanPerrierIII"},"content":"    public static boolean isTodoInputValid(String[] input) {","lastModifiedDate":"2025-09-07T15:41:53","isFullCredit":false},{"lineNumber":134,"author":{"gitId":"JeanPerrierIII"},"content":"        if (input.length \u003c 2 || input[1].trim().isEmpty()) {","lastModifiedDate":"2025-09-07T15:41:53","isFullCredit":false},{"lineNumber":135,"author":{"gitId":"JeanPerrierIII"},"content":"            System.out.println(\"    Error: missing todo description\");","lastModifiedDate":"2025-09-07T15:41:53","isFullCredit":false},{"lineNumber":136,"author":{"gitId":"JeanPerrierIII"},"content":"            return false;","lastModifiedDate":"2025-09-07T15:41:53","isFullCredit":false},{"lineNumber":137,"author":{"gitId":"JeanPerrierIII"},"content":"        }","lastModifiedDate":"2025-09-07T15:41:53","isFullCredit":false},{"lineNumber":138,"author":{"gitId":"JeanPerrierIII"},"content":"        return true;","lastModifiedDate":"2025-09-07T15:41:53","isFullCredit":false},{"lineNumber":139,"author":{"gitId":"JeanPerrierIII"},"content":"    }","lastModifiedDate":"2025-09-07T15:41:53","isFullCredit":false},{"lineNumber":140,"author":{"gitId":"JeanPerrierIII"},"content":"","lastModifiedDate":"2025-09-07T15:41:53","isFullCredit":false},{"lineNumber":141,"author":{"gitId":"JeanPerrierIII"},"content":"    public static void addTodo(String[] input) {","lastModifiedDate":"2025-09-07T15:41:53","isFullCredit":false},{"lineNumber":142,"author":{"gitId":"JeanPerrierIII"},"content":"        if (!isTodoInputValid(input)) {","lastModifiedDate":"2025-09-07T15:41:53","isFullCredit":false},{"lineNumber":143,"author":{"gitId":"JeanPerrierIII"},"content":"            printCorrectUsage(TaskType.TODO);","lastModifiedDate":"2025-09-07T15:41:53","isFullCredit":false},{"lineNumber":144,"author":{"gitId":"JeanPerrierIII"},"content":"            return;","lastModifiedDate":"2025-09-07T15:41:53","isFullCredit":false},{"lineNumber":145,"author":{"gitId":"JeanPerrierIII"},"content":"        }","lastModifiedDate":"2025-09-07T15:41:53","isFullCredit":false},{"lineNumber":146,"author":{"gitId":"JeanPerrierIII"},"content":"        TASKS[TASK_COUNT] \u003d new Todo(input[1]);","lastModifiedDate":"2025-09-07T15:41:53","isFullCredit":false},{"lineNumber":147,"author":{"gitId":"JeanPerrierIII"},"content":"        System.out.println(\"    added todo:\");","lastModifiedDate":"2025-09-01T17:08:44","isFullCredit":false},{"lineNumber":148,"author":{"gitId":"JeanPerrierIII"},"content":"        printTask(TASK_COUNT);","lastModifiedDate":"2025-09-01T17:08:44","isFullCredit":false},{"lineNumber":149,"author":{"gitId":"JeanPerrierIII"},"content":"        TASK_COUNT++;","lastModifiedDate":"2025-09-01T17:08:44","isFullCredit":false},{"lineNumber":150,"author":{"gitId":"JeanPerrierIII"},"content":"    }","lastModifiedDate":"2025-09-01T17:08:44","isFullCredit":false},{"lineNumber":151,"author":{"gitId":"JeanPerrierIII"},"content":"","lastModifiedDate":"2025-09-01T17:08:44","isFullCredit":false},{"lineNumber":152,"author":{"gitId":"JeanPerrierIII"},"content":"    public static boolean isEventInputValid(String[] input) {","lastModifiedDate":"2025-09-07T15:41:53","isFullCredit":false},{"lineNumber":153,"author":{"gitId":"JeanPerrierIII"},"content":"        if (input.length \u003c 2 || input[1].trim().isEmpty()) {","lastModifiedDate":"2025-09-07T15:41:53","isFullCredit":false},{"lineNumber":154,"author":{"gitId":"JeanPerrierIII"},"content":"            System.out.println(\"    Error: missing event description\");","lastModifiedDate":"2025-09-07T15:41:53","isFullCredit":false},{"lineNumber":155,"author":{"gitId":"JeanPerrierIII"},"content":"            return false;","lastModifiedDate":"2025-09-07T15:41:53","isFullCredit":false},{"lineNumber":156,"author":{"gitId":"JeanPerrierIII"},"content":"        }","lastModifiedDate":"2025-09-07T15:41:53","isFullCredit":false},{"lineNumber":157,"author":{"gitId":"JeanPerrierIII"},"content":"        // event description exists","lastModifiedDate":"2025-09-07T15:41:53","isFullCredit":false},{"lineNumber":158,"author":{"gitId":"JeanPerrierIII"},"content":"        if (!(input[1].contains(\"/from\") \u0026\u0026 input[1].contains(\"/to\"))) {","lastModifiedDate":"2025-09-07T15:41:53","isFullCredit":false},{"lineNumber":159,"author":{"gitId":"JeanPerrierIII"},"content":"            System.out.println(\"    Error: missing event /from, /to arguments\");","lastModifiedDate":"2025-09-07T15:41:53","isFullCredit":false},{"lineNumber":160,"author":{"gitId":"JeanPerrierIII"},"content":"            return false;","lastModifiedDate":"2025-09-07T15:41:53","isFullCredit":false},{"lineNumber":161,"author":{"gitId":"JeanPerrierIII"},"content":"        }","lastModifiedDate":"2025-09-07T15:41:53","isFullCredit":false},{"lineNumber":162,"author":{"gitId":"JeanPerrierIII"},"content":"        // \"/from\" and \"/to\" exists","lastModifiedDate":"2025-09-07T15:41:53","isFullCredit":false},{"lineNumber":163,"author":{"gitId":"JeanPerrierIII"},"content":"        return true;","lastModifiedDate":"2025-09-07T15:41:53","isFullCredit":false},{"lineNumber":164,"author":{"gitId":"JeanPerrierIII"},"content":"    }","lastModifiedDate":"2025-09-07T15:41:53","isFullCredit":false},{"lineNumber":165,"author":{"gitId":"JeanPerrierIII"},"content":"","lastModifiedDate":"2025-09-07T15:41:53","isFullCredit":false},{"lineNumber":166,"author":{"gitId":"JeanPerrierIII"},"content":"    public static void addEvent(String[] input) {","lastModifiedDate":"2025-09-07T15:41:53","isFullCredit":false},{"lineNumber":167,"author":{"gitId":"JeanPerrierIII"},"content":"        if (!isEventInputValid(input)) {","lastModifiedDate":"2025-09-07T15:41:53","isFullCredit":false},{"lineNumber":168,"author":{"gitId":"JeanPerrierIII"},"content":"            printCorrectUsage(TaskType.EVENT);","lastModifiedDate":"2025-09-07T15:41:53","isFullCredit":false},{"lineNumber":169,"author":{"gitId":"JeanPerrierIII"},"content":"            return;","lastModifiedDate":"2025-09-07T15:41:53","isFullCredit":false},{"lineNumber":170,"author":{"gitId":"JeanPerrierIII"},"content":"        }","lastModifiedDate":"2025-09-07T15:41:53","isFullCredit":false},{"lineNumber":171,"author":{"gitId":"JeanPerrierIII"},"content":"        // parse input into description, from and to date","lastModifiedDate":"2025-09-01T17:08:44","isFullCredit":false},{"lineNumber":172,"author":{"gitId":"JeanPerrierIII"},"content":"        String[] splitInput \u003d input[1].split(\"/from|/to\");","lastModifiedDate":"2025-09-07T15:41:53","isFullCredit":false},{"lineNumber":173,"author":{"gitId":"JeanPerrierIII"},"content":"","lastModifiedDate":"2025-09-03T19:32:12","isFullCredit":false},{"lineNumber":174,"author":{"gitId":"JeanPerrierIII"},"content":"        // checks if /from and /to times are empty or not, done here instead of checker to avoid double work","lastModifiedDate":"2025-09-07T15:41:53","isFullCredit":false},{"lineNumber":175,"author":{"gitId":"JeanPerrierIII"},"content":"        try {","lastModifiedDate":"2025-09-07T15:41:53","isFullCredit":false},{"lineNumber":176,"author":{"gitId":"JeanPerrierIII"},"content":"            TASKS[TASK_COUNT] \u003d new Event(splitInput[0].trim(), splitInput[1].trim(), splitInput[2].trim());","lastModifiedDate":"2025-09-07T15:41:53","isFullCredit":false},{"lineNumber":177,"author":{"gitId":"JeanPerrierIII"},"content":"            System.out.println(\"    added task:\");","lastModifiedDate":"2025-09-01T17:08:44","isFullCredit":false},{"lineNumber":178,"author":{"gitId":"JeanPerrierIII"},"content":"            printTask(TASK_COUNT);","lastModifiedDate":"2025-09-01T17:08:44","isFullCredit":false},{"lineNumber":179,"author":{"gitId":"JeanPerrierIII"},"content":"            TASK_COUNT++;","lastModifiedDate":"2025-09-01T17:08:44","isFullCredit":false},{"lineNumber":180,"author":{"gitId":"JeanPerrierIII"},"content":"        } catch (IndexOutOfBoundsException e) {","lastModifiedDate":"2025-09-07T15:41:53","isFullCredit":false},{"lineNumber":181,"author":{"gitId":"JeanPerrierIII"},"content":"            System.out.println(\"    Error: from and to duration cannot be empty\");","lastModifiedDate":"2025-09-07T15:41:53","isFullCredit":false},{"lineNumber":182,"author":{"gitId":"JeanPerrierIII"},"content":"            printCorrectUsage(TaskType.EVENT);","lastModifiedDate":"2025-09-07T15:41:53","isFullCredit":false},{"lineNumber":183,"author":{"gitId":"JeanPerrierIII"},"content":"","lastModifiedDate":"2025-09-07T15:41:53","isFullCredit":false},{"lineNumber":184,"author":{"gitId":"JeanPerrierIII"},"content":"        }","lastModifiedDate":"2025-09-07T15:41:53","isFullCredit":false},{"lineNumber":185,"author":{"gitId":"JeanPerrierIII"},"content":"    }","lastModifiedDate":"2025-08-28T10:13:58","isFullCredit":false},{"lineNumber":186,"author":{"gitId":"JeanPerrierIII"},"content":"","lastModifiedDate":"2025-08-30T23:39:37","isFullCredit":false},{"lineNumber":187,"author":{"gitId":"JeanPerrierIII"},"content":"    public static boolean isDeadlineInputValid(String[] input) {","lastModifiedDate":"2025-09-07T15:41:53","isFullCredit":false},{"lineNumber":188,"author":{"gitId":"JeanPerrierIII"},"content":"        if (input.length \u003c 2 || input[1].trim().isEmpty()) {","lastModifiedDate":"2025-09-07T15:41:53","isFullCredit":false},{"lineNumber":189,"author":{"gitId":"JeanPerrierIII"},"content":"            System.out.println(\"    Error: missing deadline description\");","lastModifiedDate":"2025-09-07T15:41:53","isFullCredit":false},{"lineNumber":190,"author":{"gitId":"JeanPerrierIII"},"content":"            return false;","lastModifiedDate":"2025-09-07T15:41:53","isFullCredit":false},{"lineNumber":191,"author":{"gitId":"JeanPerrierIII"},"content":"        }","lastModifiedDate":"2025-09-07T15:41:53","isFullCredit":false},{"lineNumber":192,"author":{"gitId":"JeanPerrierIII"},"content":"        if (!input[1].contains(\"/by\")) {","lastModifiedDate":"2025-09-07T15:41:53","isFullCredit":false},{"lineNumber":193,"author":{"gitId":"JeanPerrierIII"},"content":"            System.out.println(\"    Error: missing completion date\");","lastModifiedDate":"2025-09-07T15:41:53","isFullCredit":false},{"lineNumber":194,"author":{"gitId":"JeanPerrierIII"},"content":"            return false;","lastModifiedDate":"2025-09-07T15:41:53","isFullCredit":false},{"lineNumber":195,"author":{"gitId":"JeanPerrierIII"},"content":"        }","lastModifiedDate":"2025-09-07T15:41:53","isFullCredit":false},{"lineNumber":196,"author":{"gitId":"JeanPerrierIII"},"content":"        return true;","lastModifiedDate":"2025-09-07T15:41:53","isFullCredit":false},{"lineNumber":197,"author":{"gitId":"JeanPerrierIII"},"content":"    }","lastModifiedDate":"2025-09-07T15:41:53","isFullCredit":false},{"lineNumber":198,"author":{"gitId":"JeanPerrierIII"},"content":"","lastModifiedDate":"2025-09-07T15:41:53","isFullCredit":false},{"lineNumber":199,"author":{"gitId":"JeanPerrierIII"},"content":"    public static void addDeadline(String[] input) {","lastModifiedDate":"2025-09-07T15:41:53","isFullCredit":false},{"lineNumber":200,"author":{"gitId":"JeanPerrierIII"},"content":"        if (!isDeadlineInputValid(input)){","lastModifiedDate":"2025-09-07T15:41:53","isFullCredit":false},{"lineNumber":201,"author":{"gitId":"JeanPerrierIII"},"content":"            printCorrectUsage(TaskType.DEADLINE);","lastModifiedDate":"2025-09-07T15:41:53","isFullCredit":false},{"lineNumber":202,"author":{"gitId":"JeanPerrierIII"},"content":"            return;","lastModifiedDate":"2025-09-07T15:41:53","isFullCredit":false},{"lineNumber":203,"author":{"gitId":"JeanPerrierIII"},"content":"        }","lastModifiedDate":"2025-09-07T15:41:53","isFullCredit":false},{"lineNumber":204,"author":{"gitId":"JeanPerrierIII"},"content":"        try {","lastModifiedDate":"2025-09-07T15:41:53","isFullCredit":false},{"lineNumber":205,"author":{"gitId":"JeanPerrierIII"},"content":"            String[] inputs \u003d input[1].split(\"/by\");","lastModifiedDate":"2025-09-07T15:41:53","isFullCredit":false},{"lineNumber":206,"author":{"gitId":"JeanPerrierIII"},"content":"            TASKS[TASK_COUNT] \u003d new Deadline(inputs[0].trim(), inputs[1].trim());","lastModifiedDate":"2025-09-01T17:08:44","isFullCredit":false},{"lineNumber":207,"author":{"gitId":"JeanPerrierIII"},"content":"            System.out.println(\"    Added deadline:\");","lastModifiedDate":"2025-09-01T17:08:44","isFullCredit":false},{"lineNumber":208,"author":{"gitId":"JeanPerrierIII"},"content":"            printTask(TASK_COUNT);","lastModifiedDate":"2025-09-01T17:08:44","isFullCredit":false},{"lineNumber":209,"author":{"gitId":"JeanPerrierIII"},"content":"            TASK_COUNT++;","lastModifiedDate":"2025-08-30T23:39:37","isFullCredit":false},{"lineNumber":210,"author":{"gitId":"JeanPerrierIII"},"content":"        } catch (IndexOutOfBoundsException e) {","lastModifiedDate":"2025-09-07T15:41:53","isFullCredit":false},{"lineNumber":211,"author":{"gitId":"JeanPerrierIII"},"content":"            System.out.println(\"    Error: deadline date cannot be empty\");","lastModifiedDate":"2025-09-07T15:41:53","isFullCredit":false},{"lineNumber":212,"author":{"gitId":"JeanPerrierIII"},"content":"            printCorrectUsage(TaskType.DEADLINE);","lastModifiedDate":"2025-09-07T15:41:53","isFullCredit":false},{"lineNumber":213,"author":{"gitId":"JeanPerrierIII"},"content":"","lastModifiedDate":"2025-09-07T15:41:53","isFullCredit":false},{"lineNumber":214,"author":{"gitId":"JeanPerrierIII"},"content":"        }","lastModifiedDate":"2025-09-07T15:41:53","isFullCredit":false},{"lineNumber":215,"author":{"gitId":"JeanPerrierIII"},"content":"    }","lastModifiedDate":"2025-08-28T10:13:58","isFullCredit":false},{"lineNumber":216,"author":{"gitId":"JeanPerrierIII"},"content":"","lastModifiedDate":"2025-08-30T23:39:37","isFullCredit":false},{"lineNumber":217,"author":{"gitId":"JeanPerrierIII"},"content":"    public static String[] getUserInput() {","lastModifiedDate":"2025-09-01T17:08:44","isFullCredit":false},{"lineNumber":218,"author":{"gitId":"JeanPerrierIII"},"content":"        // splits inputs into first word and everything else","lastModifiedDate":"2025-09-01T17:08:44","isFullCredit":false},{"lineNumber":219,"author":{"gitId":"JeanPerrierIII"},"content":"        String[] splitInput \u003d SCANNER.nextLine().split(\" \", 2);","lastModifiedDate":"2025-09-07T15:41:53","isFullCredit":false},{"lineNumber":220,"author":{"gitId":"JeanPerrierIII"},"content":"        return splitInput;","lastModifiedDate":"2025-09-07T15:41:53","isFullCredit":false},{"lineNumber":221,"author":{"gitId":"JeanPerrierIII"},"content":"    }","lastModifiedDate":"2025-08-28T09:49:53","isFullCredit":false},{"lineNumber":222,"author":{"gitId":"JeanPerrierIII"},"content":"","lastModifiedDate":"2025-08-28T10:13:58","isFullCredit":false},{"lineNumber":223,"author":{"gitId":"JeanPerrierIII"},"content":"    public static void exitJord() {","lastModifiedDate":"2025-08-30T23:39:37","isFullCredit":false},{"lineNumber":224,"author":{"gitId":"JeanPerrierIII"},"content":"        System.out.print(BYE_MESSAGE);","lastModifiedDate":"2025-09-10T17:07:58","isFullCredit":false},{"lineNumber":225,"author":{"gitId":"JeanPerrierIII"},"content":"        System.exit(0);","lastModifiedDate":"2025-08-30T23:39:37","isFullCredit":false},{"lineNumber":226,"author":{"gitId":"JeanPerrierIII"},"content":"    }","lastModifiedDate":"2025-08-30T23:39:37","isFullCredit":false},{"lineNumber":227,"author":{"gitId":"JeanPerrierIII"},"content":"","lastModifiedDate":"2025-08-30T23:39:37","isFullCredit":false},{"lineNumber":228,"author":{"gitId":"JeanPerrierIII"},"content":"    public static void unknownInput(String input) {","lastModifiedDate":"2025-09-03T19:32:12","isFullCredit":false},{"lineNumber":229,"author":{"gitId":"JeanPerrierIII"},"content":"        System.out.println(\"    Unknown command: \" + input);","lastModifiedDate":"2025-09-03T19:32:12","isFullCredit":false},{"lineNumber":230,"author":{"gitId":"JeanPerrierIII"},"content":"    }","lastModifiedDate":"2025-09-03T19:32:12","isFullCredit":false},{"lineNumber":231,"author":{"gitId":"JeanPerrierIII"},"content":"","lastModifiedDate":"2025-09-03T19:32:12","isFullCredit":false},{"lineNumber":232,"author":{"gitId":"JeanPerrierIII"},"content":"    private static void processInput(String[] input) {","lastModifiedDate":"2025-09-01T17:08:44","isFullCredit":false},{"lineNumber":233,"author":{"gitId":"JeanPerrierIII"},"content":"        String command \u003d input[0].trim().toLowerCase();","lastModifiedDate":"2025-09-07T15:41:53","isFullCredit":false},{"lineNumber":234,"author":{"gitId":"JeanPerrierIII"},"content":"        switch (command) {","lastModifiedDate":"2025-09-07T15:41:53","isFullCredit":false},{"lineNumber":235,"author":{"gitId":"JeanPerrierIII"},"content":"        case \"list\":","lastModifiedDate":"2025-09-01T17:08:44","isFullCredit":false},{"lineNumber":236,"author":{"gitId":"JeanPerrierIII"},"content":"            listTasks();","lastModifiedDate":"2025-09-01T17:08:44","isFullCredit":false},{"lineNumber":237,"author":{"gitId":"JeanPerrierIII"},"content":"            break;","lastModifiedDate":"2025-09-01T17:08:44","isFullCredit":false},{"lineNumber":238,"author":{"gitId":"JeanPerrierIII"},"content":"        case \"mark\":","lastModifiedDate":"2025-09-01T17:08:44","isFullCredit":false},{"lineNumber":239,"author":{"gitId":"JeanPerrierIII"},"content":"            // Fallthrough","lastModifiedDate":"2025-09-01T17:08:44","isFullCredit":false},{"lineNumber":240,"author":{"gitId":"JeanPerrierIII"},"content":"        case \"unmark\":","lastModifiedDate":"2025-09-01T17:08:44","isFullCredit":false},{"lineNumber":241,"author":{"gitId":"JeanPerrierIII"},"content":"            taskMarker(input);","lastModifiedDate":"2025-08-30T23:39:37","isFullCredit":false},{"lineNumber":242,"author":{"gitId":"JeanPerrierIII"},"content":"            break;","lastModifiedDate":"2025-09-01T17:08:44","isFullCredit":false},{"lineNumber":243,"author":{"gitId":"JeanPerrierIII"},"content":"        case \"bye\":","lastModifiedDate":"2025-09-01T17:08:44","isFullCredit":false},{"lineNumber":244,"author":{"gitId":"JeanPerrierIII"},"content":"            exitJord();","lastModifiedDate":"2025-08-30T23:39:37","isFullCredit":false},{"lineNumber":245,"author":{"gitId":"JeanPerrierIII"},"content":"            break;","lastModifiedDate":"2025-09-01T17:08:44","isFullCredit":false},{"lineNumber":246,"author":{"gitId":"JeanPerrierIII"},"content":"        case \"add\":","lastModifiedDate":"2025-09-10T16:33:06","isFullCredit":false},{"lineNumber":247,"author":{"gitId":"JeanPerrierIII"},"content":"            addTask(input);","lastModifiedDate":"2025-09-10T16:33:06","isFullCredit":false},{"lineNumber":248,"author":{"gitId":"JeanPerrierIII"},"content":"            break;","lastModifiedDate":"2025-09-10T16:33:06","isFullCredit":false},{"lineNumber":249,"author":{"gitId":"JeanPerrierIII"},"content":"        case \"todo\":","lastModifiedDate":"2025-09-01T17:08:44","isFullCredit":false},{"lineNumber":250,"author":{"gitId":"JeanPerrierIII"},"content":"            addTodo(input); // incomplete","lastModifiedDate":"2025-09-07T15:41:53","isFullCredit":false},{"lineNumber":251,"author":{"gitId":"JeanPerrierIII"},"content":"            break;","lastModifiedDate":"2025-09-01T17:08:44","isFullCredit":false},{"lineNumber":252,"author":{"gitId":"JeanPerrierIII"},"content":"        case \"event\":","lastModifiedDate":"2025-09-01T17:08:44","isFullCredit":false},{"lineNumber":253,"author":{"gitId":"JeanPerrierIII"},"content":"            addEvent(input); // incomplete","lastModifiedDate":"2025-09-07T15:41:53","isFullCredit":false},{"lineNumber":254,"author":{"gitId":"JeanPerrierIII"},"content":"            break;","lastModifiedDate":"2025-09-01T17:08:44","isFullCredit":false},{"lineNumber":255,"author":{"gitId":"JeanPerrierIII"},"content":"        case \"deadline\" :","lastModifiedDate":"2025-09-01T17:08:44","isFullCredit":false},{"lineNumber":256,"author":{"gitId":"JeanPerrierIII"},"content":"            addDeadline(input); // incomplete","lastModifiedDate":"2025-09-07T15:41:53","isFullCredit":false},{"lineNumber":257,"author":{"gitId":"JeanPerrierIII"},"content":"            break;","lastModifiedDate":"2025-09-01T17:08:44","isFullCredit":false},{"lineNumber":258,"author":{"gitId":"JeanPerrierIII"},"content":"        default:","lastModifiedDate":"2025-09-01T17:08:44","isFullCredit":false},{"lineNumber":259,"author":{"gitId":"JeanPerrierIII"},"content":"            unknownInput(command);","lastModifiedDate":"2025-09-07T15:41:53","isFullCredit":false},{"lineNumber":260,"author":{"gitId":"JeanPerrierIII"},"content":"            break;","lastModifiedDate":"2025-09-01T17:08:44","isFullCredit":false},{"lineNumber":261,"author":{"gitId":"JeanPerrierIII"},"content":"        }","lastModifiedDate":"2025-08-30T23:39:37","isFullCredit":false},{"lineNumber":262,"author":{"gitId":"JeanPerrierIII"},"content":"    }","lastModifiedDate":"2025-08-27T12:36:51","isFullCredit":false},{"lineNumber":263,"author":{"gitId":"JeanPerrierIII"},"content":"","lastModifiedDate":"2025-08-30T23:39:37","isFullCredit":false},{"lineNumber":264,"author":{"gitId":"JeanPerrierIII"},"content":"    public static void main(String[] args) {","lastModifiedDate":"2025-08-30T23:39:37","isFullCredit":false},{"lineNumber":265,"author":{"gitId":"JeanPerrierIII"},"content":"        printLogo();","lastModifiedDate":"2025-09-10T17:18:19","isFullCredit":false},{"lineNumber":266,"author":{"gitId":"JeanPerrierIII"},"content":"        System.out.println(WELCOME_MESSAGE);","lastModifiedDate":"2025-09-10T17:07:58","isFullCredit":false},{"lineNumber":267,"author":{"gitId":"JeanPerrierIII"},"content":"        while (true) {","lastModifiedDate":"2025-08-30T23:39:37","isFullCredit":false},{"lineNumber":268,"author":{"gitId":"JeanPerrierIII"},"content":"            String[] userInput \u003d getUserInput();","lastModifiedDate":"2025-09-01T17:08:44","isFullCredit":false},{"lineNumber":269,"author":{"gitId":"JeanPerrierIII"},"content":"            processInput(userInput);","lastModifiedDate":"2025-08-30T23:39:37","isFullCredit":false},{"lineNumber":270,"author":{"gitId":"JeanPerrierIII"},"content":"        }","lastModifiedDate":"2025-08-30T23:39:37","isFullCredit":false},{"lineNumber":271,"author":{"gitId":"JeanPerrierIII"},"content":"    }","lastModifiedDate":"2025-08-30T23:39:37","isFullCredit":false},{"lineNumber":272,"author":{"gitId":"JeanPerrierIII"},"content":"}","lastModifiedDate":"2025-08-27T12:36:51","isFullCredit":false}],"authorContributionMap":{"JeanPerrierIII":272}},{"path":"src/main/java/tasks/Deadline.java","fileType":"java","lines":[{"lineNumber":1,"author":{"gitId":"JeanPerrierIII"},"content":"package tasks;","lastModifiedDate":"2025-09-12T12:21:57","isFullCredit":false},{"lineNumber":2,"author":{"gitId":"JeanPerrierIII"},"content":"","lastModifiedDate":"2025-09-12T12:21:57","isFullCredit":false},{"lineNumber":3,"author":{"gitId":"JeanPerrierIII"},"content":"public class Deadline extends Task {","lastModifiedDate":"2025-09-01T17:08:44","isFullCredit":false},{"lineNumber":4,"author":{"gitId":"JeanPerrierIII"},"content":"","lastModifiedDate":"2025-09-01T17:08:44","isFullCredit":false},{"lineNumber":5,"author":{"gitId":"JeanPerrierIII"},"content":"    protected String by;","lastModifiedDate":"2025-09-01T17:08:44","isFullCredit":false},{"lineNumber":6,"author":{"gitId":"JeanPerrierIII"},"content":"","lastModifiedDate":"2025-09-01T17:08:44","isFullCredit":false},{"lineNumber":7,"author":{"gitId":"JeanPerrierIII"},"content":"    public Deadline(String description, String by) {","lastModifiedDate":"2025-09-01T17:08:44","isFullCredit":false},{"lineNumber":8,"author":{"gitId":"JeanPerrierIII"},"content":"        super(description);","lastModifiedDate":"2025-09-01T17:08:44","isFullCredit":false},{"lineNumber":9,"author":{"gitId":"JeanPerrierIII"},"content":"        this.by \u003d by;","lastModifiedDate":"2025-09-01T17:08:44","isFullCredit":false},{"lineNumber":10,"author":{"gitId":"JeanPerrierIII"},"content":"    }","lastModifiedDate":"2025-09-01T17:08:44","isFullCredit":false},{"lineNumber":11,"author":{"gitId":"JeanPerrierIII"},"content":"","lastModifiedDate":"2025-09-01T17:08:44","isFullCredit":false},{"lineNumber":12,"author":{"gitId":"JeanPerrierIII"},"content":"    @Override","lastModifiedDate":"2025-09-01T17:08:44","isFullCredit":false},{"lineNumber":13,"author":{"gitId":"JeanPerrierIII"},"content":"    public String toString() {","lastModifiedDate":"2025-09-01T17:08:44","isFullCredit":false},{"lineNumber":14,"author":{"gitId":"JeanPerrierIII"},"content":"        return \"[D]\" + super.toString() + \" (by: \" + by + \")\";","lastModifiedDate":"2025-09-01T17:08:44","isFullCredit":false},{"lineNumber":15,"author":{"gitId":"JeanPerrierIII"},"content":"    }","lastModifiedDate":"2025-09-01T17:08:44","isFullCredit":false},{"lineNumber":16,"author":{"gitId":"JeanPerrierIII"},"content":"}","lastModifiedDate":"2025-09-01T17:08:44","isFullCredit":false}],"authorContributionMap":{"JeanPerrierIII":16}},{"path":"src/main/java/tasks/Event.java","fileType":"java","lines":[{"lineNumber":1,"author":{"gitId":"JeanPerrierIII"},"content":"package tasks;","lastModifiedDate":"2025-09-12T12:21:57","isFullCredit":false},{"lineNumber":2,"author":{"gitId":"JeanPerrierIII"},"content":"","lastModifiedDate":"2025-09-12T12:21:57","isFullCredit":false},{"lineNumber":3,"author":{"gitId":"JeanPerrierIII"},"content":"public class Event extends Task{","lastModifiedDate":"2025-09-01T17:08:44","isFullCredit":false},{"lineNumber":4,"author":{"gitId":"JeanPerrierIII"},"content":"    protected String from;","lastModifiedDate":"2025-09-01T17:08:44","isFullCredit":false},{"lineNumber":5,"author":{"gitId":"JeanPerrierIII"},"content":"    protected String to;","lastModifiedDate":"2025-09-01T17:08:44","isFullCredit":false},{"lineNumber":6,"author":{"gitId":"JeanPerrierIII"},"content":"","lastModifiedDate":"2025-09-01T17:08:44","isFullCredit":false},{"lineNumber":7,"author":{"gitId":"JeanPerrierIII"},"content":"    public Event(String description, String from, String to) {","lastModifiedDate":"2025-09-01T17:08:44","isFullCredit":false},{"lineNumber":8,"author":{"gitId":"JeanPerrierIII"},"content":"        super(description);","lastModifiedDate":"2025-09-01T17:08:44","isFullCredit":false},{"lineNumber":9,"author":{"gitId":"JeanPerrierIII"},"content":"        this.from \u003d from;","lastModifiedDate":"2025-09-01T17:08:44","isFullCredit":false},{"lineNumber":10,"author":{"gitId":"JeanPerrierIII"},"content":"        this.to \u003d to;","lastModifiedDate":"2025-09-01T17:08:44","isFullCredit":false},{"lineNumber":11,"author":{"gitId":"JeanPerrierIII"},"content":"    }","lastModifiedDate":"2025-09-01T17:08:44","isFullCredit":false},{"lineNumber":12,"author":{"gitId":"JeanPerrierIII"},"content":"","lastModifiedDate":"2025-09-01T17:08:44","isFullCredit":false},{"lineNumber":13,"author":{"gitId":"JeanPerrierIII"},"content":"    @Override","lastModifiedDate":"2025-09-01T17:08:44","isFullCredit":false},{"lineNumber":14,"author":{"gitId":"JeanPerrierIII"},"content":"    public String toString() {","lastModifiedDate":"2025-09-01T17:08:44","isFullCredit":false},{"lineNumber":15,"author":{"gitId":"JeanPerrierIII"},"content":"        return \"[E]\" + super.toString() + \" (from: \" + from + \"  to: \" + to + \")\";","lastModifiedDate":"2025-09-03T19:32:12","isFullCredit":false},{"lineNumber":16,"author":{"gitId":"JeanPerrierIII"},"content":"    }","lastModifiedDate":"2025-09-01T17:08:44","isFullCredit":false},{"lineNumber":17,"author":{"gitId":"JeanPerrierIII"},"content":"}","lastModifiedDate":"2025-09-01T17:08:44","isFullCredit":false}],"authorContributionMap":{"JeanPerrierIII":17}},{"path":"src/main/java/tasks/Task.java","fileType":"java","lines":[{"lineNumber":1,"author":{"gitId":"JeanPerrierIII"},"content":"package tasks;","lastModifiedDate":"2025-09-12T12:21:57","isFullCredit":false},{"lineNumber":2,"author":{"gitId":"JeanPerrierIII"},"content":"","lastModifiedDate":"2025-09-12T12:21:57","isFullCredit":false},{"lineNumber":3,"author":{"gitId":"JeanPerrierIII"},"content":"public class Task {","lastModifiedDate":"2025-09-10T16:33:06","isFullCredit":false},{"lineNumber":4,"author":{"gitId":"JeanPerrierIII"},"content":"    private final String description;","lastModifiedDate":"2025-08-28T12:19:45","isFullCredit":false},{"lineNumber":5,"author":{"gitId":"JeanPerrierIII"},"content":"    private boolean isMarked \u003d false;","lastModifiedDate":"2025-08-28T12:19:45","isFullCredit":false},{"lineNumber":6,"author":{"gitId":"JeanPerrierIII"},"content":"","lastModifiedDate":"2025-08-28T12:19:45","isFullCredit":false},{"lineNumber":7,"author":{"gitId":"JeanPerrierIII"},"content":"    public Task(String description) {","lastModifiedDate":"2025-08-28T12:19:45","isFullCredit":false},{"lineNumber":8,"author":{"gitId":"JeanPerrierIII"},"content":"        this.description \u003d description;","lastModifiedDate":"2025-08-28T12:19:45","isFullCredit":false},{"lineNumber":9,"author":{"gitId":"JeanPerrierIII"},"content":"    }","lastModifiedDate":"2025-08-28T12:19:45","isFullCredit":false},{"lineNumber":10,"author":{"gitId":"JeanPerrierIII"},"content":"","lastModifiedDate":"2025-08-28T12:19:45","isFullCredit":false},{"lineNumber":11,"author":{"gitId":"JeanPerrierIII"},"content":"    public void setMarked(boolean marked) {","lastModifiedDate":"2025-08-28T12:19:45","isFullCredit":false},{"lineNumber":12,"author":{"gitId":"JeanPerrierIII"},"content":"        isMarked \u003d marked;","lastModifiedDate":"2025-08-28T12:19:45","isFullCredit":false},{"lineNumber":13,"author":{"gitId":"JeanPerrierIII"},"content":"    }","lastModifiedDate":"2025-08-28T12:19:45","isFullCredit":false},{"lineNumber":14,"author":{"gitId":"JeanPerrierIII"},"content":"","lastModifiedDate":"2025-08-28T12:19:45","isFullCredit":false},{"lineNumber":15,"author":{"gitId":"JeanPerrierIII"},"content":"    public String toString() {","lastModifiedDate":"2025-09-01T17:08:44","isFullCredit":false},{"lineNumber":16,"author":{"gitId":"JeanPerrierIII"},"content":"        return (\"[\" + (isMarked ? \"X] \" : \" ] \") + description);","lastModifiedDate":"2025-09-01T17:08:44","isFullCredit":false},{"lineNumber":17,"author":{"gitId":"JeanPerrierIII"},"content":"    }","lastModifiedDate":"2025-08-28T12:19:45","isFullCredit":false},{"lineNumber":18,"author":{"gitId":"JeanPerrierIII"},"content":"}","lastModifiedDate":"2025-08-28T12:19:45","isFullCredit":false}],"authorContributionMap":{"JeanPerrierIII":18}},{"path":"src/main/java/tasks/TaskType.java","fileType":"java","lines":[{"lineNumber":1,"author":{"gitId":"JeanPerrierIII"},"content":"package tasks;","lastModifiedDate":"2025-09-12T12:21:57","isFullCredit":false},{"lineNumber":2,"author":{"gitId":"JeanPerrierIII"},"content":"","lastModifiedDate":"2025-09-12T12:21:57","isFullCredit":false},{"lineNumber":3,"author":{"gitId":"JeanPerrierIII"},"content":"public enum TaskType {","lastModifiedDate":"2025-09-07T15:41:53","isFullCredit":false},{"lineNumber":4,"author":{"gitId":"JeanPerrierIII"},"content":"    TASK, DEADLINE, EVENT, TODO, MARK","lastModifiedDate":"2025-09-10T16:33:06","isFullCredit":false},{"lineNumber":5,"author":{"gitId":"JeanPerrierIII"},"content":"}","lastModifiedDate":"2025-09-07T15:41:53","isFullCredit":false}],"authorContributionMap":{"JeanPerrierIII":5}},{"path":"src/main/java/tasks/Todo.java","fileType":"java","lines":[{"lineNumber":1,"author":{"gitId":"JeanPerrierIII"},"content":"package tasks;","lastModifiedDate":"2025-09-12T12:21:57","isFullCredit":false},{"lineNumber":2,"author":{"gitId":"JeanPerrierIII"},"content":"","lastModifiedDate":"2025-09-12T12:21:57","isFullCredit":false},{"lineNumber":3,"author":{"gitId":"JeanPerrierIII"},"content":"public class Todo extends Task{","lastModifiedDate":"2025-09-01T17:08:44","isFullCredit":false},{"lineNumber":4,"author":{"gitId":"JeanPerrierIII"},"content":"    public Todo(String description) {","lastModifiedDate":"2025-09-01T17:08:44","isFullCredit":false},{"lineNumber":5,"author":{"gitId":"JeanPerrierIII"},"content":"        super(description);","lastModifiedDate":"2025-09-01T17:08:44","isFullCredit":false},{"lineNumber":6,"author":{"gitId":"JeanPerrierIII"},"content":"    }","lastModifiedDate":"2025-09-01T17:08:44","isFullCredit":false},{"lineNumber":7,"author":{"gitId":"JeanPerrierIII"},"content":"","lastModifiedDate":"2025-09-01T17:08:44","isFullCredit":false},{"lineNumber":8,"author":{"gitId":"JeanPerrierIII"},"content":"    @Override","lastModifiedDate":"2025-09-01T17:08:44","isFullCredit":false},{"lineNumber":9,"author":{"gitId":"JeanPerrierIII"},"content":"    public String toString() {","lastModifiedDate":"2025-09-01T17:08:44","isFullCredit":false},{"lineNumber":10,"author":{"gitId":"JeanPerrierIII"},"content":"        return \"[T]\" + super.toString();","lastModifiedDate":"2025-09-01T17:08:44","isFullCredit":false},{"lineNumber":11,"author":{"gitId":"JeanPerrierIII"},"content":"    }","lastModifiedDate":"2025-09-01T17:08:44","isFullCredit":false},{"lineNumber":12,"author":{"gitId":"JeanPerrierIII"},"content":"}","lastModifiedDate":"2025-09-01T17:08:44","isFullCredit":false}],"authorContributionMap":{"JeanPerrierIII":12}},{"path":"text-ui-test/input.txt","fileType":"txt","lines":[{"lineNumber":1,"author":{"gitId":"JeanPerrierIII"},"content":"todo test todo","lastModifiedDate":"2025-09-01T17:37:49","isFullCredit":false},{"lineNumber":2,"author":{"gitId":"JeanPerrierIII"},"content":"deadline test deadline /by 4th June 2034","lastModifiedDate":"2025-09-01T17:37:49","isFullCredit":false},{"lineNumber":3,"author":{"gitId":"JeanPerrierIII"},"content":"event test event /from 31 January 2017 6:00 pm /to 30 February 2026 1:00 am","lastModifiedDate":"2025-09-01T17:37:49","isFullCredit":false},{"lineNumber":4,"author":{"gitId":"JeanPerrierIII"},"content":"list","lastModifiedDate":"2025-09-01T17:37:49","isFullCredit":false},{"lineNumber":5,"author":{"gitId":"JeanPerrierIII"},"content":"mark 1","lastModifiedDate":"2025-09-01T17:37:49","isFullCredit":false},{"lineNumber":6,"author":{"gitId":"JeanPerrierIII"},"content":"mark 2","lastModifiedDate":"2025-09-03T19:32:12","isFullCredit":false},{"lineNumber":7,"author":{"gitId":"JeanPerrierIII"},"content":"mark 3","lastModifiedDate":"2025-09-01T17:37:49","isFullCredit":false},{"lineNumber":8,"author":{"gitId":"JeanPerrierIII"},"content":"list","lastModifiedDate":"2025-09-01T17:37:49","isFullCredit":false},{"lineNumber":9,"author":{"gitId":"JeanPerrierIII"},"content":"unmark 2","lastModifiedDate":"2025-09-03T19:32:12","isFullCredit":false},{"lineNumber":10,"author":{"gitId":"JeanPerrierIII"},"content":"list","lastModifiedDate":"2025-09-01T17:37:49","isFullCredit":false},{"lineNumber":11,"author":{"gitId":"JeanPerrierIII"},"content":"bye","lastModifiedDate":"2025-09-01T17:37:49","isFullCredit":false}],"authorContributionMap":{"JeanPerrierIII":11}},{"path":"text-ui-test/runtest.sh","fileType":"sh","lines":[{"lineNumber":1,"author":{"gitId":"-"},"content":"#!/usr/bin/env bash","lastModifiedDate":"2020-05-25T00:03:55","isFullCredit":false},{"lineNumber":2,"author":{"gitId":"-"},"content":"","lastModifiedDate":"2020-05-25T00:03:55","isFullCredit":false},{"lineNumber":3,"author":{"gitId":"-"},"content":"# create bin directory if it doesn\u0027t exist","lastModifiedDate":"2020-05-25T00:03:55","isFullCredit":false},{"lineNumber":4,"author":{"gitId":"-"},"content":"if [ ! -d \"../bin\" ]","lastModifiedDate":"2020-05-25T00:03:55","isFullCredit":false},{"lineNumber":5,"author":{"gitId":"-"},"content":"then","lastModifiedDate":"2020-05-25T00:03:55","isFullCredit":false},{"lineNumber":6,"author":{"gitId":"-"},"content":"    mkdir ../bin","lastModifiedDate":"2020-05-25T00:03:55","isFullCredit":false},{"lineNumber":7,"author":{"gitId":"-"},"content":"fi","lastModifiedDate":"2020-05-25T00:03:55","isFullCredit":false},{"lineNumber":8,"author":{"gitId":"-"},"content":"","lastModifiedDate":"2020-05-25T00:03:55","isFullCredit":false},{"lineNumber":9,"author":{"gitId":"-"},"content":"# delete output from previous run","lastModifiedDate":"2020-05-25T00:03:55","isFullCredit":false},{"lineNumber":10,"author":{"gitId":"-"},"content":"if [ -e \"./ACTUAL.TXT\" ]","lastModifiedDate":"2020-05-25T00:03:55","isFullCredit":false},{"lineNumber":11,"author":{"gitId":"-"},"content":"then","lastModifiedDate":"2020-05-25T00:03:55","isFullCredit":false},{"lineNumber":12,"author":{"gitId":"-"},"content":"    rm ACTUAL.TXT","lastModifiedDate":"2020-05-25T00:03:55","isFullCredit":false},{"lineNumber":13,"author":{"gitId":"-"},"content":"fi","lastModifiedDate":"2020-05-25T00:03:55","isFullCredit":false},{"lineNumber":14,"author":{"gitId":"-"},"content":"","lastModifiedDate":"2020-05-25T00:03:55","isFullCredit":false},{"lineNumber":15,"author":{"gitId":"-"},"content":"# compile the code into the bin folder, terminates if error occurred","lastModifiedDate":"2020-05-25T00:03:55","isFullCredit":false},{"lineNumber":16,"author":{"gitId":"-"},"content":"if ! javac -cp ../src/main/java -Xlint:none -d ../bin ../src/main/java/*.java","lastModifiedDate":"2020-08-25T17:23:26","isFullCredit":false},{"lineNumber":17,"author":{"gitId":"-"},"content":"then","lastModifiedDate":"2020-05-25T00:03:55","isFullCredit":false},{"lineNumber":18,"author":{"gitId":"-"},"content":"    echo \"********** BUILD FAILURE **********\"","lastModifiedDate":"2020-05-25T00:03:55","isFullCredit":false},{"lineNumber":19,"author":{"gitId":"-"},"content":"    exit 1","lastModifiedDate":"2020-05-25T00:03:55","isFullCredit":false},{"lineNumber":20,"author":{"gitId":"-"},"content":"fi","lastModifiedDate":"2020-05-25T00:03:55","isFullCredit":false},{"lineNumber":21,"author":{"gitId":"-"},"content":"","lastModifiedDate":"2020-05-25T00:03:55","isFullCredit":false},{"lineNumber":22,"author":{"gitId":"-"},"content":"# run the program, feed commands from input.txt file and redirect the output to the ACTUAL.TXT","lastModifiedDate":"2020-05-25T00:03:55","isFullCredit":false},{"lineNumber":23,"author":{"gitId":"JeanPerrierIII"},"content":"java -classpath ../bin Jord \u003c input.txt \u003e ACTUAL.TXT","lastModifiedDate":"2025-09-01T17:37:49","isFullCredit":false},{"lineNumber":24,"author":{"gitId":"-"},"content":"","lastModifiedDate":"2020-05-25T00:03:55","isFullCredit":false},{"lineNumber":25,"author":{"gitId":"-"},"content":"# convert to UNIX format","lastModifiedDate":"2020-05-25T00:03:55","isFullCredit":false},{"lineNumber":26,"author":{"gitId":"-"},"content":"cp EXPECTED.TXT EXPECTED-UNIX.TXT","lastModifiedDate":"2020-05-25T00:03:55","isFullCredit":false},{"lineNumber":27,"author":{"gitId":"-"},"content":"dos2unix ACTUAL.TXT EXPECTED-UNIX.TXT","lastModifiedDate":"2020-05-25T00:03:55","isFullCredit":false},{"lineNumber":28,"author":{"gitId":"-"},"content":"","lastModifiedDate":"2020-05-25T00:03:55","isFullCredit":false},{"lineNumber":29,"author":{"gitId":"-"},"content":"# compare the output to the expected output","lastModifiedDate":"2020-05-25T00:03:55","isFullCredit":false},{"lineNumber":30,"author":{"gitId":"-"},"content":"diff ACTUAL.TXT EXPECTED-UNIX.TXT","lastModifiedDate":"2020-05-25T00:03:55","isFullCredit":false},{"lineNumber":31,"author":{"gitId":"-"},"content":"if [ $? -eq 0 ]","lastModifiedDate":"2020-05-25T00:03:55","isFullCredit":false},{"lineNumber":32,"author":{"gitId":"-"},"content":"then","lastModifiedDate":"2020-05-25T00:03:55","isFullCredit":false},{"lineNumber":33,"author":{"gitId":"-"},"content":"    echo \"Test result: PASSED\"","lastModifiedDate":"2020-05-25T00:03:55","isFullCredit":false},{"lineNumber":34,"author":{"gitId":"-"},"content":"    exit 0","lastModifiedDate":"2020-05-25T00:03:55","isFullCredit":false},{"lineNumber":35,"author":{"gitId":"-"},"content":"else","lastModifiedDate":"2020-05-25T00:03:55","isFullCredit":false},{"lineNumber":36,"author":{"gitId":"-"},"content":"    echo \"Test result: FAILED\"","lastModifiedDate":"2020-05-25T00:03:55","isFullCredit":false},{"lineNumber":37,"author":{"gitId":"-"},"content":"    exit 1","lastModifiedDate":"2020-05-25T00:03:55","isFullCredit":false},{"lineNumber":38,"author":{"gitId":"-"},"content":"fi","lastModifiedDate":"2020-05-25T00:03:55","isFullCredit":false}],"authorContributionMap":{"JeanPerrierIII":1,"-":37}}]
