{"authorDailyContributionsMap":{"JeanPerrierIII":[{"date":"2025-08-27T00:00:00","commitResults":[{"hash":"90fb793408d4c73f114b00c1133336cded7817f2","isMergeCommit":false,"messageTitle":"Renamed chatbot to Jord, changed greeting message.","messageBody":"","tags":["Level-0"],"fileTypesAndContributionMap":{"java":{"insertions":5,"deletions":10}}}]},{"date":"2025-08-28T00:00:00","commitResults":[{"hash":"727233ec34f697bb568ba4666b5a5de98415b882","isMergeCommit":false,"messageTitle":"Implemented echo function","messageBody":"","tags":["Level-1"],"fileTypesAndContributionMap":{"java":{"insertions":11,"deletions":1}}},{"hash":"9bca6f7fe979e62e53574854d19de8425250475c","isMergeCommit":false,"messageTitle":"Implemented list ability, tasks may be added and listed.","messageBody":"","tags":["Level-2"],"fileTypesAndContributionMap":{"java":{"insertions":16,"deletions":2}}},{"hash":"f4b3888a9bea5093d451425213ef50121eb59a42","isMergeCommit":false,"messageTitle":"Implemented ability to mark tasks as done","messageBody":"","tags":["Level-3"],"fileTypesAndContributionMap":{"java":{"insertions":37,"deletions":6}}}]},{"date":"2025-08-30T00:00:00","commitResults":[{"hash":"4076b6fb2486c8b6550ea870178ea847dd5143b9","isMergeCommit":false,"messageTitle":"Refactor code to comply with coding standards","messageBody":"","tags":["A-CodingStandard"],"fileTypesAndContributionMap":{"java":{"insertions":52,"deletions":29}}}]},{"date":"2025-09-01T00:00:00","commitResults":[{"hash":"f7961564aaef49546715c02d8a35c57386a7c83a","isMergeCommit":false,"messageTitle":"Add support for tracking todo, deadline, event","messageBody":"","fileTypesAndContributionMap":{"java":{"insertions":110,"deletions":24}}},{"hash":"256c17399e711ce26816436d8b8bf969444505d3","isMergeCommit":false,"messageTitle":"Fix typo in printTask function","messageBody":"","tags":["Level-4"],"fileTypesAndContributionMap":{"java":{"insertions":2,"deletions":2}}}]}]},"authorFileTypeContributionMap":{"JeanPerrierIII":{"java":169,"md":0,"fxml":0,"sh":0,"bat":0,"gradle":0,"txt":0}},"authorContributionVariance":{"JeanPerrierIII":1095.5616},"authorDisplayNameMap":{"JeanPerrierIII":"CS2113-W12-1 GOH .. ANH"}}
