{"authorDailyContributionsMap":{"XuHh03":[{"date":"2025-08-22T00:00:00","commitResults":[{"hash":"13c6af572af55f3d3a9defa780d0ae0dfef579f2","isMergeCommit":false,"messageTitle":"Level 0: Rename, Greet, Exit","messageBody":"","tags":["Level-0"],"fileTypesAndContributionMap":{"java":{"insertions":5,"deletions":10},"md":{"insertions":10,"deletions":11}}}]},{"date":"2025-08-29T00:00:00","commitResults":[{"hash":"1fae9bbeb228cf9f70180972e22514975782a7f2","isMergeCommit":false,"messageTitle":"added echo functionality and exit command for Nova chatbot","messageBody":"","tags":["Level-1"],"fileTypesAndContributionMap":{"java":{"insertions":25,"deletions":1}}},{"hash":"cd6a48b7a7427cf37362b00853f8e63e7db4d570","isMergeCommit":false,"messageTitle":"added list feature and display on request to Nova chatbot","messageBody":"","tags":["Level-2"],"fileTypesAndContributionMap":{"java":{"insertions":18,"deletions":3}}},{"hash":"07fb7f82d05852e5bd6300ba9b7884e87cefca0e","isMergeCommit":false,"messageTitle":"added new task class and add mark done feature to Nova chatbot","messageBody":"","tags":["Level-3"],"fileTypesAndContributionMap":{"java":{"insertions":48,"deletions":3}}},{"hash":"e651e0264c328302fd0c468eae9715953558acf3","isMergeCommit":false,"messageTitle":"modified code according to coding standards","messageBody":"","tags":["A-CodingStandard"],"fileTypesAndContributionMap":{"java":{"insertions":2,"deletions":2}}}]}]},"authorFileTypeContributionMap":{"XuHh03":{"java":89,"md":9,"fxml":0,"sh":0,"bat":0,"gradle":0,"txt":0}},"authorContributionVariance":{"XuHh03":492.4711},"authorDisplayNameMap":{"XuHh03":"CS2113-W10-2 XU H..GHAO"}}
