[{"path":"src/main/java/Task.java","fileType":"java","lines":[{"lineNumber":1,"author":{"gitId":"Ekko-Technology"},"content":"public class Task {","lastModifiedDate":"2025-08-27T19:03:34","isFullCredit":false},{"lineNumber":2,"author":{"gitId":"Ekko-Technology"},"content":"    protected String description;","lastModifiedDate":"2025-08-27T19:03:34","isFullCredit":false},{"lineNumber":3,"author":{"gitId":"Ekko-Technology"},"content":"    protected boolean isDone; ","lastModifiedDate":"2025-08-27T19:03:34","isFullCredit":false},{"lineNumber":4,"author":{"gitId":"Ekko-Technology"},"content":"","lastModifiedDate":"2025-08-27T19:03:34","isFullCredit":false},{"lineNumber":5,"author":{"gitId":"Ekko-Technology"},"content":"    public Task(String description) {","lastModifiedDate":"2025-08-27T19:03:34","isFullCredit":false},{"lineNumber":6,"author":{"gitId":"Ekko-Technology"},"content":"        this.description \u003d description;","lastModifiedDate":"2025-08-27T19:03:34","isFullCredit":false},{"lineNumber":7,"author":{"gitId":"Ekko-Technology"},"content":"        this.isDone \u003d false;","lastModifiedDate":"2025-08-27T19:03:34","isFullCredit":false},{"lineNumber":8,"author":{"gitId":"Ekko-Technology"},"content":"    }","lastModifiedDate":"2025-08-27T19:03:34","isFullCredit":false},{"lineNumber":9,"author":{"gitId":"Ekko-Technology"},"content":"","lastModifiedDate":"2025-08-27T19:03:34","isFullCredit":false},{"lineNumber":10,"author":{"gitId":"Ekko-Technology"},"content":"    public String getStatusIcon() {","lastModifiedDate":"2025-08-27T19:03:34","isFullCredit":false},{"lineNumber":11,"author":{"gitId":"Ekko-Technology"},"content":"        return (isDone ? \"X\": \" \");","lastModifiedDate":"2025-08-27T19:03:34","isFullCredit":false},{"lineNumber":12,"author":{"gitId":"Ekko-Technology"},"content":"    }","lastModifiedDate":"2025-08-27T19:03:34","isFullCredit":false},{"lineNumber":13,"author":{"gitId":"Ekko-Technology"},"content":"}","lastModifiedDate":"2025-08-27T19:03:34","isFullCredit":false}],"authorContributionMap":{"Ekko-Technology":13}},{"path":"src/main/java/sugon.java","fileType":"java","lines":[{"lineNumber":1,"author":{"gitId":"Ekko-Technology"},"content":"import java.util.Scanner;","lastModifiedDate":"2025-08-27T17:04:44","isFullCredit":false},{"lineNumber":2,"author":{"gitId":"Ekko-Technology"},"content":"import java.util.ArrayList;","lastModifiedDate":"2025-08-27T17:42:51","isFullCredit":false},{"lineNumber":3,"author":{"gitId":"Ekko-Technology"},"content":"","lastModifiedDate":"2025-08-27T17:04:44","isFullCredit":false},{"lineNumber":4,"author":{"gitId":"Ekko-Technology"},"content":"public class Sugon {","lastModifiedDate":"2025-08-27T17:04:44","isFullCredit":false},{"lineNumber":5,"author":{"gitId":"Ekko-Technology"},"content":"    public static void main(String[] args) {","lastModifiedDate":"2025-08-27T16:12:36","isFullCredit":false},{"lineNumber":6,"author":{"gitId":"Ekko-Technology"},"content":"        String chatName \u003d \"Sugon\";","lastModifiedDate":"2025-08-27T16:12:36","isFullCredit":false},{"lineNumber":7,"author":{"gitId":"Ekko-Technology"},"content":"        System.out.println(\"____________________________________________________________\");","lastModifiedDate":"2025-08-27T16:12:36","isFullCredit":false},{"lineNumber":8,"author":{"gitId":"Ekko-Technology"},"content":"        System.out.println(\" Hello! I\u0027m \" + chatName);","lastModifiedDate":"2025-08-27T16:12:36","isFullCredit":false},{"lineNumber":9,"author":{"gitId":"Ekko-Technology"},"content":"        System.out.println(\" What can I do for you?\");","lastModifiedDate":"2025-08-27T16:12:36","isFullCredit":false},{"lineNumber":10,"author":{"gitId":"Ekko-Technology"},"content":"        System.out.println(\"____________________________________________________________\");","lastModifiedDate":"2025-08-27T17:04:44","isFullCredit":false},{"lineNumber":11,"author":{"gitId":"Ekko-Technology"},"content":"        Scanner s \u003d new Scanner(System.in);","lastModifiedDate":"2025-08-27T17:04:44","isFullCredit":false},{"lineNumber":12,"author":{"gitId":"Ekko-Technology"},"content":"        ArrayList\u003cTask\u003e list_of_Tasks \u003d new ArrayList\u003c\u003e();","lastModifiedDate":"2025-08-27T19:03:34","isFullCredit":false},{"lineNumber":13,"author":{"gitId":"Ekko-Technology"},"content":"","lastModifiedDate":"2025-08-27T17:42:51","isFullCredit":false},{"lineNumber":14,"author":{"gitId":"Ekko-Technology"},"content":"        while (true) {","lastModifiedDate":"2025-08-27T17:42:51","isFullCredit":false},{"lineNumber":15,"author":{"gitId":"Ekko-Technology"},"content":"            String line \u003d s.nextLine();","lastModifiedDate":"2025-08-27T19:03:34","isFullCredit":false},{"lineNumber":16,"author":{"gitId":"Ekko-Technology"},"content":"            if (line.equals(\"bye\")){","lastModifiedDate":"2025-08-27T19:03:34","isFullCredit":false},{"lineNumber":17,"author":{"gitId":"Ekko-Technology"},"content":"                break;","lastModifiedDate":"2025-08-27T17:04:44","isFullCredit":false},{"lineNumber":18,"author":{"gitId":"Ekko-Technology"},"content":"            } else if (line.equals(\"list\")){","lastModifiedDate":"2025-08-27T19:03:34","isFullCredit":false},{"lineNumber":19,"author":{"gitId":"Ekko-Technology"},"content":"                System.out.println(\"____________________________________________________________\");","lastModifiedDate":"2025-08-27T19:03:34","isFullCredit":false},{"lineNumber":20,"author":{"gitId":"Ekko-Technology"},"content":"                for (int i \u003d 0; i \u003c list_of_Tasks.size(); i++){","lastModifiedDate":"2025-08-27T19:03:34","isFullCredit":false},{"lineNumber":21,"author":{"gitId":"Ekko-Technology"},"content":"                    Task t \u003d list_of_Tasks.get(i);","lastModifiedDate":"2025-08-27T19:03:34","isFullCredit":false},{"lineNumber":22,"author":{"gitId":"Ekko-Technology"},"content":"                    System.out.println((i + 1) + \". [\" + t.getStatusIcon() + \"] \" + t.description);","lastModifiedDate":"2025-08-27T19:03:34","isFullCredit":false},{"lineNumber":23,"author":{"gitId":"Ekko-Technology"},"content":"                }","lastModifiedDate":"2025-08-27T17:04:44","isFullCredit":false},{"lineNumber":24,"author":{"gitId":"Ekko-Technology"},"content":"                System.out.println(\"____________________________________________________________\");","lastModifiedDate":"2025-08-27T17:42:51","isFullCredit":false},{"lineNumber":25,"author":{"gitId":"Ekko-Technology"},"content":"","lastModifiedDate":"2025-08-27T17:42:51","isFullCredit":false},{"lineNumber":26,"author":{"gitId":"Ekko-Technology"},"content":"            } else if (line.startsWith(\"mark \")) {","lastModifiedDate":"2025-08-27T19:03:34","isFullCredit":false},{"lineNumber":27,"author":{"gitId":"Ekko-Technology"},"content":"                int idx \u003d Integer.parseInt(line.split(\" \")[1]) - 1;","lastModifiedDate":"2025-08-27T19:03:34","isFullCredit":false},{"lineNumber":28,"author":{"gitId":"Ekko-Technology"},"content":"                if (idx \u003e\u003d 0 \u0026\u0026 idx \u003c list_of_Tasks.size()) {","lastModifiedDate":"2025-08-27T19:03:34","isFullCredit":false},{"lineNumber":29,"author":{"gitId":"Ekko-Technology"},"content":"                    list_of_Tasks.get(idx).isDone \u003d true;","lastModifiedDate":"2025-08-27T19:03:34","isFullCredit":false},{"lineNumber":30,"author":{"gitId":"Ekko-Technology"},"content":"                    System.out.println(\"____________________________________________________________\");","lastModifiedDate":"2025-08-27T19:03:34","isFullCredit":false},{"lineNumber":31,"author":{"gitId":"Ekko-Technology"},"content":"                    System.out.println(\"Marked task \" + (idx + 1) + \" as done:\");","lastModifiedDate":"2025-08-27T19:03:34","isFullCredit":false},{"lineNumber":32,"author":{"gitId":"Ekko-Technology"},"content":"                    System.out.println(\"[\" + list_of_Tasks.get(idx).getStatusIcon() + \"] \" + list_of_Tasks.get(idx).description);","lastModifiedDate":"2025-08-27T19:03:34","isFullCredit":false},{"lineNumber":33,"author":{"gitId":"Ekko-Technology"},"content":"                    System.out.println(\"____________________________________________________________\");","lastModifiedDate":"2025-08-27T19:03:34","isFullCredit":false},{"lineNumber":34,"author":{"gitId":"Ekko-Technology"},"content":"                }","lastModifiedDate":"2025-08-27T17:42:51","isFullCredit":false},{"lineNumber":35,"author":{"gitId":"Ekko-Technology"},"content":"            } else if (line.startsWith(\"unmark \")) {","lastModifiedDate":"2025-08-27T19:03:34","isFullCredit":false},{"lineNumber":36,"author":{"gitId":"Ekko-Technology"},"content":"                int idx \u003d Integer.parseInt(line.split(\" \")[1]) - 1;","lastModifiedDate":"2025-08-27T19:03:34","isFullCredit":false},{"lineNumber":37,"author":{"gitId":"Ekko-Technology"},"content":"                if (idx \u003e\u003d 0 \u0026\u0026 idx \u003c list_of_Tasks.size()) {","lastModifiedDate":"2025-08-27T19:03:34","isFullCredit":false},{"lineNumber":38,"author":{"gitId":"Ekko-Technology"},"content":"                    list_of_Tasks.get(idx).isDone \u003d false;","lastModifiedDate":"2025-08-27T19:03:34","isFullCredit":false},{"lineNumber":39,"author":{"gitId":"Ekko-Technology"},"content":"                    System.out.println(\"____________________________________________________________\");","lastModifiedDate":"2025-08-27T19:03:34","isFullCredit":false},{"lineNumber":40,"author":{"gitId":"Ekko-Technology"},"content":"                    System.out.println(\"Unmarked task \" + (idx + 1) + \" as done.\");","lastModifiedDate":"2025-08-27T19:03:34","isFullCredit":false},{"lineNumber":41,"author":{"gitId":"Ekko-Technology"},"content":"                    System.out.println(\"[\" + list_of_Tasks.get(idx).getStatusIcon() + \"] \" + list_of_Tasks.get(idx).description);","lastModifiedDate":"2025-08-27T19:03:34","isFullCredit":false},{"lineNumber":42,"author":{"gitId":"Ekko-Technology"},"content":"                    System.out.println(\"____________________________________________________________\");","lastModifiedDate":"2025-08-27T17:42:51","isFullCredit":false},{"lineNumber":43,"author":{"gitId":"Ekko-Technology"},"content":"                }","lastModifiedDate":"2025-08-27T17:42:51","isFullCredit":false},{"lineNumber":44,"author":{"gitId":"Ekko-Technology"},"content":"            } else {","lastModifiedDate":"2025-08-27T19:03:34","isFullCredit":false},{"lineNumber":45,"author":{"gitId":"Ekko-Technology"},"content":"                list_of_Tasks.add(new Task(line));","lastModifiedDate":"2025-08-27T19:03:34","isFullCredit":false},{"lineNumber":46,"author":{"gitId":"Ekko-Technology"},"content":"                System.out.println(\"____________________________________________________________\");","lastModifiedDate":"2025-08-27T17:42:51","isFullCredit":false},{"lineNumber":47,"author":{"gitId":"Ekko-Technology"},"content":"                System.out.println(\"Added: \" + line);","lastModifiedDate":"2025-08-27T17:42:51","isFullCredit":false},{"lineNumber":48,"author":{"gitId":"Ekko-Technology"},"content":"                System.out.println(\"____________________________________________________________\");","lastModifiedDate":"2025-08-27T17:42:51","isFullCredit":false},{"lineNumber":49,"author":{"gitId":"Ekko-Technology"},"content":"            }","lastModifiedDate":"2025-08-27T17:42:51","isFullCredit":false},{"lineNumber":50,"author":{"gitId":"Ekko-Technology"},"content":"        }","lastModifiedDate":"2025-08-27T17:04:44","isFullCredit":false},{"lineNumber":51,"author":{"gitId":"Ekko-Technology"},"content":"","lastModifiedDate":"2025-08-27T17:04:44","isFullCredit":false},{"lineNumber":52,"author":{"gitId":"Ekko-Technology"},"content":"        System.out.println(\"____________________________________________________________\");","lastModifiedDate":"2025-08-27T16:12:36","isFullCredit":false},{"lineNumber":53,"author":{"gitId":"Ekko-Technology"},"content":"        System.out.println(\" Bye. Hope to see you again soon!\");","lastModifiedDate":"2025-08-27T16:12:36","isFullCredit":false},{"lineNumber":54,"author":{"gitId":"Ekko-Technology"},"content":"        System.out.println(\"____________________________________________________________\");","lastModifiedDate":"2025-08-27T16:12:36","isFullCredit":false},{"lineNumber":55,"author":{"gitId":"Ekko-Technology"},"content":"    }","lastModifiedDate":"2025-08-27T16:12:36","isFullCredit":false},{"lineNumber":56,"author":{"gitId":"Ekko-Technology"},"content":"}","lastModifiedDate":"2025-08-27T16:12:36","isFullCredit":false}],"authorContributionMap":{"Ekko-Technology":56}}]
