[{"path":"src/main/java/Bob.java","fileType":"java","lines":[{"lineNumber":1,"author":{"gitId":"enwei29"},"content":"import java.util.Objects;","lastModifiedDate":"2025-08-29T15:19:47","isFullCredit":false},{"lineNumber":2,"author":{"gitId":"enwei29"},"content":"import java.util.Scanner;","lastModifiedDate":"2025-08-25T17:41:32","isFullCredit":false},{"lineNumber":3,"author":{"gitId":"enwei29"},"content":"import java.util.ArrayList;","lastModifiedDate":"2025-08-25T18:14:12","isFullCredit":false},{"lineNumber":4,"author":{"gitId":"enwei29"},"content":"public class Bob {","lastModifiedDate":"2025-08-22T14:41:19","isFullCredit":false},{"lineNumber":5,"author":{"gitId":"enwei29"},"content":"","lastModifiedDate":"2025-08-22T14:41:19","isFullCredit":false},{"lineNumber":6,"author":{"gitId":"enwei29"},"content":"    public static void main(String[] args) {","lastModifiedDate":"2025-08-22T14:41:19","isFullCredit":false},{"lineNumber":7,"author":{"gitId":"enwei29"},"content":"        String logo \u003d","lastModifiedDate":"2025-08-25T17:41:32","isFullCredit":false},{"lineNumber":8,"author":{"gitId":"enwei29"},"content":"                \"\"\"","lastModifiedDate":"2025-08-25T17:41:32","isFullCredit":false},{"lineNumber":9,"author":{"gitId":"enwei29"},"content":"                         ____   ___   ____ \\s","lastModifiedDate":"2025-08-25T17:41:32","isFullCredit":false},{"lineNumber":10,"author":{"gitId":"enwei29"},"content":"                        | __ ) / _ \\\\ | __ )\\s","lastModifiedDate":"2025-08-25T17:41:32","isFullCredit":false},{"lineNumber":11,"author":{"gitId":"enwei29"},"content":"                        |  _ \\\\| | | ||  _ \\\\\\s","lastModifiedDate":"2025-08-25T17:41:32","isFullCredit":false},{"lineNumber":12,"author":{"gitId":"enwei29"},"content":"                        | |_) | |_| || |_) |","lastModifiedDate":"2025-08-25T17:41:32","isFullCredit":false},{"lineNumber":13,"author":{"gitId":"enwei29"},"content":"                        |____/ \\\\___/ |____/\\s","lastModifiedDate":"2025-08-25T17:41:32","isFullCredit":false},{"lineNumber":14,"author":{"gitId":"enwei29"},"content":"                        \"\"\";","lastModifiedDate":"2025-08-25T17:41:32","isFullCredit":false},{"lineNumber":15,"author":{"gitId":"enwei29"},"content":"","lastModifiedDate":"2025-08-25T17:41:32","isFullCredit":false},{"lineNumber":16,"author":{"gitId":"enwei29"},"content":"        ArrayList\u003cTask\u003e instructions \u003d new ArrayList\u003c\u003e();","lastModifiedDate":"2025-08-29T15:19:47","isFullCredit":false},{"lineNumber":17,"author":{"gitId":"enwei29"},"content":"","lastModifiedDate":"2025-08-25T18:14:12","isFullCredit":false},{"lineNumber":18,"author":{"gitId":"enwei29"},"content":"        System.out.println();","lastModifiedDate":"2025-08-25T17:41:32","isFullCredit":false},{"lineNumber":19,"author":{"gitId":"enwei29"},"content":"        System.out.println(\"Hello from\\n\" + logo);","lastModifiedDate":"2025-08-22T14:41:19","isFullCredit":false},{"lineNumber":20,"author":{"gitId":"enwei29"},"content":"        System.out.println(\"What can I do for you?\");","lastModifiedDate":"2025-08-22T14:41:19","isFullCredit":false},{"lineNumber":21,"author":{"gitId":"enwei29"},"content":"        System.out.println(\"____________________________________________________________\");","lastModifiedDate":"2025-08-22T14:41:19","isFullCredit":false},{"lineNumber":22,"author":{"gitId":"enwei29"},"content":"        boolean endConvo \u003d false;","lastModifiedDate":"2025-08-25T17:41:32","isFullCredit":false},{"lineNumber":23,"author":{"gitId":"enwei29"},"content":"        while (!endConvo) {","lastModifiedDate":"2025-08-25T17:41:32","isFullCredit":false},{"lineNumber":24,"author":{"gitId":"enwei29"},"content":"            Scanner scanner \u003d new Scanner(System.in);","lastModifiedDate":"2025-08-25T17:41:32","isFullCredit":false},{"lineNumber":25,"author":{"gitId":"enwei29"},"content":"            String sentence \u003d scanner.nextLine();","lastModifiedDate":"2025-08-25T17:41:32","isFullCredit":false},{"lineNumber":26,"author":{"gitId":"enwei29"},"content":"            String[] sentenceArray \u003d sentence.split(\"\\\\s+\");","lastModifiedDate":"2025-08-29T15:19:47","isFullCredit":false},{"lineNumber":27,"author":{"gitId":"enwei29"},"content":"","lastModifiedDate":"2025-08-29T15:19:47","isFullCredit":false},{"lineNumber":28,"author":{"gitId":"enwei29"},"content":"            if (sentence.equals(\"bye\")) {","lastModifiedDate":"2025-08-29T15:19:47","isFullCredit":false},{"lineNumber":29,"author":{"gitId":"enwei29"},"content":"                endConvo \u003d true;","lastModifiedDate":"2025-08-29T15:19:47","isFullCredit":false},{"lineNumber":30,"author":{"gitId":"enwei29"},"content":"                System.out.println(\"____________________________________________________________\");","lastModifiedDate":"2025-08-29T15:19:47","isFullCredit":false},{"lineNumber":31,"author":{"gitId":"enwei29"},"content":"                System.out.println(\"Bye. Hope to see you again soon!\");","lastModifiedDate":"2025-08-29T15:19:47","isFullCredit":false},{"lineNumber":32,"author":{"gitId":"enwei29"},"content":"                System.out.println(\"____________________________________________________________\");","lastModifiedDate":"2025-08-29T15:19:47","isFullCredit":false},{"lineNumber":33,"author":{"gitId":"enwei29"},"content":"            }","lastModifiedDate":"2025-08-29T15:19:47","isFullCredit":false},{"lineNumber":34,"author":{"gitId":"enwei29"},"content":"            if (Objects.equals(sentenceArray[0], \"mark\")) {","lastModifiedDate":"2025-08-29T15:19:47","isFullCredit":false},{"lineNumber":35,"author":{"gitId":"enwei29"},"content":"                System.out.println(\"______________________________________________________________\");","lastModifiedDate":"2025-08-29T15:19:47","isFullCredit":false},{"lineNumber":36,"author":{"gitId":"enwei29"},"content":"                int index \u003d Integer.parseInt(sentenceArray[1]) - 1;","lastModifiedDate":"2025-08-29T15:19:47","isFullCredit":false},{"lineNumber":37,"author":{"gitId":"enwei29"},"content":"                instructions.get(index).markAsDone();","lastModifiedDate":"2025-08-29T15:19:47","isFullCredit":false},{"lineNumber":38,"author":{"gitId":"enwei29"},"content":"                System.out.println(\"Nice! I\u0027ve marked this task as done\");","lastModifiedDate":"2025-08-29T15:19:47","isFullCredit":false},{"lineNumber":39,"author":{"gitId":"enwei29"},"content":"                System.out.println(\"  [\" + instructions.get(index).getStatusIcon() + \"] \" + instructions.get(index).description);","lastModifiedDate":"2025-08-29T15:19:47","isFullCredit":false},{"lineNumber":40,"author":{"gitId":"enwei29"},"content":"                System.out.println(\"____________________________________________________________\");","lastModifiedDate":"2025-08-29T15:19:47","isFullCredit":false},{"lineNumber":41,"author":{"gitId":"enwei29"},"content":"","lastModifiedDate":"2025-08-29T15:19:47","isFullCredit":false},{"lineNumber":42,"author":{"gitId":"enwei29"},"content":"            } else if (Objects.equals(sentenceArray[0], \"unmark\")) {","lastModifiedDate":"2025-08-29T15:19:47","isFullCredit":false},{"lineNumber":43,"author":{"gitId":"enwei29"},"content":"                int index \u003d Integer.parseInt(sentenceArray[1]) - 1;","lastModifiedDate":"2025-08-29T15:19:47","isFullCredit":false},{"lineNumber":44,"author":{"gitId":"enwei29"},"content":"                instructions.get(index).markAsUndone();","lastModifiedDate":"2025-08-29T15:19:47","isFullCredit":false},{"lineNumber":45,"author":{"gitId":"enwei29"},"content":"                System.out.println(\"OK, I\u0027ve marked this task as not done yet\");","lastModifiedDate":"2025-08-29T15:19:47","isFullCredit":false},{"lineNumber":46,"author":{"gitId":"enwei29"},"content":"                System.out.println(\"  [\" + instructions.get(index).getStatusIcon() + \"] \" + instructions.get(index).description);","lastModifiedDate":"2025-08-29T15:19:47","isFullCredit":false},{"lineNumber":47,"author":{"gitId":"enwei29"},"content":"                System.out.println(\"____________________________________________________________\");","lastModifiedDate":"2025-08-29T15:19:47","isFullCredit":false},{"lineNumber":48,"author":{"gitId":"enwei29"},"content":"","lastModifiedDate":"2025-08-29T15:19:47","isFullCredit":false},{"lineNumber":49,"author":{"gitId":"enwei29"},"content":"            } else if (!sentence.equals(\"bye\") \u0026\u0026 !sentence.equals(\"list\")) {","lastModifiedDate":"2025-08-29T15:19:47","isFullCredit":false},{"lineNumber":50,"author":{"gitId":"enwei29"},"content":"                System.out.println(\"____________________________________________________________\");","lastModifiedDate":"2025-08-25T18:14:12","isFullCredit":false},{"lineNumber":51,"author":{"gitId":"enwei29"},"content":"                System.out.println(\"added: \" + sentence);","lastModifiedDate":"2025-08-25T18:14:12","isFullCredit":false},{"lineNumber":52,"author":{"gitId":"enwei29"},"content":"                Task t \u003d new Task(sentence);","lastModifiedDate":"2025-08-29T15:19:47","isFullCredit":false},{"lineNumber":53,"author":{"gitId":"enwei29"},"content":"                instructions.add(t);","lastModifiedDate":"2025-08-29T15:19:47","isFullCredit":false},{"lineNumber":54,"author":{"gitId":"enwei29"},"content":"                System.out.println(\"____________________________________________________________\");","lastModifiedDate":"2025-08-25T17:41:32","isFullCredit":false},{"lineNumber":55,"author":{"gitId":"enwei29"},"content":"            } else if (sentence.equals(\"list\")) {","lastModifiedDate":"2025-08-25T18:14:12","isFullCredit":false},{"lineNumber":56,"author":{"gitId":"enwei29"},"content":"                System.out.println(\"____________________________________________________________\");","lastModifiedDate":"2025-08-25T17:41:32","isFullCredit":false},{"lineNumber":57,"author":{"gitId":"enwei29"},"content":"                for  (int i \u003d 0; i \u003c instructions.size(); i++) {","lastModifiedDate":"2025-08-25T18:14:12","isFullCredit":false},{"lineNumber":58,"author":{"gitId":"enwei29"},"content":"                    System.out.println(i+1 + \". [\" + instructions.get(i).getStatusIcon() + \"] \" + instructions.get(i).description);","lastModifiedDate":"2025-08-29T15:19:47","isFullCredit":false},{"lineNumber":59,"author":{"gitId":"enwei29"},"content":"                }","lastModifiedDate":"2025-08-25T18:14:12","isFullCredit":false},{"lineNumber":60,"author":{"gitId":"enwei29"},"content":"                System.out.println(\"____________________________________________________________\");","lastModifiedDate":"2025-08-22T14:41:19","isFullCredit":false},{"lineNumber":61,"author":{"gitId":"enwei29"},"content":"            }","lastModifiedDate":"2025-08-22T14:41:19","isFullCredit":false},{"lineNumber":62,"author":{"gitId":"enwei29"},"content":"        }","lastModifiedDate":"2025-08-22T14:41:19","isFullCredit":false},{"lineNumber":63,"author":{"gitId":"enwei29"},"content":"    }","lastModifiedDate":"2025-08-25T17:41:32","isFullCredit":false},{"lineNumber":64,"author":{"gitId":"enwei29"},"content":"}","lastModifiedDate":"2025-08-25T17:41:32","isFullCredit":false}],"authorContributionMap":{"enwei29":64}},{"path":"src/main/java/Task.java","fileType":"java","lines":[{"lineNumber":1,"author":{"gitId":"enwei29"},"content":"public class Task {","lastModifiedDate":"2025-08-29T15:19:47","isFullCredit":false},{"lineNumber":2,"author":{"gitId":"enwei29"},"content":"    protected String description;","lastModifiedDate":"2025-08-29T15:19:47","isFullCredit":false},{"lineNumber":3,"author":{"gitId":"enwei29"},"content":"    protected boolean isDone;","lastModifiedDate":"2025-08-29T15:19:47","isFullCredit":false},{"lineNumber":4,"author":{"gitId":"enwei29"},"content":"","lastModifiedDate":"2025-08-29T15:19:47","isFullCredit":false},{"lineNumber":5,"author":{"gitId":"enwei29"},"content":"    public Task(String description) {","lastModifiedDate":"2025-08-29T15:19:47","isFullCredit":false},{"lineNumber":6,"author":{"gitId":"enwei29"},"content":"        this.description \u003d description;","lastModifiedDate":"2025-08-29T15:19:47","isFullCredit":false},{"lineNumber":7,"author":{"gitId":"enwei29"},"content":"        this.isDone \u003d false;","lastModifiedDate":"2025-08-29T15:19:47","isFullCredit":false},{"lineNumber":8,"author":{"gitId":"enwei29"},"content":"    }","lastModifiedDate":"2025-08-29T15:19:47","isFullCredit":false},{"lineNumber":9,"author":{"gitId":"enwei29"},"content":"","lastModifiedDate":"2025-08-29T15:19:47","isFullCredit":false},{"lineNumber":10,"author":{"gitId":"enwei29"},"content":"    public String getStatusIcon() {","lastModifiedDate":"2025-08-29T15:19:47","isFullCredit":false},{"lineNumber":11,"author":{"gitId":"enwei29"},"content":"        return (isDone ? \"X\" : \" \"); // mark done task with X","lastModifiedDate":"2025-08-29T15:19:47","isFullCredit":false},{"lineNumber":12,"author":{"gitId":"enwei29"},"content":"    }","lastModifiedDate":"2025-08-29T15:19:47","isFullCredit":false},{"lineNumber":13,"author":{"gitId":"enwei29"},"content":"","lastModifiedDate":"2025-08-29T15:19:47","isFullCredit":false},{"lineNumber":14,"author":{"gitId":"enwei29"},"content":"    public void markAsDone() {","lastModifiedDate":"2025-08-29T15:19:47","isFullCredit":false},{"lineNumber":15,"author":{"gitId":"enwei29"},"content":"        if (!isDone) {","lastModifiedDate":"2025-08-29T15:19:47","isFullCredit":false},{"lineNumber":16,"author":{"gitId":"enwei29"},"content":"            isDone \u003d true;","lastModifiedDate":"2025-08-29T15:19:47","isFullCredit":false},{"lineNumber":17,"author":{"gitId":"enwei29"},"content":"        }","lastModifiedDate":"2025-08-29T15:19:47","isFullCredit":false},{"lineNumber":18,"author":{"gitId":"enwei29"},"content":"    }","lastModifiedDate":"2025-08-29T15:19:47","isFullCredit":false},{"lineNumber":19,"author":{"gitId":"enwei29"},"content":"","lastModifiedDate":"2025-08-29T15:19:47","isFullCredit":false},{"lineNumber":20,"author":{"gitId":"enwei29"},"content":"    public void markAsUndone() {","lastModifiedDate":"2025-08-29T15:19:47","isFullCredit":false},{"lineNumber":21,"author":{"gitId":"enwei29"},"content":"        if (isDone) {","lastModifiedDate":"2025-08-29T15:19:47","isFullCredit":false},{"lineNumber":22,"author":{"gitId":"enwei29"},"content":"            isDone \u003d false;","lastModifiedDate":"2025-08-29T15:19:47","isFullCredit":false},{"lineNumber":23,"author":{"gitId":"enwei29"},"content":"        }","lastModifiedDate":"2025-08-29T15:19:47","isFullCredit":false},{"lineNumber":24,"author":{"gitId":"enwei29"},"content":"    }","lastModifiedDate":"2025-08-29T15:19:47","isFullCredit":false},{"lineNumber":25,"author":{"gitId":"enwei29"},"content":"","lastModifiedDate":"2025-08-29T15:19:47","isFullCredit":false},{"lineNumber":26,"author":{"gitId":"enwei29"},"content":"}","lastModifiedDate":"2025-08-29T15:19:47","isFullCredit":false}],"authorContributionMap":{"enwei29":26}}]
