[{"path":"src/main/java/Bob.java","fileType":"java","lines":[{"lineNumber":1,"author":{"gitId":"enwei29"},"content":"import java.awt.*;","lastModifiedDate":"2025-09-08T02:44:36","isFullCredit":false},{"lineNumber":2,"author":{"gitId":"enwei29"},"content":"import java.util.Objects;","lastModifiedDate":"2025-08-29T15:19:47","isFullCredit":false},{"lineNumber":3,"author":{"gitId":"enwei29"},"content":"import java.util.Scanner;","lastModifiedDate":"2025-08-25T17:41:32","isFullCredit":false},{"lineNumber":4,"author":{"gitId":"enwei29"},"content":"import java.util.ArrayList;","lastModifiedDate":"2025-08-25T18:14:12","isFullCredit":false},{"lineNumber":5,"author":{"gitId":"enwei29"},"content":"import java.io.File;","lastModifiedDate":"2025-09-19T15:21:54","isFullCredit":false},{"lineNumber":6,"author":{"gitId":"enwei29"},"content":"import java.io.IOException;","lastModifiedDate":"2025-09-19T15:21:54","isFullCredit":false},{"lineNumber":7,"author":{"gitId":"enwei29"},"content":"import java.io.FileWriter;","lastModifiedDate":"2025-09-19T15:21:54","isFullCredit":false},{"lineNumber":8,"author":{"gitId":"enwei29"},"content":"public class Bob {","lastModifiedDate":"2025-08-22T14:41:19","isFullCredit":false},{"lineNumber":9,"author":{"gitId":"enwei29"},"content":"","lastModifiedDate":"2025-08-22T14:41:19","isFullCredit":false},{"lineNumber":10,"author":{"gitId":"enwei29"},"content":"    static final String FILE_PATH \u003d \"./data/bob.txt\";","lastModifiedDate":"2025-09-19T15:21:54","isFullCredit":false},{"lineNumber":11,"author":{"gitId":"enwei29"},"content":"","lastModifiedDate":"2025-09-19T15:21:54","isFullCredit":false},{"lineNumber":12,"author":{"gitId":"enwei29"},"content":"    public static void printLineSeparator() {","lastModifiedDate":"2025-09-07T22:48:34","isFullCredit":false},{"lineNumber":13,"author":{"gitId":"enwei29"},"content":"        System.out.println(\"____________________________________________________________\");","lastModifiedDate":"2025-09-07T22:48:34","isFullCredit":false},{"lineNumber":14,"author":{"gitId":"enwei29"},"content":"    }","lastModifiedDate":"2025-09-07T22:48:34","isFullCredit":false},{"lineNumber":15,"author":{"gitId":"enwei29"},"content":"","lastModifiedDate":"2025-09-07T22:48:34","isFullCredit":false},{"lineNumber":16,"author":{"gitId":"enwei29"},"content":"    public static ArrayList\u003cTask\u003e loadTasks() {","lastModifiedDate":"2025-09-19T15:21:54","isFullCredit":false},{"lineNumber":17,"author":{"gitId":"enwei29"},"content":"        ArrayList\u003cTask\u003e tasks \u003d new ArrayList\u003c\u003e();","lastModifiedDate":"2025-09-19T15:21:54","isFullCredit":false},{"lineNumber":18,"author":{"gitId":"enwei29"},"content":"        File file \u003d new File(FILE_PATH);","lastModifiedDate":"2025-09-19T15:21:54","isFullCredit":false},{"lineNumber":19,"author":{"gitId":"enwei29"},"content":"        try {","lastModifiedDate":"2025-09-19T15:21:54","isFullCredit":false},{"lineNumber":20,"author":{"gitId":"enwei29"},"content":"            if (!file.exists()) {","lastModifiedDate":"2025-09-19T15:21:54","isFullCredit":false},{"lineNumber":21,"author":{"gitId":"enwei29"},"content":"                File parentDir \u003d file.getParentFile();","lastModifiedDate":"2025-09-19T15:21:54","isFullCredit":false},{"lineNumber":22,"author":{"gitId":"enwei29"},"content":"                if (!parentDir.exists() \u0026\u0026 !parentDir.mkdirs()) {","lastModifiedDate":"2025-09-19T15:21:54","isFullCredit":false},{"lineNumber":23,"author":{"gitId":"enwei29"},"content":"                    System.out.println(\"Warning: could not create directory \" + parentDir.getAbsolutePath());","lastModifiedDate":"2025-09-19T15:21:54","isFullCredit":false},{"lineNumber":24,"author":{"gitId":"enwei29"},"content":"                }","lastModifiedDate":"2025-09-19T15:21:54","isFullCredit":false},{"lineNumber":25,"author":{"gitId":"enwei29"},"content":"                if (!file.createNewFile()) {","lastModifiedDate":"2025-09-19T15:21:54","isFullCredit":false},{"lineNumber":26,"author":{"gitId":"enwei29"},"content":"                    System.out.println(\"Warning: could not create file \" + file.getAbsolutePath());","lastModifiedDate":"2025-09-19T15:21:54","isFullCredit":false},{"lineNumber":27,"author":{"gitId":"enwei29"},"content":"                }","lastModifiedDate":"2025-09-19T15:21:54","isFullCredit":false},{"lineNumber":28,"author":{"gitId":"enwei29"},"content":"                return tasks;","lastModifiedDate":"2025-09-19T15:21:54","isFullCredit":false},{"lineNumber":29,"author":{"gitId":"enwei29"},"content":"            }","lastModifiedDate":"2025-09-19T15:21:54","isFullCredit":false},{"lineNumber":30,"author":{"gitId":"enwei29"},"content":"            Scanner sc \u003d new Scanner(file);","lastModifiedDate":"2025-09-19T15:21:54","isFullCredit":false},{"lineNumber":31,"author":{"gitId":"enwei29"},"content":"            while (sc.hasNextLine()) {","lastModifiedDate":"2025-09-19T15:21:54","isFullCredit":false},{"lineNumber":32,"author":{"gitId":"enwei29"},"content":"                String line \u003d sc.nextLine();","lastModifiedDate":"2025-09-19T15:21:54","isFullCredit":false},{"lineNumber":33,"author":{"gitId":"enwei29"},"content":"                String[] parts \u003d line.split(\" \\\\| \");","lastModifiedDate":"2025-09-19T15:21:54","isFullCredit":false},{"lineNumber":34,"author":{"gitId":"enwei29"},"content":"                String type \u003d parts[0];","lastModifiedDate":"2025-09-19T15:21:54","isFullCredit":false},{"lineNumber":35,"author":{"gitId":"enwei29"},"content":"                boolean isDone \u003d parts[1].equals(\"1\");","lastModifiedDate":"2025-09-19T15:21:54","isFullCredit":false},{"lineNumber":36,"author":{"gitId":"enwei29"},"content":"                String desc \u003d parts[2];","lastModifiedDate":"2025-09-19T15:21:54","isFullCredit":false},{"lineNumber":37,"author":{"gitId":"enwei29"},"content":"","lastModifiedDate":"2025-09-19T15:21:54","isFullCredit":false},{"lineNumber":38,"author":{"gitId":"enwei29"},"content":"                switch (type) {","lastModifiedDate":"2025-09-19T15:21:54","isFullCredit":false},{"lineNumber":39,"author":{"gitId":"enwei29"},"content":"                case \"T\": {","lastModifiedDate":"2025-09-19T15:21:54","isFullCredit":false},{"lineNumber":40,"author":{"gitId":"enwei29"},"content":"                    Todo t \u003d new Todo(desc);","lastModifiedDate":"2025-09-19T15:21:54","isFullCredit":false},{"lineNumber":41,"author":{"gitId":"enwei29"},"content":"                    if (isDone) t.markAsDone();","lastModifiedDate":"2025-09-19T15:21:54","isFullCredit":false},{"lineNumber":42,"author":{"gitId":"enwei29"},"content":"                    tasks.add(t);","lastModifiedDate":"2025-09-19T15:21:54","isFullCredit":false},{"lineNumber":43,"author":{"gitId":"enwei29"},"content":"                    break;","lastModifiedDate":"2025-09-19T15:21:54","isFullCredit":false},{"lineNumber":44,"author":{"gitId":"enwei29"},"content":"                }","lastModifiedDate":"2025-09-19T15:21:54","isFullCredit":false},{"lineNumber":45,"author":{"gitId":"enwei29"},"content":"                case \"D\": {","lastModifiedDate":"2025-09-19T15:21:54","isFullCredit":false},{"lineNumber":46,"author":{"gitId":"enwei29"},"content":"                    Deadline d \u003d new Deadline(desc, parts[3]);","lastModifiedDate":"2025-09-19T15:21:54","isFullCredit":false},{"lineNumber":47,"author":{"gitId":"enwei29"},"content":"                    if (isDone) d.markAsDone();","lastModifiedDate":"2025-09-19T15:21:54","isFullCredit":false},{"lineNumber":48,"author":{"gitId":"enwei29"},"content":"                    tasks.add(d);","lastModifiedDate":"2025-09-19T15:21:54","isFullCredit":false},{"lineNumber":49,"author":{"gitId":"enwei29"},"content":"                    break;","lastModifiedDate":"2025-09-19T15:21:54","isFullCredit":false},{"lineNumber":50,"author":{"gitId":"enwei29"},"content":"                }","lastModifiedDate":"2025-09-19T15:21:54","isFullCredit":false},{"lineNumber":51,"author":{"gitId":"enwei29"},"content":"                case \"E\": {","lastModifiedDate":"2025-09-19T15:21:54","isFullCredit":false},{"lineNumber":52,"author":{"gitId":"enwei29"},"content":"                    Event e \u003d new Event(desc, parts[3], parts[4]);","lastModifiedDate":"2025-09-19T15:21:54","isFullCredit":false},{"lineNumber":53,"author":{"gitId":"enwei29"},"content":"                    if (isDone) e.markAsDone();","lastModifiedDate":"2025-09-19T15:21:54","isFullCredit":false},{"lineNumber":54,"author":{"gitId":"enwei29"},"content":"                    tasks.add(e);","lastModifiedDate":"2025-09-19T15:21:54","isFullCredit":false},{"lineNumber":55,"author":{"gitId":"enwei29"},"content":"                    break;","lastModifiedDate":"2025-09-19T15:21:54","isFullCredit":false},{"lineNumber":56,"author":{"gitId":"enwei29"},"content":"                }","lastModifiedDate":"2025-09-19T15:21:54","isFullCredit":false},{"lineNumber":57,"author":{"gitId":"enwei29"},"content":"                }","lastModifiedDate":"2025-09-19T15:21:54","isFullCredit":false},{"lineNumber":58,"author":{"gitId":"enwei29"},"content":"            }","lastModifiedDate":"2025-09-19T15:21:54","isFullCredit":false},{"lineNumber":59,"author":{"gitId":"enwei29"},"content":"            sc.close();","lastModifiedDate":"2025-09-19T15:21:54","isFullCredit":false},{"lineNumber":60,"author":{"gitId":"enwei29"},"content":"        } catch (IOException e) {","lastModifiedDate":"2025-09-19T15:21:54","isFullCredit":false},{"lineNumber":61,"author":{"gitId":"enwei29"},"content":"            System.out.println(\"Error loading tasks: \" + e.getMessage());","lastModifiedDate":"2025-09-19T15:21:54","isFullCredit":false},{"lineNumber":62,"author":{"gitId":"enwei29"},"content":"        }","lastModifiedDate":"2025-09-19T15:21:54","isFullCredit":false},{"lineNumber":63,"author":{"gitId":"enwei29"},"content":"        return tasks;","lastModifiedDate":"2025-09-19T15:21:54","isFullCredit":false},{"lineNumber":64,"author":{"gitId":"enwei29"},"content":"    }","lastModifiedDate":"2025-09-19T15:21:54","isFullCredit":false},{"lineNumber":65,"author":{"gitId":"enwei29"},"content":"","lastModifiedDate":"2025-09-19T15:21:54","isFullCredit":false},{"lineNumber":66,"author":{"gitId":"enwei29"},"content":"    public static void saveTasks(ArrayList\u003cTask\u003e tasks) {","lastModifiedDate":"2025-09-19T15:21:54","isFullCredit":false},{"lineNumber":67,"author":{"gitId":"enwei29"},"content":"        try {","lastModifiedDate":"2025-09-19T15:21:54","isFullCredit":false},{"lineNumber":68,"author":{"gitId":"enwei29"},"content":"            File file \u003d new File(FILE_PATH);","lastModifiedDate":"2025-09-19T15:21:54","isFullCredit":false},{"lineNumber":69,"author":{"gitId":"enwei29"},"content":"            File parentDir \u003d file.getParentFile();","lastModifiedDate":"2025-09-19T15:21:54","isFullCredit":false},{"lineNumber":70,"author":{"gitId":"enwei29"},"content":"            if (!parentDir.exists() \u0026\u0026 !parentDir.mkdirs()) {","lastModifiedDate":"2025-09-19T15:21:54","isFullCredit":false},{"lineNumber":71,"author":{"gitId":"enwei29"},"content":"                System.out.println(\"Warning: could not create directory \" + parentDir.getAbsolutePath());","lastModifiedDate":"2025-09-19T15:21:54","isFullCredit":false},{"lineNumber":72,"author":{"gitId":"enwei29"},"content":"            }","lastModifiedDate":"2025-09-19T15:21:54","isFullCredit":false},{"lineNumber":73,"author":{"gitId":"enwei29"},"content":"","lastModifiedDate":"2025-09-19T15:21:54","isFullCredit":false},{"lineNumber":74,"author":{"gitId":"enwei29"},"content":"            FileWriter fw \u003d new FileWriter(file);","lastModifiedDate":"2025-09-19T15:21:54","isFullCredit":false},{"lineNumber":75,"author":{"gitId":"enwei29"},"content":"            for (Task task : tasks) {","lastModifiedDate":"2025-09-19T15:21:54","isFullCredit":false},{"lineNumber":76,"author":{"gitId":"enwei29"},"content":"                if (task instanceof Todo) {","lastModifiedDate":"2025-09-19T15:21:54","isFullCredit":false},{"lineNumber":77,"author":{"gitId":"enwei29"},"content":"                    fw.write(\"T | \" + (task.isDone ? \"1\" : \"0\")","lastModifiedDate":"2025-09-19T15:21:54","isFullCredit":false},{"lineNumber":78,"author":{"gitId":"enwei29"},"content":"                            + \" | \" + task.description + System.lineSeparator());","lastModifiedDate":"2025-09-19T15:21:54","isFullCredit":false},{"lineNumber":79,"author":{"gitId":"enwei29"},"content":"                } else if (task instanceof Deadline d) {","lastModifiedDate":"2025-09-19T15:21:54","isFullCredit":false},{"lineNumber":80,"author":{"gitId":"enwei29"},"content":"                    fw.write(\"D | \" + (d.isDone ? \"1\" : \"0\")","lastModifiedDate":"2025-09-19T15:21:54","isFullCredit":false},{"lineNumber":81,"author":{"gitId":"enwei29"},"content":"                            + \" | \" + d.description + \" | \" + d.by + System.lineSeparator());","lastModifiedDate":"2025-09-19T15:21:54","isFullCredit":false},{"lineNumber":82,"author":{"gitId":"enwei29"},"content":"                } else if (task instanceof Event e) {","lastModifiedDate":"2025-09-19T15:21:54","isFullCredit":false},{"lineNumber":83,"author":{"gitId":"enwei29"},"content":"                    fw.write(\"E | \" + (e.isDone ? \"1\" : \"0\")","lastModifiedDate":"2025-09-19T15:21:54","isFullCredit":false},{"lineNumber":84,"author":{"gitId":"enwei29"},"content":"                            + \" | \" + e.description + \" | \" + e.from + \" | \" + e.to + System.lineSeparator());","lastModifiedDate":"2025-09-19T15:21:54","isFullCredit":false},{"lineNumber":85,"author":{"gitId":"enwei29"},"content":"                }","lastModifiedDate":"2025-09-19T15:21:54","isFullCredit":false},{"lineNumber":86,"author":{"gitId":"enwei29"},"content":"            }","lastModifiedDate":"2025-09-19T15:21:54","isFullCredit":false},{"lineNumber":87,"author":{"gitId":"enwei29"},"content":"            fw.close();","lastModifiedDate":"2025-09-19T15:21:54","isFullCredit":false},{"lineNumber":88,"author":{"gitId":"enwei29"},"content":"        } catch (IOException e) {","lastModifiedDate":"2025-09-19T15:21:54","isFullCredit":false},{"lineNumber":89,"author":{"gitId":"enwei29"},"content":"            System.out.println(\"Error saving tasks: \" + e.getMessage());","lastModifiedDate":"2025-09-19T15:21:54","isFullCredit":false},{"lineNumber":90,"author":{"gitId":"enwei29"},"content":"        }","lastModifiedDate":"2025-09-19T15:21:54","isFullCredit":false},{"lineNumber":91,"author":{"gitId":"enwei29"},"content":"    }","lastModifiedDate":"2025-09-19T15:21:54","isFullCredit":false},{"lineNumber":92,"author":{"gitId":"enwei29"},"content":"","lastModifiedDate":"2025-09-19T15:21:54","isFullCredit":false},{"lineNumber":93,"author":{"gitId":"enwei29"},"content":"","lastModifiedDate":"2025-09-19T15:21:54","isFullCredit":false},{"lineNumber":94,"author":{"gitId":"enwei29"},"content":"    public static void main(String[] args) {","lastModifiedDate":"2025-08-22T14:41:19","isFullCredit":false},{"lineNumber":95,"author":{"gitId":"enwei29"},"content":"        String logo \u003d","lastModifiedDate":"2025-08-25T17:41:32","isFullCredit":false},{"lineNumber":96,"author":{"gitId":"enwei29"},"content":"                \"\"\"","lastModifiedDate":"2025-08-25T17:41:32","isFullCredit":false},{"lineNumber":97,"author":{"gitId":"enwei29"},"content":"                         ____   ___   ____ \\s","lastModifiedDate":"2025-08-25T17:41:32","isFullCredit":false},{"lineNumber":98,"author":{"gitId":"enwei29"},"content":"                        | __ ) / _ \\\\ | __ )\\s","lastModifiedDate":"2025-08-25T17:41:32","isFullCredit":false},{"lineNumber":99,"author":{"gitId":"enwei29"},"content":"                        |  _ \\\\| | | ||  _ \\\\\\s","lastModifiedDate":"2025-08-25T17:41:32","isFullCredit":false},{"lineNumber":100,"author":{"gitId":"enwei29"},"content":"                        | |_) | |_| || |_) |","lastModifiedDate":"2025-08-25T17:41:32","isFullCredit":false},{"lineNumber":101,"author":{"gitId":"enwei29"},"content":"                        |____/ \\\\___/ |____/\\s","lastModifiedDate":"2025-08-25T17:41:32","isFullCredit":false},{"lineNumber":102,"author":{"gitId":"enwei29"},"content":"                        \"\"\";","lastModifiedDate":"2025-08-25T17:41:32","isFullCredit":false},{"lineNumber":103,"author":{"gitId":"enwei29"},"content":"","lastModifiedDate":"2025-08-25T17:41:32","isFullCredit":false},{"lineNumber":104,"author":{"gitId":"enwei29"},"content":"        ArrayList\u003cTask\u003e instructions \u003d loadTasks();","lastModifiedDate":"2025-09-19T15:21:54","isFullCredit":false},{"lineNumber":105,"author":{"gitId":"enwei29"},"content":"","lastModifiedDate":"2025-08-25T18:14:12","isFullCredit":false},{"lineNumber":106,"author":{"gitId":"enwei29"},"content":"        System.out.println();","lastModifiedDate":"2025-08-25T17:41:32","isFullCredit":false},{"lineNumber":107,"author":{"gitId":"enwei29"},"content":"        System.out.println(\"Hello from\\n\" + logo);","lastModifiedDate":"2025-08-22T14:41:19","isFullCredit":false},{"lineNumber":108,"author":{"gitId":"enwei29"},"content":"        System.out.println(\"What can I do for you?\");","lastModifiedDate":"2025-08-22T14:41:19","isFullCredit":false},{"lineNumber":109,"author":{"gitId":"enwei29"},"content":"        printLineSeparator();","lastModifiedDate":"2025-09-07T22:48:34","isFullCredit":false},{"lineNumber":110,"author":{"gitId":"enwei29"},"content":"        boolean endConvo \u003d false;","lastModifiedDate":"2025-08-25T17:41:32","isFullCredit":false},{"lineNumber":111,"author":{"gitId":"enwei29"},"content":"        Scanner scanner \u003d new Scanner(System.in);","lastModifiedDate":"2025-08-25T17:41:32","isFullCredit":false},{"lineNumber":112,"author":{"gitId":"enwei29"},"content":"        while (!endConvo) {","lastModifiedDate":"2025-09-07T23:02:59","isFullCredit":false},{"lineNumber":113,"author":{"gitId":"enwei29"},"content":"            String sentence \u003d scanner.nextLine();","lastModifiedDate":"2025-08-25T17:41:32","isFullCredit":false},{"lineNumber":114,"author":{"gitId":"enwei29"},"content":"            String[] sentenceArray \u003d sentence.split(\"\\\\s+\");","lastModifiedDate":"2025-08-29T15:19:47","isFullCredit":false},{"lineNumber":115,"author":{"gitId":"enwei29"},"content":"","lastModifiedDate":"2025-08-29T15:19:47","isFullCredit":false},{"lineNumber":116,"author":{"gitId":"enwei29"},"content":"            try {","lastModifiedDate":"2025-09-08T02:44:36","isFullCredit":false},{"lineNumber":117,"author":{"gitId":"enwei29"},"content":"                // User says bye","lastModifiedDate":"2025-09-08T02:44:36","isFullCredit":false},{"lineNumber":118,"author":{"gitId":"enwei29"},"content":"                if (sentence.equals(\"bye\")) {","lastModifiedDate":"2025-08-29T15:19:47","isFullCredit":false},{"lineNumber":119,"author":{"gitId":"enwei29"},"content":"                    printLineSeparator();","lastModifiedDate":"2025-09-07T22:48:34","isFullCredit":false},{"lineNumber":120,"author":{"gitId":"enwei29"},"content":"                    endConvo \u003d true;","lastModifiedDate":"2025-09-08T02:44:36","isFullCredit":false},{"lineNumber":121,"author":{"gitId":"enwei29"},"content":"                    System.out.println(\"Bye. Hope to see you again soon!\");","lastModifiedDate":"2025-08-29T15:19:47","isFullCredit":false},{"lineNumber":122,"author":{"gitId":"enwei29"},"content":"                }","lastModifiedDate":"2025-08-29T15:19:47","isFullCredit":false},{"lineNumber":123,"author":{"gitId":"enwei29"},"content":"","lastModifiedDate":"2025-09-08T02:44:36","isFullCredit":false},{"lineNumber":124,"author":{"gitId":"enwei29"},"content":"                // To-do Tasks","lastModifiedDate":"2025-09-08T02:44:36","isFullCredit":false},{"lineNumber":125,"author":{"gitId":"enwei29"},"content":"                else if (Objects.equals(sentenceArray[0], \"todo\")) {","lastModifiedDate":"2025-09-08T02:44:36","isFullCredit":false},{"lineNumber":126,"author":{"gitId":"enwei29"},"content":"                    try {","lastModifiedDate":"2025-09-08T02:44:36","isFullCredit":false},{"lineNumber":127,"author":{"gitId":"enwei29"},"content":"                        if (sentenceArray.length \u003c 2 || sentenceArray[1].isEmpty()) {","lastModifiedDate":"2025-09-08T02:44:36","isFullCredit":false},{"lineNumber":128,"author":{"gitId":"enwei29"},"content":"                            throw new BobException(\"Description of a todo cannot be empty - Bob 😡\");","lastModifiedDate":"2025-09-08T02:44:36","isFullCredit":false},{"lineNumber":129,"author":{"gitId":"enwei29"},"content":"                        }","lastModifiedDate":"2025-09-08T02:44:36","isFullCredit":false},{"lineNumber":130,"author":{"gitId":"enwei29"},"content":"                        printLineSeparator();","lastModifiedDate":"2025-09-07T22:48:34","isFullCredit":false},{"lineNumber":131,"author":{"gitId":"enwei29"},"content":"                        int firstSpaceIndex \u003d sentence.indexOf(\" \");","lastModifiedDate":"2025-09-07T22:48:34","isFullCredit":false},{"lineNumber":132,"author":{"gitId":"enwei29"},"content":"                        String todoTask \u003d sentence.substring(firstSpaceIndex + 1);","lastModifiedDate":"2025-09-07T22:48:34","isFullCredit":false},{"lineNumber":133,"author":{"gitId":"enwei29"},"content":"                        Todo t \u003d new Todo(todoTask);","lastModifiedDate":"2025-09-07T22:48:34","isFullCredit":false},{"lineNumber":134,"author":{"gitId":"enwei29"},"content":"                        System.out.println(\"Got it. I\u0027ve added this task\");","lastModifiedDate":"2025-09-07T22:48:34","isFullCredit":false},{"lineNumber":135,"author":{"gitId":"enwei29"},"content":"                        instructions.add(t);","lastModifiedDate":"2025-09-07T22:48:34","isFullCredit":false},{"lineNumber":136,"author":{"gitId":"enwei29"},"content":"                        System.out.println(\"  \" + t);","lastModifiedDate":"2025-09-07T22:48:34","isFullCredit":false},{"lineNumber":137,"author":{"gitId":"enwei29"},"content":"                        System.out.println(\"Now you have \" + instructions.size() + \" tasks in the list\");","lastModifiedDate":"2025-09-07T22:48:34","isFullCredit":false},{"lineNumber":138,"author":{"gitId":"enwei29"},"content":"                        saveTasks(instructions);","lastModifiedDate":"2025-09-19T15:21:54","isFullCredit":false},{"lineNumber":139,"author":{"gitId":"enwei29"},"content":"                    } catch (BobException e) {","lastModifiedDate":"2025-09-08T02:44:36","isFullCredit":false},{"lineNumber":140,"author":{"gitId":"enwei29"},"content":"                        System.out.println(e.getMessage());","lastModifiedDate":"2025-09-08T02:44:36","isFullCredit":false},{"lineNumber":141,"author":{"gitId":"enwei29"},"content":"                    }","lastModifiedDate":"2025-09-08T02:44:36","isFullCredit":false},{"lineNumber":142,"author":{"gitId":"enwei29"},"content":"","lastModifiedDate":"2025-09-08T02:44:36","isFullCredit":false},{"lineNumber":143,"author":{"gitId":"enwei29"},"content":"                    // Deadline Tasks","lastModifiedDate":"2025-09-08T02:44:36","isFullCredit":false},{"lineNumber":144,"author":{"gitId":"enwei29"},"content":"                } else if (Objects.equals(sentenceArray[0], \"deadline\")) {","lastModifiedDate":"2025-09-07T22:48:34","isFullCredit":false},{"lineNumber":145,"author":{"gitId":"enwei29"},"content":"                    try {","lastModifiedDate":"2025-09-08T02:44:36","isFullCredit":false},{"lineNumber":146,"author":{"gitId":"enwei29"},"content":"                        printLineSeparator();","lastModifiedDate":"2025-09-08T02:44:36","isFullCredit":false},{"lineNumber":147,"author":{"gitId":"enwei29"},"content":"                        Deadline d \u003d Deadline.getDeadline(sentenceArray, sentence);","lastModifiedDate":"2025-09-08T02:44:36","isFullCredit":false},{"lineNumber":148,"author":{"gitId":"enwei29"},"content":"                        System.out.println(\"Got it. I\u0027ve added this task\");","lastModifiedDate":"2025-09-08T02:44:36","isFullCredit":false},{"lineNumber":149,"author":{"gitId":"enwei29"},"content":"                        instructions.add(d);","lastModifiedDate":"2025-09-07T22:48:34","isFullCredit":false},{"lineNumber":150,"author":{"gitId":"enwei29"},"content":"                        System.out.println(\" \" + d);","lastModifiedDate":"2025-09-07T22:48:34","isFullCredit":false},{"lineNumber":151,"author":{"gitId":"enwei29"},"content":"                        System.out.println(\"Now you have \" + instructions.size() + \" tasks in the list\");","lastModifiedDate":"2025-09-07T22:48:34","isFullCredit":false},{"lineNumber":152,"author":{"gitId":"enwei29"},"content":"                        saveTasks(instructions);","lastModifiedDate":"2025-09-19T15:21:54","isFullCredit":false},{"lineNumber":153,"author":{"gitId":"enwei29"},"content":"                    } catch (BobException e) {","lastModifiedDate":"2025-09-08T02:44:36","isFullCredit":false},{"lineNumber":154,"author":{"gitId":"enwei29"},"content":"                        System.out.println(e.getMessage());","lastModifiedDate":"2025-09-08T02:44:36","isFullCredit":false},{"lineNumber":155,"author":{"gitId":"enwei29"},"content":"                    }","lastModifiedDate":"2025-09-08T02:44:36","isFullCredit":false},{"lineNumber":156,"author":{"gitId":"enwei29"},"content":"","lastModifiedDate":"2025-09-07T22:48:34","isFullCredit":false},{"lineNumber":157,"author":{"gitId":"enwei29"},"content":"                    // Event Tasks","lastModifiedDate":"2025-09-08T02:44:36","isFullCredit":false},{"lineNumber":158,"author":{"gitId":"enwei29"},"content":"                } else if (Objects.equals(sentenceArray[0], \"event\")) {","lastModifiedDate":"2025-09-08T02:44:36","isFullCredit":false},{"lineNumber":159,"author":{"gitId":"enwei29"},"content":"                    try {","lastModifiedDate":"2025-09-08T02:44:36","isFullCredit":false},{"lineNumber":160,"author":{"gitId":"enwei29"},"content":"                        printLineSeparator();","lastModifiedDate":"2025-09-08T02:44:36","isFullCredit":false},{"lineNumber":161,"author":{"gitId":"enwei29"},"content":"                        Event e \u003d Event.getEvent(sentenceArray, sentence);","lastModifiedDate":"2025-09-08T02:44:36","isFullCredit":false},{"lineNumber":162,"author":{"gitId":"enwei29"},"content":"                        System.out.println(\"Got it. I\u0027ve added this task\");","lastModifiedDate":"2025-09-08T02:44:36","isFullCredit":false},{"lineNumber":163,"author":{"gitId":"enwei29"},"content":"                        instructions.add(e);","lastModifiedDate":"2025-09-07T22:48:34","isFullCredit":false},{"lineNumber":164,"author":{"gitId":"enwei29"},"content":"                        System.out.println(\"  \" + e);","lastModifiedDate":"2025-09-07T22:48:34","isFullCredit":false},{"lineNumber":165,"author":{"gitId":"enwei29"},"content":"                        System.out.println(\"Now you have \" + instructions.size() + \" tasks in the list\");","lastModifiedDate":"2025-09-07T22:48:34","isFullCredit":false},{"lineNumber":166,"author":{"gitId":"enwei29"},"content":"                        saveTasks(instructions);","lastModifiedDate":"2025-09-19T15:21:54","isFullCredit":false},{"lineNumber":167,"author":{"gitId":"enwei29"},"content":"                    } catch (BobException e) {","lastModifiedDate":"2025-09-08T02:44:36","isFullCredit":false},{"lineNumber":168,"author":{"gitId":"enwei29"},"content":"                        System.out.println(e.getMessage());","lastModifiedDate":"2025-09-08T02:44:36","isFullCredit":false},{"lineNumber":169,"author":{"gitId":"enwei29"},"content":"                    }","lastModifiedDate":"2025-09-08T02:44:36","isFullCredit":false},{"lineNumber":170,"author":{"gitId":"enwei29"},"content":"                }","lastModifiedDate":"2025-09-07T22:48:34","isFullCredit":false},{"lineNumber":171,"author":{"gitId":"enwei29"},"content":"","lastModifiedDate":"2025-09-08T02:44:36","isFullCredit":false},{"lineNumber":172,"author":{"gitId":"enwei29"},"content":"                // Mark and unmark Tasks","lastModifiedDate":"2025-09-08T02:44:36","isFullCredit":false},{"lineNumber":173,"author":{"gitId":"enwei29"},"content":"                else if (Objects.equals(sentenceArray[0], \"mark\")) {","lastModifiedDate":"2025-09-07T22:48:34","isFullCredit":false},{"lineNumber":174,"author":{"gitId":"enwei29"},"content":"                    printLineSeparator();","lastModifiedDate":"2025-09-07T22:48:34","isFullCredit":false},{"lineNumber":175,"author":{"gitId":"enwei29"},"content":"                    int index \u003d Integer.parseInt(sentenceArray[1]) - 1;","lastModifiedDate":"2025-08-29T15:19:47","isFullCredit":false},{"lineNumber":176,"author":{"gitId":"enwei29"},"content":"                    instructions.get(index).markAsDone();","lastModifiedDate":"2025-08-29T15:19:47","isFullCredit":false},{"lineNumber":177,"author":{"gitId":"enwei29"},"content":"                    System.out.println(\"Nice! I\u0027ve marked this task as done\");","lastModifiedDate":"2025-08-29T15:19:47","isFullCredit":false},{"lineNumber":178,"author":{"gitId":"enwei29"},"content":"                    System.out.println(\"  [\" + instructions.get(index).getStatusIcon() + \"] \" + instructions.get(index).description);","lastModifiedDate":"2025-08-29T15:19:47","isFullCredit":false},{"lineNumber":179,"author":{"gitId":"enwei29"},"content":"                    saveTasks(instructions);","lastModifiedDate":"2025-09-19T15:21:54","isFullCredit":false},{"lineNumber":180,"author":{"gitId":"enwei29"},"content":"                } else if (Objects.equals(sentenceArray[0], \"unmark\")) {","lastModifiedDate":"2025-08-29T15:19:47","isFullCredit":false},{"lineNumber":181,"author":{"gitId":"enwei29"},"content":"                    printLineSeparator();","lastModifiedDate":"2025-09-08T02:44:36","isFullCredit":false},{"lineNumber":182,"author":{"gitId":"enwei29"},"content":"                    int index \u003d Integer.parseInt(sentenceArray[1]) - 1;","lastModifiedDate":"2025-08-29T15:19:47","isFullCredit":false},{"lineNumber":183,"author":{"gitId":"enwei29"},"content":"                    instructions.get(index).markAsUndone();","lastModifiedDate":"2025-08-29T15:19:47","isFullCredit":false},{"lineNumber":184,"author":{"gitId":"enwei29"},"content":"                    System.out.println(\"OK, I\u0027ve marked this task as not done yet\");","lastModifiedDate":"2025-08-29T15:19:47","isFullCredit":false},{"lineNumber":185,"author":{"gitId":"enwei29"},"content":"                    System.out.println(\"  [\" + instructions.get(index).getStatusIcon() + \"] \" + instructions.get(index).description);","lastModifiedDate":"2025-08-29T15:19:47","isFullCredit":false},{"lineNumber":186,"author":{"gitId":"enwei29"},"content":"                    saveTasks(instructions);","lastModifiedDate":"2025-09-19T15:21:54","isFullCredit":false},{"lineNumber":187,"author":{"gitId":"enwei29"},"content":"","lastModifiedDate":"2025-09-08T02:44:36","isFullCredit":false},{"lineNumber":188,"author":{"gitId":"enwei29"},"content":"                } else if (Objects.equals(sentenceArray[0], \"delete\")) {","lastModifiedDate":"2025-09-19T14:00:23","isFullCredit":false},{"lineNumber":189,"author":{"gitId":"enwei29"},"content":"                    int indexToRemove \u003d Integer.parseInt(sentenceArray[1]) - 1;","lastModifiedDate":"2025-09-19T14:00:23","isFullCredit":false},{"lineNumber":190,"author":{"gitId":"enwei29"},"content":"                    if (indexToRemove \u003c 0 || indexToRemove \u003e\u003d instructions.size()) {","lastModifiedDate":"2025-09-19T14:00:23","isFullCredit":false},{"lineNumber":191,"author":{"gitId":"enwei29"},"content":"                        throw new BobException(\"Sorry, please list a number within the list\");","lastModifiedDate":"2025-09-19T14:00:23","isFullCredit":false},{"lineNumber":192,"author":{"gitId":"enwei29"},"content":"                    }","lastModifiedDate":"2025-09-19T14:00:23","isFullCredit":false},{"lineNumber":193,"author":{"gitId":"enwei29"},"content":"                    printLineSeparator();","lastModifiedDate":"2025-09-19T14:00:23","isFullCredit":false},{"lineNumber":194,"author":{"gitId":"enwei29"},"content":"                    System.out.println(\"Bob has removed this task for you!\");","lastModifiedDate":"2025-09-19T14:00:23","isFullCredit":false},{"lineNumber":195,"author":{"gitId":"enwei29"},"content":"                    System.out.println(instructions.get(indexToRemove).description);","lastModifiedDate":"2025-09-19T14:00:23","isFullCredit":false},{"lineNumber":196,"author":{"gitId":"enwei29"},"content":"                    instructions.remove(indexToRemove);","lastModifiedDate":"2025-09-19T14:00:23","isFullCredit":false},{"lineNumber":197,"author":{"gitId":"enwei29"},"content":"                    System.out.println(\"You have \" + instructions.size() + \" tasks in the list\");","lastModifiedDate":"2025-09-19T14:00:23","isFullCredit":false},{"lineNumber":198,"author":{"gitId":"enwei29"},"content":"","lastModifiedDate":"2025-09-30T09:59:39","isFullCredit":false},{"lineNumber":199,"author":{"gitId":"enwei29"},"content":"","lastModifiedDate":"2025-09-30T09:59:39","isFullCredit":false},{"lineNumber":200,"author":{"gitId":"enwei29"},"content":"                } else if (Objects.equals(sentenceArray[0], \"find\")) {","lastModifiedDate":"2025-09-30T09:59:39","isFullCredit":false},{"lineNumber":201,"author":{"gitId":"enwei29"},"content":"                    if (sentenceArray.length \u003c 2) {","lastModifiedDate":"2025-09-30T09:59:39","isFullCredit":false},{"lineNumber":202,"author":{"gitId":"enwei29"},"content":"                        throw new BobException(\"Please provide a keyword to find - Bob\");","lastModifiedDate":"2025-09-30T09:59:39","isFullCredit":false},{"lineNumber":203,"author":{"gitId":"enwei29"},"content":"                    }","lastModifiedDate":"2025-09-19T14:00:23","isFullCredit":false},{"lineNumber":204,"author":{"gitId":"enwei29"},"content":"","lastModifiedDate":"2025-09-30T09:59:39","isFullCredit":false},{"lineNumber":205,"author":{"gitId":"enwei29"},"content":"                    printLineSeparator();","lastModifiedDate":"2025-09-30T09:59:39","isFullCredit":false},{"lineNumber":206,"author":{"gitId":"enwei29"},"content":"                    int firstSpaceIndex \u003d sentence.indexOf(\u0027 \u0027);","lastModifiedDate":"2025-09-30T09:59:39","isFullCredit":false},{"lineNumber":207,"author":{"gitId":"enwei29"},"content":"                    String keyword \u003d sentence.substring(firstSpaceIndex + 1).trim();","lastModifiedDate":"2025-09-30T09:59:39","isFullCredit":false},{"lineNumber":208,"author":{"gitId":"enwei29"},"content":"                    if (keyword.isEmpty()) {","lastModifiedDate":"2025-09-30T09:59:39","isFullCredit":false},{"lineNumber":209,"author":{"gitId":"enwei29"},"content":"                        throw new BobException(\"Your find keyword cannot be empty - Bob 😡\");","lastModifiedDate":"2025-09-30T09:59:39","isFullCredit":false},{"lineNumber":210,"author":{"gitId":"enwei29"},"content":"                    }","lastModifiedDate":"2025-09-30T09:59:39","isFullCredit":false},{"lineNumber":211,"author":{"gitId":"enwei29"},"content":"","lastModifiedDate":"2025-09-30T09:59:39","isFullCredit":false},{"lineNumber":212,"author":{"gitId":"enwei29"},"content":"                    System.out.println(\"Here are the matching tasks in your list:\");","lastModifiedDate":"2025-09-30T09:59:39","isFullCredit":false},{"lineNumber":213,"author":{"gitId":"enwei29"},"content":"                    int shown \u003d 0;","lastModifiedDate":"2025-09-30T09:59:39","isFullCredit":false},{"lineNumber":214,"author":{"gitId":"enwei29"},"content":"                    String query \u003d keyword.toLowerCase();","lastModifiedDate":"2025-09-30T09:59:39","isFullCredit":false},{"lineNumber":215,"author":{"gitId":"enwei29"},"content":"","lastModifiedDate":"2025-09-30T09:59:39","isFullCredit":false},{"lineNumber":216,"author":{"gitId":"enwei29"},"content":"                    for (Task t : instructions) {","lastModifiedDate":"2025-09-30T09:59:39","isFullCredit":false},{"lineNumber":217,"author":{"gitId":"enwei29"},"content":"                        if (t.description.toLowerCase().contains(query)) {","lastModifiedDate":"2025-09-30T09:59:39","isFullCredit":false},{"lineNumber":218,"author":{"gitId":"enwei29"},"content":"                            shown++;","lastModifiedDate":"2025-09-30T09:59:39","isFullCredit":false},{"lineNumber":219,"author":{"gitId":"enwei29"},"content":"                            System.out.println(shown + \". \" + t);","lastModifiedDate":"2025-09-30T09:59:39","isFullCredit":false},{"lineNumber":220,"author":{"gitId":"enwei29"},"content":"                        }","lastModifiedDate":"2025-09-30T09:59:39","isFullCredit":false},{"lineNumber":221,"author":{"gitId":"enwei29"},"content":"                    }","lastModifiedDate":"2025-09-30T09:59:39","isFullCredit":false},{"lineNumber":222,"author":{"gitId":"enwei29"},"content":"","lastModifiedDate":"2025-09-30T09:59:39","isFullCredit":false},{"lineNumber":223,"author":{"gitId":"enwei29"},"content":"                    if (shown \u003d\u003d 0) {","lastModifiedDate":"2025-09-30T09:59:39","isFullCredit":false},{"lineNumber":224,"author":{"gitId":"enwei29"},"content":"                        System.out.println(\"(none)\");","lastModifiedDate":"2025-09-30T09:59:39","isFullCredit":false},{"lineNumber":225,"author":{"gitId":"enwei29"},"content":"                    }","lastModifiedDate":"2025-09-30T09:59:39","isFullCredit":false},{"lineNumber":226,"author":{"gitId":"enwei29"},"content":"                }","lastModifiedDate":"2025-09-30T09:59:39","isFullCredit":false},{"lineNumber":227,"author":{"gitId":"enwei29"},"content":"","lastModifiedDate":"2025-09-30T09:59:39","isFullCredit":false},{"lineNumber":228,"author":{"gitId":"enwei29"},"content":"        // Show List of tasks","lastModifiedDate":"2025-09-08T02:44:36","isFullCredit":false},{"lineNumber":229,"author":{"gitId":"enwei29"},"content":"                else if (sentence.equals(\"list\")) {","lastModifiedDate":"2025-09-19T14:00:23","isFullCredit":false},{"lineNumber":230,"author":{"gitId":"enwei29"},"content":"                    printLineSeparator();","lastModifiedDate":"2025-09-07T22:48:34","isFullCredit":false},{"lineNumber":231,"author":{"gitId":"enwei29"},"content":"                    for (int i \u003d 0; i \u003c instructions.size(); i++) {","lastModifiedDate":"2025-08-25T18:14:12","isFullCredit":false},{"lineNumber":232,"author":{"gitId":"enwei29"},"content":"                        System.out.println((i + 1) + \". \" + instructions.get(i));","lastModifiedDate":"2025-09-07T23:02:59","isFullCredit":false},{"lineNumber":233,"author":{"gitId":"enwei29"},"content":"                    }","lastModifiedDate":"2025-08-22T14:41:19","isFullCredit":false},{"lineNumber":234,"author":{"gitId":"enwei29"},"content":"                } else {","lastModifiedDate":"2025-09-08T02:44:36","isFullCredit":false},{"lineNumber":235,"author":{"gitId":"enwei29"},"content":"                    throw new BobException(\"Sorry, I don\u0027t know what that means - Bob 🤔\");","lastModifiedDate":"2025-09-08T02:44:36","isFullCredit":false},{"lineNumber":236,"author":{"gitId":"enwei29"},"content":"                }","lastModifiedDate":"2025-08-22T14:41:19","isFullCredit":false},{"lineNumber":237,"author":{"gitId":"enwei29"},"content":"","lastModifiedDate":"2025-09-08T02:44:36","isFullCredit":false},{"lineNumber":238,"author":{"gitId":"enwei29"},"content":"                printLineSeparator();","lastModifiedDate":"2025-09-07T22:48:34","isFullCredit":false},{"lineNumber":239,"author":{"gitId":"enwei29"},"content":"            }","lastModifiedDate":"2025-09-07T22:48:34","isFullCredit":false},{"lineNumber":240,"author":{"gitId":"enwei29"},"content":"","lastModifiedDate":"2025-09-08T02:44:36","isFullCredit":false},{"lineNumber":241,"author":{"gitId":"enwei29"},"content":"            // Normal Tasks","lastModifiedDate":"2025-09-08T02:44:36","isFullCredit":false},{"lineNumber":242,"author":{"gitId":"enwei29"},"content":"            catch (BobException e){","lastModifiedDate":"2025-09-08T02:44:36","isFullCredit":false},{"lineNumber":243,"author":{"gitId":"enwei29"},"content":"                printLineSeparator();","lastModifiedDate":"2025-09-08T02:44:36","isFullCredit":false},{"lineNumber":244,"author":{"gitId":"enwei29"},"content":"                System.out.println(\" \"+e.getMessage());","lastModifiedDate":"2025-09-08T02:44:36","isFullCredit":false},{"lineNumber":245,"author":{"gitId":"enwei29"},"content":"                printLineSeparator();","lastModifiedDate":"2025-09-08T02:44:36","isFullCredit":false},{"lineNumber":246,"author":{"gitId":"enwei29"},"content":"            }","lastModifiedDate":"2025-09-08T02:44:36","isFullCredit":false},{"lineNumber":247,"author":{"gitId":"enwei29"},"content":"        }","lastModifiedDate":"2025-09-08T02:44:36","isFullCredit":false},{"lineNumber":248,"author":{"gitId":"enwei29"},"content":"    }","lastModifiedDate":"2025-08-25T17:41:32","isFullCredit":false},{"lineNumber":249,"author":{"gitId":"enwei29"},"content":"}","lastModifiedDate":"2025-08-25T17:41:32","isFullCredit":false}],"authorContributionMap":{"enwei29":249}},{"path":"src/main/java/BobException.java","fileType":"java","lines":[{"lineNumber":1,"author":{"gitId":"enwei29"},"content":"public class BobException extends Exception {","lastModifiedDate":"2025-09-08T02:44:36","isFullCredit":false},{"lineNumber":2,"author":{"gitId":"enwei29"},"content":"","lastModifiedDate":"2025-09-08T02:44:36","isFullCredit":false},{"lineNumber":3,"author":{"gitId":"enwei29"},"content":"    public BobException(String message) {","lastModifiedDate":"2025-09-08T02:44:36","isFullCredit":false},{"lineNumber":4,"author":{"gitId":"enwei29"},"content":"        super(message);","lastModifiedDate":"2025-09-08T02:44:36","isFullCredit":false},{"lineNumber":5,"author":{"gitId":"enwei29"},"content":"    }","lastModifiedDate":"2025-09-08T02:44:36","isFullCredit":false},{"lineNumber":6,"author":{"gitId":"enwei29"},"content":"","lastModifiedDate":"2025-09-08T02:44:36","isFullCredit":false},{"lineNumber":7,"author":{"gitId":"enwei29"},"content":"}","lastModifiedDate":"2025-09-08T02:44:36","isFullCredit":false}],"authorContributionMap":{"enwei29":7}},{"path":"src/main/java/Deadline.java","fileType":"java","lines":[{"lineNumber":1,"author":{"gitId":"enwei29"},"content":"public class Deadline extends Task{","lastModifiedDate":"2025-09-07T22:48:34","isFullCredit":false},{"lineNumber":2,"author":{"gitId":"enwei29"},"content":"","lastModifiedDate":"2025-09-07T22:48:34","isFullCredit":false},{"lineNumber":3,"author":{"gitId":"enwei29"},"content":"    protected String by;","lastModifiedDate":"2025-09-07T22:48:34","isFullCredit":false},{"lineNumber":4,"author":{"gitId":"enwei29"},"content":"","lastModifiedDate":"2025-09-07T22:48:34","isFullCredit":false},{"lineNumber":5,"author":{"gitId":"enwei29"},"content":"","lastModifiedDate":"2025-09-07T22:48:34","isFullCredit":false},{"lineNumber":6,"author":{"gitId":"enwei29"},"content":"    public Deadline(String description, String by) {","lastModifiedDate":"2025-09-07T22:48:34","isFullCredit":false},{"lineNumber":7,"author":{"gitId":"enwei29"},"content":"        super(description);","lastModifiedDate":"2025-09-07T22:48:34","isFullCredit":false},{"lineNumber":8,"author":{"gitId":"enwei29"},"content":"        this.by \u003d by;","lastModifiedDate":"2025-09-07T22:48:34","isFullCredit":false},{"lineNumber":9,"author":{"gitId":"enwei29"},"content":"    }","lastModifiedDate":"2025-09-07T22:48:34","isFullCredit":false},{"lineNumber":10,"author":{"gitId":"enwei29"},"content":"","lastModifiedDate":"2025-09-07T22:48:34","isFullCredit":false},{"lineNumber":11,"author":{"gitId":"enwei29"},"content":"    public static Deadline getDeadline(String[] sentenceArray, String sentence) throws BobException {","lastModifiedDate":"2025-09-08T02:44:36","isFullCredit":false},{"lineNumber":12,"author":{"gitId":"enwei29"},"content":"        if (sentenceArray.length \u003c 2 || sentenceArray[1].isEmpty()) {","lastModifiedDate":"2025-09-08T02:44:36","isFullCredit":false},{"lineNumber":13,"author":{"gitId":"enwei29"},"content":"            throw new BobException(\"Description of a deadline cannot be empty - Bob 😡\");","lastModifiedDate":"2025-09-08T02:44:36","isFullCredit":false},{"lineNumber":14,"author":{"gitId":"enwei29"},"content":"        }","lastModifiedDate":"2025-09-08T02:44:36","isFullCredit":false},{"lineNumber":15,"author":{"gitId":"enwei29"},"content":"        int firstSpaceIndex \u003d sentence.indexOf(\" \");","lastModifiedDate":"2025-09-08T02:44:36","isFullCredit":false},{"lineNumber":16,"author":{"gitId":"enwei29"},"content":"        int byIndex \u003d sentence.indexOf(\"/by\");","lastModifiedDate":"2025-09-08T02:44:36","isFullCredit":false},{"lineNumber":17,"author":{"gitId":"enwei29"},"content":"        String deadlineTask \u003d sentence.substring(firstSpaceIndex + 1, byIndex).trim();","lastModifiedDate":"2025-09-08T02:44:36","isFullCredit":false},{"lineNumber":18,"author":{"gitId":"enwei29"},"content":"        String by \u003d sentence.substring(byIndex + 3).trim();","lastModifiedDate":"2025-09-08T02:44:36","isFullCredit":false},{"lineNumber":19,"author":{"gitId":"enwei29"},"content":"        return new Deadline(deadlineTask, by);","lastModifiedDate":"2025-09-08T02:44:36","isFullCredit":false},{"lineNumber":20,"author":{"gitId":"enwei29"},"content":"    }","lastModifiedDate":"2025-09-08T02:44:36","isFullCredit":false},{"lineNumber":21,"author":{"gitId":"enwei29"},"content":"","lastModifiedDate":"2025-09-08T02:44:36","isFullCredit":false},{"lineNumber":22,"author":{"gitId":"enwei29"},"content":"    @Override","lastModifiedDate":"2025-09-07T22:48:34","isFullCredit":false},{"lineNumber":23,"author":{"gitId":"enwei29"},"content":"    public String toString() {","lastModifiedDate":"2025-09-07T22:48:34","isFullCredit":false},{"lineNumber":24,"author":{"gitId":"enwei29"},"content":"        return \"[D] \" + super.toString() + \" (by: \" + by + \")\";","lastModifiedDate":"2025-09-07T23:02:59","isFullCredit":false},{"lineNumber":25,"author":{"gitId":"enwei29"},"content":"    }","lastModifiedDate":"2025-09-07T22:48:34","isFullCredit":false},{"lineNumber":26,"author":{"gitId":"enwei29"},"content":"}","lastModifiedDate":"2025-09-07T22:48:34","isFullCredit":false}],"authorContributionMap":{"enwei29":26}},{"path":"src/main/java/Event.java","fileType":"java","lines":[{"lineNumber":1,"author":{"gitId":"enwei29"},"content":"public class Event extends Task {","lastModifiedDate":"2025-09-07T22:48:34","isFullCredit":false},{"lineNumber":2,"author":{"gitId":"enwei29"},"content":"","lastModifiedDate":"2025-09-07T22:48:34","isFullCredit":false},{"lineNumber":3,"author":{"gitId":"enwei29"},"content":"    protected String from;","lastModifiedDate":"2025-09-07T22:48:34","isFullCredit":false},{"lineNumber":4,"author":{"gitId":"enwei29"},"content":"    protected String to;","lastModifiedDate":"2025-09-07T22:48:34","isFullCredit":false},{"lineNumber":5,"author":{"gitId":"enwei29"},"content":"","lastModifiedDate":"2025-09-07T22:48:34","isFullCredit":false},{"lineNumber":6,"author":{"gitId":"enwei29"},"content":"    Event(String description, String from, String to) {","lastModifiedDate":"2025-09-07T22:48:34","isFullCredit":false},{"lineNumber":7,"author":{"gitId":"enwei29"},"content":"        super(description);","lastModifiedDate":"2025-09-07T22:48:34","isFullCredit":false},{"lineNumber":8,"author":{"gitId":"enwei29"},"content":"        this.from \u003d from;","lastModifiedDate":"2025-09-07T22:48:34","isFullCredit":false},{"lineNumber":9,"author":{"gitId":"enwei29"},"content":"        this.to \u003d to;","lastModifiedDate":"2025-09-07T22:48:34","isFullCredit":false},{"lineNumber":10,"author":{"gitId":"enwei29"},"content":"    }","lastModifiedDate":"2025-09-07T22:48:34","isFullCredit":false},{"lineNumber":11,"author":{"gitId":"enwei29"},"content":"","lastModifiedDate":"2025-09-07T22:48:34","isFullCredit":false},{"lineNumber":12,"author":{"gitId":"enwei29"},"content":"    @Override","lastModifiedDate":"2025-09-07T22:48:34","isFullCredit":false},{"lineNumber":13,"author":{"gitId":"enwei29"},"content":"    public String toString() {","lastModifiedDate":"2025-09-07T22:48:34","isFullCredit":false},{"lineNumber":14,"author":{"gitId":"enwei29"},"content":"        return \"[E] \" + super.toString() + \" (from: \" + from + \" to: \" + to + \")\";","lastModifiedDate":"2025-09-07T23:02:59","isFullCredit":false},{"lineNumber":15,"author":{"gitId":"enwei29"},"content":"    }","lastModifiedDate":"2025-09-07T22:48:34","isFullCredit":false},{"lineNumber":16,"author":{"gitId":"enwei29"},"content":"    public static Event getEvent(String[] sentenceArray, String sentence) throws BobException {","lastModifiedDate":"2025-09-08T02:44:36","isFullCredit":false},{"lineNumber":17,"author":{"gitId":"enwei29"},"content":"        if (sentenceArray.length \u003c 2 || sentenceArray[1].isEmpty()) {","lastModifiedDate":"2025-09-08T02:44:36","isFullCredit":false},{"lineNumber":18,"author":{"gitId":"enwei29"},"content":"            throw new BobException(\"Description of a event cannot be empty - Bob 😡\");","lastModifiedDate":"2025-09-08T02:44:36","isFullCredit":false},{"lineNumber":19,"author":{"gitId":"enwei29"},"content":"        }","lastModifiedDate":"2025-09-08T02:44:36","isFullCredit":false},{"lineNumber":20,"author":{"gitId":"enwei29"},"content":"        int firstSpaceIndex \u003d sentence.indexOf(\" \");","lastModifiedDate":"2025-09-08T02:44:36","isFullCredit":false},{"lineNumber":21,"author":{"gitId":"enwei29"},"content":"        int fromIndex \u003d sentence.indexOf(\"/from\");","lastModifiedDate":"2025-09-08T02:44:36","isFullCredit":false},{"lineNumber":22,"author":{"gitId":"enwei29"},"content":"        int toIndex \u003d sentence.indexOf(\"/to\");","lastModifiedDate":"2025-09-08T02:44:36","isFullCredit":false},{"lineNumber":23,"author":{"gitId":"enwei29"},"content":"","lastModifiedDate":"2025-09-08T02:44:36","isFullCredit":false},{"lineNumber":24,"author":{"gitId":"enwei29"},"content":"        String eventTask \u003d sentence.substring(firstSpaceIndex + 1, fromIndex).trim();","lastModifiedDate":"2025-09-08T02:44:36","isFullCredit":false},{"lineNumber":25,"author":{"gitId":"enwei29"},"content":"        String from \u003d sentence.substring(fromIndex + 5, toIndex).trim();","lastModifiedDate":"2025-09-08T02:44:36","isFullCredit":false},{"lineNumber":26,"author":{"gitId":"enwei29"},"content":"        String to \u003d sentence.substring(toIndex + 3).trim();","lastModifiedDate":"2025-09-08T02:44:36","isFullCredit":false},{"lineNumber":27,"author":{"gitId":"enwei29"},"content":"","lastModifiedDate":"2025-09-07T22:48:34","isFullCredit":false},{"lineNumber":28,"author":{"gitId":"enwei29"},"content":"        return new Event(eventTask, from, to);","lastModifiedDate":"2025-09-08T02:44:36","isFullCredit":false},{"lineNumber":29,"author":{"gitId":"enwei29"},"content":"    }","lastModifiedDate":"2025-09-08T02:44:36","isFullCredit":false},{"lineNumber":30,"author":{"gitId":"enwei29"},"content":"","lastModifiedDate":"2025-09-07T22:48:34","isFullCredit":false},{"lineNumber":31,"author":{"gitId":"enwei29"},"content":"}","lastModifiedDate":"2025-09-07T22:48:34","isFullCredit":false}],"authorContributionMap":{"enwei29":31}},{"path":"src/main/java/Task.java","fileType":"java","lines":[{"lineNumber":1,"author":{"gitId":"enwei29"},"content":"public class Task {","lastModifiedDate":"2025-08-29T15:19:47","isFullCredit":false},{"lineNumber":2,"author":{"gitId":"enwei29"},"content":"    protected String description;","lastModifiedDate":"2025-08-29T15:19:47","isFullCredit":false},{"lineNumber":3,"author":{"gitId":"enwei29"},"content":"    protected boolean isDone;","lastModifiedDate":"2025-08-29T15:19:47","isFullCredit":false},{"lineNumber":4,"author":{"gitId":"enwei29"},"content":"","lastModifiedDate":"2025-08-29T15:19:47","isFullCredit":false},{"lineNumber":5,"author":{"gitId":"enwei29"},"content":"    public Task(String description) {","lastModifiedDate":"2025-08-29T15:19:47","isFullCredit":false},{"lineNumber":6,"author":{"gitId":"enwei29"},"content":"        this.description \u003d description;","lastModifiedDate":"2025-08-29T15:19:47","isFullCredit":false},{"lineNumber":7,"author":{"gitId":"enwei29"},"content":"        this.isDone \u003d false;","lastModifiedDate":"2025-08-29T15:19:47","isFullCredit":false},{"lineNumber":8,"author":{"gitId":"enwei29"},"content":"    }","lastModifiedDate":"2025-08-29T15:19:47","isFullCredit":false},{"lineNumber":9,"author":{"gitId":"enwei29"},"content":"","lastModifiedDate":"2025-08-29T15:19:47","isFullCredit":false},{"lineNumber":10,"author":{"gitId":"enwei29"},"content":"    public String getStatusIcon() {","lastModifiedDate":"2025-08-29T15:19:47","isFullCredit":false},{"lineNumber":11,"author":{"gitId":"enwei29"},"content":"        return (isDone ? \"X\" : \" \"); // mark done task with X","lastModifiedDate":"2025-08-29T15:19:47","isFullCredit":false},{"lineNumber":12,"author":{"gitId":"enwei29"},"content":"    }","lastModifiedDate":"2025-08-29T15:19:47","isFullCredit":false},{"lineNumber":13,"author":{"gitId":"enwei29"},"content":"","lastModifiedDate":"2025-08-29T15:19:47","isFullCredit":false},{"lineNumber":14,"author":{"gitId":"enwei29"},"content":"    public void markAsDone() {","lastModifiedDate":"2025-08-29T15:19:47","isFullCredit":false},{"lineNumber":15,"author":{"gitId":"enwei29"},"content":"        if (!isDone) {","lastModifiedDate":"2025-08-29T15:19:47","isFullCredit":false},{"lineNumber":16,"author":{"gitId":"enwei29"},"content":"            isDone \u003d true;","lastModifiedDate":"2025-08-29T15:19:47","isFullCredit":false},{"lineNumber":17,"author":{"gitId":"enwei29"},"content":"        }","lastModifiedDate":"2025-08-29T15:19:47","isFullCredit":false},{"lineNumber":18,"author":{"gitId":"enwei29"},"content":"    }","lastModifiedDate":"2025-08-29T15:19:47","isFullCredit":false},{"lineNumber":19,"author":{"gitId":"enwei29"},"content":"","lastModifiedDate":"2025-08-29T15:19:47","isFullCredit":false},{"lineNumber":20,"author":{"gitId":"enwei29"},"content":"    public void markAsUndone() {","lastModifiedDate":"2025-08-29T15:19:47","isFullCredit":false},{"lineNumber":21,"author":{"gitId":"enwei29"},"content":"        if (isDone) {","lastModifiedDate":"2025-08-29T15:19:47","isFullCredit":false},{"lineNumber":22,"author":{"gitId":"enwei29"},"content":"            isDone \u003d false;","lastModifiedDate":"2025-08-29T15:19:47","isFullCredit":false},{"lineNumber":23,"author":{"gitId":"enwei29"},"content":"        }","lastModifiedDate":"2025-08-29T15:19:47","isFullCredit":false},{"lineNumber":24,"author":{"gitId":"enwei29"},"content":"    }","lastModifiedDate":"2025-08-29T15:19:47","isFullCredit":false},{"lineNumber":25,"author":{"gitId":"enwei29"},"content":"","lastModifiedDate":"2025-08-29T15:19:47","isFullCredit":false},{"lineNumber":26,"author":{"gitId":"enwei29"},"content":"    public String toString() {","lastModifiedDate":"2025-09-07T23:02:59","isFullCredit":false},{"lineNumber":27,"author":{"gitId":"enwei29"},"content":"        return \"[\" + getStatusIcon() + \"] \" + description;","lastModifiedDate":"2025-09-07T23:02:59","isFullCredit":false},{"lineNumber":28,"author":{"gitId":"enwei29"},"content":"    }","lastModifiedDate":"2025-09-07T23:02:59","isFullCredit":false},{"lineNumber":29,"author":{"gitId":"enwei29"},"content":"","lastModifiedDate":"2025-09-07T23:02:59","isFullCredit":false},{"lineNumber":30,"author":{"gitId":"enwei29"},"content":"}","lastModifiedDate":"2025-08-29T15:19:47","isFullCredit":false}],"authorContributionMap":{"enwei29":30}},{"path":"src/main/java/Todo.java","fileType":"java","lines":[{"lineNumber":1,"author":{"gitId":"enwei29"},"content":"public class Todo extends Task {","lastModifiedDate":"2025-09-07T22:48:34","isFullCredit":false},{"lineNumber":2,"author":{"gitId":"enwei29"},"content":"","lastModifiedDate":"2025-09-07T22:48:34","isFullCredit":false},{"lineNumber":3,"author":{"gitId":"enwei29"},"content":"","lastModifiedDate":"2025-09-07T22:48:34","isFullCredit":false},{"lineNumber":4,"author":{"gitId":"enwei29"},"content":"    public Todo(String description) {","lastModifiedDate":"2025-09-07T22:48:34","isFullCredit":false},{"lineNumber":5,"author":{"gitId":"enwei29"},"content":"        super(description);","lastModifiedDate":"2025-09-07T22:48:34","isFullCredit":false},{"lineNumber":6,"author":{"gitId":"enwei29"},"content":"    }","lastModifiedDate":"2025-09-07T22:48:34","isFullCredit":false},{"lineNumber":7,"author":{"gitId":"enwei29"},"content":"","lastModifiedDate":"2025-09-07T22:48:34","isFullCredit":false},{"lineNumber":8,"author":{"gitId":"enwei29"},"content":"    @Override public String toString() {","lastModifiedDate":"2025-09-07T23:02:59","isFullCredit":false},{"lineNumber":9,"author":{"gitId":"enwei29"},"content":"        return \"[T] \" + super.toString();","lastModifiedDate":"2025-09-07T23:02:59","isFullCredit":false},{"lineNumber":10,"author":{"gitId":"enwei29"},"content":"    }","lastModifiedDate":"2025-09-07T22:48:34","isFullCredit":false},{"lineNumber":11,"author":{"gitId":"enwei29"},"content":"}","lastModifiedDate":"2025-09-07T22:48:34","isFullCredit":false}],"authorContributionMap":{"enwei29":11}}]
