{"authorDailyContributionsMap":{"samika2005":[{"date":"2025-08-30T00:00:00","commitResults":[{"hash":"0fe4b632b792ac489d7f94e6a2b52d1380eb4ed3","isMergeCommit":false,"messageTitle":"Level-0","messageBody":"","tags":["Level-0"],"fileTypesAndContributionMap":{"java":{"insertions":12,"deletions":0}}},{"hash":"3d38a09ee84893f581df90c8f2627abc69b08205","isMergeCommit":false,"messageTitle":"Level-1","messageBody":"","fileTypesAndContributionMap":{"java":{"insertions":22,"deletions":1}}},{"hash":"77bafb92d122a0190faf55906517be5888b7bb02","isMergeCommit":false,"messageTitle":"Level-1","messageBody":"","tags":["Level-1"],"fileTypesAndContributionMap":{"java":{"insertions":1,"deletions":1}}},{"hash":"c939d7db42c343f5dcea304498df99a2f3402c29","isMergeCommit":false,"messageTitle":"level-2","messageBody":"","fileTypesAndContributionMap":{"java":{"insertions":13,"deletions":3}}},{"hash":"32723912be8881b36d263868551400ca9935e3a0","isMergeCommit":false,"messageTitle":"level-2","messageBody":"","tags":["Level-2"],"fileTypesAndContributionMap":{"java":{"insertions":2,"deletions":2}}},{"hash":"30b2eac3db711db3a894b0c3cc962dc02e622a60","isMergeCommit":false,"messageTitle":"level-3","messageBody":"","tags":["Level-3"],"fileTypesAndContributionMap":{"java":{"insertions":27,"deletions":5}}}]},{"date":"2025-09-02T00:00:00","commitResults":[{"hash":"762104a938f6baccb3d85447fe46fa8c257dbe78","isMergeCommit":false,"messageTitle":"level-4","messageBody":"","fileTypesAndContributionMap":{"java":{"insertions":25,"deletions":1}}}]},{"date":"2025-09-04T00:00:00","commitResults":[{"hash":"1e6ae75967fab427bc6cebb18e2da305802d8226","isMergeCommit":false,"messageTitle":"level-4","messageBody":"","tags":["Level-4","A-TextUiTesting"],"fileTypesAndContributionMap":{"java":{"insertions":62,"deletions":10},"bat":{"insertions":1,"deletions":1},"sh":{"insertions":2,"deletions":2},"md":{"insertions":3,"deletions":3}}}]},{"date":"2025-09-09T00:00:00","commitResults":[{"hash":"347eb8475ec92c3f887b90ffc2bf2b73f271f37c","isMergeCommit":false,"messageTitle":"level-5","messageBody":"","tags":["A-Exceptions"],"fileTypesAndContributionMap":{"java":{"insertions":99,"deletions":56}}},{"hash":"cc30a1db1b2151271578d5aba1fe2e1bd4aabf35","isMergeCommit":false,"messageTitle":"A-Exceptions","messageBody":"","fileTypesAndContributionMap":{"java":{"insertions":4,"deletions":0}}},{"hash":"aa76a9bad4322e854fa6b439af31db3ec4ba6857","isMergeCommit":false,"messageTitle":"A-Packages","messageBody":"","fileTypesAndContributionMap":{"java":{"insertions":14,"deletions":4}}}]},{"date":"2025-09-10T00:00:00","commitResults":[{"hash":"6f5603683b682930858cdedef71b327e1e7b606e","isMergeCommit":false,"messageTitle":"branch-Level-5","messageBody":"","fileTypesAndContributionMap":{"java":{"insertions":1,"deletions":0}}},{"hash":"f2fea2b28ca77aba982b6c653874083d2431410e","isMergeCommit":false,"messageTitle":"branch-A-Packages","messageBody":"","fileTypesAndContributionMap":{"java":{"insertions":6,"deletions":0}}},{"hash":"e8484d3e44ce1af4f8606dde318c3faac85caf40","isMergeCommit":false,"messageTitle":"branch-A-Packages","messageBody":"","fileTypesAndContributionMap":{"java":{"insertions":12,"deletions":4}}},{"hash":"5509b9d3c26b2a686844b0f8d1489b6d209a64f1","isMergeCommit":true,"messageTitle":"Merge remote-tracking branch \u0027origin/master\u0027 into branch-A-Packages","messageBody":"","fileTypesAndContributionMap":{}}]},{"date":"2025-09-12T00:00:00","commitResults":[{"hash":"f61abce879a30732ba87896aea135abd94fa3adc","isMergeCommit":true,"messageTitle":"branch-Level-5","messageBody":"","fileTypesAndContributionMap":{}}]}]},"authorFileTypeContributionMap":{"samika2005":{"java":209,"md":3,"fxml":0,"sh":1,"bat":1,"gradle":0,"txt":0}},"authorContributionVariance":{"samika2005":1196.9097},"authorDisplayNameMap":{"samika2005":"CS2113-W13-4 REVA..MIKA"}}
