{"authorDailyContributionsMap":{"samika2005":[{"date":"2025-08-30T00:00:00","commitResults":[{"hash":"0fe4b632b792ac489d7f94e6a2b52d1380eb4ed3","isMergeCommit":false,"messageTitle":"Level-0","messageBody":"","fileTypesAndContributionMap":{"java":{"insertions":12,"deletions":0}}},{"hash":"3d38a09ee84893f581df90c8f2627abc69b08205","isMergeCommit":false,"messageTitle":"Level-1","messageBody":"","fileTypesAndContributionMap":{"java":{"insertions":22,"deletions":1}}},{"hash":"77bafb92d122a0190faf55906517be5888b7bb02","isMergeCommit":false,"messageTitle":"Level-1","messageBody":"","fileTypesAndContributionMap":{"java":{"insertions":1,"deletions":1}}},{"hash":"c939d7db42c343f5dcea304498df99a2f3402c29","isMergeCommit":false,"messageTitle":"level-2","messageBody":"","fileTypesAndContributionMap":{"java":{"insertions":13,"deletions":3}}},{"hash":"32723912be8881b36d263868551400ca9935e3a0","isMergeCommit":false,"messageTitle":"level-2","messageBody":"","fileTypesAndContributionMap":{"java":{"insertions":2,"deletions":2}}},{"hash":"30b2eac3db711db3a894b0c3cc962dc02e622a60","isMergeCommit":false,"messageTitle":"level-3","messageBody":"","fileTypesAndContributionMap":{"java":{"insertions":27,"deletions":5}}}]},{"date":"2025-09-02T00:00:00","commitResults":[{"hash":"762104a938f6baccb3d85447fe46fa8c257dbe78","isMergeCommit":false,"messageTitle":"level-4","messageBody":"","fileTypesAndContributionMap":{"java":{"insertions":25,"deletions":1}}}]}]},"authorFileTypeContributionMap":{"samika2005":{"java":89,"md":0,"fxml":0,"sh":0,"bat":0,"gradle":0,"txt":0}},"authorContributionVariance":{"samika2005":311.0902},"authorDisplayNameMap":{"samika2005":"CS2113-W13-4 REVA..MIKA"}}
