{"authorDailyContributionsMap":{"darshhs":[{"date":"2025-08-27T00:00:00","commitResults":[{"hash":"51da06048d2021ec15f8654a25dcb52d5fdde5c2","isMergeCommit":false,"messageTitle":"changed name of bot to Michael","messageBody":"","tags":["Level-0"],"fileTypesAndContributionMap":{"java":{"insertions":5,"deletions":2}}},{"hash":"790e6ddcca40dea5a9b2bf8cdb97e12a86b7ddb7","isMergeCommit":false,"messageTitle":"updated Michael with echo","messageBody":"","tags":["Level-1"],"fileTypesAndContributionMap":{"java":{"insertions":16,"deletions":1}}}]},{"date":"2025-08-31T00:00:00","commitResults":[{"hash":"f2aeee804c3b80de13511fd1ea55a1e06b0b1303","isMergeCommit":false,"messageTitle":"Added list feature","messageBody":"","tags":["Level-2"],"fileTypesAndContributionMap":{"java":{"insertions":16,"deletions":6}}},{"hash":"021fdf9c07226a12728e62f290e44a5d03230167","isMergeCommit":false,"messageTitle":"Added mark as done feature using Tasks class","messageBody":"","tags":["Level-3"],"fileTypesAndContributionMap":{"java":{"insertions":61,"deletions":13},"bat":{"insertions":1,"deletions":1},"md":{"insertions":3,"deletions":3}}},{"hash":"dfc288e9e08dacd2a19106ef877929dedd8ff4e0","isMergeCommit":false,"messageTitle":"Added class to represent tasks","messageBody":"","tags":["A-classes"],"fileTypesAndContributionMap":{"java":{"insertions":0,"deletions":3}}},{"hash":"56ee2329a46a661cd159552febda883b0ccc2d41","isMergeCommit":false,"messageTitle":"Added getStatusIcon to main","messageBody":"","fileTypesAndContributionMap":{"java":{"insertions":6,"deletions":6}}}]},{"date":"2025-09-01T00:00:00","commitResults":[{"hash":"50c934bb80cfbbe4357eaa93a030b4e9111d0854","isMergeCommit":false,"messageTitle":"Checked and updated code according to coding standards","messageBody":"","tags":["A-CodingStandard"],"fileTypesAndContributionMap":{"java":{"insertions":2,"deletions":2}}}]},{"date":"2025-09-04T00:00:00","commitResults":[{"hash":"ae0d9f12fcd41caca435eef70a19115a223bcec0","isMergeCommit":false,"messageTitle":"Modified main to support different types of task and added toString to Task.java","messageBody":"","tags":["Level-4"],"fileTypesAndContributionMap":{"java":{"insertions":74,"deletions":18}}},{"hash":"c193ad823979874ab9aacf108a19d981a56da2ad","isMergeCommit":false,"messageTitle":"Add deadline,event and todo classes","messageBody":"","tags":["A-Inheritance"],"fileTypesAndContributionMap":{"java":{"insertions":43,"deletions":0}}}]},{"date":"2025-09-05T00:00:00","commitResults":[{"hash":"1a956a441b84ae6494421f506ad5f1e1bd11ae1f","isMergeCommit":false,"messageTitle":"Updated to adhere coding standards","messageBody":"","tags":["A-CodeQuality"],"fileTypesAndContributionMap":{"java":{"insertions":82,"deletions":78}}}]},{"date":"2025-09-11T00:00:00","commitResults":[{"hash":"6676bb9cc5e48dfca0d377471d14e2edbaa0051f","isMergeCommit":false,"messageTitle":"Implemented text ui testing","messageBody":"","tags":["A-TextUiTesting"],"fileTypesAndContributionMap":{"txt":{"insertions":2,"deletions":0},"bat":{"insertions":2,"deletions":1}}},{"hash":"ad2349d1411c75c174becd98e0a62fe7aed794d5","isMergeCommit":false,"messageTitle":"Updated main to handle errors","messageBody":"","fileTypesAndContributionMap":{"java":{"insertions":52,"deletions":28}}},{"hash":"44bba2f6d09ce3db162cc11a2319398b837c7d94","isMergeCommit":false,"messageTitle":"Used classes to represent different exceptions","messageBody":"","tags":["A-Exceptions"],"fileTypesAndContributionMap":{"java":{"insertions":6,"deletions":0}}},{"hash":"a652f9f8523887426332685eaabc881ccab5c28e","isMergeCommit":true,"messageTitle":"Merge branch-Level-5 into master","messageBody":"","tags":["Level-5"],"fileTypesAndContributionMap":{}},{"hash":"26e8b920397e6abc03cb59fe6fa1e84d6405717f","isMergeCommit":false,"messageTitle":"Updated NumberRangeException to be thown when input number is 0","messageBody":"","fileTypesAndContributionMap":{"java":{"insertions":2,"deletions":2}}}]},{"date":"2025-09-12T00:00:00","commitResults":[{"hash":"cc1329221df7c0283b7270aa5de4deccd6bc2a48","isMergeCommit":false,"messageTitle":"Divided classes into packages","messageBody":"","fileTypesAndContributionMap":{"java":{"insertions":24,"deletions":0}}},{"hash":"810986f9b03c098815e94de8edcf12e9875236b9","isMergeCommit":true,"messageTitle":"Merged branch-Test-packages into master","messageBody":"","tags":["A-Packages","A-Jar"],"fileTypesAndContributionMap":{}}]},{"date":"2025-09-18T00:00:00","commitResults":[{"hash":"cbcc926d0cc9be806a7ac7858e783d5fe1e681d6","isMergeCommit":false,"messageTitle":"Using Java Collections classes to store data","messageBody":"","tags":["A-Collections"],"fileTypesAndContributionMap":{"java":{"insertions":14,"deletions":18}}},{"hash":"5a55095c373692d1e697889dcdcea0fa4d140211","isMergeCommit":false,"messageTitle":"Add delete feature","messageBody":"","tags":["Level-6"],"fileTypesAndContributionMap":{"java":{"insertions":24,"deletions":5}}},{"hash":"2f0f5f0206f93e7238e2893baad748831710d492","isMergeCommit":false,"messageTitle":"Reformat code to coding standards","messageBody":"","fileTypesAndContributionMap":{"java":{"insertions":7,"deletions":3}}}]},{"date":"2025-09-19T00:00:00","commitResults":[{"hash":"22d963f9742fc23a640039ba0ddced38bb6375c7","isMergeCommit":false,"messageTitle":"Save lists to file during addition of task","messageBody":"","fileTypesAndContributionMap":{"java":{"insertions":28,"deletions":16}}}]},{"date":"2025-09-22T00:00:00","commitResults":[{"hash":"678266347c761a1ffbbd83d9729d43e067ca4029","isMergeCommit":false,"messageTitle":"Add save to hard disk","messageBody":"","tags":["Level-7"],"fileTypesAndContributionMap":{"java":{"insertions":170,"deletions":41}}},{"hash":"f4ce1ad27ce5cb00e5e734a1479bb4c167cef0be","isMergeCommit":false,"messageTitle":"Add create and modify file","messageBody":"","fileTypesAndContributionMap":{"java":{"insertions":53,"deletions":0}}},{"hash":"50960d8b9e4d6629453723c30d7d7a9ed0dcc914","isMergeCommit":true,"messageTitle":"Merge branch-Level-6 into master","messageBody":"","fileTypesAndContributionMap":{}},{"hash":"b5c9e4ef5974d2257e9028664a7eb75868f2a836","isMergeCommit":true,"messageTitle":"Resolve merge conflicts","messageBody":"","fileTypesAndContributionMap":{}},{"hash":"702b30c6c1500c547d5ce3ded72d57346836f26b","isMergeCommit":false,"messageTitle":"Update file saving logic during deletion","messageBody":"","fileTypesAndContributionMap":{"java":{"insertions":69,"deletions":30}}},{"hash":"482e013c52cb6d20159daaf925ea21b1d03bfe47","isMergeCommit":false,"messageTitle":"Update code format","messageBody":"","fileTypesAndContributionMap":{"java":{"insertions":4,"deletions":4}}}]},{"date":"2025-09-23T00:00:00","commitResults":[{"hash":"44d0064f5886516612d74f1f9e659deeff5f25dd","isMergeCommit":false,"messageTitle":"Refactor: Remove duplicates methods and add user messages class","messageBody":"","fileTypesAndContributionMap":{"java":{"insertions":64,"deletions":257}}},{"hash":"c3e5dc13500ae4fcba28c8968a3742d1d60dad1b","isMergeCommit":false,"messageTitle":"Modify logic to save data after deletion","messageBody":"","fileTypesAndContributionMap":{"java":{"insertions":208,"deletions":0}}}]},{"date":"2025-10-02T00:00:00","commitResults":[{"hash":"d849b843fdb7a819fca34784bf2d8d76b8d68d0f","isMergeCommit":false,"messageTitle":"Refactor: extract related code into classes","messageBody":"","tags":["A-MoreOOP"],"fileTypesAndContributionMap":{"java":{"insertions":521,"deletions":319}}}]},{"date":"2025-10-03T00:00:00","commitResults":[{"hash":"53ab76222a8b88a83390cd14cf139d9ecf540ed0","isMergeCommit":false,"messageTitle":"Remove arrowhead code in Storage","messageBody":"","fileTypesAndContributionMap":{"java":{"insertions":41,"deletions":39}}},{"hash":"f8dd57b4af62451844f32828342de477e1e2064e","isMergeCommit":false,"messageTitle":"Add task search using keyword","messageBody":"","tags":["Level-9"],"fileTypesAndContributionMap":{"java":{"insertions":39,"deletions":0}}},{"hash":"faaa982f63f94576a806d1ad3acb58568cabd956","isMergeCommit":true,"messageTitle":"Merge pull request #1 from darshhs/branch-Level-9","messageBody":"PR: Add task search using keyword on branch-Level-9","fileTypesAndContributionMap":{}}]}]},"authorFileTypeContributionMap":{"darshhs":{"java":710,"md":3,"fxml":0,"sh":0,"bat":3,"gradle":0,"txt":2}},"authorContributionVariance":{"darshhs":19292.248},"authorDisplayNameMap":{"darshhs":"CS2113-T10-2 DARS..RESH"}}
