[{"path":"data/data.txt","fileType":"txt","lines":[{"lineNumber":1,"author":{"gitId":"MinionWolf"},"content":"","lastModifiedDate":"2025-09-19T02:41:02","isFullCredit":false}],"authorContributionMap":{"MinionWolf":1}},{"path":"src/main/java/Toothless.java","fileType":"java","lines":[{"lineNumber":1,"author":{"gitId":"MinionWolf"},"content":"import command.Task;","lastModifiedDate":"2025-09-10T22:52:26","isFullCredit":false},{"lineNumber":2,"author":{"gitId":"MinionWolf"},"content":"import exceptions.*;","lastModifiedDate":"2025-09-12T14:28:07","isFullCredit":false},{"lineNumber":3,"author":{"gitId":"MinionWolf"},"content":"import parser.Parser;","lastModifiedDate":"2025-09-26T16:09:31","isFullCredit":false},{"lineNumber":4,"author":{"gitId":"MinionWolf"},"content":"import storage.Storage;","lastModifiedDate":"2025-09-26T16:09:31","isFullCredit":false},{"lineNumber":5,"author":{"gitId":"MinionWolf"},"content":"import tasklist.TaskList;","lastModifiedDate":"2025-09-26T16:09:31","isFullCredit":false},{"lineNumber":6,"author":{"gitId":"MinionWolf"},"content":"import ui.Ui;","lastModifiedDate":"2025-09-26T16:09:31","isFullCredit":false},{"lineNumber":7,"author":{"gitId":"MinionWolf"},"content":"","lastModifiedDate":"2025-09-12T14:28:07","isFullCredit":false},{"lineNumber":8,"author":{"gitId":"MinionWolf"},"content":"import java.io.FileNotFoundException;","lastModifiedDate":"2025-09-19T02:41:02","isFullCredit":false},{"lineNumber":9,"author":{"gitId":"MinionWolf"},"content":"import java.util.ArrayList;","lastModifiedDate":"2025-09-13T01:29:21","isFullCredit":false},{"lineNumber":10,"author":{"gitId":"MinionWolf"},"content":"import java.io.File;","lastModifiedDate":"2025-09-13T02:26:16","isFullCredit":false},{"lineNumber":11,"author":{"gitId":"MinionWolf"},"content":"import java.io.IOException;","lastModifiedDate":"2025-09-13T02:26:16","isFullCredit":false},{"lineNumber":12,"author":{"gitId":"MinionWolf"},"content":"import java.util.Scanner;","lastModifiedDate":"2025-08-27T00:32:18","isFullCredit":false},{"lineNumber":13,"author":{"gitId":"MinionWolf"},"content":"","lastModifiedDate":"2025-08-27T00:32:18","isFullCredit":false},{"lineNumber":14,"author":{"gitId":"MinionWolf"},"content":"/**","lastModifiedDate":"2025-09-27T16:04:41","isFullCredit":false},{"lineNumber":15,"author":{"gitId":"MinionWolf"},"content":" * \u003ch1\u003eToothless\u003c/h1\u003e","lastModifiedDate":"2025-09-27T16:04:41","isFullCredit":false},{"lineNumber":16,"author":{"gitId":"MinionWolf"},"content":" *","lastModifiedDate":"2025-09-27T16:04:41","isFullCredit":false},{"lineNumber":17,"author":{"gitId":"MinionWolf"},"content":" * This is a task chatbot that users can interact with.","lastModifiedDate":"2025-09-27T16:04:41","isFullCredit":false},{"lineNumber":18,"author":{"gitId":"MinionWolf"},"content":" *","lastModifiedDate":"2025-09-27T16:04:41","isFullCredit":false},{"lineNumber":19,"author":{"gitId":"MinionWolf"},"content":" * The operations available are as follows:","lastModifiedDate":"2025-09-27T16:04:41","isFullCredit":false},{"lineNumber":20,"author":{"gitId":"MinionWolf"},"content":" * todo - to add task that is to be done","lastModifiedDate":"2025-09-27T16:04:41","isFullCredit":false},{"lineNumber":21,"author":{"gitId":"MinionWolf"},"content":" * deadline - to add a task that has a deadline","lastModifiedDate":"2025-09-27T16:04:41","isFullCredit":false},{"lineNumber":22,"author":{"gitId":"MinionWolf"},"content":" * event - to add a task that has a period of time","lastModifiedDate":"2025-09-27T16:04:41","isFullCredit":false},{"lineNumber":23,"author":{"gitId":"MinionWolf"},"content":" *","lastModifiedDate":"2025-09-27T16:04:41","isFullCredit":false},{"lineNumber":24,"author":{"gitId":"MinionWolf"},"content":" * @author  Lai Kai Jie Jeremy","lastModifiedDate":"2025-09-27T16:04:41","isFullCredit":false},{"lineNumber":25,"author":{"gitId":"MinionWolf"},"content":" * @version 0.1","lastModifiedDate":"2025-09-27T16:04:41","isFullCredit":false},{"lineNumber":26,"author":{"gitId":"MinionWolf"},"content":" * @since   2025-08-17","lastModifiedDate":"2025-09-27T16:04:41","isFullCredit":false},{"lineNumber":27,"author":{"gitId":"MinionWolf"},"content":" */","lastModifiedDate":"2025-09-27T16:04:41","isFullCredit":false},{"lineNumber":28,"author":{"gitId":"MinionWolf"},"content":"","lastModifiedDate":"2025-09-27T16:04:41","isFullCredit":false},{"lineNumber":29,"author":{"gitId":"MinionWolf"},"content":"public class Toothless {","lastModifiedDate":"2025-08-17T14:46:26","isFullCredit":false},{"lineNumber":30,"author":{"gitId":"MinionWolf"},"content":"    private static ArrayList\u003cTask\u003e tasks \u003d new ArrayList\u003c\u003e();","lastModifiedDate":"2025-09-17T13:23:09","isFullCredit":false},{"lineNumber":31,"author":{"gitId":"MinionWolf"},"content":"","lastModifiedDate":"2025-08-27T00:32:18","isFullCredit":false},{"lineNumber":32,"author":{"gitId":"MinionWolf"},"content":"    public static void main(String[] args) {","lastModifiedDate":"2025-09-26T16:09:31","isFullCredit":false},{"lineNumber":33,"author":{"gitId":"MinionWolf"},"content":"        Ui ui \u003d new Ui(tasks);","lastModifiedDate":"2025-09-26T16:09:31","isFullCredit":false},{"lineNumber":34,"author":{"gitId":"MinionWolf"},"content":"        TaskList tl \u003d new TaskList(tasks,ui);","lastModifiedDate":"2025-09-26T16:09:31","isFullCredit":false},{"lineNumber":35,"author":{"gitId":"MinionWolf"},"content":"        Parser parser \u003d new Parser(tl,ui);","lastModifiedDate":"2025-09-26T16:09:31","isFullCredit":false},{"lineNumber":36,"author":{"gitId":"MinionWolf"},"content":"        Storage s \u003d new Storage(tasks,tl);","lastModifiedDate":"2025-09-26T16:09:31","isFullCredit":false},{"lineNumber":37,"author":{"gitId":"MinionWolf"},"content":"        File f \u003d new File(\"./data/Toothless.txt\");","lastModifiedDate":"2025-09-27T16:04:41","isFullCredit":false},{"lineNumber":38,"author":{"gitId":"MinionWolf"},"content":"","lastModifiedDate":"2025-09-19T02:41:02","isFullCredit":false},{"lineNumber":39,"author":{"gitId":"MinionWolf"},"content":"        Scanner input \u003d new Scanner(System.in);","lastModifiedDate":"2025-09-26T16:09:31","isFullCredit":false},{"lineNumber":40,"author":{"gitId":"MinionWolf"},"content":"","lastModifiedDate":"2025-09-19T02:41:02","isFullCredit":false},{"lineNumber":41,"author":{"gitId":"MinionWolf"},"content":"        ui.printLogo();","lastModifiedDate":"2025-09-26T16:09:31","isFullCredit":false},{"lineNumber":42,"author":{"gitId":"MinionWolf"},"content":"        ui.printCommandList();","lastModifiedDate":"2025-09-26T16:09:31","isFullCredit":false},{"lineNumber":43,"author":{"gitId":"MinionWolf"},"content":"        s.bootFile(f);","lastModifiedDate":"2025-09-27T16:04:41","isFullCredit":false},{"lineNumber":44,"author":{"gitId":"MinionWolf"},"content":"","lastModifiedDate":"2025-09-17T12:56:45","isFullCredit":false},{"lineNumber":45,"author":{"gitId":"MinionWolf"},"content":"        String reply \u003d input.nextLine();","lastModifiedDate":"2025-09-13T01:49:45","isFullCredit":false},{"lineNumber":46,"author":{"gitId":"MinionWolf"},"content":"","lastModifiedDate":"2025-09-13T01:49:45","isFullCredit":false},{"lineNumber":47,"author":{"gitId":"MinionWolf"},"content":"        while(!reply.equals(\"bye\")){","lastModifiedDate":"2025-09-13T01:49:45","isFullCredit":false},{"lineNumber":48,"author":{"gitId":"MinionWolf"},"content":"            parser.bootSystem(reply);","lastModifiedDate":"2025-09-27T16:04:41","isFullCredit":false},{"lineNumber":49,"author":{"gitId":"MinionWolf"},"content":"            reply \u003d input.nextLine();","lastModifiedDate":"2025-09-13T01:49:45","isFullCredit":false},{"lineNumber":50,"author":{"gitId":"MinionWolf"},"content":"        }","lastModifiedDate":"2025-09-13T01:49:45","isFullCredit":false},{"lineNumber":51,"author":{"gitId":"MinionWolf"},"content":"","lastModifiedDate":"2025-09-13T01:49:45","isFullCredit":false},{"lineNumber":52,"author":{"gitId":"MinionWolf"},"content":"        storage.exportToFile(f);","lastModifiedDate":"2025-09-27T14:28:33","isFullCredit":false},{"lineNumber":53,"author":{"gitId":"MinionWolf"},"content":"","lastModifiedDate":"2025-09-17T12:56:45","isFullCredit":false},{"lineNumber":54,"author":{"gitId":"MinionWolf"},"content":"        ui.printBye();","lastModifiedDate":"2025-09-26T16:09:31","isFullCredit":false},{"lineNumber":55,"author":{"gitId":"MinionWolf"},"content":"    }","lastModifiedDate":"2025-09-13T01:49:45","isFullCredit":false},{"lineNumber":56,"author":{"gitId":"MinionWolf"},"content":"}","lastModifiedDate":"2025-08-17T14:46:26","isFullCredit":false}],"authorContributionMap":{"MinionWolf":56}},{"path":"src/main/java/command/Deadlines.java","fileType":"java","lines":[{"lineNumber":1,"author":{"gitId":"MinionWolf"},"content":"package command;","lastModifiedDate":"2025-09-10T22:52:26","isFullCredit":false},{"lineNumber":2,"author":{"gitId":"MinionWolf"},"content":"","lastModifiedDate":"2025-09-10T22:52:26","isFullCredit":false},{"lineNumber":3,"author":{"gitId":"MinionWolf"},"content":"/**","lastModifiedDate":"2025-09-27T16:04:41","isFullCredit":false},{"lineNumber":4,"author":{"gitId":"MinionWolf"},"content":" * Represents a task that is to be done by a deadline","lastModifiedDate":"2025-09-27T16:04:41","isFullCredit":false},{"lineNumber":5,"author":{"gitId":"MinionWolf"},"content":" *","lastModifiedDate":"2025-09-27T16:04:41","isFullCredit":false},{"lineNumber":6,"author":{"gitId":"MinionWolf"},"content":" * @author  Lai Kai Jie Jeremy","lastModifiedDate":"2025-09-27T16:04:41","isFullCredit":false},{"lineNumber":7,"author":{"gitId":"MinionWolf"},"content":" * @since   2025-08-17","lastModifiedDate":"2025-09-27T16:04:41","isFullCredit":false},{"lineNumber":8,"author":{"gitId":"MinionWolf"},"content":" */","lastModifiedDate":"2025-09-27T16:04:41","isFullCredit":false},{"lineNumber":9,"author":{"gitId":"MinionWolf"},"content":"","lastModifiedDate":"2025-09-27T16:04:41","isFullCredit":false},{"lineNumber":10,"author":{"gitId":"MinionWolf"},"content":"public class Deadlines extends ToDo{","lastModifiedDate":"2025-09-19T02:41:02","isFullCredit":false},{"lineNumber":11,"author":{"gitId":"MinionWolf"},"content":"    private String by;","lastModifiedDate":"2025-09-04T17:46:24","isFullCredit":false},{"lineNumber":12,"author":{"gitId":"MinionWolf"},"content":"    private boolean deadlineStatus;","lastModifiedDate":"2025-09-04T17:46:24","isFullCredit":false},{"lineNumber":13,"author":{"gitId":"MinionWolf"},"content":"","lastModifiedDate":"2025-09-04T17:46:24","isFullCredit":false},{"lineNumber":14,"author":{"gitId":"MinionWolf"},"content":"    public Deadlines(String taskName, String by) {","lastModifiedDate":"2025-09-05T17:44:42","isFullCredit":false},{"lineNumber":15,"author":{"gitId":"MinionWolf"},"content":"        super(taskName);","lastModifiedDate":"2025-09-04T17:46:24","isFullCredit":false},{"lineNumber":16,"author":{"gitId":"MinionWolf"},"content":"        this.by \u003d by;","lastModifiedDate":"2025-09-04T17:46:24","isFullCredit":false},{"lineNumber":17,"author":{"gitId":"MinionWolf"},"content":"        this.deadlineStatus \u003d true;","lastModifiedDate":"2025-09-04T17:46:24","isFullCredit":false},{"lineNumber":18,"author":{"gitId":"MinionWolf"},"content":"    }","lastModifiedDate":"2025-09-04T17:46:24","isFullCredit":false},{"lineNumber":19,"author":{"gitId":"MinionWolf"},"content":"","lastModifiedDate":"2025-09-04T17:46:24","isFullCredit":false},{"lineNumber":20,"author":{"gitId":"MinionWolf"},"content":"    /**","lastModifiedDate":"2025-09-27T16:04:41","isFullCredit":false},{"lineNumber":21,"author":{"gitId":"MinionWolf"},"content":"     * Returns the by field for deadline","lastModifiedDate":"2025-09-27T16:04:41","isFullCredit":false},{"lineNumber":22,"author":{"gitId":"MinionWolf"},"content":"     *","lastModifiedDate":"2025-09-27T16:04:41","isFullCredit":false},{"lineNumber":23,"author":{"gitId":"MinionWolf"},"content":"     * @return by","lastModifiedDate":"2025-09-27T16:04:41","isFullCredit":false},{"lineNumber":24,"author":{"gitId":"MinionWolf"},"content":"     */","lastModifiedDate":"2025-09-27T16:04:41","isFullCredit":false},{"lineNumber":25,"author":{"gitId":"MinionWolf"},"content":"    public String getBy() {","lastModifiedDate":"2025-09-04T17:46:24","isFullCredit":false},{"lineNumber":26,"author":{"gitId":"MinionWolf"},"content":"        return by;","lastModifiedDate":"2025-09-04T17:46:24","isFullCredit":false},{"lineNumber":27,"author":{"gitId":"MinionWolf"},"content":"    }","lastModifiedDate":"2025-09-04T17:46:24","isFullCredit":false},{"lineNumber":28,"author":{"gitId":"MinionWolf"},"content":"","lastModifiedDate":"2025-09-04T17:46:24","isFullCredit":false},{"lineNumber":29,"author":{"gitId":"MinionWolf"},"content":"    public void setBy(String by) {","lastModifiedDate":"2025-09-04T17:46:24","isFullCredit":false},{"lineNumber":30,"author":{"gitId":"MinionWolf"},"content":"        this.by \u003d by;","lastModifiedDate":"2025-09-04T17:46:24","isFullCredit":false},{"lineNumber":31,"author":{"gitId":"MinionWolf"},"content":"    }","lastModifiedDate":"2025-09-04T17:46:24","isFullCredit":false},{"lineNumber":32,"author":{"gitId":"MinionWolf"},"content":"","lastModifiedDate":"2025-09-04T17:46:24","isFullCredit":false},{"lineNumber":33,"author":{"gitId":"MinionWolf"},"content":"    /**","lastModifiedDate":"2025-09-27T16:04:41","isFullCredit":false},{"lineNumber":34,"author":{"gitId":"MinionWolf"},"content":"     * Returns the deadline status","lastModifiedDate":"2025-09-27T16:04:41","isFullCredit":false},{"lineNumber":35,"author":{"gitId":"MinionWolf"},"content":"     */","lastModifiedDate":"2025-09-27T16:04:41","isFullCredit":false},{"lineNumber":36,"author":{"gitId":"MinionWolf"},"content":"    @Override","lastModifiedDate":"2025-09-19T02:41:02","isFullCredit":false},{"lineNumber":37,"author":{"gitId":"MinionWolf"},"content":"    public String getType() {","lastModifiedDate":"2025-09-19T02:41:02","isFullCredit":false},{"lineNumber":38,"author":{"gitId":"MinionWolf"},"content":"        return (deadlineStatus ? \"D\" : \" \");","lastModifiedDate":"2025-09-04T17:46:24","isFullCredit":false},{"lineNumber":39,"author":{"gitId":"MinionWolf"},"content":"    }","lastModifiedDate":"2025-09-04T17:46:24","isFullCredit":false},{"lineNumber":40,"author":{"gitId":"MinionWolf"},"content":"","lastModifiedDate":"2025-09-04T17:46:24","isFullCredit":false},{"lineNumber":41,"author":{"gitId":"MinionWolf"},"content":"    /**","lastModifiedDate":"2025-09-27T16:04:41","isFullCredit":false},{"lineNumber":42,"author":{"gitId":"MinionWolf"},"content":"     * Returns deadline message","lastModifiedDate":"2025-09-27T16:04:41","isFullCredit":false},{"lineNumber":43,"author":{"gitId":"MinionWolf"},"content":"     */","lastModifiedDate":"2025-09-27T16:04:41","isFullCredit":false},{"lineNumber":44,"author":{"gitId":"MinionWolf"},"content":"    @Override","lastModifiedDate":"2025-09-04T17:46:24","isFullCredit":false},{"lineNumber":45,"author":{"gitId":"MinionWolf"},"content":"    public String getTask(){","lastModifiedDate":"2025-09-04T17:46:24","isFullCredit":false},{"lineNumber":46,"author":{"gitId":"MinionWolf"},"content":"        return super.getTask() + \" (by: \" + getBy() + \")\";","lastModifiedDate":"2025-09-19T02:41:02","isFullCredit":false},{"lineNumber":47,"author":{"gitId":"MinionWolf"},"content":"    }","lastModifiedDate":"2025-09-04T17:46:24","isFullCredit":false},{"lineNumber":48,"author":{"gitId":"MinionWolf"},"content":"}","lastModifiedDate":"2025-09-03T17:58:51","isFullCredit":false}],"authorContributionMap":{"MinionWolf":48}},{"path":"src/main/java/command/Events.java","fileType":"java","lines":[{"lineNumber":1,"author":{"gitId":"MinionWolf"},"content":"package command;","lastModifiedDate":"2025-09-10T22:52:26","isFullCredit":false},{"lineNumber":2,"author":{"gitId":"MinionWolf"},"content":"","lastModifiedDate":"2025-09-10T22:52:26","isFullCredit":false},{"lineNumber":3,"author":{"gitId":"MinionWolf"},"content":"/**","lastModifiedDate":"2025-09-27T16:04:41","isFullCredit":false},{"lineNumber":4,"author":{"gitId":"MinionWolf"},"content":" * Represents a task that is to be done within a period of time","lastModifiedDate":"2025-09-27T16:04:41","isFullCredit":false},{"lineNumber":5,"author":{"gitId":"MinionWolf"},"content":" *","lastModifiedDate":"2025-09-27T16:04:41","isFullCredit":false},{"lineNumber":6,"author":{"gitId":"MinionWolf"},"content":" * @author  Lai Kai Jie Jeremy","lastModifiedDate":"2025-09-27T16:04:41","isFullCredit":false},{"lineNumber":7,"author":{"gitId":"MinionWolf"},"content":" * @since   2025-08-17","lastModifiedDate":"2025-09-27T16:04:41","isFullCredit":false},{"lineNumber":8,"author":{"gitId":"MinionWolf"},"content":" */","lastModifiedDate":"2025-09-27T16:04:41","isFullCredit":false},{"lineNumber":9,"author":{"gitId":"MinionWolf"},"content":"","lastModifiedDate":"2025-09-27T16:04:41","isFullCredit":false},{"lineNumber":10,"author":{"gitId":"MinionWolf"},"content":"public class Events extends ToDo {","lastModifiedDate":"2025-09-19T02:41:02","isFullCredit":false},{"lineNumber":11,"author":{"gitId":"MinionWolf"},"content":"    private String from;","lastModifiedDate":"2025-09-05T17:44:42","isFullCredit":false},{"lineNumber":12,"author":{"gitId":"MinionWolf"},"content":"    private String to;","lastModifiedDate":"2025-09-05T17:44:42","isFullCredit":false},{"lineNumber":13,"author":{"gitId":"MinionWolf"},"content":"    private boolean eventStatus;","lastModifiedDate":"2025-09-05T17:44:42","isFullCredit":false},{"lineNumber":14,"author":{"gitId":"MinionWolf"},"content":"","lastModifiedDate":"2025-09-05T17:44:42","isFullCredit":false},{"lineNumber":15,"author":{"gitId":"MinionWolf"},"content":"","lastModifiedDate":"2025-09-05T17:44:42","isFullCredit":false},{"lineNumber":16,"author":{"gitId":"MinionWolf"},"content":"    public Events(String taskName, String from, String to) {","lastModifiedDate":"2025-09-05T17:44:42","isFullCredit":false},{"lineNumber":17,"author":{"gitId":"MinionWolf"},"content":"        super(taskName);","lastModifiedDate":"2025-09-05T17:44:42","isFullCredit":false},{"lineNumber":18,"author":{"gitId":"MinionWolf"},"content":"        this.from \u003d from;","lastModifiedDate":"2025-09-05T17:44:42","isFullCredit":false},{"lineNumber":19,"author":{"gitId":"MinionWolf"},"content":"        this.to \u003d to;","lastModifiedDate":"2025-09-05T17:44:42","isFullCredit":false},{"lineNumber":20,"author":{"gitId":"MinionWolf"},"content":"        this.eventStatus \u003d true;","lastModifiedDate":"2025-09-05T17:44:42","isFullCredit":false},{"lineNumber":21,"author":{"gitId":"MinionWolf"},"content":"    }","lastModifiedDate":"2025-09-05T17:44:42","isFullCredit":false},{"lineNumber":22,"author":{"gitId":"MinionWolf"},"content":"","lastModifiedDate":"2025-09-05T17:44:42","isFullCredit":false},{"lineNumber":23,"author":{"gitId":"MinionWolf"},"content":"    /**","lastModifiedDate":"2025-09-27T16:04:41","isFullCredit":false},{"lineNumber":24,"author":{"gitId":"MinionWolf"},"content":"     * Returns the to field for events","lastModifiedDate":"2025-09-27T16:04:41","isFullCredit":false},{"lineNumber":25,"author":{"gitId":"MinionWolf"},"content":"     *","lastModifiedDate":"2025-09-27T16:04:41","isFullCredit":false},{"lineNumber":26,"author":{"gitId":"MinionWolf"},"content":"     * @return to","lastModifiedDate":"2025-09-27T16:04:41","isFullCredit":false},{"lineNumber":27,"author":{"gitId":"MinionWolf"},"content":"     */","lastModifiedDate":"2025-09-27T16:04:41","isFullCredit":false},{"lineNumber":28,"author":{"gitId":"MinionWolf"},"content":"    public String getTo() {","lastModifiedDate":"2025-09-05T17:44:42","isFullCredit":false},{"lineNumber":29,"author":{"gitId":"MinionWolf"},"content":"        return to;","lastModifiedDate":"2025-09-05T17:44:42","isFullCredit":false},{"lineNumber":30,"author":{"gitId":"MinionWolf"},"content":"    }","lastModifiedDate":"2025-09-05T17:44:42","isFullCredit":false},{"lineNumber":31,"author":{"gitId":"MinionWolf"},"content":"","lastModifiedDate":"2025-09-05T17:44:42","isFullCredit":false},{"lineNumber":32,"author":{"gitId":"MinionWolf"},"content":"    /**","lastModifiedDate":"2025-09-27T16:04:41","isFullCredit":false},{"lineNumber":33,"author":{"gitId":"MinionWolf"},"content":"     * Returns the from field for deadline","lastModifiedDate":"2025-09-27T16:04:41","isFullCredit":false},{"lineNumber":34,"author":{"gitId":"MinionWolf"},"content":"     *","lastModifiedDate":"2025-09-27T16:04:41","isFullCredit":false},{"lineNumber":35,"author":{"gitId":"MinionWolf"},"content":"     * @return from","lastModifiedDate":"2025-09-27T16:04:41","isFullCredit":false},{"lineNumber":36,"author":{"gitId":"MinionWolf"},"content":"     */","lastModifiedDate":"2025-09-27T16:04:41","isFullCredit":false},{"lineNumber":37,"author":{"gitId":"MinionWolf"},"content":"    public String getFrom() {","lastModifiedDate":"2025-09-05T17:44:42","isFullCredit":false},{"lineNumber":38,"author":{"gitId":"MinionWolf"},"content":"        return from;","lastModifiedDate":"2025-09-05T17:44:42","isFullCredit":false},{"lineNumber":39,"author":{"gitId":"MinionWolf"},"content":"    }","lastModifiedDate":"2025-09-05T17:44:42","isFullCredit":false},{"lineNumber":40,"author":{"gitId":"MinionWolf"},"content":"","lastModifiedDate":"2025-09-05T17:44:42","isFullCredit":false},{"lineNumber":41,"author":{"gitId":"MinionWolf"},"content":"    /**","lastModifiedDate":"2025-09-27T16:04:41","isFullCredit":false},{"lineNumber":42,"author":{"gitId":"MinionWolf"},"content":"     * Returns event status","lastModifiedDate":"2025-09-27T16:04:41","isFullCredit":false},{"lineNumber":43,"author":{"gitId":"MinionWolf"},"content":"     */","lastModifiedDate":"2025-09-27T16:04:41","isFullCredit":false},{"lineNumber":44,"author":{"gitId":"MinionWolf"},"content":"    @Override","lastModifiedDate":"2025-09-19T02:41:02","isFullCredit":false},{"lineNumber":45,"author":{"gitId":"MinionWolf"},"content":"    public String getType() {","lastModifiedDate":"2025-09-19T02:41:02","isFullCredit":false},{"lineNumber":46,"author":{"gitId":"MinionWolf"},"content":"        return (eventStatus ? \"E\" : \" \");","lastModifiedDate":"2025-09-05T17:44:42","isFullCredit":false},{"lineNumber":47,"author":{"gitId":"MinionWolf"},"content":"    }","lastModifiedDate":"2025-09-05T17:44:42","isFullCredit":false},{"lineNumber":48,"author":{"gitId":"MinionWolf"},"content":"","lastModifiedDate":"2025-09-05T17:44:42","isFullCredit":false},{"lineNumber":49,"author":{"gitId":"MinionWolf"},"content":"    /**","lastModifiedDate":"2025-09-27T16:04:41","isFullCredit":false},{"lineNumber":50,"author":{"gitId":"MinionWolf"},"content":"     * Returns event message","lastModifiedDate":"2025-09-27T16:04:41","isFullCredit":false},{"lineNumber":51,"author":{"gitId":"MinionWolf"},"content":"     */","lastModifiedDate":"2025-09-27T16:04:41","isFullCredit":false},{"lineNumber":52,"author":{"gitId":"MinionWolf"},"content":"    @Override","lastModifiedDate":"2025-09-05T17:44:42","isFullCredit":false},{"lineNumber":53,"author":{"gitId":"MinionWolf"},"content":"    public String getTask(){","lastModifiedDate":"2025-09-05T17:44:42","isFullCredit":false},{"lineNumber":54,"author":{"gitId":"MinionWolf"},"content":"        return super.getTask() + \" (from: \" + getFrom() + \" to: \" + getTo()  + \")\";","lastModifiedDate":"2025-09-19T02:41:02","isFullCredit":false},{"lineNumber":55,"author":{"gitId":"MinionWolf"},"content":"    }","lastModifiedDate":"2025-09-05T17:44:42","isFullCredit":false},{"lineNumber":56,"author":{"gitId":"MinionWolf"},"content":"}","lastModifiedDate":"2025-09-03T17:58:51","isFullCredit":false}],"authorContributionMap":{"MinionWolf":56}},{"path":"src/main/java/command/Task.java","fileType":"java","lines":[{"lineNumber":1,"author":{"gitId":"MinionWolf"},"content":"package command;","lastModifiedDate":"2025-09-10T22:52:26","isFullCredit":false},{"lineNumber":2,"author":{"gitId":"MinionWolf"},"content":"","lastModifiedDate":"2025-09-10T22:52:26","isFullCredit":false},{"lineNumber":3,"author":{"gitId":"MinionWolf"},"content":"/**","lastModifiedDate":"2025-09-27T16:04:41","isFullCredit":false},{"lineNumber":4,"author":{"gitId":"MinionWolf"},"content":" * Represents a task","lastModifiedDate":"2025-09-27T16:04:41","isFullCredit":false},{"lineNumber":5,"author":{"gitId":"MinionWolf"},"content":" *","lastModifiedDate":"2025-09-27T16:04:41","isFullCredit":false},{"lineNumber":6,"author":{"gitId":"MinionWolf"},"content":" * @author  Lai Kai Jie Jeremy","lastModifiedDate":"2025-09-27T16:04:41","isFullCredit":false},{"lineNumber":7,"author":{"gitId":"MinionWolf"},"content":" * @since   2025-08-17","lastModifiedDate":"2025-09-27T16:04:41","isFullCredit":false},{"lineNumber":8,"author":{"gitId":"MinionWolf"},"content":" */","lastModifiedDate":"2025-09-27T16:04:41","isFullCredit":false},{"lineNumber":9,"author":{"gitId":"MinionWolf"},"content":"","lastModifiedDate":"2025-09-27T16:04:41","isFullCredit":false},{"lineNumber":10,"author":{"gitId":"MinionWolf"},"content":"public abstract class Task {","lastModifiedDate":"2025-09-19T02:41:02","isFullCredit":false},{"lineNumber":11,"author":{"gitId":"MinionWolf"},"content":"    protected String taskName;","lastModifiedDate":"2025-09-05T17:44:42","isFullCredit":false},{"lineNumber":12,"author":{"gitId":"MinionWolf"},"content":"    protected boolean markStatus;","lastModifiedDate":"2025-09-05T17:44:42","isFullCredit":false},{"lineNumber":13,"author":{"gitId":"MinionWolf"},"content":"","lastModifiedDate":"2025-08-27T22:15:22","isFullCredit":false},{"lineNumber":14,"author":{"gitId":"MinionWolf"},"content":"    public Task(String taskName) {","lastModifiedDate":"2025-08-27T22:15:22","isFullCredit":false},{"lineNumber":15,"author":{"gitId":"MinionWolf"},"content":"        this.taskName \u003d taskName;","lastModifiedDate":"2025-08-27T22:15:22","isFullCredit":false},{"lineNumber":16,"author":{"gitId":"MinionWolf"},"content":"        this.markStatus \u003d false;","lastModifiedDate":"2025-09-04T17:46:24","isFullCredit":false},{"lineNumber":17,"author":{"gitId":"MinionWolf"},"content":"    }","lastModifiedDate":"2025-08-27T22:15:22","isFullCredit":false},{"lineNumber":18,"author":{"gitId":"MinionWolf"},"content":"","lastModifiedDate":"2025-08-27T22:15:22","isFullCredit":false},{"lineNumber":19,"author":{"gitId":"MinionWolf"},"content":"    /**","lastModifiedDate":"2025-09-27T16:04:41","isFullCredit":false},{"lineNumber":20,"author":{"gitId":"MinionWolf"},"content":"     * Returns the task name","lastModifiedDate":"2025-09-27T16:04:41","isFullCredit":false},{"lineNumber":21,"author":{"gitId":"MinionWolf"},"content":"     *","lastModifiedDate":"2025-09-27T16:04:41","isFullCredit":false},{"lineNumber":22,"author":{"gitId":"MinionWolf"},"content":"     * @return taskName","lastModifiedDate":"2025-09-27T16:04:41","isFullCredit":false},{"lineNumber":23,"author":{"gitId":"MinionWolf"},"content":"     */","lastModifiedDate":"2025-09-27T16:04:41","isFullCredit":false},{"lineNumber":24,"author":{"gitId":"MinionWolf"},"content":"    public String getTaskName() {","lastModifiedDate":"2025-08-27T22:15:22","isFullCredit":false},{"lineNumber":25,"author":{"gitId":"MinionWolf"},"content":"        return taskName;","lastModifiedDate":"2025-08-27T22:15:22","isFullCredit":false},{"lineNumber":26,"author":{"gitId":"MinionWolf"},"content":"    }","lastModifiedDate":"2025-08-27T22:15:22","isFullCredit":false},{"lineNumber":27,"author":{"gitId":"MinionWolf"},"content":"","lastModifiedDate":"2025-08-27T22:15:22","isFullCredit":false},{"lineNumber":28,"author":{"gitId":"MinionWolf"},"content":"    /**","lastModifiedDate":"2025-09-27T16:04:41","isFullCredit":false},{"lineNumber":29,"author":{"gitId":"MinionWolf"},"content":"     * Returns mark status","lastModifiedDate":"2025-09-27T16:04:41","isFullCredit":false},{"lineNumber":30,"author":{"gitId":"MinionWolf"},"content":"     */","lastModifiedDate":"2025-09-27T16:04:41","isFullCredit":false},{"lineNumber":31,"author":{"gitId":"MinionWolf"},"content":"    public String getMarkStatus(){","lastModifiedDate":"2025-09-04T17:46:24","isFullCredit":false},{"lineNumber":32,"author":{"gitId":"MinionWolf"},"content":"        return (markStatus ? \"X\" : \" \");","lastModifiedDate":"2025-09-04T17:46:24","isFullCredit":false},{"lineNumber":33,"author":{"gitId":"MinionWolf"},"content":"    }","lastModifiedDate":"2025-08-27T22:15:22","isFullCredit":false},{"lineNumber":34,"author":{"gitId":"MinionWolf"},"content":"","lastModifiedDate":"2025-08-27T22:15:22","isFullCredit":false},{"lineNumber":35,"author":{"gitId":"MinionWolf"},"content":"    /**","lastModifiedDate":"2025-09-27T16:04:41","isFullCredit":false},{"lineNumber":36,"author":{"gitId":"MinionWolf"},"content":"     * Sets the mark status","lastModifiedDate":"2025-09-27T16:04:41","isFullCredit":false},{"lineNumber":37,"author":{"gitId":"MinionWolf"},"content":"     *","lastModifiedDate":"2025-09-27T16:04:41","isFullCredit":false},{"lineNumber":38,"author":{"gitId":"MinionWolf"},"content":"     * @param markStatus whether it is mark or unmark","lastModifiedDate":"2025-09-27T16:04:41","isFullCredit":false},{"lineNumber":39,"author":{"gitId":"MinionWolf"},"content":"     */","lastModifiedDate":"2025-09-27T16:04:41","isFullCredit":false},{"lineNumber":40,"author":{"gitId":"MinionWolf"},"content":"    public void setMarkStatus(boolean markStatus) {","lastModifiedDate":"2025-09-04T17:46:24","isFullCredit":false},{"lineNumber":41,"author":{"gitId":"MinionWolf"},"content":"        this.markStatus \u003d markStatus;","lastModifiedDate":"2025-09-04T17:46:24","isFullCredit":false},{"lineNumber":42,"author":{"gitId":"MinionWolf"},"content":"    }","lastModifiedDate":"2025-09-03T17:58:51","isFullCredit":false},{"lineNumber":43,"author":{"gitId":"MinionWolf"},"content":"","lastModifiedDate":"2025-09-03T17:58:51","isFullCredit":false},{"lineNumber":44,"author":{"gitId":"MinionWolf"},"content":"    /**","lastModifiedDate":"2025-09-27T16:04:41","isFullCredit":false},{"lineNumber":45,"author":{"gitId":"MinionWolf"},"content":"     * Returns the task message","lastModifiedDate":"2025-09-27T16:04:41","isFullCredit":false},{"lineNumber":46,"author":{"gitId":"MinionWolf"},"content":"     */","lastModifiedDate":"2025-09-27T16:04:41","isFullCredit":false},{"lineNumber":47,"author":{"gitId":"MinionWolf"},"content":"    public String getTask(){","lastModifiedDate":"2025-09-04T17:46:24","isFullCredit":false},{"lineNumber":48,"author":{"gitId":"MinionWolf"},"content":"        return \"[\" + getMarkStatus() + \"] \" +  getTaskName();","lastModifiedDate":"2025-09-04T17:46:24","isFullCredit":false},{"lineNumber":49,"author":{"gitId":"MinionWolf"},"content":"    }","lastModifiedDate":"2025-08-27T22:15:22","isFullCredit":false},{"lineNumber":50,"author":{"gitId":"MinionWolf"},"content":"","lastModifiedDate":"2025-09-19T02:41:02","isFullCredit":false},{"lineNumber":51,"author":{"gitId":"MinionWolf"},"content":"    /**","lastModifiedDate":"2025-09-27T16:04:41","isFullCredit":false},{"lineNumber":52,"author":{"gitId":"MinionWolf"},"content":"     * Returns type of whether it is todo, deadline or event","lastModifiedDate":"2025-09-27T16:04:41","isFullCredit":false},{"lineNumber":53,"author":{"gitId":"MinionWolf"},"content":"     *","lastModifiedDate":"2025-09-27T16:04:41","isFullCredit":false},{"lineNumber":54,"author":{"gitId":"MinionWolf"},"content":"     * @return T, D or E","lastModifiedDate":"2025-09-27T16:04:41","isFullCredit":false},{"lineNumber":55,"author":{"gitId":"MinionWolf"},"content":"     */","lastModifiedDate":"2025-09-27T16:04:41","isFullCredit":false},{"lineNumber":56,"author":{"gitId":"MinionWolf"},"content":"    public abstract String getType();","lastModifiedDate":"2025-09-19T02:41:02","isFullCredit":false},{"lineNumber":57,"author":{"gitId":"MinionWolf"},"content":"","lastModifiedDate":"2025-09-19T02:41:02","isFullCredit":false},{"lineNumber":58,"author":{"gitId":"MinionWolf"},"content":"    /**","lastModifiedDate":"2025-09-27T16:04:41","isFullCredit":false},{"lineNumber":59,"author":{"gitId":"MinionWolf"},"content":"     * Returns the by field for deadline","lastModifiedDate":"2025-09-27T16:04:41","isFullCredit":false},{"lineNumber":60,"author":{"gitId":"MinionWolf"},"content":"     *","lastModifiedDate":"2025-09-27T16:04:41","isFullCredit":false},{"lineNumber":61,"author":{"gitId":"MinionWolf"},"content":"     * @return by","lastModifiedDate":"2025-09-27T16:04:41","isFullCredit":false},{"lineNumber":62,"author":{"gitId":"MinionWolf"},"content":"     */","lastModifiedDate":"2025-09-27T16:04:41","isFullCredit":false},{"lineNumber":63,"author":{"gitId":"MinionWolf"},"content":"    public abstract String getBy();","lastModifiedDate":"2025-09-19T02:41:02","isFullCredit":false},{"lineNumber":64,"author":{"gitId":"MinionWolf"},"content":"","lastModifiedDate":"2025-09-19T02:41:02","isFullCredit":false},{"lineNumber":65,"author":{"gitId":"MinionWolf"},"content":"    /**","lastModifiedDate":"2025-09-27T16:04:41","isFullCredit":false},{"lineNumber":66,"author":{"gitId":"MinionWolf"},"content":"     * Returns the from field for deadline","lastModifiedDate":"2025-09-27T16:04:41","isFullCredit":false},{"lineNumber":67,"author":{"gitId":"MinionWolf"},"content":"     *","lastModifiedDate":"2025-09-27T16:04:41","isFullCredit":false},{"lineNumber":68,"author":{"gitId":"MinionWolf"},"content":"     * @return from","lastModifiedDate":"2025-09-27T16:04:41","isFullCredit":false},{"lineNumber":69,"author":{"gitId":"MinionWolf"},"content":"     */","lastModifiedDate":"2025-09-27T16:04:41","isFullCredit":false},{"lineNumber":70,"author":{"gitId":"MinionWolf"},"content":"    public abstract String getFrom();","lastModifiedDate":"2025-09-19T02:41:02","isFullCredit":false},{"lineNumber":71,"author":{"gitId":"MinionWolf"},"content":"","lastModifiedDate":"2025-09-19T02:41:02","isFullCredit":false},{"lineNumber":72,"author":{"gitId":"MinionWolf"},"content":"    /**","lastModifiedDate":"2025-09-27T16:04:41","isFullCredit":false},{"lineNumber":73,"author":{"gitId":"MinionWolf"},"content":"     * Returns the to field for events","lastModifiedDate":"2025-09-27T16:04:41","isFullCredit":false},{"lineNumber":74,"author":{"gitId":"MinionWolf"},"content":"     *","lastModifiedDate":"2025-09-27T16:04:41","isFullCredit":false},{"lineNumber":75,"author":{"gitId":"MinionWolf"},"content":"     * @return to","lastModifiedDate":"2025-09-27T16:04:41","isFullCredit":false},{"lineNumber":76,"author":{"gitId":"MinionWolf"},"content":"     */","lastModifiedDate":"2025-09-27T16:04:41","isFullCredit":false},{"lineNumber":77,"author":{"gitId":"MinionWolf"},"content":"    public abstract String getTo();","lastModifiedDate":"2025-09-19T02:41:02","isFullCredit":false},{"lineNumber":78,"author":{"gitId":"MinionWolf"},"content":"}","lastModifiedDate":"2025-08-27T22:15:22","isFullCredit":false}],"authorContributionMap":{"MinionWolf":78}},{"path":"src/main/java/command/ToDo.java","fileType":"java","lines":[{"lineNumber":1,"author":{"gitId":"MinionWolf"},"content":"package command;","lastModifiedDate":"2025-09-10T22:52:26","isFullCredit":false},{"lineNumber":2,"author":{"gitId":"MinionWolf"},"content":"","lastModifiedDate":"2025-09-10T22:52:26","isFullCredit":false},{"lineNumber":3,"author":{"gitId":"MinionWolf"},"content":"/**","lastModifiedDate":"2025-09-27T16:04:41","isFullCredit":false},{"lineNumber":4,"author":{"gitId":"MinionWolf"},"content":" * Represents a task that is to be done","lastModifiedDate":"2025-09-27T16:04:41","isFullCredit":false},{"lineNumber":5,"author":{"gitId":"MinionWolf"},"content":" *","lastModifiedDate":"2025-09-27T16:04:41","isFullCredit":false},{"lineNumber":6,"author":{"gitId":"MinionWolf"},"content":" * @author  Lai Kai Jie Jeremy","lastModifiedDate":"2025-09-27T16:04:41","isFullCredit":false},{"lineNumber":7,"author":{"gitId":"MinionWolf"},"content":" * @since   2025-08-17","lastModifiedDate":"2025-09-27T16:04:41","isFullCredit":false},{"lineNumber":8,"author":{"gitId":"MinionWolf"},"content":" */","lastModifiedDate":"2025-09-27T16:04:41","isFullCredit":false},{"lineNumber":9,"author":{"gitId":"MinionWolf"},"content":"","lastModifiedDate":"2025-09-27T16:04:41","isFullCredit":false},{"lineNumber":10,"author":{"gitId":"MinionWolf"},"content":"public class ToDo extends Task{","lastModifiedDate":"2025-09-03T17:58:51","isFullCredit":false},{"lineNumber":11,"author":{"gitId":"MinionWolf"},"content":"","lastModifiedDate":"2025-09-03T17:58:51","isFullCredit":false},{"lineNumber":12,"author":{"gitId":"MinionWolf"},"content":"    private boolean toDoStatus;","lastModifiedDate":"2025-09-04T17:46:24","isFullCredit":false},{"lineNumber":13,"author":{"gitId":"MinionWolf"},"content":"","lastModifiedDate":"2025-09-03T17:58:51","isFullCredit":false},{"lineNumber":14,"author":{"gitId":"MinionWolf"},"content":"    public ToDo(String taskName) {","lastModifiedDate":"2025-09-04T17:46:24","isFullCredit":false},{"lineNumber":15,"author":{"gitId":"MinionWolf"},"content":"        super(taskName);","lastModifiedDate":"2025-09-03T17:58:51","isFullCredit":false},{"lineNumber":16,"author":{"gitId":"MinionWolf"},"content":"        this.toDoStatus \u003d true;","lastModifiedDate":"2025-09-04T17:46:24","isFullCredit":false},{"lineNumber":17,"author":{"gitId":"MinionWolf"},"content":"    }","lastModifiedDate":"2025-09-03T17:58:51","isFullCredit":false},{"lineNumber":18,"author":{"gitId":"MinionWolf"},"content":"","lastModifiedDate":"2025-09-03T17:58:51","isFullCredit":false},{"lineNumber":19,"author":{"gitId":"MinionWolf"},"content":"    /**","lastModifiedDate":"2025-09-27T16:04:41","isFullCredit":false},{"lineNumber":20,"author":{"gitId":"MinionWolf"},"content":"     * Returns todo status","lastModifiedDate":"2025-09-27T16:04:41","isFullCredit":false},{"lineNumber":21,"author":{"gitId":"MinionWolf"},"content":"     */","lastModifiedDate":"2025-09-27T16:04:41","isFullCredit":false},{"lineNumber":22,"author":{"gitId":"MinionWolf"},"content":"    public String getType() {","lastModifiedDate":"2025-09-19T02:41:02","isFullCredit":false},{"lineNumber":23,"author":{"gitId":"MinionWolf"},"content":"        return (toDoStatus ? \"T\" : \" \");","lastModifiedDate":"2025-09-03T17:58:51","isFullCredit":false},{"lineNumber":24,"author":{"gitId":"MinionWolf"},"content":"    }","lastModifiedDate":"2025-09-03T17:58:51","isFullCredit":false},{"lineNumber":25,"author":{"gitId":"MinionWolf"},"content":"","lastModifiedDate":"2025-09-03T17:58:51","isFullCredit":false},{"lineNumber":26,"author":{"gitId":"MinionWolf"},"content":"    /**","lastModifiedDate":"2025-09-27T16:04:41","isFullCredit":false},{"lineNumber":27,"author":{"gitId":"MinionWolf"},"content":"     * Returns the task message","lastModifiedDate":"2025-09-27T16:04:41","isFullCredit":false},{"lineNumber":28,"author":{"gitId":"MinionWolf"},"content":"     */","lastModifiedDate":"2025-09-27T16:04:41","isFullCredit":false},{"lineNumber":29,"author":{"gitId":"MinionWolf"},"content":"    @Override","lastModifiedDate":"2025-09-04T17:46:24","isFullCredit":false},{"lineNumber":30,"author":{"gitId":"MinionWolf"},"content":"    public String getTask(){","lastModifiedDate":"2025-09-04T17:46:24","isFullCredit":false},{"lineNumber":31,"author":{"gitId":"MinionWolf"},"content":"        return \"[\" + getType() + \"] \" +  super.getTask();","lastModifiedDate":"2025-09-19T02:41:02","isFullCredit":false},{"lineNumber":32,"author":{"gitId":"MinionWolf"},"content":"    }","lastModifiedDate":"2025-09-03T17:58:51","isFullCredit":false},{"lineNumber":33,"author":{"gitId":"MinionWolf"},"content":"","lastModifiedDate":"2025-09-04T17:46:24","isFullCredit":false},{"lineNumber":34,"author":{"gitId":"MinionWolf"},"content":"    /**","lastModifiedDate":"2025-09-27T16:04:41","isFullCredit":false},{"lineNumber":35,"author":{"gitId":"MinionWolf"},"content":"     * Returns the from field for deadline","lastModifiedDate":"2025-09-27T16:04:41","isFullCredit":false},{"lineNumber":36,"author":{"gitId":"MinionWolf"},"content":"     *","lastModifiedDate":"2025-09-27T16:04:41","isFullCredit":false},{"lineNumber":37,"author":{"gitId":"MinionWolf"},"content":"     * @return from","lastModifiedDate":"2025-09-27T16:04:41","isFullCredit":false},{"lineNumber":38,"author":{"gitId":"MinionWolf"},"content":"     */","lastModifiedDate":"2025-09-27T16:04:41","isFullCredit":false},{"lineNumber":39,"author":{"gitId":"MinionWolf"},"content":"    @Override","lastModifiedDate":"2025-09-19T02:41:02","isFullCredit":false},{"lineNumber":40,"author":{"gitId":"MinionWolf"},"content":"    public String getFrom(){","lastModifiedDate":"2025-09-19T02:41:02","isFullCredit":false},{"lineNumber":41,"author":{"gitId":"MinionWolf"},"content":"        return \"\";","lastModifiedDate":"2025-09-19T02:41:02","isFullCredit":false},{"lineNumber":42,"author":{"gitId":"MinionWolf"},"content":"    }","lastModifiedDate":"2025-09-26T16:09:31","isFullCredit":false},{"lineNumber":43,"author":{"gitId":"MinionWolf"},"content":"","lastModifiedDate":"2025-09-19T02:41:02","isFullCredit":false},{"lineNumber":44,"author":{"gitId":"MinionWolf"},"content":"    /**","lastModifiedDate":"2025-09-27T16:04:41","isFullCredit":false},{"lineNumber":45,"author":{"gitId":"MinionWolf"},"content":"     * Returns the to field for events","lastModifiedDate":"2025-09-27T16:04:41","isFullCredit":false},{"lineNumber":46,"author":{"gitId":"MinionWolf"},"content":"     *","lastModifiedDate":"2025-09-27T16:04:41","isFullCredit":false},{"lineNumber":47,"author":{"gitId":"MinionWolf"},"content":"     * @return to","lastModifiedDate":"2025-09-27T16:04:41","isFullCredit":false},{"lineNumber":48,"author":{"gitId":"MinionWolf"},"content":"     */","lastModifiedDate":"2025-09-27T16:04:41","isFullCredit":false},{"lineNumber":49,"author":{"gitId":"MinionWolf"},"content":"    @Override","lastModifiedDate":"2025-09-19T02:41:02","isFullCredit":false},{"lineNumber":50,"author":{"gitId":"MinionWolf"},"content":"    public String getTo(){","lastModifiedDate":"2025-09-19T02:41:02","isFullCredit":false},{"lineNumber":51,"author":{"gitId":"MinionWolf"},"content":"        return \"\";","lastModifiedDate":"2025-09-19T02:41:02","isFullCredit":false},{"lineNumber":52,"author":{"gitId":"MinionWolf"},"content":"    }","lastModifiedDate":"2025-09-26T16:09:31","isFullCredit":false},{"lineNumber":53,"author":{"gitId":"MinionWolf"},"content":"","lastModifiedDate":"2025-09-19T02:41:02","isFullCredit":false},{"lineNumber":54,"author":{"gitId":"MinionWolf"},"content":"    /**","lastModifiedDate":"2025-09-27T16:04:41","isFullCredit":false},{"lineNumber":55,"author":{"gitId":"MinionWolf"},"content":"     * Returns the by field for deadline","lastModifiedDate":"2025-09-27T16:04:41","isFullCredit":false},{"lineNumber":56,"author":{"gitId":"MinionWolf"},"content":"     *","lastModifiedDate":"2025-09-27T16:04:41","isFullCredit":false},{"lineNumber":57,"author":{"gitId":"MinionWolf"},"content":"     * @return by","lastModifiedDate":"2025-09-27T16:04:41","isFullCredit":false},{"lineNumber":58,"author":{"gitId":"MinionWolf"},"content":"     */","lastModifiedDate":"2025-09-27T16:04:41","isFullCredit":false},{"lineNumber":59,"author":{"gitId":"MinionWolf"},"content":"    @Override","lastModifiedDate":"2025-09-19T02:41:02","isFullCredit":false},{"lineNumber":60,"author":{"gitId":"MinionWolf"},"content":"    public String getBy(){","lastModifiedDate":"2025-09-19T02:41:02","isFullCredit":false},{"lineNumber":61,"author":{"gitId":"MinionWolf"},"content":"        return \"\";","lastModifiedDate":"2025-09-19T02:41:02","isFullCredit":false},{"lineNumber":62,"author":{"gitId":"MinionWolf"},"content":"    }","lastModifiedDate":"2025-09-26T16:09:31","isFullCredit":false},{"lineNumber":63,"author":{"gitId":"MinionWolf"},"content":"","lastModifiedDate":"2025-09-04T17:46:24","isFullCredit":false},{"lineNumber":64,"author":{"gitId":"MinionWolf"},"content":"}","lastModifiedDate":"2025-09-03T17:58:51","isFullCredit":false}],"authorContributionMap":{"MinionWolf":64}},{"path":"src/main/java/exceptions/EmptyTaskException.java","fileType":"java","lines":[{"lineNumber":1,"author":{"gitId":"MinionWolf"},"content":"package exceptions;","lastModifiedDate":"2025-09-10T22:24:05","isFullCredit":false},{"lineNumber":2,"author":{"gitId":"MinionWolf"},"content":"","lastModifiedDate":"2025-09-10T22:24:05","isFullCredit":false},{"lineNumber":3,"author":{"gitId":"MinionWolf"},"content":"public class EmptyTaskException extends RuntimeException {","lastModifiedDate":"2025-09-27T16:04:41","isFullCredit":false},{"lineNumber":4,"author":{"gitId":"MinionWolf"},"content":"    public String getMessage(){","lastModifiedDate":"2025-09-26T16:09:31","isFullCredit":false},{"lineNumber":5,"author":{"gitId":"MinionWolf"},"content":"        return \"Please fill in a task\";","lastModifiedDate":"2025-09-26T16:09:31","isFullCredit":false},{"lineNumber":6,"author":{"gitId":"MinionWolf"},"content":"    }","lastModifiedDate":"2025-09-26T16:09:31","isFullCredit":false},{"lineNumber":7,"author":{"gitId":"MinionWolf"},"content":"}","lastModifiedDate":"2025-09-10T22:24:05","isFullCredit":false}],"authorContributionMap":{"MinionWolf":7}},{"path":"src/main/java/exceptions/IncompleteFormatException.java","fileType":"java","lines":[{"lineNumber":1,"author":{"gitId":"MinionWolf"},"content":"package exceptions;","lastModifiedDate":"2025-09-12T14:28:07","isFullCredit":false},{"lineNumber":2,"author":{"gitId":"MinionWolf"},"content":"","lastModifiedDate":"2025-09-12T14:28:07","isFullCredit":false},{"lineNumber":3,"author":{"gitId":"MinionWolf"},"content":"public class IncompleteFormatException extends RuntimeException {","lastModifiedDate":"2025-09-27T16:04:41","isFullCredit":false},{"lineNumber":4,"author":{"gitId":"MinionWolf"},"content":"    public String getMessage(){","lastModifiedDate":"2025-09-26T16:09:31","isFullCredit":false},{"lineNumber":5,"author":{"gitId":"MinionWolf"},"content":"        return \"Your command is uncomplete, check again\";","lastModifiedDate":"2025-09-26T16:09:31","isFullCredit":false},{"lineNumber":6,"author":{"gitId":"MinionWolf"},"content":"    }","lastModifiedDate":"2025-09-26T16:09:31","isFullCredit":false},{"lineNumber":7,"author":{"gitId":"MinionWolf"},"content":"}","lastModifiedDate":"2025-09-12T14:28:07","isFullCredit":false}],"authorContributionMap":{"MinionWolf":7}},{"path":"src/main/java/exceptions/InvalidCommandExecption.java","fileType":"java","lines":[{"lineNumber":1,"author":{"gitId":"MinionWolf"},"content":"package exceptions;","lastModifiedDate":"2025-09-10T22:24:05","isFullCredit":false},{"lineNumber":2,"author":{"gitId":"MinionWolf"},"content":"","lastModifiedDate":"2025-09-10T22:24:05","isFullCredit":false},{"lineNumber":3,"author":{"gitId":"MinionWolf"},"content":"public class InvalidCommandExecption extends RuntimeException {","lastModifiedDate":"2025-09-27T16:04:41","isFullCredit":false},{"lineNumber":4,"author":{"gitId":"MinionWolf"},"content":"    public String getMessage(){","lastModifiedDate":"2025-09-26T16:09:31","isFullCredit":false},{"lineNumber":5,"author":{"gitId":"MinionWolf"},"content":"        return \"Please enter a valid entry or command\";","lastModifiedDate":"2025-09-26T16:09:31","isFullCredit":false},{"lineNumber":6,"author":{"gitId":"MinionWolf"},"content":"    }","lastModifiedDate":"2025-09-26T16:09:31","isFullCredit":false},{"lineNumber":7,"author":{"gitId":"MinionWolf"},"content":"}","lastModifiedDate":"2025-09-10T22:24:05","isFullCredit":false}],"authorContributionMap":{"MinionWolf":7}},{"path":"src/main/java/exceptions/OutOfBoundsException.java","fileType":"java","lines":[{"lineNumber":1,"author":{"gitId":"MinionWolf"},"content":"package exceptions;","lastModifiedDate":"2025-09-10T22:24:05","isFullCredit":false},{"lineNumber":2,"author":{"gitId":"MinionWolf"},"content":"","lastModifiedDate":"2025-09-10T22:24:05","isFullCredit":false},{"lineNumber":3,"author":{"gitId":"MinionWolf"},"content":"public class OutOfBoundsException extends RuntimeException {","lastModifiedDate":"2025-09-27T16:04:41","isFullCredit":false},{"lineNumber":4,"author":{"gitId":"MinionWolf"},"content":"    public String getMessage(){","lastModifiedDate":"2025-09-26T16:09:31","isFullCredit":false},{"lineNumber":5,"author":{"gitId":"MinionWolf"},"content":"        return \"The task does not exist\";","lastModifiedDate":"2025-09-26T16:09:31","isFullCredit":false},{"lineNumber":6,"author":{"gitId":"MinionWolf"},"content":"    }","lastModifiedDate":"2025-09-26T16:09:31","isFullCredit":false},{"lineNumber":7,"author":{"gitId":"MinionWolf"},"content":"}","lastModifiedDate":"2025-09-10T22:24:05","isFullCredit":false}],"authorContributionMap":{"MinionWolf":7}},{"path":"src/main/java/exceptions/WrongFormatException.java","fileType":"java","lines":[{"lineNumber":1,"author":{"gitId":"MinionWolf"},"content":"package exceptions;","lastModifiedDate":"2025-09-12T14:28:07","isFullCredit":false},{"lineNumber":2,"author":{"gitId":"MinionWolf"},"content":"","lastModifiedDate":"2025-09-12T14:28:07","isFullCredit":false},{"lineNumber":3,"author":{"gitId":"MinionWolf"},"content":"public class WrongFormatException extends RuntimeException {","lastModifiedDate":"2025-09-27T16:04:41","isFullCredit":false},{"lineNumber":4,"author":{"gitId":"MinionWolf"},"content":"    public String getMessage(){","lastModifiedDate":"2025-09-26T16:09:31","isFullCredit":false},{"lineNumber":5,"author":{"gitId":"MinionWolf"},"content":"        return \"Please double check the format of the command again\";","lastModifiedDate":"2025-09-26T16:09:31","isFullCredit":false},{"lineNumber":6,"author":{"gitId":"MinionWolf"},"content":"    }","lastModifiedDate":"2025-09-26T16:09:31","isFullCredit":false},{"lineNumber":7,"author":{"gitId":"MinionWolf"},"content":"}","lastModifiedDate":"2025-09-12T14:28:07","isFullCredit":false}],"authorContributionMap":{"MinionWolf":7}},{"path":"text-ui-test/input.txt","fileType":"txt","lines":[{"lineNumber":1,"author":{"gitId":"MinionWolf"},"content":"deadline read book /by sunday","lastModifiedDate":"2025-09-12T14:28:07","isFullCredit":false},{"lineNumber":2,"author":{"gitId":"MinionWolf"},"content":"event game /from 5pm /to 8pm","lastModifiedDate":"2025-09-12T14:28:07","isFullCredit":false},{"lineNumber":3,"author":{"gitId":"MinionWolf"},"content":"list","lastModifiedDate":"2025-09-12T14:28:07","isFullCredit":false},{"lineNumber":4,"author":{"gitId":"MinionWolf"},"content":"mark 1","lastModifiedDate":"2025-09-12T14:28:07","isFullCredit":false},{"lineNumber":5,"author":{"gitId":"MinionWolf"},"content":"mark 2","lastModifiedDate":"2025-09-12T14:28:07","isFullCredit":false},{"lineNumber":6,"author":{"gitId":"MinionWolf"},"content":"unmark 1","lastModifiedDate":"2025-09-12T14:28:07","isFullCredit":false},{"lineNumber":7,"author":{"gitId":"MinionWolf"},"content":"list","lastModifiedDate":"2025-09-12T14:28:07","isFullCredit":false},{"lineNumber":8,"author":{"gitId":"MinionWolf"},"content":"delete 1","lastModifiedDate":"2025-09-13T01:49:45","isFullCredit":false},{"lineNumber":9,"author":{"gitId":"MinionWolf"},"content":"list","lastModifiedDate":"2025-09-13T01:49:45","isFullCredit":false},{"lineNumber":10,"author":{"gitId":"MinionWolf"},"content":"blah","lastModifiedDate":"2025-09-12T14:28:07","isFullCredit":false},{"lineNumber":11,"author":{"gitId":"MinionWolf"},"content":"deadline","lastModifiedDate":"2025-09-12T14:28:07","isFullCredit":false},{"lineNumber":12,"author":{"gitId":"MinionWolf"},"content":"event","lastModifiedDate":"2025-09-12T14:28:07","isFullCredit":false},{"lineNumber":13,"author":{"gitId":"MinionWolf"},"content":"deadline read book by sun","lastModifiedDate":"2025-09-12T14:28:07","isFullCredit":false},{"lineNumber":14,"author":{"gitId":"MinionWolf"},"content":"event read book from sun","lastModifiedDate":"2025-09-12T14:28:07","isFullCredit":false},{"lineNumber":15,"author":{"gitId":"MinionWolf"},"content":"event read book /from sun to mon","lastModifiedDate":"2025-09-12T14:28:07","isFullCredit":false},{"lineNumber":16,"author":{"gitId":"MinionWolf"},"content":"deadline read book /by","lastModifiedDate":"2025-09-12T14:28:07","isFullCredit":false},{"lineNumber":17,"author":{"gitId":"MinionWolf"},"content":"event read book /from /to","lastModifiedDate":"2025-09-12T14:28:07","isFullCredit":false},{"lineNumber":18,"author":{"gitId":"MinionWolf"},"content":"event read book /from","lastModifiedDate":"2025-09-12T14:28:07","isFullCredit":false},{"lineNumber":19,"author":{"gitId":"MinionWolf"},"content":"event read book /from sun /to","lastModifiedDate":"2025-09-12T14:28:07","isFullCredit":false},{"lineNumber":20,"author":{"gitId":"MinionWolf"},"content":"bye","lastModifiedDate":"2025-09-12T14:28:07","isFullCredit":false}],"authorContributionMap":{"MinionWolf":20}},{"path":"text-ui-test/runtest.bat","fileType":"bat","lines":[{"lineNumber":1,"author":{"gitId":"-"},"content":"@ECHO OFF","lastModifiedDate":"2020-05-25T00:03:55","isFullCredit":false},{"lineNumber":2,"author":{"gitId":"-"},"content":"","lastModifiedDate":"2020-05-25T00:03:55","isFullCredit":false},{"lineNumber":3,"author":{"gitId":"-"},"content":"REM create bin directory if it doesn\u0027t exist","lastModifiedDate":"2020-05-25T00:03:55","isFullCredit":false},{"lineNumber":4,"author":{"gitId":"-"},"content":"if not exist ..\\bin mkdir ..\\bin","lastModifiedDate":"2020-05-25T00:03:55","isFullCredit":false},{"lineNumber":5,"author":{"gitId":"-"},"content":"","lastModifiedDate":"2020-05-25T00:03:55","isFullCredit":false},{"lineNumber":6,"author":{"gitId":"-"},"content":"REM delete output from previous run","lastModifiedDate":"2020-05-25T00:03:55","isFullCredit":false},{"lineNumber":7,"author":{"gitId":"-"},"content":"if exist ACTUAL.TXT del ACTUAL.TXT","lastModifiedDate":"2020-08-25T17:23:26","isFullCredit":false},{"lineNumber":8,"author":{"gitId":"-"},"content":"","lastModifiedDate":"2020-05-25T00:03:55","isFullCredit":false},{"lineNumber":9,"author":{"gitId":"-"},"content":"REM compile the code into the bin folder","lastModifiedDate":"2020-05-25T00:03:55","isFullCredit":false},{"lineNumber":10,"author":{"gitId":"MinionWolf"},"content":"javac  -cp ..\\src\\main\\java -Xlint:none -d ..\\bin ..\\src\\main\\java\\Toothless.java ..\\src\\main\\java\\command\\*.java ..\\src\\main\\java\\exceptions\\*.java","lastModifiedDate":"2025-09-12T14:28:07","isFullCredit":false},{"lineNumber":11,"author":{"gitId":"-"},"content":"IF ERRORLEVEL 1 (","lastModifiedDate":"2020-05-25T00:03:55","isFullCredit":false},{"lineNumber":12,"author":{"gitId":"-"},"content":"    echo ********** BUILD FAILURE **********","lastModifiedDate":"2020-05-25T00:03:55","isFullCredit":false},{"lineNumber":13,"author":{"gitId":"-"},"content":"    exit /b 1","lastModifiedDate":"2020-05-25T00:03:55","isFullCredit":false},{"lineNumber":14,"author":{"gitId":"-"},"content":")","lastModifiedDate":"2020-05-25T00:03:55","isFullCredit":false},{"lineNumber":15,"author":{"gitId":"-"},"content":"REM no error here, errorlevel \u003d\u003d 0","lastModifiedDate":"2020-05-25T00:03:55","isFullCredit":false},{"lineNumber":16,"author":{"gitId":"-"},"content":"","lastModifiedDate":"2020-05-25T00:03:55","isFullCredit":false},{"lineNumber":17,"author":{"gitId":"-"},"content":"REM run the program, feed commands from input.txt file and redirect the output to the ACTUAL.TXT","lastModifiedDate":"2020-05-25T00:03:55","isFullCredit":false},{"lineNumber":18,"author":{"gitId":"MinionWolf"},"content":"java -classpath ..\\bin Toothless \u003c input.txt \u003e ACTUAL.TXT","lastModifiedDate":"2025-09-12T14:28:07","isFullCredit":false},{"lineNumber":19,"author":{"gitId":"-"},"content":"","lastModifiedDate":"2020-05-25T00:03:55","isFullCredit":false},{"lineNumber":20,"author":{"gitId":"-"},"content":"REM compare the output to the expected output","lastModifiedDate":"2020-05-25T00:03:55","isFullCredit":false},{"lineNumber":21,"author":{"gitId":"-"},"content":"FC ACTUAL.TXT EXPECTED.TXT","lastModifiedDate":"2020-05-25T00:03:55","isFullCredit":false}],"authorContributionMap":{"-":19,"MinionWolf":2}}]
