{"authorDailyContributionsMap":{"MinionWolf":[{"date":"2025-08-17T00:00:00","commitResults":[{"hash":"f2fe279365fd5bc9e58bb63235cca1181e6e6306","isMergeCommit":false,"messageTitle":"changed file name and logo","messageBody":"","tags":["Level-0"],"fileTypesAndContributionMap":{"java":{"insertions":6,"deletions":10}}}]},{"date":"2025-08-27T00:00:00","commitResults":[{"hash":"5e442c06ab92ed8f8ea9539dbdeff5bf20be4603","isMergeCommit":false,"messageTitle":"echo and list","messageBody":"can echo and list whatever that is added\n","tags":["Level-2","Level-1"],"fileTypesAndContributionMap":{"java":{"insertions":44,"deletions":1}}},{"hash":"3a33d26715ac0df67a7bde67851962d9a17ca693","isMergeCommit":false,"messageTitle":"mark/unmark","messageBody":"implemented the mark and unmark feature and added a new Task class with constructor and getter and setter\n","fileTypesAndContributionMap":{"java":{"insertions":65,"deletions":12}}}]},{"date":"2025-09-03T00:00:00","commitResults":[{"hash":"9712b2989c9a2a3e993e78477bddf1e4c8247585","isMergeCommit":false,"messageTitle":"cleaned up and added classes","messageBody":"ToDo, Deadline, Event classes added\n","tags":["A-CodingStandard"],"fileTypesAndContributionMap":{"java":{"insertions":103,"deletions":52}}},{"hash":"a74eed4ac26ca32782634e6a1834ca064a22b8db","isMergeCommit":false,"messageTitle":"updated","messageBody":"tried to do inheritance and polymorphism but can\u0027t really figure out how to make it work\n","tags":["Level-3"],"fileTypesAndContributionMap":{"java":{"insertions":26,"deletions":23}}}]},{"date":"2025-09-04T00:00:00","commitResults":[{"hash":"04d18b4491459ec02b24049808676a304c15cad9","isMergeCommit":false,"messageTitle":"ToDo done","messageBody":"completed todo\n","fileTypesAndContributionMap":{"java":{"insertions":149,"deletions":89}}}]},{"date":"2025-09-05T00:00:00","commitResults":[{"hash":"a68ded91164d228cd747a3a34d957c9811d6a702","isMergeCommit":false,"messageTitle":"updated","messageBody":"done with deadline, added event\n","tags":["A-CodeQuality"],"fileTypesAndContributionMap":{"java":{"insertions":117,"deletions":31}}},{"hash":"28f69ae0dc0335c0145e7eb2b3e56829f130afe0","isMergeCommit":false,"messageTitle":"completed level 4","messageBody":"","tags":["Level-4"],"fileTypesAndContributionMap":{"java":{"insertions":30,"deletions":8}}},{"hash":"fbc13a0d5ccf7db78b206a04be7f6781a3caf11a","isMergeCommit":false,"messageTitle":"updated","messageBody":"","fileTypesAndContributionMap":{"java":{"insertions":1,"deletions":1}}}]},{"date":"2025-09-10T00:00:00","commitResults":[{"hash":"bc0f9434b1227fdc9b07bb36eb79c81dbd2a04c2","isMergeCommit":false,"messageTitle":"- completed with level 5 - added new methods to check exception - added new java exceptions","messageBody":"","tags":["Level-5","A-Exceptions"],"fileTypesAndContributionMap":{"java":{"insertions":63,"deletions":4}}},{"hash":"9ff420af255c093dba511cfbfc34973b55bc01fa","isMergeCommit":false,"messageTitle":"deleted unecessary import","messageBody":"","fileTypesAndContributionMap":{"java":{"insertions":1,"deletions":3}}},{"hash":"e39a46595b83b861abe49e0e9f34ee4d445b3e49","isMergeCommit":false,"messageTitle":"edited description and testing branching","messageBody":"","fileTypesAndContributionMap":{"java":{"insertions":1,"deletions":1}}},{"hash":"75fd050f59047fcd3f5c8156f455877dd79029f3","isMergeCommit":false,"messageTitle":"organized into packages","messageBody":"","tags":["A-Packages"],"fileTypesAndContributionMap":{"java":{"insertions":12,"deletions":0}}}]},{"date":"2025-09-12T00:00:00","commitResults":[{"hash":"33a2cdd016547a979ecd46f0cb70efccc4e6f7d1","isMergeCommit":false,"messageTitle":"Add the text testing and new exceptions","messageBody":"","tags":["A-TextUiTesting"],"fileTypesAndContributionMap":{"txt":{"insertions":18,"deletions":0},"java":{"insertions":63,"deletions":41},"bat":{"insertions":2,"deletions":2}}},{"hash":"ac2335a027cd57993d7d8459a31333633e47e880","isMergeCommit":false,"messageTitle":"Merged","messageBody":"","fileTypesAndContributionMap":{"java":{"insertions":1,"deletions":1}}}]},{"date":"2025-09-13T00:00:00","commitResults":[{"hash":"b8ffb98723fc9c3e7f363b0999fd6e241910c882","isMergeCommit":false,"messageTitle":"Modified the code to include ArrayList","messageBody":"","fileTypesAndContributionMap":{"java":{"insertions":18,"deletions":18}}},{"hash":"e74dba7b7df0ba39ec918ef669e1b502dc62f3ed","isMergeCommit":false,"messageTitle":"Remove unecessary codes","messageBody":"","fileTypesAndContributionMap":{"java":{"insertions":0,"deletions":3}}},{"hash":"92d37834bfa3815f52225a5d0c982af249903d0f","isMergeCommit":false,"messageTitle":"Add delete function Update text ui testing with delete function","messageBody":"","fileTypesAndContributionMap":{"txt":{"insertions":2,"deletions":0},"java":{"insertions":54,"deletions":35}}},{"hash":"8fd02a0dfabfc65d6d8712c86b62d32bea410bd7","isMergeCommit":false,"messageTitle":"Amend the functions to be private","messageBody":"","fileTypesAndContributionMap":{"java":{"insertions":16,"deletions":16}}},{"hash":"5723c893486a73794fc927638ba27c7991c63ff6","isMergeCommit":false,"messageTitle":"Add functions to create file, write to file, append to file and fill file","messageBody":"","fileTypesAndContributionMap":{"java":{"insertions":37,"deletions":0}}}]},{"date":"2025-09-17T00:00:00","commitResults":[{"hash":"2e387a953b18a40fcf49f24bcc7d5421483bf058","isMergeCommit":false,"messageTitle":"Add fillFile function Add the save text file","messageBody":"","fileTypesAndContributionMap":{"txt":{"insertions":1,"deletions":0},"java":{"insertions":13,"deletions":11}}},{"hash":"2c47b7977dce3729976f9a10ee6253a4581eff26","isMergeCommit":true,"messageTitle":"Merge branch \u0027branch-Level-6\u0027","messageBody":"","tags":["Level-6"],"fileTypesAndContributionMap":{}},{"hash":"f5c92e37a343e509404c0c2aac09d000981163b9","isMergeCommit":true,"messageTitle":"Merge branch \u0027branch-Level-7\u0027","messageBody":"# Conflicts:\n#\tsrc/main/java/Toothless.java\n","tags":["Level-7"],"fileTypesAndContributionMap":{}},{"hash":"c454798ef7c1c6188eca279c513b81f37b00271a","isMergeCommit":false,"messageTitle":"Update code","messageBody":"","fileTypesAndContributionMap":{"java":{"insertions":6,"deletions":0}}},{"hash":"17afe609bfb6554a1905987c050b022630e142b5","isMergeCommit":false,"messageTitle":"Update list command to show by, from and to for deadline and event","messageBody":"","fileTypesAndContributionMap":{"txt":{"insertions":1,"deletions":0},"java":{"insertions":4,"deletions":4}}},{"hash":"1f24ad7690f8cb891e88e1a53c622a043b0a7886","isMergeCommit":false,"messageTitle":"Implement jar file","messageBody":"","tags":["A-Jar"],"fileTypesAndContributionMap":{"java":{"insertions":1,"deletions":1}}}]},{"date":"2025-09-18T00:00:00","commitResults":[{"hash":"df553c8317153a065b465ff310f7ad46ec52d1e3","isMergeCommit":false,"messageTitle":"Move main function to the bottom","messageBody":"","fileTypesAndContributionMap":{"java":{"insertions":22,"deletions":22}}}]},{"date":"2025-09-19T00:00:00","commitResults":[{"hash":"6daeff922c2f36d47d351e817d198ad23cea6ce7","isMergeCommit":false,"messageTitle":"Implement writing to file and retrieving content from file","messageBody":"","fileTypesAndContributionMap":{"txt":{"insertions":1,"deletions":2},"java":{"insertions":116,"deletions":32}}}]}]},"authorFileTypeContributionMap":{"MinionWolf":{"java":546,"md":0,"fxml":0,"sh":0,"bat":2,"gradle":0,"txt":21}},"authorContributionVariance":{"MinionWolf":4459.5337},"authorDisplayNameMap":{"MinionWolf":"CS2113-T10-1 LAI ..REMY"}}
