[{"path":"data/resonant.txt","fileType":"txt","lines":[{"lineNumber":1,"author":{"gitId":"LJQ2001"},"content":"T | 0 | read book","lastModifiedDate":"2025-09-29T01:39:58","isFullCredit":false},{"lineNumber":2,"author":{"gitId":"LJQ2001"},"content":"E | 1 | project meeting | Aug 6th 2pm | 4pm","lastModifiedDate":"2025-09-29T01:39:58","isFullCredit":false},{"lineNumber":3,"author":{"gitId":"LJQ2001"},"content":"D | 0 | cake | june 15","lastModifiedDate":"2025-09-29T01:39:58","isFullCredit":false},{"lineNumber":4,"author":{"gitId":"LJQ2001"},"content":"T | 0 | cooking","lastModifiedDate":"2025-09-29T01:39:58","isFullCredit":false},{"lineNumber":5,"author":{"gitId":"LJQ2001"},"content":"D | 0 | assignment | choclate","lastModifiedDate":"2025-09-29T01:39:58","isFullCredit":false},{"lineNumber":6,"author":{"gitId":"LJQ2001"},"content":"E | 0 | exam | monday 6pm | 9pm","lastModifiedDate":"2025-09-29T01:39:58","isFullCredit":false}],"authorContributionMap":{"LJQ2001":6}},{"path":"src/main/java/resonant/DukeException.java","fileType":"java","lines":[{"lineNumber":1,"author":{"gitId":"LJQ2001"},"content":"package resonant;","lastModifiedDate":"2025-09-16T23:52:03","isFullCredit":false},{"lineNumber":2,"author":{"gitId":"LJQ2001"},"content":"","lastModifiedDate":"2025-09-16T23:52:03","isFullCredit":false},{"lineNumber":3,"author":{"gitId":"LJQ2001"},"content":"/** Custom exception type for Resonant/Duke-specific errors. */","lastModifiedDate":"2025-09-16T23:52:03","isFullCredit":false},{"lineNumber":4,"author":{"gitId":"LJQ2001"},"content":"public class DukeException extends Exception {","lastModifiedDate":"2025-09-16T23:52:03","isFullCredit":false},{"lineNumber":5,"author":{"gitId":"LJQ2001"},"content":"    public DukeException(String message) {","lastModifiedDate":"2025-09-16T23:52:03","isFullCredit":false},{"lineNumber":6,"author":{"gitId":"LJQ2001"},"content":"        super(message);","lastModifiedDate":"2025-09-16T23:52:03","isFullCredit":false},{"lineNumber":7,"author":{"gitId":"LJQ2001"},"content":"    }","lastModifiedDate":"2025-09-16T23:52:03","isFullCredit":false},{"lineNumber":8,"author":{"gitId":"LJQ2001"},"content":"}","lastModifiedDate":"2025-09-16T23:52:03","isFullCredit":false}],"authorContributionMap":{"LJQ2001":8}},{"path":"src/main/java/resonant/Main.java","fileType":"java","lines":[{"lineNumber":1,"author":{"gitId":"LJQ2001"},"content":"package resonant;","lastModifiedDate":"2025-09-29T01:39:58","isFullCredit":false},{"lineNumber":2,"author":{"gitId":"LJQ2001"},"content":"","lastModifiedDate":"2025-09-29T01:39:58","isFullCredit":false},{"lineNumber":3,"author":{"gitId":"LJQ2001"},"content":"public class Main {","lastModifiedDate":"2025-09-29T01:39:58","isFullCredit":false},{"lineNumber":4,"author":{"gitId":"LJQ2001"},"content":"    public static void main(String[] args) {","lastModifiedDate":"2025-09-29T01:39:58","isFullCredit":false},{"lineNumber":5,"author":{"gitId":"LJQ2001"},"content":"        new Resonant(\"resonant.txt\").run();","lastModifiedDate":"2025-09-29T01:39:58","isFullCredit":false},{"lineNumber":6,"author":{"gitId":"LJQ2001"},"content":"    }","lastModifiedDate":"2025-09-29T01:39:58","isFullCredit":false},{"lineNumber":7,"author":{"gitId":"LJQ2001"},"content":"}","lastModifiedDate":"2025-09-29T01:39:58","isFullCredit":false}],"authorContributionMap":{"LJQ2001":7}},{"path":"src/main/java/resonant/Parser.java","fileType":"java","lines":[{"lineNumber":1,"author":{"gitId":"LJQ2001"},"content":"package resonant;","lastModifiedDate":"2025-09-29T01:39:58","isFullCredit":false},{"lineNumber":2,"author":{"gitId":"LJQ2001"},"content":"","lastModifiedDate":"2025-09-29T01:39:58","isFullCredit":false},{"lineNumber":3,"author":{"gitId":"LJQ2001"},"content":"import resonant.commands.*;","lastModifiedDate":"2025-09-29T01:39:58","isFullCredit":false},{"lineNumber":4,"author":{"gitId":"LJQ2001"},"content":"","lastModifiedDate":"2025-09-29T01:39:58","isFullCredit":false},{"lineNumber":5,"author":{"gitId":"LJQ2001"},"content":"public class Parser {","lastModifiedDate":"2025-09-29T01:39:58","isFullCredit":false},{"lineNumber":6,"author":{"gitId":"LJQ2001"},"content":"    private static final String CMD_BYE \u003d \"bye\";","lastModifiedDate":"2025-09-29T01:39:58","isFullCredit":false},{"lineNumber":7,"author":{"gitId":"LJQ2001"},"content":"    private static final String CMD_LIST \u003d \"list\";","lastModifiedDate":"2025-09-29T01:39:58","isFullCredit":false},{"lineNumber":8,"author":{"gitId":"LJQ2001"},"content":"    private static final String CMD_MARK \u003d \"mark \";","lastModifiedDate":"2025-09-29T01:39:58","isFullCredit":false},{"lineNumber":9,"author":{"gitId":"LJQ2001"},"content":"    private static final String CMD_UNMARK \u003d \"unmark \";","lastModifiedDate":"2025-09-29T01:39:58","isFullCredit":false},{"lineNumber":10,"author":{"gitId":"LJQ2001"},"content":"    private static final String CMD_TODO \u003d \"todo \";","lastModifiedDate":"2025-09-29T01:39:58","isFullCredit":false},{"lineNumber":11,"author":{"gitId":"LJQ2001"},"content":"    private static final String CMD_DEADLINE \u003d \"deadline \";","lastModifiedDate":"2025-09-29T01:39:58","isFullCredit":false},{"lineNumber":12,"author":{"gitId":"LJQ2001"},"content":"    private static final String CMD_EVENT \u003d \"event \";","lastModifiedDate":"2025-09-29T01:39:58","isFullCredit":false},{"lineNumber":13,"author":{"gitId":"LJQ2001"},"content":"    private static final String CMD_DELETE \u003d \"delete \";","lastModifiedDate":"2025-09-29T01:39:58","isFullCredit":false},{"lineNumber":14,"author":{"gitId":"LJQ2001"},"content":"    private static final String CMD_FIND \u003d \"find \";","lastModifiedDate":"2025-09-30T21:50:30","isFullCredit":false},{"lineNumber":15,"author":{"gitId":"LJQ2001"},"content":"","lastModifiedDate":"2025-09-29T01:39:58","isFullCredit":false},{"lineNumber":16,"author":{"gitId":"LJQ2001"},"content":"    private static final String KW_BY \u003d \"/by\";","lastModifiedDate":"2025-09-29T01:39:58","isFullCredit":false},{"lineNumber":17,"author":{"gitId":"LJQ2001"},"content":"    private static final String KW_FROM \u003d \"/from\";","lastModifiedDate":"2025-09-29T01:39:58","isFullCredit":false},{"lineNumber":18,"author":{"gitId":"LJQ2001"},"content":"    private static final String KW_TO \u003d \"/to\";","lastModifiedDate":"2025-09-29T01:39:58","isFullCredit":false},{"lineNumber":19,"author":{"gitId":"LJQ2001"},"content":"","lastModifiedDate":"2025-09-29T01:39:58","isFullCredit":false},{"lineNumber":20,"author":{"gitId":"LJQ2001"},"content":"    public static Command parse(String input) throws DukeException {","lastModifiedDate":"2025-09-29T01:39:58","isFullCredit":false},{"lineNumber":21,"author":{"gitId":"LJQ2001"},"content":"        if (input \u003d\u003d null || input.isBlank()) throw unknown(input);","lastModifiedDate":"2025-09-29T01:39:58","isFullCredit":false},{"lineNumber":22,"author":{"gitId":"LJQ2001"},"content":"","lastModifiedDate":"2025-09-29T01:39:58","isFullCredit":false},{"lineNumber":23,"author":{"gitId":"LJQ2001"},"content":"        if (input.equals(CMD_BYE)) return new ExitCommand();","lastModifiedDate":"2025-09-29T01:39:58","isFullCredit":false},{"lineNumber":24,"author":{"gitId":"LJQ2001"},"content":"        if (input.equals(CMD_LIST)) return new ListCommand();","lastModifiedDate":"2025-09-29T01:39:58","isFullCredit":false},{"lineNumber":25,"author":{"gitId":"LJQ2001"},"content":"","lastModifiedDate":"2025-09-29T01:39:58","isFullCredit":false},{"lineNumber":26,"author":{"gitId":"LJQ2001"},"content":"        if (input.startsWith(CMD_MARK)) {","lastModifiedDate":"2025-09-29T01:39:58","isFullCredit":false},{"lineNumber":27,"author":{"gitId":"LJQ2001"},"content":"            return new MarkCommand(parseIndex(input.substring(CMD_MARK.length()), \"mark\"));","lastModifiedDate":"2025-09-29T01:39:58","isFullCredit":false},{"lineNumber":28,"author":{"gitId":"LJQ2001"},"content":"        }","lastModifiedDate":"2025-09-29T01:39:58","isFullCredit":false},{"lineNumber":29,"author":{"gitId":"LJQ2001"},"content":"        if (input.startsWith(CMD_UNMARK)) {","lastModifiedDate":"2025-09-29T01:39:58","isFullCredit":false},{"lineNumber":30,"author":{"gitId":"LJQ2001"},"content":"            return new UnmarkCommand(parseIndex(input.substring(CMD_UNMARK.length()), \"unmark\"));","lastModifiedDate":"2025-09-29T01:39:58","isFullCredit":false},{"lineNumber":31,"author":{"gitId":"LJQ2001"},"content":"        }","lastModifiedDate":"2025-09-29T01:39:58","isFullCredit":false},{"lineNumber":32,"author":{"gitId":"LJQ2001"},"content":"        if (input.startsWith(CMD_DELETE)) {","lastModifiedDate":"2025-09-29T01:39:58","isFullCredit":false},{"lineNumber":33,"author":{"gitId":"LJQ2001"},"content":"            return new DeleteCommand(parseIndex(input.substring(CMD_DELETE.length()), \"delete\"));","lastModifiedDate":"2025-09-29T01:39:58","isFullCredit":false},{"lineNumber":34,"author":{"gitId":"LJQ2001"},"content":"        }","lastModifiedDate":"2025-09-29T01:39:58","isFullCredit":false},{"lineNumber":35,"author":{"gitId":"LJQ2001"},"content":"        if (input.startsWith(CMD_TODO)) {","lastModifiedDate":"2025-09-29T01:39:58","isFullCredit":false},{"lineNumber":36,"author":{"gitId":"LJQ2001"},"content":"            String desc \u003d input.substring(CMD_TODO.length()).trim();","lastModifiedDate":"2025-09-29T01:39:58","isFullCredit":false},{"lineNumber":37,"author":{"gitId":"LJQ2001"},"content":"            return new AddTodoCommand(desc);","lastModifiedDate":"2025-09-29T01:39:58","isFullCredit":false},{"lineNumber":38,"author":{"gitId":"LJQ2001"},"content":"        }","lastModifiedDate":"2025-09-29T01:39:58","isFullCredit":false},{"lineNumber":39,"author":{"gitId":"LJQ2001"},"content":"        if (input.startsWith(CMD_DEADLINE)) {","lastModifiedDate":"2025-09-29T01:39:58","isFullCredit":false},{"lineNumber":40,"author":{"gitId":"LJQ2001"},"content":"            String body \u003d input.substring(CMD_DEADLINE.length()).trim();","lastModifiedDate":"2025-09-29T01:39:58","isFullCredit":false},{"lineNumber":41,"author":{"gitId":"LJQ2001"},"content":"            String[] s \u003d splitOnKeyword(body, KW_BY);","lastModifiedDate":"2025-09-29T01:39:58","isFullCredit":false},{"lineNumber":42,"author":{"gitId":"LJQ2001"},"content":"            if (s[1] \u003d\u003d null) throw new DukeException(\"Missing \u0027/by\u0027. Usage: deadline \u003cdesc\u003e /by \u003cwhen\u003e\");","lastModifiedDate":"2025-09-29T01:39:58","isFullCredit":false},{"lineNumber":43,"author":{"gitId":"LJQ2001"},"content":"            return new AddDeadlineCommand(s[0], s[1]);","lastModifiedDate":"2025-09-29T01:39:58","isFullCredit":false},{"lineNumber":44,"author":{"gitId":"LJQ2001"},"content":"        }","lastModifiedDate":"2025-09-29T01:39:58","isFullCredit":false},{"lineNumber":45,"author":{"gitId":"LJQ2001"},"content":"        if (input.startsWith(CMD_EVENT)) {","lastModifiedDate":"2025-09-29T01:39:58","isFullCredit":false},{"lineNumber":46,"author":{"gitId":"LJQ2001"},"content":"            String body \u003d input.substring(CMD_EVENT.length()).trim();","lastModifiedDate":"2025-09-29T01:39:58","isFullCredit":false},{"lineNumber":47,"author":{"gitId":"LJQ2001"},"content":"            String[] fromSplit \u003d splitOnKeyword(body, KW_FROM);","lastModifiedDate":"2025-09-29T01:39:58","isFullCredit":false},{"lineNumber":48,"author":{"gitId":"LJQ2001"},"content":"            if (fromSplit[1] \u003d\u003d null) throw new DukeException(\"Missing \u0027/from\u0027. Usage: event \u003cdesc\u003e /from \u003cstart\u003e /to \u003cend\u003e\");","lastModifiedDate":"2025-09-29T01:39:58","isFullCredit":false},{"lineNumber":49,"author":{"gitId":"LJQ2001"},"content":"            String[] toSplit \u003d splitOnKeyword(fromSplit[1], KW_TO);","lastModifiedDate":"2025-09-29T01:39:58","isFullCredit":false},{"lineNumber":50,"author":{"gitId":"LJQ2001"},"content":"            if (toSplit[1] \u003d\u003d null) throw new DukeException(\"Missing \u0027/to\u0027. Usage: event \u003cdesc\u003e /from \u003cstart\u003e /to \u003cend\u003e\");","lastModifiedDate":"2025-09-29T01:39:58","isFullCredit":false},{"lineNumber":51,"author":{"gitId":"LJQ2001"},"content":"            return new AddEventCommand(fromSplit[0], toSplit[0], toSplit[1]);","lastModifiedDate":"2025-09-29T01:39:58","isFullCredit":false},{"lineNumber":52,"author":{"gitId":"LJQ2001"},"content":"        }","lastModifiedDate":"2025-09-29T01:39:58","isFullCredit":false},{"lineNumber":53,"author":{"gitId":"LJQ2001"},"content":"","lastModifiedDate":"2025-09-29T01:39:58","isFullCredit":false},{"lineNumber":54,"author":{"gitId":"LJQ2001"},"content":"        if (input.startsWith(CMD_FIND)) {","lastModifiedDate":"2025-09-30T21:50:30","isFullCredit":false},{"lineNumber":55,"author":{"gitId":"LJQ2001"},"content":"            String kw \u003d input.substring(CMD_FIND.length()).trim();","lastModifiedDate":"2025-09-30T21:50:30","isFullCredit":false},{"lineNumber":56,"author":{"gitId":"LJQ2001"},"content":"            return new FindCommand(kw);","lastModifiedDate":"2025-09-30T21:50:30","isFullCredit":false},{"lineNumber":57,"author":{"gitId":"LJQ2001"},"content":"        }","lastModifiedDate":"2025-09-30T21:50:30","isFullCredit":false},{"lineNumber":58,"author":{"gitId":"LJQ2001"},"content":"","lastModifiedDate":"2025-09-30T21:50:30","isFullCredit":false},{"lineNumber":59,"author":{"gitId":"LJQ2001"},"content":"        throw unknown(input);","lastModifiedDate":"2025-09-29T01:39:58","isFullCredit":false},{"lineNumber":60,"author":{"gitId":"LJQ2001"},"content":"    }","lastModifiedDate":"2025-09-29T01:39:58","isFullCredit":false},{"lineNumber":61,"author":{"gitId":"LJQ2001"},"content":"","lastModifiedDate":"2025-09-29T01:39:58","isFullCredit":false},{"lineNumber":62,"author":{"gitId":"LJQ2001"},"content":"    private static DukeException unknown(String raw) {","lastModifiedDate":"2025-09-29T01:39:58","isFullCredit":false},{"lineNumber":63,"author":{"gitId":"LJQ2001"},"content":"        String unknown \u003d raw \u003d\u003d null ? \"\" : \" \u0027\" + raw + \"\u0027\";","lastModifiedDate":"2025-09-29T01:39:58","isFullCredit":false},{"lineNumber":64,"author":{"gitId":"LJQ2001"},"content":"        return new DukeException(","lastModifiedDate":"2025-09-29T01:39:58","isFullCredit":false},{"lineNumber":65,"author":{"gitId":"LJQ2001"},"content":"                \"I don’t recognise that command\" + unknown + \".\\n\" +","lastModifiedDate":"2025-09-29T01:39:58","isFullCredit":false},{"lineNumber":66,"author":{"gitId":"LJQ2001"},"content":"                        \"Try: list | todo \u003cdesc\u003e | deadline \u003cdesc\u003e /by \u003cwhen\u003e | \" +","lastModifiedDate":"2025-09-29T01:39:58","isFullCredit":false},{"lineNumber":67,"author":{"gitId":"LJQ2001"},"content":"                        \"event \u003cdesc\u003e /from \u003cstart\u003e /to \u003cend\u003e | mark N | unmark N | delete N | find \u003ckeyword\u003e | bye\"","lastModifiedDate":"2025-09-30T21:50:30","isFullCredit":false},{"lineNumber":68,"author":{"gitId":"LJQ2001"},"content":"        );","lastModifiedDate":"2025-09-29T01:39:58","isFullCredit":false},{"lineNumber":69,"author":{"gitId":"LJQ2001"},"content":"    }","lastModifiedDate":"2025-09-29T01:39:58","isFullCredit":false},{"lineNumber":70,"author":{"gitId":"LJQ2001"},"content":"","lastModifiedDate":"2025-09-29T01:39:58","isFullCredit":false},{"lineNumber":71,"author":{"gitId":"LJQ2001"},"content":"    private static int parseIndex(String s, String action) throws DukeException {","lastModifiedDate":"2025-09-29T01:39:58","isFullCredit":false},{"lineNumber":72,"author":{"gitId":"LJQ2001"},"content":"        if (s \u003d\u003d null || s.isBlank()) throw new DukeException(\"Provide a task number. Usage: \" + action + \" N\");","lastModifiedDate":"2025-09-29T01:39:58","isFullCredit":false},{"lineNumber":73,"author":{"gitId":"LJQ2001"},"content":"        try {","lastModifiedDate":"2025-09-29T01:39:58","isFullCredit":false},{"lineNumber":74,"author":{"gitId":"LJQ2001"},"content":"            int idx \u003d Integer.parseInt(s.trim());","lastModifiedDate":"2025-09-29T01:39:58","isFullCredit":false},{"lineNumber":75,"author":{"gitId":"LJQ2001"},"content":"            if (idx \u003c 1) throw new NumberFormatException();","lastModifiedDate":"2025-09-29T01:39:58","isFullCredit":false},{"lineNumber":76,"author":{"gitId":"LJQ2001"},"content":"            return idx;","lastModifiedDate":"2025-09-29T01:39:58","isFullCredit":false},{"lineNumber":77,"author":{"gitId":"LJQ2001"},"content":"        } catch (NumberFormatException e) {","lastModifiedDate":"2025-09-29T01:39:58","isFullCredit":false},{"lineNumber":78,"author":{"gitId":"LJQ2001"},"content":"            throw new DukeException(\"Task number must be a positive integer. Example: \" + action + \" 2\");","lastModifiedDate":"2025-09-29T01:39:58","isFullCredit":false},{"lineNumber":79,"author":{"gitId":"LJQ2001"},"content":"        }","lastModifiedDate":"2025-09-29T01:39:58","isFullCredit":false},{"lineNumber":80,"author":{"gitId":"LJQ2001"},"content":"    }","lastModifiedDate":"2025-09-29T01:39:58","isFullCredit":false},{"lineNumber":81,"author":{"gitId":"LJQ2001"},"content":"","lastModifiedDate":"2025-09-29T01:39:58","isFullCredit":false},{"lineNumber":82,"author":{"gitId":"LJQ2001"},"content":"    private static String[] splitOnKeyword(String text, String keyword) {","lastModifiedDate":"2025-09-29T01:39:58","isFullCredit":false},{"lineNumber":83,"author":{"gitId":"LJQ2001"},"content":"        int idx \u003d text.indexOf(keyword);","lastModifiedDate":"2025-09-29T01:39:58","isFullCredit":false},{"lineNumber":84,"author":{"gitId":"LJQ2001"},"content":"        if (idx \u003d\u003d -1) return new String[]{ text.trim(), null };","lastModifiedDate":"2025-09-29T01:39:58","isFullCredit":false},{"lineNumber":85,"author":{"gitId":"LJQ2001"},"content":"        String left \u003d text.substring(0, idx).trim();","lastModifiedDate":"2025-09-29T01:39:58","isFullCredit":false},{"lineNumber":86,"author":{"gitId":"LJQ2001"},"content":"        String right \u003d text.substring(idx + keyword.length()).trim();","lastModifiedDate":"2025-09-29T01:39:58","isFullCredit":false},{"lineNumber":87,"author":{"gitId":"LJQ2001"},"content":"        return new String[]{ left, right };","lastModifiedDate":"2025-09-29T01:39:58","isFullCredit":false},{"lineNumber":88,"author":{"gitId":"LJQ2001"},"content":"    }","lastModifiedDate":"2025-09-29T01:39:58","isFullCredit":false},{"lineNumber":89,"author":{"gitId":"LJQ2001"},"content":"}","lastModifiedDate":"2025-09-29T01:39:58","isFullCredit":false}],"authorContributionMap":{"LJQ2001":89}},{"path":"src/main/java/resonant/Resonant.java","fileType":"java","lines":[{"lineNumber":1,"author":{"gitId":"LJQ2001"},"content":"package resonant;","lastModifiedDate":"2025-09-13T21:22:30","isFullCredit":false},{"lineNumber":2,"author":{"gitId":"LJQ2001"},"content":"","lastModifiedDate":"2025-09-13T21:22:30","isFullCredit":false},{"lineNumber":3,"author":{"gitId":"LJQ2001"},"content":"import resonant.commands.Command;","lastModifiedDate":"2025-09-29T01:39:58","isFullCredit":false},{"lineNumber":4,"author":{"gitId":"LJQ2001"},"content":"","lastModifiedDate":"2025-09-13T21:22:30","isFullCredit":false},{"lineNumber":5,"author":{"gitId":"LJQ2001"},"content":"public class Resonant {","lastModifiedDate":"2025-09-13T21:22:30","isFullCredit":false},{"lineNumber":6,"author":{"gitId":"LJQ2001"},"content":"","lastModifiedDate":"2025-09-26T17:40:36","isFullCredit":false},{"lineNumber":7,"author":{"gitId":"LJQ2001"},"content":"    private final Storage storage;","lastModifiedDate":"2025-09-29T01:39:58","isFullCredit":false},{"lineNumber":8,"author":{"gitId":"LJQ2001"},"content":"    private TaskList tasks;","lastModifiedDate":"2025-09-29T01:39:58","isFullCredit":false},{"lineNumber":9,"author":{"gitId":"LJQ2001"},"content":"    private final Ui ui;","lastModifiedDate":"2025-09-29T01:39:58","isFullCredit":false},{"lineNumber":10,"author":{"gitId":"LJQ2001"},"content":"","lastModifiedDate":"2025-09-13T21:22:30","isFullCredit":false},{"lineNumber":11,"author":{"gitId":"LJQ2001"},"content":"    public Resonant(String filePath) {","lastModifiedDate":"2025-09-29T01:39:58","isFullCredit":false},{"lineNumber":12,"author":{"gitId":"LJQ2001"},"content":"        ui \u003d new Ui();","lastModifiedDate":"2025-09-29T01:39:58","isFullCredit":false},{"lineNumber":13,"author":{"gitId":"LJQ2001"},"content":"        storage \u003d new Storage(filePath);","lastModifiedDate":"2025-09-29T01:39:58","isFullCredit":false},{"lineNumber":14,"author":{"gitId":"LJQ2001"},"content":"        try {","lastModifiedDate":"2025-09-26T17:29:00","isFullCredit":false},{"lineNumber":15,"author":{"gitId":"LJQ2001"},"content":"            tasks \u003d new TaskList(storage.load());","lastModifiedDate":"2025-09-29T01:39:58","isFullCredit":false},{"lineNumber":16,"author":{"gitId":"LJQ2001"},"content":"        } catch (Exception e) {","lastModifiedDate":"2025-09-29T01:39:58","isFullCredit":false},{"lineNumber":17,"author":{"gitId":"LJQ2001"},"content":"            ui.showLoadingError();","lastModifiedDate":"2025-09-29T01:39:58","isFullCredit":false},{"lineNumber":18,"author":{"gitId":"LJQ2001"},"content":"            tasks \u003d new TaskList();","lastModifiedDate":"2025-09-29T01:39:58","isFullCredit":false},{"lineNumber":19,"author":{"gitId":"LJQ2001"},"content":"        }","lastModifiedDate":"2025-09-13T21:22:30","isFullCredit":false},{"lineNumber":20,"author":{"gitId":"LJQ2001"},"content":"    }","lastModifiedDate":"2025-09-13T21:22:30","isFullCredit":false},{"lineNumber":21,"author":{"gitId":"LJQ2001"},"content":"","lastModifiedDate":"2025-09-09T20:36:13","isFullCredit":false},{"lineNumber":22,"author":{"gitId":"LJQ2001"},"content":"    public void run() {","lastModifiedDate":"2025-09-29T01:39:58","isFullCredit":false},{"lineNumber":23,"author":{"gitId":"LJQ2001"},"content":"        ui.showWelcome();","lastModifiedDate":"2025-09-29T01:39:58","isFullCredit":false},{"lineNumber":24,"author":{"gitId":"LJQ2001"},"content":"        boolean isExit \u003d false;","lastModifiedDate":"2025-09-29T01:39:58","isFullCredit":false},{"lineNumber":25,"author":{"gitId":"LJQ2001"},"content":"        while (!isExit) {","lastModifiedDate":"2025-09-29T01:39:58","isFullCredit":false},{"lineNumber":26,"author":{"gitId":"LJQ2001"},"content":"            try {","lastModifiedDate":"2025-09-16T23:52:03","isFullCredit":false},{"lineNumber":27,"author":{"gitId":"LJQ2001"},"content":"                String fullCommand \u003d ui.readCommand();","lastModifiedDate":"2025-09-29T01:39:58","isFullCredit":false},{"lineNumber":28,"author":{"gitId":"LJQ2001"},"content":"                ui.showLine();","lastModifiedDate":"2025-09-29T01:39:58","isFullCredit":false},{"lineNumber":29,"author":{"gitId":"LJQ2001"},"content":"                Command c \u003d Parser.parse(fullCommand);","lastModifiedDate":"2025-09-29T01:39:58","isFullCredit":false},{"lineNumber":30,"author":{"gitId":"LJQ2001"},"content":"                c.execute(tasks, ui, storage);","lastModifiedDate":"2025-09-29T01:39:58","isFullCredit":false},{"lineNumber":31,"author":{"gitId":"LJQ2001"},"content":"                isExit \u003d c.isExit();","lastModifiedDate":"2025-09-29T01:39:58","isFullCredit":false},{"lineNumber":32,"author":{"gitId":"LJQ2001"},"content":"            } catch (DukeException e) {","lastModifiedDate":"2025-09-16T23:52:03","isFullCredit":false},{"lineNumber":33,"author":{"gitId":"LJQ2001"},"content":"                ui.showError(e.getMessage());","lastModifiedDate":"2025-09-29T01:39:58","isFullCredit":false},{"lineNumber":34,"author":{"gitId":"LJQ2001"},"content":"            } catch (Exception e) {","lastModifiedDate":"2025-09-29T01:39:58","isFullCredit":false},{"lineNumber":35,"author":{"gitId":"LJQ2001"},"content":"                ui.showError(\"Unexpected error: \" + e.getMessage());","lastModifiedDate":"2025-09-29T01:39:58","isFullCredit":false},{"lineNumber":36,"author":{"gitId":"LJQ2001"},"content":"            } finally {","lastModifiedDate":"2025-09-29T01:39:58","isFullCredit":false},{"lineNumber":37,"author":{"gitId":"LJQ2001"},"content":"                ui.showLine();","lastModifiedDate":"2025-09-29T01:39:58","isFullCredit":false},{"lineNumber":38,"author":{"gitId":"LJQ2001"},"content":"            }","lastModifiedDate":"2025-09-26T17:29:00","isFullCredit":false},{"lineNumber":39,"author":{"gitId":"LJQ2001"},"content":"        }","lastModifiedDate":"2025-09-26T17:29:00","isFullCredit":false},{"lineNumber":40,"author":{"gitId":"LJQ2001"},"content":"    }","lastModifiedDate":"2025-09-26T17:29:00","isFullCredit":false},{"lineNumber":41,"author":{"gitId":"LJQ2001"},"content":"}","lastModifiedDate":"2025-09-03T00:17:05","isFullCredit":false}],"authorContributionMap":{"LJQ2001":41}},{"path":"src/main/java/resonant/Storage.java","fileType":"java","lines":[{"lineNumber":1,"author":{"gitId":"LJQ2001"},"content":"package resonant;","lastModifiedDate":"2025-09-29T01:39:58","isFullCredit":false},{"lineNumber":2,"author":{"gitId":"LJQ2001"},"content":"","lastModifiedDate":"2025-09-29T01:39:58","isFullCredit":false},{"lineNumber":3,"author":{"gitId":"LJQ2001"},"content":"import resonant.tasks.Deadline;","lastModifiedDate":"2025-09-29T01:39:58","isFullCredit":false},{"lineNumber":4,"author":{"gitId":"LJQ2001"},"content":"import resonant.tasks.Event;","lastModifiedDate":"2025-09-29T01:39:58","isFullCredit":false},{"lineNumber":5,"author":{"gitId":"LJQ2001"},"content":"import resonant.tasks.Task;","lastModifiedDate":"2025-09-29T01:39:58","isFullCredit":false},{"lineNumber":6,"author":{"gitId":"LJQ2001"},"content":"import resonant.tasks.Todo;","lastModifiedDate":"2025-09-29T01:39:58","isFullCredit":false},{"lineNumber":7,"author":{"gitId":"LJQ2001"},"content":"","lastModifiedDate":"2025-09-29T01:39:58","isFullCredit":false},{"lineNumber":8,"author":{"gitId":"LJQ2001"},"content":"import java.io.IOException;","lastModifiedDate":"2025-09-29T01:39:58","isFullCredit":false},{"lineNumber":9,"author":{"gitId":"LJQ2001"},"content":"import java.nio.charset.StandardCharsets;","lastModifiedDate":"2025-09-29T01:39:58","isFullCredit":false},{"lineNumber":10,"author":{"gitId":"LJQ2001"},"content":"import java.nio.file.*;","lastModifiedDate":"2025-09-29T01:39:58","isFullCredit":false},{"lineNumber":11,"author":{"gitId":"LJQ2001"},"content":"import java.util.ArrayList;","lastModifiedDate":"2025-09-29T01:39:58","isFullCredit":false},{"lineNumber":12,"author":{"gitId":"LJQ2001"},"content":"import java.util.List;","lastModifiedDate":"2025-09-29T01:39:58","isFullCredit":false},{"lineNumber":13,"author":{"gitId":"LJQ2001"},"content":"","lastModifiedDate":"2025-09-29T01:39:58","isFullCredit":false},{"lineNumber":14,"author":{"gitId":"LJQ2001"},"content":"public class Storage {","lastModifiedDate":"2025-09-29T01:39:58","isFullCredit":false},{"lineNumber":15,"author":{"gitId":"LJQ2001"},"content":"    private final Path dataDir;","lastModifiedDate":"2025-09-29T01:39:58","isFullCredit":false},{"lineNumber":16,"author":{"gitId":"LJQ2001"},"content":"    private final Path dataFile;","lastModifiedDate":"2025-09-29T01:39:58","isFullCredit":false},{"lineNumber":17,"author":{"gitId":"LJQ2001"},"content":"","lastModifiedDate":"2025-09-29T01:39:58","isFullCredit":false},{"lineNumber":18,"author":{"gitId":"LJQ2001"},"content":"    public Storage(String filePath) {","lastModifiedDate":"2025-09-29T01:39:58","isFullCredit":false},{"lineNumber":19,"author":{"gitId":"LJQ2001"},"content":"        // keep compatibility with your original relative path","lastModifiedDate":"2025-09-29T01:39:58","isFullCredit":false},{"lineNumber":20,"author":{"gitId":"LJQ2001"},"content":"        this.dataDir \u003d Paths.get(\"data\");","lastModifiedDate":"2025-09-29T01:39:58","isFullCredit":false},{"lineNumber":21,"author":{"gitId":"LJQ2001"},"content":"        this.dataFile \u003d dataDir.resolve(filePath \u003d\u003d null || filePath.isBlank() ? \"resonant.txt\" : filePath);","lastModifiedDate":"2025-09-29T01:39:58","isFullCredit":false},{"lineNumber":22,"author":{"gitId":"LJQ2001"},"content":"    }","lastModifiedDate":"2025-09-29T01:39:58","isFullCredit":false},{"lineNumber":23,"author":{"gitId":"LJQ2001"},"content":"","lastModifiedDate":"2025-09-29T01:39:58","isFullCredit":false},{"lineNumber":24,"author":{"gitId":"LJQ2001"},"content":"    public List\u003cTask\u003e load() throws IOException {","lastModifiedDate":"2025-09-29T01:39:58","isFullCredit":false},{"lineNumber":25,"author":{"gitId":"LJQ2001"},"content":"        if (Files.notExists(dataFile)) {","lastModifiedDate":"2025-09-29T01:39:58","isFullCredit":false},{"lineNumber":26,"author":{"gitId":"LJQ2001"},"content":"            if (Files.notExists(dataDir)) Files.createDirectories(dataDir);","lastModifiedDate":"2025-09-29T01:39:58","isFullCredit":false},{"lineNumber":27,"author":{"gitId":"LJQ2001"},"content":"            return List.of();","lastModifiedDate":"2025-09-29T01:39:58","isFullCredit":false},{"lineNumber":28,"author":{"gitId":"LJQ2001"},"content":"        }","lastModifiedDate":"2025-09-29T01:39:58","isFullCredit":false},{"lineNumber":29,"author":{"gitId":"LJQ2001"},"content":"        List\u003cString\u003e lines \u003d Files.readAllLines(dataFile, StandardCharsets.UTF_8);","lastModifiedDate":"2025-09-29T01:39:58","isFullCredit":false},{"lineNumber":30,"author":{"gitId":"LJQ2001"},"content":"        List\u003cTask\u003e tasks \u003d new ArrayList\u003c\u003e();","lastModifiedDate":"2025-09-29T01:39:58","isFullCredit":false},{"lineNumber":31,"author":{"gitId":"LJQ2001"},"content":"","lastModifiedDate":"2025-09-29T01:39:58","isFullCredit":false},{"lineNumber":32,"author":{"gitId":"LJQ2001"},"content":"        for (String raw : lines) {","lastModifiedDate":"2025-09-29T01:39:58","isFullCredit":false},{"lineNumber":33,"author":{"gitId":"LJQ2001"},"content":"            String line \u003d raw.trim();","lastModifiedDate":"2025-09-29T01:39:58","isFullCredit":false},{"lineNumber":34,"author":{"gitId":"LJQ2001"},"content":"            if (line.isEmpty()) continue;","lastModifiedDate":"2025-09-29T01:39:58","isFullCredit":false},{"lineNumber":35,"author":{"gitId":"LJQ2001"},"content":"","lastModifiedDate":"2025-09-29T01:39:58","isFullCredit":false},{"lineNumber":36,"author":{"gitId":"LJQ2001"},"content":"            // Formats:","lastModifiedDate":"2025-09-29T01:39:58","isFullCredit":false},{"lineNumber":37,"author":{"gitId":"LJQ2001"},"content":"            // T | 1 | desc","lastModifiedDate":"2025-09-29T01:39:58","isFullCredit":false},{"lineNumber":38,"author":{"gitId":"LJQ2001"},"content":"            // D | 0 | desc | by","lastModifiedDate":"2025-09-29T01:39:58","isFullCredit":false},{"lineNumber":39,"author":{"gitId":"LJQ2001"},"content":"            // E | 1 | desc | from | to","lastModifiedDate":"2025-09-29T01:39:58","isFullCredit":false},{"lineNumber":40,"author":{"gitId":"LJQ2001"},"content":"            String[] parts \u003d line.split(\"\\\\|\");","lastModifiedDate":"2025-09-29T01:39:58","isFullCredit":false},{"lineNumber":41,"author":{"gitId":"LJQ2001"},"content":"            if (parts.length \u003c 3) continue;","lastModifiedDate":"2025-09-29T01:39:58","isFullCredit":false},{"lineNumber":42,"author":{"gitId":"LJQ2001"},"content":"","lastModifiedDate":"2025-09-29T01:39:58","isFullCredit":false},{"lineNumber":43,"author":{"gitId":"LJQ2001"},"content":"            try {","lastModifiedDate":"2025-09-29T01:39:58","isFullCredit":false},{"lineNumber":44,"author":{"gitId":"LJQ2001"},"content":"                String type \u003d parts[0].trim();","lastModifiedDate":"2025-09-29T01:39:58","isFullCredit":false},{"lineNumber":45,"author":{"gitId":"LJQ2001"},"content":"                boolean done \u003d \"1\".equals(parts[1].trim());","lastModifiedDate":"2025-09-29T01:39:58","isFullCredit":false},{"lineNumber":46,"author":{"gitId":"LJQ2001"},"content":"                switch (type) {","lastModifiedDate":"2025-09-29T01:39:58","isFullCredit":false},{"lineNumber":47,"author":{"gitId":"LJQ2001"},"content":"                    case \"T\" -\u003e {","lastModifiedDate":"2025-09-29T01:39:58","isFullCredit":false},{"lineNumber":48,"author":{"gitId":"LJQ2001"},"content":"                        String desc \u003d joinRest(parts, 2);","lastModifiedDate":"2025-09-29T01:39:58","isFullCredit":false},{"lineNumber":49,"author":{"gitId":"LJQ2001"},"content":"                        if (!desc.isEmpty()) {","lastModifiedDate":"2025-09-29T01:39:58","isFullCredit":false},{"lineNumber":50,"author":{"gitId":"LJQ2001"},"content":"                            Task t \u003d new Todo(desc);","lastModifiedDate":"2025-09-29T01:39:58","isFullCredit":false},{"lineNumber":51,"author":{"gitId":"LJQ2001"},"content":"                            if (done) t.mark();","lastModifiedDate":"2025-09-29T01:39:58","isFullCredit":false},{"lineNumber":52,"author":{"gitId":"LJQ2001"},"content":"                            tasks.add(t);","lastModifiedDate":"2025-09-29T01:39:58","isFullCredit":false},{"lineNumber":53,"author":{"gitId":"LJQ2001"},"content":"                        }","lastModifiedDate":"2025-09-29T01:39:58","isFullCredit":false},{"lineNumber":54,"author":{"gitId":"LJQ2001"},"content":"                    }","lastModifiedDate":"2025-09-29T01:39:58","isFullCredit":false},{"lineNumber":55,"author":{"gitId":"LJQ2001"},"content":"                    case \"D\" -\u003e {","lastModifiedDate":"2025-09-29T01:39:58","isFullCredit":false},{"lineNumber":56,"author":{"gitId":"LJQ2001"},"content":"                        if (parts.length \u003e\u003d 4) {","lastModifiedDate":"2025-09-29T01:39:58","isFullCredit":false},{"lineNumber":57,"author":{"gitId":"LJQ2001"},"content":"                            String desc \u003d parts[2].trim();","lastModifiedDate":"2025-09-29T01:39:58","isFullCredit":false},{"lineNumber":58,"author":{"gitId":"LJQ2001"},"content":"                            String by \u003d joinRest(parts, 3);","lastModifiedDate":"2025-09-29T01:39:58","isFullCredit":false},{"lineNumber":59,"author":{"gitId":"LJQ2001"},"content":"                            Task t \u003d new Deadline(desc, by);","lastModifiedDate":"2025-09-29T01:39:58","isFullCredit":false},{"lineNumber":60,"author":{"gitId":"LJQ2001"},"content":"                            if (done) t.mark();","lastModifiedDate":"2025-09-29T01:39:58","isFullCredit":false},{"lineNumber":61,"author":{"gitId":"LJQ2001"},"content":"                            tasks.add(t);","lastModifiedDate":"2025-09-29T01:39:58","isFullCredit":false},{"lineNumber":62,"author":{"gitId":"LJQ2001"},"content":"                        }","lastModifiedDate":"2025-09-29T01:39:58","isFullCredit":false},{"lineNumber":63,"author":{"gitId":"LJQ2001"},"content":"                    }","lastModifiedDate":"2025-09-29T01:39:58","isFullCredit":false},{"lineNumber":64,"author":{"gitId":"LJQ2001"},"content":"                    case \"E\" -\u003e {","lastModifiedDate":"2025-09-29T01:39:58","isFullCredit":false},{"lineNumber":65,"author":{"gitId":"LJQ2001"},"content":"                        if (parts.length \u003e\u003d 5) {","lastModifiedDate":"2025-09-29T01:39:58","isFullCredit":false},{"lineNumber":66,"author":{"gitId":"LJQ2001"},"content":"                            String desc \u003d parts[2].trim();","lastModifiedDate":"2025-09-29T01:39:58","isFullCredit":false},{"lineNumber":67,"author":{"gitId":"LJQ2001"},"content":"                            String from \u003d parts[3].trim();","lastModifiedDate":"2025-09-29T01:39:58","isFullCredit":false},{"lineNumber":68,"author":{"gitId":"LJQ2001"},"content":"                            String to \u003d joinRest(parts, 4);","lastModifiedDate":"2025-09-29T01:39:58","isFullCredit":false},{"lineNumber":69,"author":{"gitId":"LJQ2001"},"content":"                            Task t \u003d new Event(desc, from, to);","lastModifiedDate":"2025-09-29T01:39:58","isFullCredit":false},{"lineNumber":70,"author":{"gitId":"LJQ2001"},"content":"                            if (done) t.mark();","lastModifiedDate":"2025-09-29T01:39:58","isFullCredit":false},{"lineNumber":71,"author":{"gitId":"LJQ2001"},"content":"                            tasks.add(t);","lastModifiedDate":"2025-09-29T01:39:58","isFullCredit":false},{"lineNumber":72,"author":{"gitId":"LJQ2001"},"content":"                        }","lastModifiedDate":"2025-09-29T01:39:58","isFullCredit":false},{"lineNumber":73,"author":{"gitId":"LJQ2001"},"content":"                    }","lastModifiedDate":"2025-09-29T01:39:58","isFullCredit":false},{"lineNumber":74,"author":{"gitId":"LJQ2001"},"content":"                    default -\u003e { /* skip unknown */ }","lastModifiedDate":"2025-09-29T01:39:58","isFullCredit":false},{"lineNumber":75,"author":{"gitId":"LJQ2001"},"content":"                }","lastModifiedDate":"2025-09-29T01:39:58","isFullCredit":false},{"lineNumber":76,"author":{"gitId":"LJQ2001"},"content":"            } catch (Exception ignored) { /* skip malformed */ }","lastModifiedDate":"2025-09-29T01:39:58","isFullCredit":false},{"lineNumber":77,"author":{"gitId":"LJQ2001"},"content":"        }","lastModifiedDate":"2025-09-29T01:39:58","isFullCredit":false},{"lineNumber":78,"author":{"gitId":"LJQ2001"},"content":"        return tasks;","lastModifiedDate":"2025-09-29T01:39:58","isFullCredit":false},{"lineNumber":79,"author":{"gitId":"LJQ2001"},"content":"    }","lastModifiedDate":"2025-09-29T01:39:58","isFullCredit":false},{"lineNumber":80,"author":{"gitId":"LJQ2001"},"content":"","lastModifiedDate":"2025-09-29T01:39:58","isFullCredit":false},{"lineNumber":81,"author":{"gitId":"LJQ2001"},"content":"    public void save(List\u003cTask\u003e tasks) throws IOException {","lastModifiedDate":"2025-09-29T01:39:58","isFullCredit":false},{"lineNumber":82,"author":{"gitId":"LJQ2001"},"content":"        if (Files.notExists(dataDir)) Files.createDirectories(dataDir);","lastModifiedDate":"2025-09-29T01:39:58","isFullCredit":false},{"lineNumber":83,"author":{"gitId":"LJQ2001"},"content":"","lastModifiedDate":"2025-09-29T01:39:58","isFullCredit":false},{"lineNumber":84,"author":{"gitId":"LJQ2001"},"content":"        List\u003cString\u003e lines \u003d new ArrayList\u003c\u003e(tasks.size());","lastModifiedDate":"2025-09-29T01:39:58","isFullCredit":false},{"lineNumber":85,"author":{"gitId":"LJQ2001"},"content":"        for (Task t : tasks) {","lastModifiedDate":"2025-09-29T01:39:58","isFullCredit":false},{"lineNumber":86,"author":{"gitId":"LJQ2001"},"content":"            boolean done \u003d t.isDone();","lastModifiedDate":"2025-09-29T01:39:58","isFullCredit":false},{"lineNumber":87,"author":{"gitId":"LJQ2001"},"content":"            if (t instanceof Todo todo) {","lastModifiedDate":"2025-09-29T01:39:58","isFullCredit":false},{"lineNumber":88,"author":{"gitId":"LJQ2001"},"content":"                lines.add(String.join(\" | \", \"T\", done ? \"1\" : \"0\", todo.description()));","lastModifiedDate":"2025-09-29T01:39:58","isFullCredit":false},{"lineNumber":89,"author":{"gitId":"LJQ2001"},"content":"            } else if (t instanceof Deadline d) {","lastModifiedDate":"2025-09-29T01:39:58","isFullCredit":false},{"lineNumber":90,"author":{"gitId":"LJQ2001"},"content":"                lines.add(String.join(\" | \", \"D\", done ? \"1\" : \"0\", d.description(), d.by()));","lastModifiedDate":"2025-09-29T01:39:58","isFullCredit":false},{"lineNumber":91,"author":{"gitId":"LJQ2001"},"content":"            } else if (t instanceof Event e) {","lastModifiedDate":"2025-09-29T01:39:58","isFullCredit":false},{"lineNumber":92,"author":{"gitId":"LJQ2001"},"content":"                lines.add(String.join(\" | \", \"E\", done ? \"1\" : \"0\", e.description(), e.from(), e.to()));","lastModifiedDate":"2025-09-29T01:39:58","isFullCredit":false},{"lineNumber":93,"author":{"gitId":"LJQ2001"},"content":"            } else {","lastModifiedDate":"2025-09-29T01:39:58","isFullCredit":false},{"lineNumber":94,"author":{"gitId":"LJQ2001"},"content":"                lines.add(String.join(\" | \", \"T\", done ? \"1\" : \"0\", t.description()));","lastModifiedDate":"2025-09-29T01:39:58","isFullCredit":false},{"lineNumber":95,"author":{"gitId":"LJQ2001"},"content":"            }","lastModifiedDate":"2025-09-29T01:39:58","isFullCredit":false},{"lineNumber":96,"author":{"gitId":"LJQ2001"},"content":"        }","lastModifiedDate":"2025-09-29T01:39:58","isFullCredit":false},{"lineNumber":97,"author":{"gitId":"LJQ2001"},"content":"        Files.write(dataFile, lines, StandardCharsets.UTF_8, StandardOpenOption.CREATE, StandardOpenOption.TRUNCATE_EXISTING);","lastModifiedDate":"2025-09-29T01:39:58","isFullCredit":false},{"lineNumber":98,"author":{"gitId":"LJQ2001"},"content":"    }","lastModifiedDate":"2025-09-29T01:39:58","isFullCredit":false},{"lineNumber":99,"author":{"gitId":"LJQ2001"},"content":"","lastModifiedDate":"2025-09-29T01:39:58","isFullCredit":false},{"lineNumber":100,"author":{"gitId":"LJQ2001"},"content":"    private static String joinRest(String[] parts, int start) {","lastModifiedDate":"2025-09-29T01:39:58","isFullCredit":false},{"lineNumber":101,"author":{"gitId":"LJQ2001"},"content":"        StringBuilder sb \u003d new StringBuilder();","lastModifiedDate":"2025-09-29T01:39:58","isFullCredit":false},{"lineNumber":102,"author":{"gitId":"LJQ2001"},"content":"        for (int i \u003d start; i \u003c parts.length; i++) {","lastModifiedDate":"2025-09-29T01:39:58","isFullCredit":false},{"lineNumber":103,"author":{"gitId":"LJQ2001"},"content":"            if (i \u003e start) sb.append(\" | \");","lastModifiedDate":"2025-09-29T01:39:58","isFullCredit":false},{"lineNumber":104,"author":{"gitId":"LJQ2001"},"content":"            sb.append(parts[i].trim());","lastModifiedDate":"2025-09-29T01:39:58","isFullCredit":false},{"lineNumber":105,"author":{"gitId":"LJQ2001"},"content":"        }","lastModifiedDate":"2025-09-29T01:39:58","isFullCredit":false},{"lineNumber":106,"author":{"gitId":"LJQ2001"},"content":"        return sb.toString();","lastModifiedDate":"2025-09-29T01:39:58","isFullCredit":false},{"lineNumber":107,"author":{"gitId":"LJQ2001"},"content":"    }","lastModifiedDate":"2025-09-29T01:39:58","isFullCredit":false},{"lineNumber":108,"author":{"gitId":"LJQ2001"},"content":"}","lastModifiedDate":"2025-09-29T01:39:58","isFullCredit":false}],"authorContributionMap":{"LJQ2001":108}},{"path":"src/main/java/resonant/TaskList.java","fileType":"java","lines":[{"lineNumber":1,"author":{"gitId":"LJQ2001"},"content":"package resonant;","lastModifiedDate":"2025-09-29T01:39:58","isFullCredit":false},{"lineNumber":2,"author":{"gitId":"LJQ2001"},"content":"","lastModifiedDate":"2025-09-29T01:39:58","isFullCredit":false},{"lineNumber":3,"author":{"gitId":"LJQ2001"},"content":"import resonant.tasks.Task;","lastModifiedDate":"2025-09-29T01:39:58","isFullCredit":false},{"lineNumber":4,"author":{"gitId":"LJQ2001"},"content":"","lastModifiedDate":"2025-09-29T01:39:58","isFullCredit":false},{"lineNumber":5,"author":{"gitId":"LJQ2001"},"content":"import java.util.ArrayList;","lastModifiedDate":"2025-09-29T01:39:58","isFullCredit":false},{"lineNumber":6,"author":{"gitId":"LJQ2001"},"content":"import java.util.Collections;","lastModifiedDate":"2025-09-29T01:39:58","isFullCredit":false},{"lineNumber":7,"author":{"gitId":"LJQ2001"},"content":"import java.util.List;","lastModifiedDate":"2025-09-29T01:39:58","isFullCredit":false},{"lineNumber":8,"author":{"gitId":"LJQ2001"},"content":"","lastModifiedDate":"2025-09-29T01:39:58","isFullCredit":false},{"lineNumber":9,"author":{"gitId":"LJQ2001"},"content":"public class TaskList {","lastModifiedDate":"2025-09-29T01:39:58","isFullCredit":false},{"lineNumber":10,"author":{"gitId":"LJQ2001"},"content":"    private final List\u003cTask\u003e tasks;","lastModifiedDate":"2025-09-29T01:39:58","isFullCredit":false},{"lineNumber":11,"author":{"gitId":"LJQ2001"},"content":"","lastModifiedDate":"2025-09-29T01:39:58","isFullCredit":false},{"lineNumber":12,"author":{"gitId":"LJQ2001"},"content":"    public TaskList() { this.tasks \u003d new ArrayList\u003c\u003e(); }","lastModifiedDate":"2025-09-29T01:39:58","isFullCredit":false},{"lineNumber":13,"author":{"gitId":"LJQ2001"},"content":"","lastModifiedDate":"2025-09-29T01:39:58","isFullCredit":false},{"lineNumber":14,"author":{"gitId":"LJQ2001"},"content":"    public TaskList(List\u003cTask\u003e initial) {","lastModifiedDate":"2025-09-29T01:39:58","isFullCredit":false},{"lineNumber":15,"author":{"gitId":"LJQ2001"},"content":"        this.tasks \u003d new ArrayList\u003c\u003e(initial \u003d\u003d null ? List.of() : initial);","lastModifiedDate":"2025-09-29T01:39:58","isFullCredit":false},{"lineNumber":16,"author":{"gitId":"LJQ2001"},"content":"    }","lastModifiedDate":"2025-09-29T01:39:58","isFullCredit":false},{"lineNumber":17,"author":{"gitId":"LJQ2001"},"content":"","lastModifiedDate":"2025-09-29T01:39:58","isFullCredit":false},{"lineNumber":18,"author":{"gitId":"LJQ2001"},"content":"    public int size() { return tasks.size(); }","lastModifiedDate":"2025-09-29T01:39:58","isFullCredit":false},{"lineNumber":19,"author":{"gitId":"LJQ2001"},"content":"","lastModifiedDate":"2025-09-29T01:39:58","isFullCredit":false},{"lineNumber":20,"author":{"gitId":"LJQ2001"},"content":"    public Task get(int index1Based) throws DukeException {","lastModifiedDate":"2025-09-29T01:39:58","isFullCredit":false},{"lineNumber":21,"author":{"gitId":"LJQ2001"},"content":"        int i \u003d index1Based - 1;","lastModifiedDate":"2025-09-29T01:39:58","isFullCredit":false},{"lineNumber":22,"author":{"gitId":"LJQ2001"},"content":"        if (i \u003c 0 || i \u003e\u003d tasks.size()) {","lastModifiedDate":"2025-09-29T01:39:58","isFullCredit":false},{"lineNumber":23,"author":{"gitId":"LJQ2001"},"content":"            throw new DukeException(\"Task number \" + index1Based + \" is out of range. You have \" + size() + \" task(s).\");","lastModifiedDate":"2025-09-29T01:39:58","isFullCredit":false},{"lineNumber":24,"author":{"gitId":"LJQ2001"},"content":"        }","lastModifiedDate":"2025-09-29T01:39:58","isFullCredit":false},{"lineNumber":25,"author":{"gitId":"LJQ2001"},"content":"        return tasks.get(i);","lastModifiedDate":"2025-09-29T01:39:58","isFullCredit":false},{"lineNumber":26,"author":{"gitId":"LJQ2001"},"content":"    }","lastModifiedDate":"2025-09-29T01:39:58","isFullCredit":false},{"lineNumber":27,"author":{"gitId":"LJQ2001"},"content":"","lastModifiedDate":"2025-09-29T01:39:58","isFullCredit":false},{"lineNumber":28,"author":{"gitId":"LJQ2001"},"content":"    public void add(Task t) throws DukeException {","lastModifiedDate":"2025-09-29T01:39:58","isFullCredit":false},{"lineNumber":29,"author":{"gitId":"LJQ2001"},"content":"        if (tasks.size() \u003e\u003d 100) {","lastModifiedDate":"2025-09-29T01:39:58","isFullCredit":false},{"lineNumber":30,"author":{"gitId":"LJQ2001"},"content":"            throw new DukeException(\"Your task list is full (100 items). Consider deleting some tasks.\");","lastModifiedDate":"2025-09-29T01:39:58","isFullCredit":false},{"lineNumber":31,"author":{"gitId":"LJQ2001"},"content":"        }","lastModifiedDate":"2025-09-29T01:39:58","isFullCredit":false},{"lineNumber":32,"author":{"gitId":"LJQ2001"},"content":"        tasks.add(t);","lastModifiedDate":"2025-09-29T01:39:58","isFullCredit":false},{"lineNumber":33,"author":{"gitId":"LJQ2001"},"content":"    }","lastModifiedDate":"2025-09-29T01:39:58","isFullCredit":false},{"lineNumber":34,"author":{"gitId":"LJQ2001"},"content":"","lastModifiedDate":"2025-09-29T01:39:58","isFullCredit":false},{"lineNumber":35,"author":{"gitId":"LJQ2001"},"content":"    public Task remove(int index1Based) throws DukeException {","lastModifiedDate":"2025-09-29T01:39:58","isFullCredit":false},{"lineNumber":36,"author":{"gitId":"LJQ2001"},"content":"        Task t \u003d get(index1Based);","lastModifiedDate":"2025-09-29T01:39:58","isFullCredit":false},{"lineNumber":37,"author":{"gitId":"LJQ2001"},"content":"        tasks.remove(index1Based - 1);","lastModifiedDate":"2025-09-29T01:39:58","isFullCredit":false},{"lineNumber":38,"author":{"gitId":"LJQ2001"},"content":"        return t;","lastModifiedDate":"2025-09-29T01:39:58","isFullCredit":false},{"lineNumber":39,"author":{"gitId":"LJQ2001"},"content":"    }","lastModifiedDate":"2025-09-29T01:39:58","isFullCredit":false},{"lineNumber":40,"author":{"gitId":"LJQ2001"},"content":"","lastModifiedDate":"2025-09-29T01:39:58","isFullCredit":false},{"lineNumber":41,"author":{"gitId":"LJQ2001"},"content":"    public List\u003cTask\u003e find(String keyword) {","lastModifiedDate":"2025-09-30T21:50:30","isFullCredit":false},{"lineNumber":42,"author":{"gitId":"LJQ2001"},"content":"        String kw \u003d keyword.toLowerCase();","lastModifiedDate":"2025-09-30T21:50:30","isFullCredit":false},{"lineNumber":43,"author":{"gitId":"LJQ2001"},"content":"        List\u003cTask\u003e out \u003d new ArrayList\u003c\u003e();","lastModifiedDate":"2025-09-30T21:50:30","isFullCredit":false},{"lineNumber":44,"author":{"gitId":"LJQ2001"},"content":"        for (Task t : tasks) {","lastModifiedDate":"2025-09-30T21:50:30","isFullCredit":false},{"lineNumber":45,"author":{"gitId":"LJQ2001"},"content":"            if (t.description().toLowerCase().contains(kw)) {","lastModifiedDate":"2025-09-30T21:50:30","isFullCredit":false},{"lineNumber":46,"author":{"gitId":"LJQ2001"},"content":"                out.add(t);","lastModifiedDate":"2025-09-30T21:50:30","isFullCredit":false},{"lineNumber":47,"author":{"gitId":"LJQ2001"},"content":"            }","lastModifiedDate":"2025-09-30T21:50:30","isFullCredit":false},{"lineNumber":48,"author":{"gitId":"LJQ2001"},"content":"        }","lastModifiedDate":"2025-09-30T21:50:30","isFullCredit":false},{"lineNumber":49,"author":{"gitId":"LJQ2001"},"content":"        return out;","lastModifiedDate":"2025-09-30T21:50:30","isFullCredit":false},{"lineNumber":50,"author":{"gitId":"LJQ2001"},"content":"    }","lastModifiedDate":"2025-09-30T21:50:30","isFullCredit":false},{"lineNumber":51,"author":{"gitId":"LJQ2001"},"content":"","lastModifiedDate":"2025-09-30T21:50:30","isFullCredit":false},{"lineNumber":52,"author":{"gitId":"LJQ2001"},"content":"    public List\u003cTask\u003e asList() { return Collections.unmodifiableList(tasks); }","lastModifiedDate":"2025-09-29T01:39:58","isFullCredit":false},{"lineNumber":53,"author":{"gitId":"LJQ2001"},"content":"}","lastModifiedDate":"2025-09-29T01:39:58","isFullCredit":false}],"authorContributionMap":{"LJQ2001":53}},{"path":"src/main/java/resonant/Ui.java","fileType":"java","lines":[{"lineNumber":1,"author":{"gitId":"LJQ2001"},"content":"package resonant;","lastModifiedDate":"2025-09-29T01:39:58","isFullCredit":false},{"lineNumber":2,"author":{"gitId":"LJQ2001"},"content":"","lastModifiedDate":"2025-09-29T01:39:58","isFullCredit":false},{"lineNumber":3,"author":{"gitId":"LJQ2001"},"content":"import java.util.Scanner;","lastModifiedDate":"2025-09-29T01:39:58","isFullCredit":false},{"lineNumber":4,"author":{"gitId":"LJQ2001"},"content":"","lastModifiedDate":"2025-09-29T01:39:58","isFullCredit":false},{"lineNumber":5,"author":{"gitId":"LJQ2001"},"content":"public class Ui {","lastModifiedDate":"2025-09-29T01:39:58","isFullCredit":false},{"lineNumber":6,"author":{"gitId":"LJQ2001"},"content":"    private final Scanner scanner;","lastModifiedDate":"2025-09-29T01:39:58","isFullCredit":false},{"lineNumber":7,"author":{"gitId":"LJQ2001"},"content":"","lastModifiedDate":"2025-09-29T01:39:58","isFullCredit":false},{"lineNumber":8,"author":{"gitId":"LJQ2001"},"content":"    public Ui() { this.scanner \u003d new Scanner(System.in); }","lastModifiedDate":"2025-09-29T01:39:58","isFullCredit":false},{"lineNumber":9,"author":{"gitId":"LJQ2001"},"content":"","lastModifiedDate":"2025-09-29T01:39:58","isFullCredit":false},{"lineNumber":10,"author":{"gitId":"LJQ2001"},"content":"    public void showWelcome() {","lastModifiedDate":"2025-09-29T01:39:58","isFullCredit":false},{"lineNumber":11,"author":{"gitId":"LJQ2001"},"content":"        box(\" Hello! I\u0027m Resonant\", \" What can I do for you?\");","lastModifiedDate":"2025-09-29T01:39:58","isFullCredit":false},{"lineNumber":12,"author":{"gitId":"LJQ2001"},"content":"    }","lastModifiedDate":"2025-09-29T01:39:58","isFullCredit":false},{"lineNumber":13,"author":{"gitId":"LJQ2001"},"content":"","lastModifiedDate":"2025-09-29T01:39:58","isFullCredit":false},{"lineNumber":14,"author":{"gitId":"LJQ2001"},"content":"    public String readCommand() { return scanner.nextLine().trim(); }","lastModifiedDate":"2025-09-29T01:39:58","isFullCredit":false},{"lineNumber":15,"author":{"gitId":"LJQ2001"},"content":"","lastModifiedDate":"2025-09-29T01:39:58","isFullCredit":false},{"lineNumber":16,"author":{"gitId":"LJQ2001"},"content":"    public void showLine() {","lastModifiedDate":"2025-09-29T01:39:58","isFullCredit":false},{"lineNumber":17,"author":{"gitId":"LJQ2001"},"content":"        System.out.println(\"____________________________________________________________\");","lastModifiedDate":"2025-09-29T01:39:58","isFullCredit":false},{"lineNumber":18,"author":{"gitId":"LJQ2001"},"content":"    }","lastModifiedDate":"2025-09-29T01:39:58","isFullCredit":false},{"lineNumber":19,"author":{"gitId":"LJQ2001"},"content":"","lastModifiedDate":"2025-09-29T01:39:58","isFullCredit":false},{"lineNumber":20,"author":{"gitId":"LJQ2001"},"content":"    public void showError(String message) {","lastModifiedDate":"2025-09-29T01:39:58","isFullCredit":false},{"lineNumber":21,"author":{"gitId":"LJQ2001"},"content":"        box(\" OOPS!!! \" + message);","lastModifiedDate":"2025-09-29T01:39:58","isFullCredit":false},{"lineNumber":22,"author":{"gitId":"LJQ2001"},"content":"    }","lastModifiedDate":"2025-09-29T01:39:58","isFullCredit":false},{"lineNumber":23,"author":{"gitId":"LJQ2001"},"content":"","lastModifiedDate":"2025-09-29T01:39:58","isFullCredit":false},{"lineNumber":24,"author":{"gitId":"LJQ2001"},"content":"    public void showLoadingError() {","lastModifiedDate":"2025-09-29T01:39:58","isFullCredit":false},{"lineNumber":25,"author":{"gitId":"LJQ2001"},"content":"        box(\" OOPS!!! Couldn\u0027t load saved tasks. Starting fresh.\");","lastModifiedDate":"2025-09-29T01:39:58","isFullCredit":false},{"lineNumber":26,"author":{"gitId":"LJQ2001"},"content":"    }","lastModifiedDate":"2025-09-29T01:39:58","isFullCredit":false},{"lineNumber":27,"author":{"gitId":"LJQ2001"},"content":"","lastModifiedDate":"2025-09-29T01:39:58","isFullCredit":false},{"lineNumber":28,"author":{"gitId":"LJQ2001"},"content":"    public void sayGoodbye() {","lastModifiedDate":"2025-09-29T01:39:58","isFullCredit":false},{"lineNumber":29,"author":{"gitId":"LJQ2001"},"content":"        box(\" Bye. Hope to see you again soon!\");","lastModifiedDate":"2025-09-29T01:39:58","isFullCredit":false},{"lineNumber":30,"author":{"gitId":"LJQ2001"},"content":"    }","lastModifiedDate":"2025-09-29T01:39:58","isFullCredit":false},{"lineNumber":31,"author":{"gitId":"LJQ2001"},"content":"","lastModifiedDate":"2025-09-29T01:39:58","isFullCredit":false},{"lineNumber":32,"author":{"gitId":"LJQ2001"},"content":"    public void box(String... lines) {","lastModifiedDate":"2025-09-29T01:39:58","isFullCredit":false},{"lineNumber":33,"author":{"gitId":"LJQ2001"},"content":"        showLine();","lastModifiedDate":"2025-09-29T01:39:58","isFullCredit":false},{"lineNumber":34,"author":{"gitId":"LJQ2001"},"content":"        for (String line : lines) System.out.println(line);","lastModifiedDate":"2025-09-29T01:39:58","isFullCredit":false},{"lineNumber":35,"author":{"gitId":"LJQ2001"},"content":"        showLine();","lastModifiedDate":"2025-09-29T01:39:58","isFullCredit":false},{"lineNumber":36,"author":{"gitId":"LJQ2001"},"content":"    }","lastModifiedDate":"2025-09-29T01:39:58","isFullCredit":false},{"lineNumber":37,"author":{"gitId":"LJQ2001"},"content":"}","lastModifiedDate":"2025-09-29T01:39:58","isFullCredit":false}],"authorContributionMap":{"LJQ2001":37}},{"path":"src/main/java/resonant/commands/AddDeadlineCommand.java","fileType":"java","lines":[{"lineNumber":1,"author":{"gitId":"LJQ2001"},"content":"package resonant.commands;","lastModifiedDate":"2025-09-29T01:39:58","isFullCredit":false},{"lineNumber":2,"author":{"gitId":"LJQ2001"},"content":"","lastModifiedDate":"2025-09-29T01:39:58","isFullCredit":false},{"lineNumber":3,"author":{"gitId":"LJQ2001"},"content":"import resonant.*;","lastModifiedDate":"2025-09-29T01:39:58","isFullCredit":false},{"lineNumber":4,"author":{"gitId":"LJQ2001"},"content":"import resonant.tasks.Deadline;","lastModifiedDate":"2025-09-29T01:39:58","isFullCredit":false},{"lineNumber":5,"author":{"gitId":"LJQ2001"},"content":"","lastModifiedDate":"2025-09-29T01:39:58","isFullCredit":false},{"lineNumber":6,"author":{"gitId":"LJQ2001"},"content":"public class AddDeadlineCommand extends Command {","lastModifiedDate":"2025-09-29T01:39:58","isFullCredit":false},{"lineNumber":7,"author":{"gitId":"LJQ2001"},"content":"    private final String desc;","lastModifiedDate":"2025-09-29T01:39:58","isFullCredit":false},{"lineNumber":8,"author":{"gitId":"LJQ2001"},"content":"    private final String by;","lastModifiedDate":"2025-09-29T01:39:58","isFullCredit":false},{"lineNumber":9,"author":{"gitId":"LJQ2001"},"content":"","lastModifiedDate":"2025-09-29T01:39:58","isFullCredit":false},{"lineNumber":10,"author":{"gitId":"LJQ2001"},"content":"    public AddDeadlineCommand(String desc, String by) {","lastModifiedDate":"2025-09-29T01:39:58","isFullCredit":false},{"lineNumber":11,"author":{"gitId":"LJQ2001"},"content":"        this.desc \u003d desc; this.by \u003d by;","lastModifiedDate":"2025-09-29T01:39:58","isFullCredit":false},{"lineNumber":12,"author":{"gitId":"LJQ2001"},"content":"    }","lastModifiedDate":"2025-09-29T01:39:58","isFullCredit":false},{"lineNumber":13,"author":{"gitId":"LJQ2001"},"content":"","lastModifiedDate":"2025-09-29T01:39:58","isFullCredit":false},{"lineNumber":14,"author":{"gitId":"LJQ2001"},"content":"    @Override","lastModifiedDate":"2025-09-29T01:39:58","isFullCredit":false},{"lineNumber":15,"author":{"gitId":"LJQ2001"},"content":"    public void execute(TaskList tasks, Ui ui, Storage storage) throws Exception {","lastModifiedDate":"2025-09-29T01:39:58","isFullCredit":false},{"lineNumber":16,"author":{"gitId":"LJQ2001"},"content":"        if (desc \u003d\u003d null || desc.isBlank())","lastModifiedDate":"2025-09-29T01:39:58","isFullCredit":false},{"lineNumber":17,"author":{"gitId":"LJQ2001"},"content":"            throw new DukeException(\"Deadline description cannot be empty.\");","lastModifiedDate":"2025-09-29T01:39:58","isFullCredit":false},{"lineNumber":18,"author":{"gitId":"LJQ2001"},"content":"        if (by \u003d\u003d null || by.isBlank())","lastModifiedDate":"2025-09-29T01:39:58","isFullCredit":false},{"lineNumber":19,"author":{"gitId":"LJQ2001"},"content":"            throw new DukeException(\"Missing \u0027/by\u0027. Usage: deadline \u003cdesc\u003e /by \u003cwhen\u003e\");","lastModifiedDate":"2025-09-29T01:39:58","isFullCredit":false},{"lineNumber":20,"author":{"gitId":"LJQ2001"},"content":"","lastModifiedDate":"2025-09-29T01:39:58","isFullCredit":false},{"lineNumber":21,"author":{"gitId":"LJQ2001"},"content":"        tasks.add(new Deadline(desc, by));","lastModifiedDate":"2025-09-29T01:39:58","isFullCredit":false},{"lineNumber":22,"author":{"gitId":"LJQ2001"},"content":"        storage.save(tasks.asList());","lastModifiedDate":"2025-09-29T01:39:58","isFullCredit":false},{"lineNumber":23,"author":{"gitId":"LJQ2001"},"content":"        ui.box(\" Got it. I\u0027ve added this task:\",","lastModifiedDate":"2025-09-29T01:39:58","isFullCredit":false},{"lineNumber":24,"author":{"gitId":"LJQ2001"},"content":"                \"   \" + tasks.get(tasks.size()).toString(),","lastModifiedDate":"2025-09-29T01:39:58","isFullCredit":false},{"lineNumber":25,"author":{"gitId":"LJQ2001"},"content":"                \" Now you have \" + tasks.size() + (tasks.size() \u003d\u003d 1 ? \" task\" : \" tasks\") + \" in the list.\");","lastModifiedDate":"2025-09-29T01:39:58","isFullCredit":false},{"lineNumber":26,"author":{"gitId":"LJQ2001"},"content":"    }","lastModifiedDate":"2025-09-29T01:39:58","isFullCredit":false},{"lineNumber":27,"author":{"gitId":"LJQ2001"},"content":"}","lastModifiedDate":"2025-09-29T01:39:58","isFullCredit":false}],"authorContributionMap":{"LJQ2001":27}},{"path":"src/main/java/resonant/commands/AddEventCommand.java","fileType":"java","lines":[{"lineNumber":1,"author":{"gitId":"LJQ2001"},"content":"package resonant.commands;","lastModifiedDate":"2025-09-29T01:39:58","isFullCredit":false},{"lineNumber":2,"author":{"gitId":"LJQ2001"},"content":"","lastModifiedDate":"2025-09-29T01:39:58","isFullCredit":false},{"lineNumber":3,"author":{"gitId":"LJQ2001"},"content":"import resonant.*;","lastModifiedDate":"2025-09-29T01:39:58","isFullCredit":false},{"lineNumber":4,"author":{"gitId":"LJQ2001"},"content":"import resonant.tasks.Event;","lastModifiedDate":"2025-09-29T01:39:58","isFullCredit":false},{"lineNumber":5,"author":{"gitId":"LJQ2001"},"content":"","lastModifiedDate":"2025-09-29T01:39:58","isFullCredit":false},{"lineNumber":6,"author":{"gitId":"LJQ2001"},"content":"public class AddEventCommand extends Command {","lastModifiedDate":"2025-09-29T01:39:58","isFullCredit":false},{"lineNumber":7,"author":{"gitId":"LJQ2001"},"content":"    private final String desc, from, to;","lastModifiedDate":"2025-09-29T01:39:58","isFullCredit":false},{"lineNumber":8,"author":{"gitId":"LJQ2001"},"content":"","lastModifiedDate":"2025-09-29T01:39:58","isFullCredit":false},{"lineNumber":9,"author":{"gitId":"LJQ2001"},"content":"    public AddEventCommand(String desc, String from, String to) {","lastModifiedDate":"2025-09-29T01:39:58","isFullCredit":false},{"lineNumber":10,"author":{"gitId":"LJQ2001"},"content":"        this.desc \u003d desc; this.from \u003d from; this.to \u003d to;","lastModifiedDate":"2025-09-29T01:39:58","isFullCredit":false},{"lineNumber":11,"author":{"gitId":"LJQ2001"},"content":"    }","lastModifiedDate":"2025-09-29T01:39:58","isFullCredit":false},{"lineNumber":12,"author":{"gitId":"LJQ2001"},"content":"","lastModifiedDate":"2025-09-29T01:39:58","isFullCredit":false},{"lineNumber":13,"author":{"gitId":"LJQ2001"},"content":"    @Override","lastModifiedDate":"2025-09-29T01:39:58","isFullCredit":false},{"lineNumber":14,"author":{"gitId":"LJQ2001"},"content":"    public void execute(TaskList tasks, Ui ui, Storage storage) throws Exception {","lastModifiedDate":"2025-09-29T01:39:58","isFullCredit":false},{"lineNumber":15,"author":{"gitId":"LJQ2001"},"content":"        if (desc \u003d\u003d null || desc.isBlank())","lastModifiedDate":"2025-09-29T01:39:58","isFullCredit":false},{"lineNumber":16,"author":{"gitId":"LJQ2001"},"content":"            throw new DukeException(\"Event description cannot be empty.\");","lastModifiedDate":"2025-09-29T01:39:58","isFullCredit":false},{"lineNumber":17,"author":{"gitId":"LJQ2001"},"content":"        if (from \u003d\u003d null || from.isBlank())","lastModifiedDate":"2025-09-29T01:39:58","isFullCredit":false},{"lineNumber":18,"author":{"gitId":"LJQ2001"},"content":"            throw new DukeException(\"Missing \u0027/from\u0027. Usage: event \u003cdesc\u003e /from \u003cstart\u003e /to \u003cend\u003e\");","lastModifiedDate":"2025-09-29T01:39:58","isFullCredit":false},{"lineNumber":19,"author":{"gitId":"LJQ2001"},"content":"        if (to \u003d\u003d null || to.isBlank())","lastModifiedDate":"2025-09-29T01:39:58","isFullCredit":false},{"lineNumber":20,"author":{"gitId":"LJQ2001"},"content":"            throw new DukeException(\"Missing \u0027/to\u0027. Usage: event \u003cdesc\u003e /from \u003cstart\u003e /to \u003cend\u003e\");","lastModifiedDate":"2025-09-29T01:39:58","isFullCredit":false},{"lineNumber":21,"author":{"gitId":"LJQ2001"},"content":"","lastModifiedDate":"2025-09-29T01:39:58","isFullCredit":false},{"lineNumber":22,"author":{"gitId":"LJQ2001"},"content":"        tasks.add(new Event(desc, from, to));","lastModifiedDate":"2025-09-29T01:39:58","isFullCredit":false},{"lineNumber":23,"author":{"gitId":"LJQ2001"},"content":"        storage.save(tasks.asList());","lastModifiedDate":"2025-09-29T01:39:58","isFullCredit":false},{"lineNumber":24,"author":{"gitId":"LJQ2001"},"content":"        ui.box(\" Got it. I\u0027ve added this task:\",","lastModifiedDate":"2025-09-29T01:39:58","isFullCredit":false},{"lineNumber":25,"author":{"gitId":"LJQ2001"},"content":"                \"   \" + tasks.get(tasks.size()).toString(),","lastModifiedDate":"2025-09-29T01:39:58","isFullCredit":false},{"lineNumber":26,"author":{"gitId":"LJQ2001"},"content":"                \" Now you have \" + tasks.size() + (tasks.size() \u003d\u003d 1 ? \" task\" : \" tasks\") + \" in the list.\");","lastModifiedDate":"2025-09-29T01:39:58","isFullCredit":false},{"lineNumber":27,"author":{"gitId":"LJQ2001"},"content":"    }","lastModifiedDate":"2025-09-29T01:39:58","isFullCredit":false},{"lineNumber":28,"author":{"gitId":"LJQ2001"},"content":"}","lastModifiedDate":"2025-09-29T01:39:58","isFullCredit":false}],"authorContributionMap":{"LJQ2001":28}},{"path":"src/main/java/resonant/commands/AddTodoCommand.java","fileType":"java","lines":[{"lineNumber":1,"author":{"gitId":"LJQ2001"},"content":"package resonant.commands;","lastModifiedDate":"2025-09-29T01:39:58","isFullCredit":false},{"lineNumber":2,"author":{"gitId":"LJQ2001"},"content":"","lastModifiedDate":"2025-09-29T01:39:58","isFullCredit":false},{"lineNumber":3,"author":{"gitId":"LJQ2001"},"content":"import resonant.*;","lastModifiedDate":"2025-09-29T01:39:58","isFullCredit":false},{"lineNumber":4,"author":{"gitId":"LJQ2001"},"content":"import resonant.tasks.Todo;","lastModifiedDate":"2025-09-29T01:39:58","isFullCredit":false},{"lineNumber":5,"author":{"gitId":"LJQ2001"},"content":"","lastModifiedDate":"2025-09-29T01:39:58","isFullCredit":false},{"lineNumber":6,"author":{"gitId":"LJQ2001"},"content":"public class AddTodoCommand extends Command {","lastModifiedDate":"2025-09-29T01:39:58","isFullCredit":false},{"lineNumber":7,"author":{"gitId":"LJQ2001"},"content":"    private final String desc;","lastModifiedDate":"2025-09-29T01:39:58","isFullCredit":false},{"lineNumber":8,"author":{"gitId":"LJQ2001"},"content":"    public AddTodoCommand(String desc) { this.desc \u003d desc; }","lastModifiedDate":"2025-09-29T01:39:58","isFullCredit":false},{"lineNumber":9,"author":{"gitId":"LJQ2001"},"content":"","lastModifiedDate":"2025-09-29T01:39:58","isFullCredit":false},{"lineNumber":10,"author":{"gitId":"LJQ2001"},"content":"    @Override","lastModifiedDate":"2025-09-29T01:39:58","isFullCredit":false},{"lineNumber":11,"author":{"gitId":"LJQ2001"},"content":"    public void execute(TaskList tasks, Ui ui, Storage storage) throws Exception {","lastModifiedDate":"2025-09-29T01:39:58","isFullCredit":false},{"lineNumber":12,"author":{"gitId":"LJQ2001"},"content":"        if (desc \u003d\u003d null || desc.isBlank()) {","lastModifiedDate":"2025-09-29T01:39:58","isFullCredit":false},{"lineNumber":13,"author":{"gitId":"LJQ2001"},"content":"            throw new DukeException(\"A todo needs a description. Usage: todo \u003cdesc\u003e\");","lastModifiedDate":"2025-09-29T01:39:58","isFullCredit":false},{"lineNumber":14,"author":{"gitId":"LJQ2001"},"content":"        }","lastModifiedDate":"2025-09-29T01:39:58","isFullCredit":false},{"lineNumber":15,"author":{"gitId":"LJQ2001"},"content":"        tasks.add(new Todo(desc));","lastModifiedDate":"2025-09-29T01:39:58","isFullCredit":false},{"lineNumber":16,"author":{"gitId":"LJQ2001"},"content":"        storage.save(tasks.asList());","lastModifiedDate":"2025-09-29T01:39:58","isFullCredit":false},{"lineNumber":17,"author":{"gitId":"LJQ2001"},"content":"        ui.box(\" Got it. I\u0027ve added this task:\",","lastModifiedDate":"2025-09-29T01:39:58","isFullCredit":false},{"lineNumber":18,"author":{"gitId":"LJQ2001"},"content":"                \"   \" + tasks.get(tasks.size()).toString(),","lastModifiedDate":"2025-09-29T01:39:58","isFullCredit":false},{"lineNumber":19,"author":{"gitId":"LJQ2001"},"content":"                \" Now you have \" + tasks.size() + (tasks.size() \u003d\u003d 1 ? \" task\" : \" tasks\") + \" in the list.\");","lastModifiedDate":"2025-09-29T01:39:58","isFullCredit":false},{"lineNumber":20,"author":{"gitId":"LJQ2001"},"content":"    }","lastModifiedDate":"2025-09-29T01:39:58","isFullCredit":false},{"lineNumber":21,"author":{"gitId":"LJQ2001"},"content":"}","lastModifiedDate":"2025-09-29T01:39:58","isFullCredit":false}],"authorContributionMap":{"LJQ2001":21}},{"path":"src/main/java/resonant/commands/Command.java","fileType":"java","lines":[{"lineNumber":1,"author":{"gitId":"LJQ2001"},"content":"package resonant.commands;","lastModifiedDate":"2025-09-29T01:39:58","isFullCredit":false},{"lineNumber":2,"author":{"gitId":"LJQ2001"},"content":"","lastModifiedDate":"2025-09-29T01:39:58","isFullCredit":false},{"lineNumber":3,"author":{"gitId":"LJQ2001"},"content":"import resonant.*;","lastModifiedDate":"2025-09-29T01:39:58","isFullCredit":false},{"lineNumber":4,"author":{"gitId":"LJQ2001"},"content":"","lastModifiedDate":"2025-09-29T01:39:58","isFullCredit":false},{"lineNumber":5,"author":{"gitId":"LJQ2001"},"content":"public abstract class Command {","lastModifiedDate":"2025-09-29T01:39:58","isFullCredit":false},{"lineNumber":6,"author":{"gitId":"LJQ2001"},"content":"    public abstract void execute(TaskList tasks, Ui ui, Storage storage) throws Exception;","lastModifiedDate":"2025-09-29T01:39:58","isFullCredit":false},{"lineNumber":7,"author":{"gitId":"LJQ2001"},"content":"    public boolean isExit() { return false; }","lastModifiedDate":"2025-09-29T01:39:58","isFullCredit":false},{"lineNumber":8,"author":{"gitId":"LJQ2001"},"content":"}","lastModifiedDate":"2025-09-29T01:39:58","isFullCredit":false}],"authorContributionMap":{"LJQ2001":8}},{"path":"src/main/java/resonant/commands/DeleteCommand.java","fileType":"java","lines":[{"lineNumber":1,"author":{"gitId":"LJQ2001"},"content":"package resonant.commands;","lastModifiedDate":"2025-09-29T01:39:58","isFullCredit":false},{"lineNumber":2,"author":{"gitId":"LJQ2001"},"content":"","lastModifiedDate":"2025-09-29T01:39:58","isFullCredit":false},{"lineNumber":3,"author":{"gitId":"LJQ2001"},"content":"import resonant.*;","lastModifiedDate":"2025-09-29T01:39:58","isFullCredit":false},{"lineNumber":4,"author":{"gitId":"LJQ2001"},"content":"","lastModifiedDate":"2025-09-29T01:39:58","isFullCredit":false},{"lineNumber":5,"author":{"gitId":"LJQ2001"},"content":"public class DeleteCommand extends Command {","lastModifiedDate":"2025-09-29T01:39:58","isFullCredit":false},{"lineNumber":6,"author":{"gitId":"LJQ2001"},"content":"    private final int index1Based;","lastModifiedDate":"2025-09-29T01:39:58","isFullCredit":false},{"lineNumber":7,"author":{"gitId":"LJQ2001"},"content":"    public DeleteCommand(int index1Based) { this.index1Based \u003d index1Based; }","lastModifiedDate":"2025-09-29T01:39:58","isFullCredit":false},{"lineNumber":8,"author":{"gitId":"LJQ2001"},"content":"","lastModifiedDate":"2025-09-29T01:39:58","isFullCredit":false},{"lineNumber":9,"author":{"gitId":"LJQ2001"},"content":"    @Override","lastModifiedDate":"2025-09-29T01:39:58","isFullCredit":false},{"lineNumber":10,"author":{"gitId":"LJQ2001"},"content":"    public void execute(TaskList tasks, Ui ui, Storage storage) throws Exception {","lastModifiedDate":"2025-09-29T01:39:58","isFullCredit":false},{"lineNumber":11,"author":{"gitId":"LJQ2001"},"content":"        var removed \u003d tasks.remove(index1Based);","lastModifiedDate":"2025-09-29T01:39:58","isFullCredit":false},{"lineNumber":12,"author":{"gitId":"LJQ2001"},"content":"        storage.save(tasks.asList());","lastModifiedDate":"2025-09-29T01:39:58","isFullCredit":false},{"lineNumber":13,"author":{"gitId":"LJQ2001"},"content":"        int n \u003d tasks.size();","lastModifiedDate":"2025-09-29T01:39:58","isFullCredit":false},{"lineNumber":14,"author":{"gitId":"LJQ2001"},"content":"        ui.box(\" Noted. I\u0027ve removed this task:\",","lastModifiedDate":"2025-09-29T01:39:58","isFullCredit":false},{"lineNumber":15,"author":{"gitId":"LJQ2001"},"content":"                \"   \" + removed,","lastModifiedDate":"2025-09-29T01:39:58","isFullCredit":false},{"lineNumber":16,"author":{"gitId":"LJQ2001"},"content":"                \" Now you have \" + n + \" \" + (n \u003d\u003d 1 ? \"task\" : \"tasks\") + \" in the list.\");","lastModifiedDate":"2025-09-29T01:39:58","isFullCredit":false},{"lineNumber":17,"author":{"gitId":"LJQ2001"},"content":"    }","lastModifiedDate":"2025-09-29T01:39:58","isFullCredit":false},{"lineNumber":18,"author":{"gitId":"LJQ2001"},"content":"}","lastModifiedDate":"2025-09-29T01:39:58","isFullCredit":false}],"authorContributionMap":{"LJQ2001":18}},{"path":"src/main/java/resonant/commands/ExitCommand.java","fileType":"java","lines":[{"lineNumber":1,"author":{"gitId":"LJQ2001"},"content":"package resonant.commands;","lastModifiedDate":"2025-09-29T01:39:58","isFullCredit":false},{"lineNumber":2,"author":{"gitId":"LJQ2001"},"content":"","lastModifiedDate":"2025-09-29T01:39:58","isFullCredit":false},{"lineNumber":3,"author":{"gitId":"LJQ2001"},"content":"import resonant.*;","lastModifiedDate":"2025-09-29T01:39:58","isFullCredit":false},{"lineNumber":4,"author":{"gitId":"LJQ2001"},"content":"","lastModifiedDate":"2025-09-29T01:39:58","isFullCredit":false},{"lineNumber":5,"author":{"gitId":"LJQ2001"},"content":"public class ExitCommand extends Command {","lastModifiedDate":"2025-09-29T01:39:58","isFullCredit":false},{"lineNumber":6,"author":{"gitId":"LJQ2001"},"content":"    @Override","lastModifiedDate":"2025-09-29T01:39:58","isFullCredit":false},{"lineNumber":7,"author":{"gitId":"LJQ2001"},"content":"    public void execute(TaskList tasks, Ui ui, Storage storage) {","lastModifiedDate":"2025-09-29T01:39:58","isFullCredit":false},{"lineNumber":8,"author":{"gitId":"LJQ2001"},"content":"        ui.sayGoodbye();","lastModifiedDate":"2025-09-29T01:39:58","isFullCredit":false},{"lineNumber":9,"author":{"gitId":"LJQ2001"},"content":"    }","lastModifiedDate":"2025-09-29T01:39:58","isFullCredit":false},{"lineNumber":10,"author":{"gitId":"LJQ2001"},"content":"    @Override","lastModifiedDate":"2025-09-29T01:39:58","isFullCredit":false},{"lineNumber":11,"author":{"gitId":"LJQ2001"},"content":"    public boolean isExit() { return true; }","lastModifiedDate":"2025-09-29T01:39:58","isFullCredit":false},{"lineNumber":12,"author":{"gitId":"LJQ2001"},"content":"}","lastModifiedDate":"2025-09-29T01:39:58","isFullCredit":false}],"authorContributionMap":{"LJQ2001":12}},{"path":"src/main/java/resonant/commands/FindCommand.java","fileType":"java","lines":[{"lineNumber":1,"author":{"gitId":"LJQ2001"},"content":"package resonant.commands;","lastModifiedDate":"2025-09-30T21:50:30","isFullCredit":false},{"lineNumber":2,"author":{"gitId":"LJQ2001"},"content":"","lastModifiedDate":"2025-09-30T21:50:30","isFullCredit":false},{"lineNumber":3,"author":{"gitId":"LJQ2001"},"content":"import resonant.TaskList;","lastModifiedDate":"2025-09-30T21:50:30","isFullCredit":false},{"lineNumber":4,"author":{"gitId":"LJQ2001"},"content":"import resonant.Ui;","lastModifiedDate":"2025-09-30T21:50:30","isFullCredit":false},{"lineNumber":5,"author":{"gitId":"LJQ2001"},"content":"import resonant.Storage;","lastModifiedDate":"2025-09-30T21:50:30","isFullCredit":false},{"lineNumber":6,"author":{"gitId":"LJQ2001"},"content":"import resonant.DukeException;","lastModifiedDate":"2025-09-30T21:50:30","isFullCredit":false},{"lineNumber":7,"author":{"gitId":"LJQ2001"},"content":"import resonant.tasks.Task;","lastModifiedDate":"2025-09-30T21:50:30","isFullCredit":false},{"lineNumber":8,"author":{"gitId":"LJQ2001"},"content":"","lastModifiedDate":"2025-09-30T21:50:30","isFullCredit":false},{"lineNumber":9,"author":{"gitId":"LJQ2001"},"content":"import java.util.List;","lastModifiedDate":"2025-09-30T21:50:30","isFullCredit":false},{"lineNumber":10,"author":{"gitId":"LJQ2001"},"content":"","lastModifiedDate":"2025-09-30T21:50:30","isFullCredit":false},{"lineNumber":11,"author":{"gitId":"LJQ2001"},"content":"public class FindCommand extends Command {","lastModifiedDate":"2025-09-30T21:50:30","isFullCredit":false},{"lineNumber":12,"author":{"gitId":"LJQ2001"},"content":"    private final String keyword;","lastModifiedDate":"2025-09-30T21:50:30","isFullCredit":false},{"lineNumber":13,"author":{"gitId":"LJQ2001"},"content":"","lastModifiedDate":"2025-09-30T21:50:30","isFullCredit":false},{"lineNumber":14,"author":{"gitId":"LJQ2001"},"content":"    public FindCommand(String keyword) {","lastModifiedDate":"2025-09-30T21:50:30","isFullCredit":false},{"lineNumber":15,"author":{"gitId":"LJQ2001"},"content":"        this.keyword \u003d keyword;","lastModifiedDate":"2025-09-30T21:50:30","isFullCredit":false},{"lineNumber":16,"author":{"gitId":"LJQ2001"},"content":"    }","lastModifiedDate":"2025-09-30T21:50:30","isFullCredit":false},{"lineNumber":17,"author":{"gitId":"LJQ2001"},"content":"","lastModifiedDate":"2025-09-30T21:50:30","isFullCredit":false},{"lineNumber":18,"author":{"gitId":"LJQ2001"},"content":"    @Override","lastModifiedDate":"2025-09-30T21:50:30","isFullCredit":false},{"lineNumber":19,"author":{"gitId":"LJQ2001"},"content":"    public void execute(TaskList tasks, Ui ui, Storage storage) throws DukeException {","lastModifiedDate":"2025-09-30T21:50:30","isFullCredit":false},{"lineNumber":20,"author":{"gitId":"LJQ2001"},"content":"        if (keyword \u003d\u003d null || keyword.isBlank()) {","lastModifiedDate":"2025-09-30T21:50:30","isFullCredit":false},{"lineNumber":21,"author":{"gitId":"LJQ2001"},"content":"            throw new DukeException(\"Provide a keyword. Usage: find \u003ckeyword\u003e\");","lastModifiedDate":"2025-09-30T21:50:30","isFullCredit":false},{"lineNumber":22,"author":{"gitId":"LJQ2001"},"content":"        }","lastModifiedDate":"2025-09-30T21:50:30","isFullCredit":false},{"lineNumber":23,"author":{"gitId":"LJQ2001"},"content":"","lastModifiedDate":"2025-09-30T21:50:30","isFullCredit":false},{"lineNumber":24,"author":{"gitId":"LJQ2001"},"content":"        List\u003cTask\u003e matches \u003d tasks.find(keyword);","lastModifiedDate":"2025-09-30T21:50:30","isFullCredit":false},{"lineNumber":25,"author":{"gitId":"LJQ2001"},"content":"        if (matches.isEmpty()) {","lastModifiedDate":"2025-09-30T21:50:30","isFullCredit":false},{"lineNumber":26,"author":{"gitId":"LJQ2001"},"content":"            ui.box(\" No matching tasks found for \\\"\" + keyword + \"\\\".\");","lastModifiedDate":"2025-09-30T21:50:30","isFullCredit":false},{"lineNumber":27,"author":{"gitId":"LJQ2001"},"content":"            return;","lastModifiedDate":"2025-09-30T21:50:30","isFullCredit":false},{"lineNumber":28,"author":{"gitId":"LJQ2001"},"content":"        }","lastModifiedDate":"2025-09-30T21:50:30","isFullCredit":false},{"lineNumber":29,"author":{"gitId":"LJQ2001"},"content":"","lastModifiedDate":"2025-09-30T21:50:30","isFullCredit":false},{"lineNumber":30,"author":{"gitId":"LJQ2001"},"content":"        StringBuilder sb \u003d new StringBuilder(\" Here are the matching tasks in your list:\");","lastModifiedDate":"2025-09-30T21:50:30","isFullCredit":false},{"lineNumber":31,"author":{"gitId":"LJQ2001"},"content":"        int i \u003d 1;","lastModifiedDate":"2025-09-30T21:50:30","isFullCredit":false},{"lineNumber":32,"author":{"gitId":"LJQ2001"},"content":"        for (Task t : matches) {","lastModifiedDate":"2025-09-30T21:50:30","isFullCredit":false},{"lineNumber":33,"author":{"gitId":"LJQ2001"},"content":"            sb.append(\u0027\\n\u0027).append(\u0027 \u0027).append(i++).append(\u0027.\u0027).append(t);","lastModifiedDate":"2025-09-30T21:50:30","isFullCredit":false},{"lineNumber":34,"author":{"gitId":"LJQ2001"},"content":"        }","lastModifiedDate":"2025-09-30T21:50:30","isFullCredit":false},{"lineNumber":35,"author":{"gitId":"LJQ2001"},"content":"        ui.box(sb.toString());","lastModifiedDate":"2025-09-30T21:50:30","isFullCredit":false},{"lineNumber":36,"author":{"gitId":"LJQ2001"},"content":"    }","lastModifiedDate":"2025-09-30T21:50:30","isFullCredit":false},{"lineNumber":37,"author":{"gitId":"LJQ2001"},"content":"}","lastModifiedDate":"2025-09-30T21:50:30","isFullCredit":false}],"authorContributionMap":{"LJQ2001":37}},{"path":"src/main/java/resonant/commands/ListCommand.java","fileType":"java","lines":[{"lineNumber":1,"author":{"gitId":"LJQ2001"},"content":"package resonant.commands;","lastModifiedDate":"2025-09-29T01:39:58","isFullCredit":false},{"lineNumber":2,"author":{"gitId":"LJQ2001"},"content":"","lastModifiedDate":"2025-09-29T01:39:58","isFullCredit":false},{"lineNumber":3,"author":{"gitId":"LJQ2001"},"content":"import resonant.TaskList;","lastModifiedDate":"2025-09-29T01:39:58","isFullCredit":false},{"lineNumber":4,"author":{"gitId":"LJQ2001"},"content":"import resonant.Ui;","lastModifiedDate":"2025-09-29T01:39:58","isFullCredit":false},{"lineNumber":5,"author":{"gitId":"LJQ2001"},"content":"import resonant.Storage;","lastModifiedDate":"2025-09-29T01:39:58","isFullCredit":false},{"lineNumber":6,"author":{"gitId":"LJQ2001"},"content":"import resonant.tasks.Task;","lastModifiedDate":"2025-09-29T01:39:58","isFullCredit":false},{"lineNumber":7,"author":{"gitId":"LJQ2001"},"content":"","lastModifiedDate":"2025-09-29T01:39:58","isFullCredit":false},{"lineNumber":8,"author":{"gitId":"LJQ2001"},"content":"public class ListCommand extends Command {","lastModifiedDate":"2025-09-29T01:39:58","isFullCredit":false},{"lineNumber":9,"author":{"gitId":"LJQ2001"},"content":"    @Override","lastModifiedDate":"2025-09-29T01:39:58","isFullCredit":false},{"lineNumber":10,"author":{"gitId":"LJQ2001"},"content":"    public void execute(TaskList tasks, Ui ui, Storage storage) {","lastModifiedDate":"2025-09-29T01:39:58","isFullCredit":false},{"lineNumber":11,"author":{"gitId":"LJQ2001"},"content":"        if (tasks.size() \u003d\u003d 0) {","lastModifiedDate":"2025-09-29T01:39:58","isFullCredit":false},{"lineNumber":12,"author":{"gitId":"LJQ2001"},"content":"            ui.box(\" Your list is empty.\");","lastModifiedDate":"2025-09-29T01:39:58","isFullCredit":false},{"lineNumber":13,"author":{"gitId":"LJQ2001"},"content":"        } else {","lastModifiedDate":"2025-09-29T01:39:58","isFullCredit":false},{"lineNumber":14,"author":{"gitId":"LJQ2001"},"content":"            StringBuilder sb \u003d new StringBuilder(\" Here are the tasks in your list:\");","lastModifiedDate":"2025-09-29T01:39:58","isFullCredit":false},{"lineNumber":15,"author":{"gitId":"LJQ2001"},"content":"            int i \u003d 1;","lastModifiedDate":"2025-09-29T01:39:58","isFullCredit":false},{"lineNumber":16,"author":{"gitId":"LJQ2001"},"content":"            for (Task t : tasks.asList()) sb.append(\u0027\\n\u0027).append(\u0027 \u0027).append(i++).append(\u0027.\u0027).append(t);","lastModifiedDate":"2025-09-29T01:39:58","isFullCredit":false},{"lineNumber":17,"author":{"gitId":"LJQ2001"},"content":"            ui.box(sb.toString());","lastModifiedDate":"2025-09-29T01:39:58","isFullCredit":false},{"lineNumber":18,"author":{"gitId":"LJQ2001"},"content":"        }","lastModifiedDate":"2025-09-29T01:39:58","isFullCredit":false},{"lineNumber":19,"author":{"gitId":"LJQ2001"},"content":"    }","lastModifiedDate":"2025-09-29T01:39:58","isFullCredit":false},{"lineNumber":20,"author":{"gitId":"LJQ2001"},"content":"}","lastModifiedDate":"2025-09-29T01:39:58","isFullCredit":false}],"authorContributionMap":{"LJQ2001":20}},{"path":"src/main/java/resonant/commands/MarkCommand.java","fileType":"java","lines":[{"lineNumber":1,"author":{"gitId":"LJQ2001"},"content":"package resonant.commands;","lastModifiedDate":"2025-09-29T01:39:58","isFullCredit":false},{"lineNumber":2,"author":{"gitId":"LJQ2001"},"content":"","lastModifiedDate":"2025-09-29T01:39:58","isFullCredit":false},{"lineNumber":3,"author":{"gitId":"LJQ2001"},"content":"import resonant.*;","lastModifiedDate":"2025-09-29T01:39:58","isFullCredit":false},{"lineNumber":4,"author":{"gitId":"LJQ2001"},"content":"","lastModifiedDate":"2025-09-29T01:39:58","isFullCredit":false},{"lineNumber":5,"author":{"gitId":"LJQ2001"},"content":"public class MarkCommand extends Command {","lastModifiedDate":"2025-09-29T01:39:58","isFullCredit":false},{"lineNumber":6,"author":{"gitId":"LJQ2001"},"content":"    private final int index1Based;","lastModifiedDate":"2025-09-29T01:39:58","isFullCredit":false},{"lineNumber":7,"author":{"gitId":"LJQ2001"},"content":"    public MarkCommand(int index1Based) { this.index1Based \u003d index1Based; }","lastModifiedDate":"2025-09-29T01:39:58","isFullCredit":false},{"lineNumber":8,"author":{"gitId":"LJQ2001"},"content":"","lastModifiedDate":"2025-09-29T01:39:58","isFullCredit":false},{"lineNumber":9,"author":{"gitId":"LJQ2001"},"content":"    @Override","lastModifiedDate":"2025-09-29T01:39:58","isFullCredit":false},{"lineNumber":10,"author":{"gitId":"LJQ2001"},"content":"    public void execute(TaskList tasks, Ui ui, Storage storage) throws Exception {","lastModifiedDate":"2025-09-29T01:39:58","isFullCredit":false},{"lineNumber":11,"author":{"gitId":"LJQ2001"},"content":"        var t \u003d tasks.get(index1Based);","lastModifiedDate":"2025-09-29T01:39:58","isFullCredit":false},{"lineNumber":12,"author":{"gitId":"LJQ2001"},"content":"        t.mark();","lastModifiedDate":"2025-09-29T01:39:58","isFullCredit":false},{"lineNumber":13,"author":{"gitId":"LJQ2001"},"content":"        storage.save(tasks.asList());","lastModifiedDate":"2025-09-29T01:39:58","isFullCredit":false},{"lineNumber":14,"author":{"gitId":"LJQ2001"},"content":"        ui.box(\" Nice! I\u0027ve marked this task as done:\", \"   \" + t);","lastModifiedDate":"2025-09-29T01:39:58","isFullCredit":false},{"lineNumber":15,"author":{"gitId":"LJQ2001"},"content":"    }","lastModifiedDate":"2025-09-29T01:39:58","isFullCredit":false},{"lineNumber":16,"author":{"gitId":"LJQ2001"},"content":"}","lastModifiedDate":"2025-09-29T01:39:58","isFullCredit":false}],"authorContributionMap":{"LJQ2001":16}},{"path":"src/main/java/resonant/commands/UnmarkCommand.java","fileType":"java","lines":[{"lineNumber":1,"author":{"gitId":"LJQ2001"},"content":"package resonant.commands;","lastModifiedDate":"2025-09-29T01:39:58","isFullCredit":false},{"lineNumber":2,"author":{"gitId":"LJQ2001"},"content":"","lastModifiedDate":"2025-09-29T01:39:58","isFullCredit":false},{"lineNumber":3,"author":{"gitId":"LJQ2001"},"content":"import resonant.*;","lastModifiedDate":"2025-09-29T01:39:58","isFullCredit":false},{"lineNumber":4,"author":{"gitId":"LJQ2001"},"content":"","lastModifiedDate":"2025-09-29T01:39:58","isFullCredit":false},{"lineNumber":5,"author":{"gitId":"LJQ2001"},"content":"public class UnmarkCommand extends Command {","lastModifiedDate":"2025-09-29T01:39:58","isFullCredit":false},{"lineNumber":6,"author":{"gitId":"LJQ2001"},"content":"    private final int index1Based;","lastModifiedDate":"2025-09-29T01:39:58","isFullCredit":false},{"lineNumber":7,"author":{"gitId":"LJQ2001"},"content":"    public UnmarkCommand(int index1Based) { this.index1Based \u003d index1Based; }","lastModifiedDate":"2025-09-29T01:39:58","isFullCredit":false},{"lineNumber":8,"author":{"gitId":"LJQ2001"},"content":"","lastModifiedDate":"2025-09-29T01:39:58","isFullCredit":false},{"lineNumber":9,"author":{"gitId":"LJQ2001"},"content":"    @Override","lastModifiedDate":"2025-09-29T01:39:58","isFullCredit":false},{"lineNumber":10,"author":{"gitId":"LJQ2001"},"content":"    public void execute(TaskList tasks, Ui ui, Storage storage) throws Exception {","lastModifiedDate":"2025-09-29T01:39:58","isFullCredit":false},{"lineNumber":11,"author":{"gitId":"LJQ2001"},"content":"        var t \u003d tasks.get(index1Based);","lastModifiedDate":"2025-09-29T01:39:58","isFullCredit":false},{"lineNumber":12,"author":{"gitId":"LJQ2001"},"content":"        t.unmark();","lastModifiedDate":"2025-09-29T01:39:58","isFullCredit":false},{"lineNumber":13,"author":{"gitId":"LJQ2001"},"content":"        storage.save(tasks.asList());","lastModifiedDate":"2025-09-29T01:39:58","isFullCredit":false},{"lineNumber":14,"author":{"gitId":"LJQ2001"},"content":"        ui.box(\" OK, I\u0027ve marked this task as not done yet:\", \"   \" + t);","lastModifiedDate":"2025-09-29T01:39:58","isFullCredit":false},{"lineNumber":15,"author":{"gitId":"LJQ2001"},"content":"    }","lastModifiedDate":"2025-09-29T01:39:58","isFullCredit":false},{"lineNumber":16,"author":{"gitId":"LJQ2001"},"content":"}","lastModifiedDate":"2025-09-29T01:39:58","isFullCredit":false}],"authorContributionMap":{"LJQ2001":16}},{"path":"src/main/java/resonant/tasks/Deadline.java","fileType":"java","lines":[{"lineNumber":1,"author":{"gitId":"LJQ2001"},"content":"package resonant.tasks;","lastModifiedDate":"2025-09-29T01:39:58","isFullCredit":false},{"lineNumber":2,"author":{"gitId":"LJQ2001"},"content":"","lastModifiedDate":"2025-09-29T01:39:58","isFullCredit":false},{"lineNumber":3,"author":{"gitId":"LJQ2001"},"content":"public class Deadline extends Task {","lastModifiedDate":"2025-09-29T01:39:58","isFullCredit":false},{"lineNumber":4,"author":{"gitId":"LJQ2001"},"content":"    private final String by;","lastModifiedDate":"2025-09-29T01:39:58","isFullCredit":false},{"lineNumber":5,"author":{"gitId":"LJQ2001"},"content":"","lastModifiedDate":"2025-09-29T01:39:58","isFullCredit":false},{"lineNumber":6,"author":{"gitId":"LJQ2001"},"content":"    public Deadline(String description, String by) {","lastModifiedDate":"2025-09-29T01:39:58","isFullCredit":false},{"lineNumber":7,"author":{"gitId":"LJQ2001"},"content":"        super(description);","lastModifiedDate":"2025-09-29T01:39:58","isFullCredit":false},{"lineNumber":8,"author":{"gitId":"LJQ2001"},"content":"        this.by \u003d by;","lastModifiedDate":"2025-09-29T01:39:58","isFullCredit":false},{"lineNumber":9,"author":{"gitId":"LJQ2001"},"content":"    }","lastModifiedDate":"2025-09-29T01:39:58","isFullCredit":false},{"lineNumber":10,"author":{"gitId":"LJQ2001"},"content":"","lastModifiedDate":"2025-09-29T01:39:58","isFullCredit":false},{"lineNumber":11,"author":{"gitId":"LJQ2001"},"content":"    public String by() { return by; }","lastModifiedDate":"2025-09-29T01:39:58","isFullCredit":false},{"lineNumber":12,"author":{"gitId":"LJQ2001"},"content":"","lastModifiedDate":"2025-09-29T01:39:58","isFullCredit":false},{"lineNumber":13,"author":{"gitId":"LJQ2001"},"content":"    @Override","lastModifiedDate":"2025-09-29T01:39:58","isFullCredit":false},{"lineNumber":14,"author":{"gitId":"LJQ2001"},"content":"    public String toString() {","lastModifiedDate":"2025-09-29T01:39:58","isFullCredit":false},{"lineNumber":15,"author":{"gitId":"LJQ2001"},"content":"        return \"[D]\" + super.toString() + \" (by: \" + this.by + \")\";","lastModifiedDate":"2025-09-29T01:39:58","isFullCredit":false},{"lineNumber":16,"author":{"gitId":"LJQ2001"},"content":"    }","lastModifiedDate":"2025-09-29T01:39:58","isFullCredit":false},{"lineNumber":17,"author":{"gitId":"LJQ2001"},"content":"}","lastModifiedDate":"2025-09-29T01:39:58","isFullCredit":false}],"authorContributionMap":{"LJQ2001":17}},{"path":"src/main/java/resonant/tasks/Event.java","fileType":"java","lines":[{"lineNumber":1,"author":{"gitId":"LJQ2001"},"content":"package resonant.tasks;","lastModifiedDate":"2025-09-29T01:39:58","isFullCredit":false},{"lineNumber":2,"author":{"gitId":"LJQ2001"},"content":"","lastModifiedDate":"2025-09-29T01:39:58","isFullCredit":false},{"lineNumber":3,"author":{"gitId":"LJQ2001"},"content":"public class Event extends Task {","lastModifiedDate":"2025-09-29T01:39:58","isFullCredit":false},{"lineNumber":4,"author":{"gitId":"LJQ2001"},"content":"    private final String from;","lastModifiedDate":"2025-09-29T01:39:58","isFullCredit":false},{"lineNumber":5,"author":{"gitId":"LJQ2001"},"content":"    private final String to;","lastModifiedDate":"2025-09-29T01:39:58","isFullCredit":false},{"lineNumber":6,"author":{"gitId":"LJQ2001"},"content":"","lastModifiedDate":"2025-09-29T01:39:58","isFullCredit":false},{"lineNumber":7,"author":{"gitId":"LJQ2001"},"content":"    public Event(String description, String from, String to) {","lastModifiedDate":"2025-09-29T01:39:58","isFullCredit":false},{"lineNumber":8,"author":{"gitId":"LJQ2001"},"content":"        super(description);","lastModifiedDate":"2025-09-29T01:39:58","isFullCredit":false},{"lineNumber":9,"author":{"gitId":"LJQ2001"},"content":"        this.from \u003d from;","lastModifiedDate":"2025-09-29T01:39:58","isFullCredit":false},{"lineNumber":10,"author":{"gitId":"LJQ2001"},"content":"        this.to \u003d to;","lastModifiedDate":"2025-09-29T01:39:58","isFullCredit":false},{"lineNumber":11,"author":{"gitId":"LJQ2001"},"content":"    }","lastModifiedDate":"2025-09-29T01:39:58","isFullCredit":false},{"lineNumber":12,"author":{"gitId":"LJQ2001"},"content":"","lastModifiedDate":"2025-09-29T01:39:58","isFullCredit":false},{"lineNumber":13,"author":{"gitId":"LJQ2001"},"content":"    public String from() { return from; }","lastModifiedDate":"2025-09-29T01:39:58","isFullCredit":false},{"lineNumber":14,"author":{"gitId":"LJQ2001"},"content":"    public String to() { return to; }","lastModifiedDate":"2025-09-29T01:39:58","isFullCredit":false},{"lineNumber":15,"author":{"gitId":"LJQ2001"},"content":"","lastModifiedDate":"2025-09-29T01:39:58","isFullCredit":false},{"lineNumber":16,"author":{"gitId":"LJQ2001"},"content":"    @Override","lastModifiedDate":"2025-09-29T01:39:58","isFullCredit":false},{"lineNumber":17,"author":{"gitId":"LJQ2001"},"content":"    public String toString() {","lastModifiedDate":"2025-09-29T01:39:58","isFullCredit":false},{"lineNumber":18,"author":{"gitId":"LJQ2001"},"content":"        return \"[E]\" + super.toString() + \" (from: \" + this.from + \" to: \" + this.to + \")\";","lastModifiedDate":"2025-09-29T01:39:58","isFullCredit":false},{"lineNumber":19,"author":{"gitId":"LJQ2001"},"content":"    }","lastModifiedDate":"2025-09-29T01:39:58","isFullCredit":false},{"lineNumber":20,"author":{"gitId":"LJQ2001"},"content":"}","lastModifiedDate":"2025-09-29T01:39:58","isFullCredit":false}],"authorContributionMap":{"LJQ2001":20}},{"path":"src/main/java/resonant/tasks/Task.java","fileType":"java","lines":[{"lineNumber":1,"author":{"gitId":"LJQ2001"},"content":"package resonant.tasks;","lastModifiedDate":"2025-09-29T01:39:58","isFullCredit":false},{"lineNumber":2,"author":{"gitId":"LJQ2001"},"content":"","lastModifiedDate":"2025-09-29T01:39:58","isFullCredit":false},{"lineNumber":3,"author":{"gitId":"LJQ2001"},"content":"public class Task {","lastModifiedDate":"2025-09-29T01:39:58","isFullCredit":false},{"lineNumber":4,"author":{"gitId":"LJQ2001"},"content":"    protected final String description;","lastModifiedDate":"2025-09-29T01:39:58","isFullCredit":false},{"lineNumber":5,"author":{"gitId":"LJQ2001"},"content":"    protected boolean isDone;","lastModifiedDate":"2025-09-29T01:39:58","isFullCredit":false},{"lineNumber":6,"author":{"gitId":"LJQ2001"},"content":"","lastModifiedDate":"2025-09-29T01:39:58","isFullCredit":false},{"lineNumber":7,"author":{"gitId":"LJQ2001"},"content":"    public Task(String description) {","lastModifiedDate":"2025-09-29T01:39:58","isFullCredit":false},{"lineNumber":8,"author":{"gitId":"LJQ2001"},"content":"        this.description \u003d description;","lastModifiedDate":"2025-09-29T01:39:58","isFullCredit":false},{"lineNumber":9,"author":{"gitId":"LJQ2001"},"content":"        this.isDone \u003d false;","lastModifiedDate":"2025-09-29T01:39:58","isFullCredit":false},{"lineNumber":10,"author":{"gitId":"LJQ2001"},"content":"    }","lastModifiedDate":"2025-09-29T01:39:58","isFullCredit":false},{"lineNumber":11,"author":{"gitId":"LJQ2001"},"content":"","lastModifiedDate":"2025-09-29T01:39:58","isFullCredit":false},{"lineNumber":12,"author":{"gitId":"LJQ2001"},"content":"    public void mark() { this.isDone \u003d true; }","lastModifiedDate":"2025-09-29T01:39:58","isFullCredit":false},{"lineNumber":13,"author":{"gitId":"LJQ2001"},"content":"    public void unmark() { this.isDone \u003d false; }","lastModifiedDate":"2025-09-29T01:39:58","isFullCredit":false},{"lineNumber":14,"author":{"gitId":"LJQ2001"},"content":"    public boolean isDone() { return isDone; }","lastModifiedDate":"2025-09-29T01:39:58","isFullCredit":false},{"lineNumber":15,"author":{"gitId":"LJQ2001"},"content":"    public String description() { return description; }","lastModifiedDate":"2025-09-29T01:39:58","isFullCredit":false},{"lineNumber":16,"author":{"gitId":"LJQ2001"},"content":"","lastModifiedDate":"2025-09-29T01:39:58","isFullCredit":false},{"lineNumber":17,"author":{"gitId":"LJQ2001"},"content":"    public String getStatusIcon() { return this.isDone ? \"X\" : \" \"; }","lastModifiedDate":"2025-09-29T01:39:58","isFullCredit":false},{"lineNumber":18,"author":{"gitId":"LJQ2001"},"content":"","lastModifiedDate":"2025-09-29T01:39:58","isFullCredit":false},{"lineNumber":19,"author":{"gitId":"LJQ2001"},"content":"    @Override","lastModifiedDate":"2025-09-29T01:39:58","isFullCredit":false},{"lineNumber":20,"author":{"gitId":"LJQ2001"},"content":"    public String toString() {","lastModifiedDate":"2025-09-29T01:39:58","isFullCredit":false},{"lineNumber":21,"author":{"gitId":"LJQ2001"},"content":"        return \"[\" + getStatusIcon() + \"] \" + this.description;","lastModifiedDate":"2025-09-29T01:39:58","isFullCredit":false},{"lineNumber":22,"author":{"gitId":"LJQ2001"},"content":"    }","lastModifiedDate":"2025-09-29T01:39:58","isFullCredit":false},{"lineNumber":23,"author":{"gitId":"LJQ2001"},"content":"}","lastModifiedDate":"2025-09-29T01:39:58","isFullCredit":false}],"authorContributionMap":{"LJQ2001":23}},{"path":"src/main/java/resonant/tasks/Todo.java","fileType":"java","lines":[{"lineNumber":1,"author":{"gitId":"LJQ2001"},"content":"package resonant.tasks;","lastModifiedDate":"2025-09-29T01:39:58","isFullCredit":false},{"lineNumber":2,"author":{"gitId":"LJQ2001"},"content":"","lastModifiedDate":"2025-09-29T01:39:58","isFullCredit":false},{"lineNumber":3,"author":{"gitId":"LJQ2001"},"content":"public class Todo extends Task {","lastModifiedDate":"2025-09-29T01:39:58","isFullCredit":false},{"lineNumber":4,"author":{"gitId":"LJQ2001"},"content":"    public Todo(String description) { super(description); }","lastModifiedDate":"2025-09-29T01:39:58","isFullCredit":false},{"lineNumber":5,"author":{"gitId":"LJQ2001"},"content":"","lastModifiedDate":"2025-09-29T01:39:58","isFullCredit":false},{"lineNumber":6,"author":{"gitId":"LJQ2001"},"content":"    @Override","lastModifiedDate":"2025-09-29T01:39:58","isFullCredit":false},{"lineNumber":7,"author":{"gitId":"LJQ2001"},"content":"    public String toString() { return \"[T]\" + super.toString(); }","lastModifiedDate":"2025-09-29T01:39:58","isFullCredit":false},{"lineNumber":8,"author":{"gitId":"LJQ2001"},"content":"}","lastModifiedDate":"2025-09-29T01:39:58","isFullCredit":false}],"authorContributionMap":{"LJQ2001":8}}]
