{"authorDailyContributionsMap":{"LJQ2001":[{"date":"2025-09-03T00:00:00","commitResults":[{"hash":"cdbc44aea3e8e16acfb1abea9988570a694cecf3","isMergeCommit":false,"messageTitle":"Week 3 IP commit","messageBody":"","tags":["Level-3"],"fileTypesAndContributionMap":{"java":{"insertions":168,"deletions":10}}},{"hash":"067f942a47d95824017f2af0da6ebd73ac7ed17f","isMergeCommit":false,"messageTitle":"Week 3 IP commit","messageBody":"","fileTypesAndContributionMap":{"java":{"insertions":1,"deletions":1}}}]},{"date":"2025-09-09T00:00:00","commitResults":[{"hash":"cf4a2ef720cf3f666fe6619ffdfeb234bd1c4606","isMergeCommit":false,"messageTitle":"Level-4","messageBody":"","tags":["Level-4"],"fileTypesAndContributionMap":{"java":{"insertions":164,"deletions":28}}},{"hash":"4712360559ac5731a64f63d4e938db63549ddc81","isMergeCommit":true,"messageTitle":"Merge remote-tracking branch \u0027origin/master\u0027","messageBody":"# Conflicts:\n#\tsrc/main/java/Resonant.java\n","fileTypesAndContributionMap":{}},{"hash":"1c7e5f2fa82b7c1c050f2f9e13f12b055718a3e5","isMergeCommit":false,"messageTitle":"Level-4","messageBody":"","fileTypesAndContributionMap":{"java":{"insertions":163,"deletions":27}}},{"hash":"84d2f4143c78790c13298f4fc222ac71f16b655c","isMergeCommit":false,"messageTitle":"A-Inheritance","messageBody":"","tags":["A-Inheritance"],"fileTypesAndContributionMap":{"java":{"insertions":46,"deletions":69}}}]},{"date":"2025-09-13T00:00:00","commitResults":[{"hash":"22b58a92f3f7776e3d0176a589ec2cae8c667753","isMergeCommit":false,"messageTitle":"A-CodeQuality","messageBody":"","tags":["A-CodeQuality"],"fileTypesAndContributionMap":{"java":{"insertions":154,"deletions":159}}}]},{"date":"2025-09-16T00:00:00","commitResults":[{"hash":"2e4924770c1fdff2259aa8a0e3e650b9e6735449","isMergeCommit":false,"messageTitle":"Level-5","messageBody":"","tags":["Level-5"],"fileTypesAndContributionMap":{"java":{"insertions":37,"deletions":12}}},{"hash":"b1c0190dd57e60bd8885b8c437e210c65d090a2f","isMergeCommit":false,"messageTitle":"A-Exceptions","messageBody":"","tags":["A-Exceptions"],"fileTypesAndContributionMap":{"java":{"insertions":60,"deletions":62}}}]}]},"authorFileTypeContributionMap":{"LJQ2001":{"java":299,"md":0,"fxml":0,"sh":0,"bat":0,"gradle":0,"txt":0}},"authorContributionVariance":{"LJQ2001":9323.023},"authorDisplayNameMap":{"LJQ2001":"CS2113-W10-1 LIU ..QUAN"}}
