{"authorDailyContributionsMap":{"gumingyoujia":[{"date":"2025-08-26T00:00:00","commitResults":[{"hash":"9fda317441803f834a1d2a0a5340fdaa9e601ac3","isMergeCommit":false,"messageTitle":"Change chatbot name","messageBody":"","fileTypesAndContributionMap":{"java":{"insertions":1,"deletions":1},"bat":{"insertions":1,"deletions":1},"md":{"insertions":3,"deletions":3}}},{"hash":"1b759253600d586c795ccdcb1eea70770fb64e7f","isMergeCommit":false,"messageTitle":"Add welcome message","messageBody":"","tags":["Level-0"],"fileTypesAndContributionMap":{"java":{"insertions":17,"deletions":7}}}]},{"date":"2025-08-27T00:00:00","commitResults":[{"hash":"f6bece4067ff64395373b66a81025cb3a282818e","isMergeCommit":false,"messageTitle":"Add echo method","messageBody":"","tags":["Level-1"],"fileTypesAndContributionMap":{"java":{"insertions":14,"deletions":2}}},{"hash":"50e1f3e2d5a2fb546a83e92579486ef6a7fef11f","isMergeCommit":false,"messageTitle":"Implement addAndList method","messageBody":"","tags":["Level-2"],"fileTypesAndContributionMap":{"java":{"insertions":41,"deletions":1}}},{"hash":"07f5ec20534a7f2c456100c8805e2b4880505927","isMergeCommit":false,"messageTitle":"Implement mark and unmark methods","messageBody":"","tags":["Level-3","A-Classes"],"fileTypesAndContributionMap":{"java":{"insertions":52,"deletions":5}}},{"hash":"386ef893c99c843978c2d586112ab52a6fe98061","isMergeCommit":false,"messageTitle":"Tweak the code to comply with a coding standard","messageBody":"","tags":["A-CodingStandard"],"fileTypesAndContributionMap":{"java":{"insertions":16,"deletions":19}}}]}]},"authorFileTypeContributionMap":{"gumingyoujia":{"java":113,"md":3,"fxml":0,"sh":0,"bat":1,"gradle":0,"txt":0}},"authorContributionVariance":{"gumingyoujia":1098.16},"authorDisplayNameMap":{"gumingyoujia":"GU M..UJIA"}}
