[{"path":"src/main/java/Deadline.java","fileType":"java","lines":[{"lineNumber":1,"author":{"gitId":"seantankj"},"content":"public class Deadline extends Task {","lastModifiedDate":"2025-09-03T01:35:55","isFullCredit":false},{"lineNumber":2,"author":{"gitId":"seantankj"},"content":"","lastModifiedDate":"2025-09-03T01:35:55","isFullCredit":false},{"lineNumber":3,"author":{"gitId":"seantankj"},"content":"    protected String by;","lastModifiedDate":"2025-09-03T01:35:55","isFullCredit":false},{"lineNumber":4,"author":{"gitId":"seantankj"},"content":"","lastModifiedDate":"2025-09-03T01:35:55","isFullCredit":false},{"lineNumber":5,"author":{"gitId":"seantankj"},"content":"    public Deadline(String description, String by) {","lastModifiedDate":"2025-09-03T01:35:55","isFullCredit":false},{"lineNumber":6,"author":{"gitId":"seantankj"},"content":"        super(description);","lastModifiedDate":"2025-09-03T01:35:55","isFullCredit":false},{"lineNumber":7,"author":{"gitId":"seantankj"},"content":"        this.by \u003d by;","lastModifiedDate":"2025-09-03T01:35:55","isFullCredit":false},{"lineNumber":8,"author":{"gitId":"seantankj"},"content":"    }","lastModifiedDate":"2025-09-03T01:35:55","isFullCredit":false},{"lineNumber":9,"author":{"gitId":"seantankj"},"content":"","lastModifiedDate":"2025-09-03T01:35:55","isFullCredit":false},{"lineNumber":10,"author":{"gitId":"seantankj"},"content":"    @Override","lastModifiedDate":"2025-09-03T01:35:55","isFullCredit":false},{"lineNumber":11,"author":{"gitId":"seantankj"},"content":"    public String toString(){","lastModifiedDate":"2025-09-03T01:35:55","isFullCredit":false},{"lineNumber":12,"author":{"gitId":"seantankj"},"content":"        return \"[D]\" + super.toString() + \"(by: \" + by + \")\";","lastModifiedDate":"2025-09-03T01:35:55","isFullCredit":false},{"lineNumber":13,"author":{"gitId":"seantankj"},"content":"    }","lastModifiedDate":"2025-09-03T01:35:55","isFullCredit":false},{"lineNumber":14,"author":{"gitId":"seantankj"},"content":"}","lastModifiedDate":"2025-09-03T01:35:55","isFullCredit":false}],"authorContributionMap":{"seantankj":14}},{"path":"src/main/java/Event.java","fileType":"java","lines":[{"lineNumber":1,"author":{"gitId":"seantankj"},"content":"public class Event extends Task{","lastModifiedDate":"2025-09-03T01:35:55","isFullCredit":false},{"lineNumber":2,"author":{"gitId":"seantankj"},"content":"","lastModifiedDate":"2025-09-03T01:45:55","isFullCredit":false},{"lineNumber":3,"author":{"gitId":"seantankj"},"content":"    protected String from;","lastModifiedDate":"2025-09-03T01:35:55","isFullCredit":false},{"lineNumber":4,"author":{"gitId":"seantankj"},"content":"    protected String to;","lastModifiedDate":"2025-09-03T01:35:55","isFullCredit":false},{"lineNumber":5,"author":{"gitId":"seantankj"},"content":"","lastModifiedDate":"2025-09-03T01:35:55","isFullCredit":false},{"lineNumber":6,"author":{"gitId":"seantankj"},"content":"    public Event(String description, String from, String to) {","lastModifiedDate":"2025-09-03T01:35:55","isFullCredit":false},{"lineNumber":7,"author":{"gitId":"seantankj"},"content":"        super(description);","lastModifiedDate":"2025-09-03T01:35:55","isFullCredit":false},{"lineNumber":8,"author":{"gitId":"seantankj"},"content":"        this.from \u003d from;","lastModifiedDate":"2025-09-03T01:35:55","isFullCredit":false},{"lineNumber":9,"author":{"gitId":"seantankj"},"content":"        this.to \u003d to;","lastModifiedDate":"2025-09-03T01:35:55","isFullCredit":false},{"lineNumber":10,"author":{"gitId":"seantankj"},"content":"    }","lastModifiedDate":"2025-09-03T01:35:55","isFullCredit":false},{"lineNumber":11,"author":{"gitId":"seantankj"},"content":"","lastModifiedDate":"2025-09-03T01:35:55","isFullCredit":false},{"lineNumber":12,"author":{"gitId":"seantankj"},"content":"    @Override","lastModifiedDate":"2025-09-03T01:35:55","isFullCredit":false},{"lineNumber":13,"author":{"gitId":"seantankj"},"content":"    public String toString() {","lastModifiedDate":"2025-09-03T01:35:55","isFullCredit":false},{"lineNumber":14,"author":{"gitId":"seantankj"},"content":"        return \"[E]\" + super.toString() + \"(from: \" + from + \"to: \" + to + \")\";","lastModifiedDate":"2025-09-03T01:35:55","isFullCredit":false},{"lineNumber":15,"author":{"gitId":"seantankj"},"content":"    }","lastModifiedDate":"2025-09-03T01:35:55","isFullCredit":false},{"lineNumber":16,"author":{"gitId":"seantankj"},"content":"}","lastModifiedDate":"2025-09-03T01:35:55","isFullCredit":false}],"authorContributionMap":{"seantankj":16}},{"path":"src/main/java/Griddybot.java","fileType":"java","lines":[{"lineNumber":1,"author":{"gitId":"seantankj"},"content":"import java.util.ArrayList;","lastModifiedDate":"2025-08-28T20:14:59","isFullCredit":false},{"lineNumber":2,"author":{"gitId":"seantankj"},"content":"import java.util.Scanner;","lastModifiedDate":"2025-08-28T19:44:38","isFullCredit":false},{"lineNumber":3,"author":{"gitId":"seantankj"},"content":"","lastModifiedDate":"2025-08-28T19:44:38","isFullCredit":false},{"lineNumber":4,"author":{"gitId":"seantankj"},"content":"public class Griddybot {","lastModifiedDate":"2025-08-20T23:09:48","isFullCredit":false},{"lineNumber":5,"author":{"gitId":"seantankj"},"content":"    public static void main(String[] args) {","lastModifiedDate":"2025-08-20T23:09:48","isFullCredit":false},{"lineNumber":6,"author":{"gitId":"seantankj"},"content":"","lastModifiedDate":"2025-09-03T01:35:55","isFullCredit":false},{"lineNumber":7,"author":{"gitId":"seantankj"},"content":"        String line \u003d \"_____________________________________________________\" + System.lineSeparator();","lastModifiedDate":"2025-09-03T12:10:07","isFullCredit":false},{"lineNumber":8,"author":{"gitId":"seantankj"},"content":"","lastModifiedDate":"2025-09-03T01:35:55","isFullCredit":false},{"lineNumber":9,"author":{"gitId":"seantankj"},"content":"        printWelcome(line);","lastModifiedDate":"2025-09-03T01:35:55","isFullCredit":false},{"lineNumber":10,"author":{"gitId":"seantankj"},"content":"","lastModifiedDate":"2025-08-28T19:44:38","isFullCredit":false},{"lineNumber":11,"author":{"gitId":"seantankj"},"content":"        boolean isExit \u003d false;","lastModifiedDate":"2025-08-28T19:44:38","isFullCredit":false},{"lineNumber":12,"author":{"gitId":"seantankj"},"content":"        ArrayList\u003cTask\u003e listItems \u003d new ArrayList\u003c\u003e();","lastModifiedDate":"2025-08-28T21:57:46","isFullCredit":false},{"lineNumber":13,"author":{"gitId":"seantankj"},"content":"        int listNumber \u003d 0;","lastModifiedDate":"2025-09-03T01:35:55","isFullCredit":false},{"lineNumber":14,"author":{"gitId":"seantankj"},"content":"        Scanner input \u003d new Scanner(System.in);","lastModifiedDate":"2025-09-03T12:10:07","isFullCredit":false},{"lineNumber":15,"author":{"gitId":"seantankj"},"content":"","lastModifiedDate":"2025-08-28T19:44:38","isFullCredit":false},{"lineNumber":16,"author":{"gitId":"seantankj"},"content":"        while (!isExit) {","lastModifiedDate":"2025-08-28T19:44:38","isFullCredit":false},{"lineNumber":17,"author":{"gitId":"seantankj"},"content":"            String inputLine;","lastModifiedDate":"2025-08-28T19:44:38","isFullCredit":false},{"lineNumber":18,"author":{"gitId":"seantankj"},"content":"            inputLine \u003d input.nextLine();","lastModifiedDate":"2025-08-28T19:44:38","isFullCredit":false},{"lineNumber":19,"author":{"gitId":"seantankj"},"content":"","lastModifiedDate":"2025-08-28T19:44:38","isFullCredit":false},{"lineNumber":20,"author":{"gitId":"seantankj"},"content":"            if (inputLine.startsWith(\"mark\")) {","lastModifiedDate":"2025-08-28T21:57:46","isFullCredit":false},{"lineNumber":21,"author":{"gitId":"seantankj"},"content":"                mark(inputLine, listItems, line);","lastModifiedDate":"2025-09-03T01:35:55","isFullCredit":false},{"lineNumber":22,"author":{"gitId":"seantankj"},"content":"            } else if (inputLine.startsWith(\"unmark\")) {","lastModifiedDate":"2025-08-28T21:57:46","isFullCredit":false},{"lineNumber":23,"author":{"gitId":"seantankj"},"content":"                unmark(inputLine, listItems, line);","lastModifiedDate":"2025-09-03T01:35:55","isFullCredit":false},{"lineNumber":24,"author":{"gitId":"seantankj"},"content":"            } else if (inputLine.startsWith(\"todo\")) {","lastModifiedDate":"2025-09-03T01:35:55","isFullCredit":false},{"lineNumber":25,"author":{"gitId":"seantankj"},"content":"                createTodo(inputLine, listItems, line);","lastModifiedDate":"2025-09-03T01:35:55","isFullCredit":false},{"lineNumber":26,"author":{"gitId":"seantankj"},"content":"            } else if (inputLine.startsWith(\"deadline\")) {","lastModifiedDate":"2025-09-03T01:35:55","isFullCredit":false},{"lineNumber":27,"author":{"gitId":"seantankj"},"content":"                createDeadline(inputLine, listItems, line);","lastModifiedDate":"2025-09-03T01:35:55","isFullCredit":false},{"lineNumber":28,"author":{"gitId":"seantankj"},"content":"            } else if (inputLine.startsWith(\"event\")) {","lastModifiedDate":"2025-09-03T01:35:55","isFullCredit":false},{"lineNumber":29,"author":{"gitId":"seantankj"},"content":"                createEvent(inputLine, listItems, line);","lastModifiedDate":"2025-09-03T01:35:55","isFullCredit":false},{"lineNumber":30,"author":{"gitId":"seantankj"},"content":"            } else {","lastModifiedDate":"2025-08-28T21:57:46","isFullCredit":false},{"lineNumber":31,"author":{"gitId":"seantankj"},"content":"                switch (inputLine) {","lastModifiedDate":"2025-08-28T19:44:38","isFullCredit":false},{"lineNumber":32,"author":{"gitId":"seantankj"},"content":"                case \"list\":","lastModifiedDate":"2025-08-28T20:14:59","isFullCredit":false},{"lineNumber":33,"author":{"gitId":"seantankj"},"content":"                    System.out.print(line);","lastModifiedDate":"2025-08-28T20:14:59","isFullCredit":false},{"lineNumber":34,"author":{"gitId":"seantankj"},"content":"                    for (Task listItem : listItems) {","lastModifiedDate":"2025-08-28T21:57:46","isFullCredit":false},{"lineNumber":35,"author":{"gitId":"seantankj"},"content":"                        listNumber++;","lastModifiedDate":"2025-09-03T01:35:55","isFullCredit":false},{"lineNumber":36,"author":{"gitId":"seantankj"},"content":"                        System.out.print(listNumber + \".\" + listItem + System.lineSeparator());","lastModifiedDate":"2025-09-03T01:35:55","isFullCredit":false},{"lineNumber":37,"author":{"gitId":"seantankj"},"content":"                    }","lastModifiedDate":"2025-08-28T20:14:59","isFullCredit":false},{"lineNumber":38,"author":{"gitId":"seantankj"},"content":"                    System.out.print(line);","lastModifiedDate":"2025-08-28T20:14:59","isFullCredit":false},{"lineNumber":39,"author":{"gitId":"seantankj"},"content":"                    break;","lastModifiedDate":"2025-08-28T20:14:59","isFullCredit":false},{"lineNumber":40,"author":{"gitId":"seantankj"},"content":"                case \"bye\":","lastModifiedDate":"2025-08-28T21:57:46","isFullCredit":false},{"lineNumber":41,"author":{"gitId":"seantankj"},"content":"                    printBye(line);","lastModifiedDate":"2025-09-03T01:45:55","isFullCredit":false},{"lineNumber":42,"author":{"gitId":"seantankj"},"content":"                    isExit \u003d true;","lastModifiedDate":"2025-08-28T21:57:46","isFullCredit":false},{"lineNumber":43,"author":{"gitId":"seantankj"},"content":"                    break;","lastModifiedDate":"2025-08-28T21:57:46","isFullCredit":false},{"lineNumber":44,"author":{"gitId":"seantankj"},"content":"                default:","lastModifiedDate":"2025-08-28T19:44:38","isFullCredit":false},{"lineNumber":45,"author":{"gitId":"seantankj"},"content":"                    createTask(inputLine, listItems, line);","lastModifiedDate":"2025-09-03T01:45:55","isFullCredit":false},{"lineNumber":46,"author":{"gitId":"seantankj"},"content":"                }","lastModifiedDate":"2025-09-03T01:45:55","isFullCredit":false},{"lineNumber":47,"author":{"gitId":"seantankj"},"content":"            }","lastModifiedDate":"2025-08-28T21:57:46","isFullCredit":false},{"lineNumber":48,"author":{"gitId":"seantankj"},"content":"        }","lastModifiedDate":"2025-08-28T19:44:38","isFullCredit":false},{"lineNumber":49,"author":{"gitId":"seantankj"},"content":"    }","lastModifiedDate":"2025-08-28T19:44:38","isFullCredit":false},{"lineNumber":50,"author":{"gitId":"seantankj"},"content":"","lastModifiedDate":"2025-09-03T01:45:55","isFullCredit":false},{"lineNumber":51,"author":{"gitId":"seantankj"},"content":"    private static void createTask(String inputLine, ArrayList\u003cTask\u003e listItems, String line) {","lastModifiedDate":"2025-09-03T01:45:55","isFullCredit":false},{"lineNumber":52,"author":{"gitId":"seantankj"},"content":"        Task t \u003d new Task(inputLine);","lastModifiedDate":"2025-09-03T01:45:55","isFullCredit":false},{"lineNumber":53,"author":{"gitId":"seantankj"},"content":"        listItems.add(t);","lastModifiedDate":"2025-09-03T01:45:55","isFullCredit":false},{"lineNumber":54,"author":{"gitId":"seantankj"},"content":"        System.out.println(line + \"added: \" + t.description + System.lineSeparator() + line);","lastModifiedDate":"2025-09-03T01:45:55","isFullCredit":false},{"lineNumber":55,"author":{"gitId":"seantankj"},"content":"    }","lastModifiedDate":"2025-08-20T23:09:48","isFullCredit":false},{"lineNumber":56,"author":{"gitId":"seantankj"},"content":"","lastModifiedDate":"2025-09-03T01:35:55","isFullCredit":false},{"lineNumber":57,"author":{"gitId":"seantankj"},"content":"    private static void createEvent(String inputLine, ArrayList\u003cTask\u003e listItems, String line) {","lastModifiedDate":"2025-09-03T01:35:55","isFullCredit":false},{"lineNumber":58,"author":{"gitId":"seantankj"},"content":"        String description \u003d inputLine.substring(6, inputLine.indexOf(\"/from\"));","lastModifiedDate":"2025-09-03T01:35:55","isFullCredit":false},{"lineNumber":59,"author":{"gitId":"seantankj"},"content":"        String from \u003d inputLine.substring(inputLine.indexOf(\"/from\") + 6, inputLine.indexOf(\"/to\"));","lastModifiedDate":"2025-09-03T01:35:55","isFullCredit":false},{"lineNumber":60,"author":{"gitId":"seantankj"},"content":"        String to \u003d inputLine.substring(inputLine.indexOf(\"/to\") + 4);","lastModifiedDate":"2025-09-03T01:35:55","isFullCredit":false},{"lineNumber":61,"author":{"gitId":"seantankj"},"content":"        Event e \u003d new Event(description, from, to);","lastModifiedDate":"2025-09-03T01:35:55","isFullCredit":false},{"lineNumber":62,"author":{"gitId":"seantankj"},"content":"        listItems.add(e);","lastModifiedDate":"2025-09-03T01:35:55","isFullCredit":false},{"lineNumber":63,"author":{"gitId":"seantankj"},"content":"","lastModifiedDate":"2025-09-03T01:35:55","isFullCredit":false},{"lineNumber":64,"author":{"gitId":"seantankj"},"content":"        System.out.println(line + \"Got it. I\u0027ve added this task:\" + System.lineSeparator() + e + System.lineSeparator()","lastModifiedDate":"2025-09-03T12:10:07","isFullCredit":false},{"lineNumber":65,"author":{"gitId":"seantankj"},"content":"                + \"Now you have \" + listItems.size() + \" task(s) in the list.\" + System.lineSeparator() + line);","lastModifiedDate":"2025-09-03T12:10:07","isFullCredit":false},{"lineNumber":66,"author":{"gitId":"seantankj"},"content":"    }","lastModifiedDate":"2025-09-03T01:35:55","isFullCredit":false},{"lineNumber":67,"author":{"gitId":"seantankj"},"content":"","lastModifiedDate":"2025-09-03T01:35:55","isFullCredit":false},{"lineNumber":68,"author":{"gitId":"seantankj"},"content":"    private static void createDeadline(String inputLine, ArrayList\u003cTask\u003e listItems, String line) {","lastModifiedDate":"2025-09-03T01:35:55","isFullCredit":false},{"lineNumber":69,"author":{"gitId":"seantankj"},"content":"        String description \u003d inputLine.substring(9, inputLine.indexOf(\"/by\"));","lastModifiedDate":"2025-09-03T01:35:55","isFullCredit":false},{"lineNumber":70,"author":{"gitId":"seantankj"},"content":"        String by \u003d inputLine.substring(inputLine.indexOf(\"/by\") + 4);","lastModifiedDate":"2025-09-03T01:35:55","isFullCredit":false},{"lineNumber":71,"author":{"gitId":"seantankj"},"content":"        Deadline d \u003d new Deadline(description, by);","lastModifiedDate":"2025-09-03T01:35:55","isFullCredit":false},{"lineNumber":72,"author":{"gitId":"seantankj"},"content":"        listItems.add(d);","lastModifiedDate":"2025-09-03T01:35:55","isFullCredit":false},{"lineNumber":73,"author":{"gitId":"seantankj"},"content":"","lastModifiedDate":"2025-09-03T01:35:55","isFullCredit":false},{"lineNumber":74,"author":{"gitId":"seantankj"},"content":"        System.out.println(line + \"Got it. I\u0027ve added this task:\" + System.lineSeparator() + d + System.lineSeparator()","lastModifiedDate":"2025-09-03T12:10:07","isFullCredit":false},{"lineNumber":75,"author":{"gitId":"seantankj"},"content":"                + \"Now you have \" + listItems.size() + \" task(s) in the list.\" + System.lineSeparator() + line);","lastModifiedDate":"2025-09-03T12:10:07","isFullCredit":false},{"lineNumber":76,"author":{"gitId":"seantankj"},"content":"    }","lastModifiedDate":"2025-09-03T01:35:55","isFullCredit":false},{"lineNumber":77,"author":{"gitId":"seantankj"},"content":"","lastModifiedDate":"2025-09-03T01:35:55","isFullCredit":false},{"lineNumber":78,"author":{"gitId":"seantankj"},"content":"    private static void createTodo(String inputLine, ArrayList\u003cTask\u003e listItems, String line) {","lastModifiedDate":"2025-09-03T01:35:55","isFullCredit":false},{"lineNumber":79,"author":{"gitId":"seantankj"},"content":"        ToDo td \u003d new ToDo(inputLine.substring(5));","lastModifiedDate":"2025-09-03T01:35:55","isFullCredit":false},{"lineNumber":80,"author":{"gitId":"seantankj"},"content":"        listItems.add(td);","lastModifiedDate":"2025-09-03T01:35:55","isFullCredit":false},{"lineNumber":81,"author":{"gitId":"seantankj"},"content":"        System.out.println(line + \"Got it. I\u0027ve added this task:\" + System.lineSeparator() + td + System.lineSeparator()","lastModifiedDate":"2025-09-03T12:10:07","isFullCredit":false},{"lineNumber":82,"author":{"gitId":"seantankj"},"content":"                + \"Now you have \" + listItems.size() + \" task(s) in the list.\" + System.lineSeparator() + line);","lastModifiedDate":"2025-09-03T12:10:07","isFullCredit":false},{"lineNumber":83,"author":{"gitId":"seantankj"},"content":"    }","lastModifiedDate":"2025-09-03T01:35:55","isFullCredit":false},{"lineNumber":84,"author":{"gitId":"seantankj"},"content":"","lastModifiedDate":"2025-09-03T01:35:55","isFullCredit":false},{"lineNumber":85,"author":{"gitId":"seantankj"},"content":"    private static void unmark(String inputLine, ArrayList\u003cTask\u003e listItems, String line) {","lastModifiedDate":"2025-09-03T01:35:55","isFullCredit":false},{"lineNumber":86,"author":{"gitId":"seantankj"},"content":"        int taskNumber \u003d Integer.parseInt(inputLine.substring(7));","lastModifiedDate":"2025-09-03T01:35:55","isFullCredit":false},{"lineNumber":87,"author":{"gitId":"seantankj"},"content":"        if (taskNumber \u003e listItems.size()) {","lastModifiedDate":"2025-09-03T01:35:55","isFullCredit":false},{"lineNumber":88,"author":{"gitId":"seantankj"},"content":"            System.out.println(line + \"That task does not exist. Try again.\" + System.lineSeparator() + line);","lastModifiedDate":"2025-09-03T01:35:55","isFullCredit":false},{"lineNumber":89,"author":{"gitId":"seantankj"},"content":"        } else {","lastModifiedDate":"2025-09-03T01:35:55","isFullCredit":false},{"lineNumber":90,"author":{"gitId":"seantankj"},"content":"            listItems.get(taskNumber - 1).markAsUndone();","lastModifiedDate":"2025-09-03T01:35:55","isFullCredit":false},{"lineNumber":91,"author":{"gitId":"seantankj"},"content":"            System.out.println(line + \"I\u0027ve marked this task as not done:\" + System.lineSeparator() + listItems.get(taskNumber - 1)","lastModifiedDate":"2025-09-03T12:10:07","isFullCredit":false},{"lineNumber":92,"author":{"gitId":"seantankj"},"content":"                    + System.lineSeparator() + line);","lastModifiedDate":"2025-09-03T12:10:07","isFullCredit":false},{"lineNumber":93,"author":{"gitId":"seantankj"},"content":"        }","lastModifiedDate":"2025-09-03T01:35:55","isFullCredit":false},{"lineNumber":94,"author":{"gitId":"seantankj"},"content":"    }","lastModifiedDate":"2025-09-03T01:35:55","isFullCredit":false},{"lineNumber":95,"author":{"gitId":"seantankj"},"content":"","lastModifiedDate":"2025-09-03T01:35:55","isFullCredit":false},{"lineNumber":96,"author":{"gitId":"seantankj"},"content":"    private static void mark(String inputLine, ArrayList\u003cTask\u003e listItems, String line) {","lastModifiedDate":"2025-09-03T01:35:55","isFullCredit":false},{"lineNumber":97,"author":{"gitId":"seantankj"},"content":"        int taskNumber \u003d Integer.parseInt(inputLine.substring(5));","lastModifiedDate":"2025-09-03T01:35:55","isFullCredit":false},{"lineNumber":98,"author":{"gitId":"seantankj"},"content":"        if (taskNumber \u003e listItems.size()) {","lastModifiedDate":"2025-09-03T01:35:55","isFullCredit":false},{"lineNumber":99,"author":{"gitId":"seantankj"},"content":"            System.out.println(line + \"That task does not exist. Try again.\" + System.lineSeparator() + line);","lastModifiedDate":"2025-09-03T01:35:55","isFullCredit":false},{"lineNumber":100,"author":{"gitId":"seantankj"},"content":"        } else {","lastModifiedDate":"2025-09-03T01:35:55","isFullCredit":false},{"lineNumber":101,"author":{"gitId":"seantankj"},"content":"            listItems.get(taskNumber - 1).markAsDone();","lastModifiedDate":"2025-09-03T01:35:55","isFullCredit":false},{"lineNumber":102,"author":{"gitId":"seantankj"},"content":"            System.out.println(line + \"I\u0027ve marked this task as done:\" + System.lineSeparator() + listItems.get(taskNumber - 1)","lastModifiedDate":"2025-09-03T12:10:07","isFullCredit":false},{"lineNumber":103,"author":{"gitId":"seantankj"},"content":"                    + System.lineSeparator() + line);","lastModifiedDate":"2025-09-03T12:10:07","isFullCredit":false},{"lineNumber":104,"author":{"gitId":"seantankj"},"content":"        }","lastModifiedDate":"2025-09-03T01:35:55","isFullCredit":false},{"lineNumber":105,"author":{"gitId":"seantankj"},"content":"    }","lastModifiedDate":"2025-09-03T01:35:55","isFullCredit":false},{"lineNumber":106,"author":{"gitId":"seantankj"},"content":"","lastModifiedDate":"2025-09-03T01:35:55","isFullCredit":false},{"lineNumber":107,"author":{"gitId":"seantankj"},"content":"    private static void printWelcome(String line) {","lastModifiedDate":"2025-09-03T01:35:55","isFullCredit":false},{"lineNumber":108,"author":{"gitId":"seantankj"},"content":"        System.out.println(line + \"Hello! I\u0027m\" + System.lineSeparator() +","lastModifiedDate":"2025-09-03T12:10:07","isFullCredit":false},{"lineNumber":109,"author":{"gitId":"seantankj"},"content":"                \"   ____      _     _     _       _           _   \" + System.lineSeparator() +","lastModifiedDate":"2025-09-03T12:10:07","isFullCredit":false},{"lineNumber":110,"author":{"gitId":"seantankj"},"content":"                \"  / ___|_ __(_) __| | __| |_   _| |__   ___ | |_ \" + System.lineSeparator() +","lastModifiedDate":"2025-09-03T12:10:07","isFullCredit":false},{"lineNumber":111,"author":{"gitId":"seantankj"},"content":"                \" | |  _| \u0027__| |/ _` |/ _` | | | | \u0027_ \\\\ / _ \\\\| __|\" + System.lineSeparator() +","lastModifiedDate":"2025-09-03T12:10:07","isFullCredit":false},{"lineNumber":112,"author":{"gitId":"seantankj"},"content":"                \" | |_| | |  | | (_| | (_| | |_| | |_) | (_) | |_ \" + System.lineSeparator() +","lastModifiedDate":"2025-09-03T12:10:07","isFullCredit":false},{"lineNumber":113,"author":{"gitId":"seantankj"},"content":"                \"  \\\\____|_|  |_|\\\\__,_|\\\\__,_|\\\\__, |_.__/ \\\\___/ \\\\__|\" + System.lineSeparator() +","lastModifiedDate":"2025-09-03T12:10:07","isFullCredit":false},{"lineNumber":114,"author":{"gitId":"seantankj"},"content":"                \"                           |___/                 \" + System.lineSeparator() +","lastModifiedDate":"2025-09-03T12:10:07","isFullCredit":false},{"lineNumber":115,"author":{"gitId":"seantankj"},"content":"                \"What can I do for you?\" + System.lineSeparator() + line);","lastModifiedDate":"2025-09-03T12:10:07","isFullCredit":false},{"lineNumber":116,"author":{"gitId":"seantankj"},"content":"    }","lastModifiedDate":"2025-09-03T01:35:55","isFullCredit":false},{"lineNumber":117,"author":{"gitId":"seantankj"},"content":"","lastModifiedDate":"2025-09-03T01:35:55","isFullCredit":false},{"lineNumber":118,"author":{"gitId":"seantankj"},"content":"    private static void printBye(String line) {","lastModifiedDate":"2025-09-03T01:45:55","isFullCredit":false},{"lineNumber":119,"author":{"gitId":"seantankj"},"content":"        System.out.println(line + \"Bye. Come back soon!\" + System.lineSeparator() + line);","lastModifiedDate":"2025-09-03T01:45:55","isFullCredit":false},{"lineNumber":120,"author":{"gitId":"seantankj"},"content":"    }","lastModifiedDate":"2025-09-03T01:45:55","isFullCredit":false},{"lineNumber":121,"author":{"gitId":"seantankj"},"content":"","lastModifiedDate":"2025-09-03T01:45:55","isFullCredit":false},{"lineNumber":122,"author":{"gitId":"seantankj"},"content":"}","lastModifiedDate":"2025-08-20T23:09:48","isFullCredit":false}],"authorContributionMap":{"seantankj":122}},{"path":"src/main/java/Task.java","fileType":"java","lines":[{"lineNumber":1,"author":{"gitId":"seantankj"},"content":"public class Task {","lastModifiedDate":"2025-08-28T21:57:46","isFullCredit":false},{"lineNumber":2,"author":{"gitId":"seantankj"},"content":"","lastModifiedDate":"2025-09-03T01:45:55","isFullCredit":false},{"lineNumber":3,"author":{"gitId":"seantankj"},"content":"    protected String description;","lastModifiedDate":"2025-08-28T21:57:46","isFullCredit":false},{"lineNumber":4,"author":{"gitId":"seantankj"},"content":"    protected boolean isDone;","lastModifiedDate":"2025-08-28T21:57:46","isFullCredit":false},{"lineNumber":5,"author":{"gitId":"seantankj"},"content":"","lastModifiedDate":"2025-08-28T21:57:46","isFullCredit":false},{"lineNumber":6,"author":{"gitId":"seantankj"},"content":"    public Task (String description) {","lastModifiedDate":"2025-08-28T21:57:46","isFullCredit":false},{"lineNumber":7,"author":{"gitId":"seantankj"},"content":"        this.description \u003d description;","lastModifiedDate":"2025-08-28T21:57:46","isFullCredit":false},{"lineNumber":8,"author":{"gitId":"seantankj"},"content":"        this.isDone \u003d false;","lastModifiedDate":"2025-08-28T21:57:46","isFullCredit":false},{"lineNumber":9,"author":{"gitId":"seantankj"},"content":"    }","lastModifiedDate":"2025-08-28T21:57:46","isFullCredit":false},{"lineNumber":10,"author":{"gitId":"seantankj"},"content":"","lastModifiedDate":"2025-08-28T21:57:46","isFullCredit":false},{"lineNumber":11,"author":{"gitId":"seantankj"},"content":"    public String getStatusIcon() {","lastModifiedDate":"2025-08-28T21:57:46","isFullCredit":false},{"lineNumber":12,"author":{"gitId":"seantankj"},"content":"        return (isDone ? \"X\" : \" \");","lastModifiedDate":"2025-08-28T21:57:46","isFullCredit":false},{"lineNumber":13,"author":{"gitId":"seantankj"},"content":"    }","lastModifiedDate":"2025-08-28T21:57:46","isFullCredit":false},{"lineNumber":14,"author":{"gitId":"seantankj"},"content":"","lastModifiedDate":"2025-08-28T21:57:46","isFullCredit":false},{"lineNumber":15,"author":{"gitId":"seantankj"},"content":"    public void markAsDone() {","lastModifiedDate":"2025-08-28T21:57:46","isFullCredit":false},{"lineNumber":16,"author":{"gitId":"seantankj"},"content":"        isDone \u003d true;","lastModifiedDate":"2025-08-28T21:57:46","isFullCredit":false},{"lineNumber":17,"author":{"gitId":"seantankj"},"content":"    }","lastModifiedDate":"2025-08-28T21:57:46","isFullCredit":false},{"lineNumber":18,"author":{"gitId":"seantankj"},"content":"","lastModifiedDate":"2025-08-28T21:57:46","isFullCredit":false},{"lineNumber":19,"author":{"gitId":"seantankj"},"content":"    public void markAsUndone() {","lastModifiedDate":"2025-08-28T21:57:46","isFullCredit":false},{"lineNumber":20,"author":{"gitId":"seantankj"},"content":"        isDone \u003d false;","lastModifiedDate":"2025-08-28T21:57:46","isFullCredit":false},{"lineNumber":21,"author":{"gitId":"seantankj"},"content":"    }","lastModifiedDate":"2025-08-28T21:57:46","isFullCredit":false},{"lineNumber":22,"author":{"gitId":"seantankj"},"content":"","lastModifiedDate":"2025-09-03T01:35:55","isFullCredit":false},{"lineNumber":23,"author":{"gitId":"seantankj"},"content":"    @Override","lastModifiedDate":"2025-09-03T01:35:55","isFullCredit":false},{"lineNumber":24,"author":{"gitId":"seantankj"},"content":"    public String toString() {","lastModifiedDate":"2025-09-03T01:35:55","isFullCredit":false},{"lineNumber":25,"author":{"gitId":"seantankj"},"content":"        return \"[\" + getStatusIcon() + \"] \" + description;","lastModifiedDate":"2025-09-03T01:35:55","isFullCredit":false},{"lineNumber":26,"author":{"gitId":"seantankj"},"content":"    }","lastModifiedDate":"2025-09-03T01:35:55","isFullCredit":false},{"lineNumber":27,"author":{"gitId":"seantankj"},"content":"}","lastModifiedDate":"2025-08-28T21:57:46","isFullCredit":false}],"authorContributionMap":{"seantankj":27}},{"path":"src/main/java/ToDo.java","fileType":"java","lines":[{"lineNumber":1,"author":{"gitId":"seantankj"},"content":"public class ToDo extends Task{","lastModifiedDate":"2025-09-03T01:35:55","isFullCredit":false},{"lineNumber":2,"author":{"gitId":"seantankj"},"content":"","lastModifiedDate":"2025-09-03T01:35:55","isFullCredit":false},{"lineNumber":3,"author":{"gitId":"seantankj"},"content":"    public ToDo(String description) {","lastModifiedDate":"2025-09-03T01:35:55","isFullCredit":false},{"lineNumber":4,"author":{"gitId":"seantankj"},"content":"        super(description);","lastModifiedDate":"2025-09-03T01:35:55","isFullCredit":false},{"lineNumber":5,"author":{"gitId":"seantankj"},"content":"    }","lastModifiedDate":"2025-09-03T01:35:55","isFullCredit":false},{"lineNumber":6,"author":{"gitId":"seantankj"},"content":"","lastModifiedDate":"2025-09-03T01:35:55","isFullCredit":false},{"lineNumber":7,"author":{"gitId":"seantankj"},"content":"    @Override","lastModifiedDate":"2025-09-03T01:35:55","isFullCredit":false},{"lineNumber":8,"author":{"gitId":"seantankj"},"content":"    public String toString() {","lastModifiedDate":"2025-09-03T01:35:55","isFullCredit":false},{"lineNumber":9,"author":{"gitId":"seantankj"},"content":"        return \"[T]\" + super.toString();","lastModifiedDate":"2025-09-03T01:35:55","isFullCredit":false},{"lineNumber":10,"author":{"gitId":"seantankj"},"content":"    }","lastModifiedDate":"2025-09-03T01:35:55","isFullCredit":false},{"lineNumber":11,"author":{"gitId":"seantankj"},"content":"}","lastModifiedDate":"2025-09-03T01:35:55","isFullCredit":false}],"authorContributionMap":{"seantankj":11}},{"path":"text-ui-test/input.txt","fileType":"txt","lines":[{"lineNumber":1,"author":{"gitId":"seantankj"},"content":"test1","lastModifiedDate":"2025-09-03T12:10:07","isFullCredit":false},{"lineNumber":2,"author":{"gitId":"seantankj"},"content":"mark 1","lastModifiedDate":"2025-09-03T12:10:07","isFullCredit":false},{"lineNumber":3,"author":{"gitId":"seantankj"},"content":"unmark 1","lastModifiedDate":"2025-09-03T12:10:07","isFullCredit":false},{"lineNumber":4,"author":{"gitId":"seantankj"},"content":"todo test2","lastModifiedDate":"2025-09-03T12:10:07","isFullCredit":false},{"lineNumber":5,"author":{"gitId":"seantankj"},"content":"deadline test3 /by Sunday","lastModifiedDate":"2025-09-03T12:10:07","isFullCredit":false},{"lineNumber":6,"author":{"gitId":"seantankj"},"content":"event test4 /from 2pm /to 4pm","lastModifiedDate":"2025-09-03T12:10:07","isFullCredit":false},{"lineNumber":7,"author":{"gitId":"seantankj"},"content":"mark 2","lastModifiedDate":"2025-09-03T12:10:07","isFullCredit":false},{"lineNumber":8,"author":{"gitId":"seantankj"},"content":"mark 3","lastModifiedDate":"2025-09-03T12:10:07","isFullCredit":false},{"lineNumber":9,"author":{"gitId":"seantankj"},"content":"mark 4","lastModifiedDate":"2025-09-03T12:10:07","isFullCredit":false},{"lineNumber":10,"author":{"gitId":"seantankj"},"content":"unmark 3","lastModifiedDate":"2025-09-03T12:10:07","isFullCredit":false},{"lineNumber":11,"author":{"gitId":"seantankj"},"content":"list","lastModifiedDate":"2025-09-03T12:10:07","isFullCredit":false},{"lineNumber":12,"author":{"gitId":"seantankj"},"content":"bye","lastModifiedDate":"2025-09-03T12:10:07","isFullCredit":false}],"authorContributionMap":{"seantankj":12}},{"path":"text-ui-test/runtest.bat","fileType":"bat","lines":[{"lineNumber":1,"author":{"gitId":"-"},"content":"@ECHO OFF","lastModifiedDate":"2020-05-25T00:03:55","isFullCredit":false},{"lineNumber":2,"author":{"gitId":"-"},"content":"","lastModifiedDate":"2020-05-25T00:03:55","isFullCredit":false},{"lineNumber":3,"author":{"gitId":"-"},"content":"REM create bin directory if it doesn\u0027t exist","lastModifiedDate":"2020-05-25T00:03:55","isFullCredit":false},{"lineNumber":4,"author":{"gitId":"-"},"content":"if not exist ..\\bin mkdir ..\\bin","lastModifiedDate":"2020-05-25T00:03:55","isFullCredit":false},{"lineNumber":5,"author":{"gitId":"-"},"content":"","lastModifiedDate":"2020-05-25T00:03:55","isFullCredit":false},{"lineNumber":6,"author":{"gitId":"-"},"content":"REM delete output from previous run","lastModifiedDate":"2020-05-25T00:03:55","isFullCredit":false},{"lineNumber":7,"author":{"gitId":"seantankj"},"content":"del ACTUAL.TXT","lastModifiedDate":"2025-09-03T12:10:07","isFullCredit":false},{"lineNumber":8,"author":{"gitId":"-"},"content":"","lastModifiedDate":"2020-05-25T00:03:55","isFullCredit":false},{"lineNumber":9,"author":{"gitId":"-"},"content":"REM compile the code into the bin folder","lastModifiedDate":"2020-05-25T00:03:55","isFullCredit":false},{"lineNumber":10,"author":{"gitId":"-"},"content":"javac  -cp ..\\src\\main\\java -Xlint:none -d ..\\bin ..\\src\\main\\java\\*.java","lastModifiedDate":"2020-08-25T17:23:26","isFullCredit":false},{"lineNumber":11,"author":{"gitId":"-"},"content":"IF ERRORLEVEL 1 (","lastModifiedDate":"2020-05-25T00:03:55","isFullCredit":false},{"lineNumber":12,"author":{"gitId":"-"},"content":"    echo ********** BUILD FAILURE **********","lastModifiedDate":"2020-05-25T00:03:55","isFullCredit":false},{"lineNumber":13,"author":{"gitId":"-"},"content":"    exit /b 1","lastModifiedDate":"2020-05-25T00:03:55","isFullCredit":false},{"lineNumber":14,"author":{"gitId":"-"},"content":")","lastModifiedDate":"2020-05-25T00:03:55","isFullCredit":false},{"lineNumber":15,"author":{"gitId":"-"},"content":"REM no error here, errorlevel \u003d\u003d 0","lastModifiedDate":"2020-05-25T00:03:55","isFullCredit":false},{"lineNumber":16,"author":{"gitId":"-"},"content":"","lastModifiedDate":"2020-05-25T00:03:55","isFullCredit":false},{"lineNumber":17,"author":{"gitId":"-"},"content":"REM run the program, feed commands from input.txt file and redirect the output to the ACTUAL.TXT","lastModifiedDate":"2020-05-25T00:03:55","isFullCredit":false},{"lineNumber":18,"author":{"gitId":"seantankj"},"content":"java -classpath ..\\bin Griddybot \u003c input.txt \u003e ACTUAL.TXT","lastModifiedDate":"2025-09-03T12:10:07","isFullCredit":false},{"lineNumber":19,"author":{"gitId":"-"},"content":"","lastModifiedDate":"2020-05-25T00:03:55","isFullCredit":false},{"lineNumber":20,"author":{"gitId":"-"},"content":"REM compare the output to the expected output","lastModifiedDate":"2020-05-25T00:03:55","isFullCredit":false},{"lineNumber":21,"author":{"gitId":"-"},"content":"FC ACTUAL.TXT EXPECTED.TXT","lastModifiedDate":"2020-05-25T00:03:55","isFullCredit":false}],"authorContributionMap":{"seantankj":2,"-":19}}]
