{"authorDailyContributionsMap":{"ashutoshalung":[{"date":"2025-09-02T00:00:00","commitResults":[{"hash":"466fc5d1d18be1442e2a4c39d06c11bea3ad1b69","isMergeCommit":false,"messageTitle":"Renamed file to Twin.java","messageBody":"","tags":["Level-3","Level-2","Level-1","Level-0","A-CodingStandard"],"fileTypesAndContributionMap":{"java":{"insertions":51,"deletions":10}}}]}]},"authorFileTypeContributionMap":{"ashutoshalung":{"java":51,"md":0,"fxml":0,"sh":0,"bat":0,"gradle":0,"txt":0}},"authorContributionVariance":{"ashutoshalung":137.61095},"authorDisplayNameMap":{"ashutoshalung":"CS2113-T11-1 ALUN..TOSH"}}
