{"authorDailyContributionsMap":{"yujie-o":[{"date":"2025-08-22T00:00:00","commitResults":[{"hash":"5eb49890def1a6263babe27e087571c974e65526","isMergeCommit":false,"messageTitle":"Level-0: Rename, Greet, Exit","messageBody":"","fileTypesAndContributionMap":{"java":{"insertions":12,"deletions":10},"bat":{"insertions":1,"deletions":1},"md":{"insertions":3,"deletions":3}}},{"hash":"71f4059bbc7d9b924e1c0a480d024a40907ac840","isMergeCommit":false,"messageTitle":"Rename, Greet, Exit","messageBody":"","fileTypesAndContributionMap":{"java":{"insertions":12,"deletions":10},"bat":{"insertions":1,"deletions":1},"md":{"insertions":3,"deletions":3}}},{"hash":"ac017294d56ba63466002942ac0d95283fe7616b","isMergeCommit":false,"messageTitle":"Rename, Greet, Exit","messageBody":"","tags":["Level-0"],"fileTypesAndContributionMap":{"java":{"insertions":8,"deletions":6}}}]},{"date":"2025-08-27T00:00:00","commitResults":[{"hash":"d484bbdce226ec4c77e1a7f7f6694bf896f8406c","isMergeCommit":false,"messageTitle":"Echo","messageBody":"","tags":["Level-1"],"fileTypesAndContributionMap":{"java":{"insertions":43,"deletions":9}}},{"hash":"9b29452db9f639e7f674cb87b4b1f338d79adab1","isMergeCommit":false,"messageTitle":"Add, List","messageBody":"","tags":["Level-2"],"fileTypesAndContributionMap":{"java":{"insertions":34,"deletions":1}}},{"hash":"cf18d1063e4aa431c484362521a0c86a7a3f2423","isMergeCommit":false,"messageTitle":"Mark as Done","messageBody":"","tags":["Level-3","A-CodingStandard"],"fileTypesAndContributionMap":{"java":{"insertions":79,"deletions":14}}}]},{"date":"2025-09-04T00:00:00","commitResults":[{"hash":"d976b2e51205a2dd142b579663ba3ac9487768d3","isMergeCommit":false,"messageTitle":"ToDos, Events, Deadlines","messageBody":"","fileTypesAndContributionMap":{"java":{"insertions":138,"deletions":19}}},{"hash":"008d4271d7580832cc6f39dd5517efcd0ea74ac8","isMergeCommit":false,"messageTitle":"Improve Code Quality","messageBody":"","tags":["A-CodeQuality"],"fileTypesAndContributionMap":{"java":{"insertions":112,"deletions":58}}},{"hash":"dc03fecd68363b605f6e1676e27705831cd79543","isMergeCommit":false,"messageTitle":"Automated Text UI Testing","messageBody":"","fileTypesAndContributionMap":{"txt":{"insertions":13,"deletions":0},"java":{"insertions":5,"deletions":5}}}]},{"date":"2025-09-10T00:00:00","commitResults":[{"hash":"f531b1ad6a099df130af7a5f442a9dc5ab3aa03b","isMergeCommit":false,"messageTitle":"feat(level-5): add PenguinException hierarchy for error handling","messageBody":"","fileTypesAndContributionMap":{"java":{"insertions":35,"deletions":0}}},{"hash":"54925c70850539c58891c9464548032bd7682d2c","isMergeCommit":false,"messageTitle":"feat(level-5): add Ui.showError for consistent exception messages","messageBody":"","fileTypesAndContributionMap":{"java":{"insertions":3,"deletions":0}}},{"hash":"4099eaa5cfdfb1fd718f50ab9e598c61f5f89ef8","isMergeCommit":false,"messageTitle":"refactor(level-5): make TaskList throw domain exceptions on error paths","messageBody":"","fileTypesAndContributionMap":{"java":{"insertions":7,"deletions":12}}},{"hash":"8f0019287ecfb3bdcb1a63718a8b10303e0a1809","isMergeCommit":false,"messageTitle":"refactor(level-5): route input errors via exceptions in Penguin main loop","messageBody":"","fileTypesAndContributionMap":{"java":{"insertions":70,"deletions":75}}},{"hash":"da8e7bd99dcbb610106634d8ac662c062ee99779","isMergeCommit":false,"messageTitle":"feat(level-5): add `help` command to show manual","messageBody":"","fileTypesAndContributionMap":{"java":{"insertions":5,"deletions":7}}},{"hash":"723ad3289e639acc98a482c9fab162fcea3be9c7","isMergeCommit":true,"messageTitle":"Handle Errors","messageBody":"","tags":["Level-5","A-Exceptions"],"fileTypesAndContributionMap":{}},{"hash":"608c949863f1af792fcfd25894be299baa23979f","isMergeCommit":false,"messageTitle":"Organize into Packages","messageBody":"","fileTypesAndContributionMap":{"java":{"insertions":74,"deletions":35}}},{"hash":"22b4d8798535a2135c1ab0daf89b2eac18d4a649","isMergeCommit":true,"messageTitle":"Merge branch \u0027branch-A-Packages\u0027","messageBody":"","fileTypesAndContributionMap":{}}]},{"date":"2025-09-17T00:00:00","commitResults":[{"hash":"27945289acbcd2455d12ee0947190573a138d1f4","isMergeCommit":false,"messageTitle":"feat(level-6): add deleteTask() to TaskList","messageBody":"","fileTypesAndContributionMap":{"java":{"insertions":12,"deletions":2}}},{"hash":"adf7310278d2a76ee106378ad6deae8a9f2e9738","isMergeCommit":false,"messageTitle":"feat(level-6): add \u0027delete\u0027 command and messages","messageBody":"","fileTypesAndContributionMap":{"java":{"insertions":13,"deletions":2}}},{"hash":"882bde0f61953177efda8ad05bc29a9fd0707786","isMergeCommit":false,"messageTitle":"docs(level-6): document delete in help","messageBody":"","fileTypesAndContributionMap":{"java":{"insertions":3,"deletions":0}}},{"hash":"82ec091c014690f68273a0f2532fac28fc745033","isMergeCommit":false,"messageTitle":"refactor(level-6): switch TaskList to ArrayList","messageBody":"","fileTypesAndContributionMap":{"java":{"insertions":26,"deletions":34}}},{"hash":"c2ad0887f075e4e5705ff1782f3c434630620fbb","isMergeCommit":false,"messageTitle":"feat(level-7): add getters on Task/Deadline/Event to support save/load","messageBody":"","fileTypesAndContributionMap":{"java":{"insertions":23,"deletions":0}}},{"hash":"575316a705e391d2241abc8a88bf35140c3210ab","isMergeCommit":false,"messageTitle":"feat(level-7): expose get(i) on TaskList for serialization","messageBody":"","fileTypesAndContributionMap":{"java":{"insertions":7,"deletions":1}}},{"hash":"1db3ff5f1126748ede914176fca6af3d211df99b","isMergeCommit":false,"messageTitle":"feat(level-7): introduce Storage (load/save with simple text format)","messageBody":"","fileTypesAndContributionMap":{"java":{"insertions":101,"deletions":2}}},{"hash":"c68cd1b37885044776c88cda46dfdb438791807f","isMergeCommit":false,"messageTitle":"feat(level-7): load at startup and auto-save after each mutation","messageBody":"","fileTypesAndContributionMap":{"java":{"insertions":21,"deletions":1}}},{"hash":"86e7d2ce640525af88e40dd041607fc6f273a092","isMergeCommit":false,"messageTitle":"chore(level-7): rename save file from duke.txt to penguin.txt","messageBody":"","fileTypesAndContributionMap":{"txt":{"insertions":3,"deletions":0},"java":{"insertions":1,"deletions":1}}},{"hash":"8efa62b5a0362afb599d9cf8095b8df1e01f8d56","isMergeCommit":true,"messageTitle":"Merge branch \u0027branch-Level-6\u0027","messageBody":"","tags":["Level-6","A-Collections"],"fileTypesAndContributionMap":{}},{"hash":"d98dc66f3db8db9eedbdc759d576d46470f79df0","isMergeCommit":false,"messageTitle":"chore: stop tracking data/duke.txt","messageBody":"","fileTypesAndContributionMap":{"txt":{"insertions":0,"deletions":3}}},{"hash":"3fb0013344fc3ab3618c3c1227460e89e6d80b02","isMergeCommit":true,"messageTitle":"Merge branch \u0027branch-Level-7\u0027","messageBody":"# Conflicts:\n#\tsrc/main/java/penguin/task/TaskList.java\n","tags":["Level-7"],"fileTypesAndContributionMap":{}},{"hash":"d8c9422a3f5e22aeb50c64e2f73f54cc34f2e56d","isMergeCommit":false,"messageTitle":"feat(level-7): add delete support in Storage","messageBody":"","fileTypesAndContributionMap":{"java":{"insertions":3,"deletions":0}}}]},{"date":"2025-09-18T00:00:00","commitResults":[{"hash":"afdaef782dbe7952bab604ba0281dca3ad7f660b","isMergeCommit":false,"messageTitle":"Use More OOP","messageBody":"","tags":["A-MoreOOP"],"fileTypesAndContributionMap":{"java":{"insertions":262,"deletions":142}}}]},{"date":"2025-09-19T00:00:00","commitResults":[{"hash":"90619cb5fb6d580e4a3e870489f67f019049989c","isMergeCommit":false,"messageTitle":"Dates and Times","messageBody":"","tags":["Level-8"],"fileTypesAndContributionMap":{"java":{"insertions":320,"deletions":88}}},{"hash":"04e261a301e41893f28332daa3b46f609fcc7c66","isMergeCommit":false,"messageTitle":"Find","messageBody":"","tags":["Level-9"],"fileTypesAndContributionMap":{"java":{"insertions":59,"deletions":5}}},{"hash":"1913143e21e6fa142090ec29b29bab8cc64a4ad9","isMergeCommit":false,"messageTitle":"JavaDoc","messageBody":"","tags":["A-JavaDoc"],"fileTypesAndContributionMap":{"java":{"insertions":115,"deletions":14}}}]},{"date":"2025-09-23T00:00:00","commitResults":[{"hash":"65fb220807fe8cf870d9d0da2d67609ea1fa71f0","isMergeCommit":false,"messageTitle":"Add Javadoc to command/exception classes and fix date/time parsing errors","messageBody":"","fileTypesAndContributionMap":{"java":{"insertions":187,"deletions":48}}},{"hash":"74a980c14b056007dbac61acd2488c39aa74de4e","isMergeCommit":false,"messageTitle":"Add User Guide in docs/README.md","messageBody":"","fileTypesAndContributionMap":{"md":{"insertions":273,"deletions":13}}},{"hash":"c32b1555629d341b1fb76954ba9197111f6cd030","isMergeCommit":true,"messageTitle":"Merge branch \u0027master\u0027 of https://github.com/yujie-o/ip","messageBody":"","tags":["A-UserGuide"],"fileTypesAndContributionMap":{}},{"hash":"3c939fbae98642dde372c1efb1fba97088a3e637","isMergeCommit":false,"messageTitle":"fix(storage): refine save/load to correctly handle Deadline and Event date-time formats","messageBody":"","fileTypesAndContributionMap":{"java":{"insertions":27,"deletions":9}}}]},{"date":"2025-09-30T00:00:00","commitResults":[{"hash":"0cbb81f5d129809549694481273c14aa82097107","isMergeCommit":false,"messageTitle":"chore(command): replace wildcard imports with explicit imports in Add*Command classes","messageBody":"","fileTypesAndContributionMap":{"java":{"insertions":6,"deletions":3}}},{"hash":"34c1c313179a6329d04b20102d6560edeb0d89c0","isMergeCommit":false,"messageTitle":"chore: prepare Level-9 branch for PR merge","messageBody":"","fileTypesAndContributionMap":{"md":{"insertions":1,"deletions":6}}},{"hash":"2e94531dc818a52a155d1cfad0c47a68662be70b","isMergeCommit":true,"messageTitle":"Merge pull request #1 from yujie-o/branch-Level-9","messageBody":"Add Level-9: Find command","fileTypesAndContributionMap":{}}]}]},"authorFileTypeContributionMap":{"yujie-o":{"java":1216,"md":273,"fxml":0,"sh":0,"bat":1,"gradle":0,"txt":13}},"authorContributionVariance":{"yujie-o":18985.783},"authorDisplayNameMap":{"yujie-o":"CS2113-T11-3 ONG .. JIE"}}
