[{"path":"CODE_OF_CONDUCT.md","fileType":"md","lines":[{"lineNumber":1,"author":{"gitId":"yikjin"},"content":"# Contributor Covenant Code of Conduct","lastModifiedDate":"2025-08-27T23:40:06","isFullCredit":false},{"lineNumber":2,"author":{"gitId":"yikjin"},"content":"","lastModifiedDate":"2025-08-27T23:40:06","isFullCredit":false},{"lineNumber":3,"author":{"gitId":"yikjin"},"content":"## Our Pledge","lastModifiedDate":"2025-08-27T23:40:06","isFullCredit":false},{"lineNumber":4,"author":{"gitId":"yikjin"},"content":"","lastModifiedDate":"2025-08-27T23:40:06","isFullCredit":false},{"lineNumber":5,"author":{"gitId":"yikjin"},"content":"We as members, contributors, and leaders pledge to make participation in our community a harassment-free experience for","lastModifiedDate":"2025-08-27T23:40:06","isFullCredit":false},{"lineNumber":6,"author":{"gitId":"yikjin"},"content":"everyone, regardless of age, body size, visible or invisible disability, ethnicity, sex characteristics, gender identity","lastModifiedDate":"2025-08-27T23:40:06","isFullCredit":false},{"lineNumber":7,"author":{"gitId":"yikjin"},"content":"and expression, level of experience, education, socio-economic status, nationality, personal appearance, race, religion,","lastModifiedDate":"2025-08-27T23:40:06","isFullCredit":false},{"lineNumber":8,"author":{"gitId":"yikjin"},"content":"or sexual identity and orientation.","lastModifiedDate":"2025-08-27T23:40:06","isFullCredit":false},{"lineNumber":9,"author":{"gitId":"yikjin"},"content":"","lastModifiedDate":"2025-08-27T23:40:06","isFullCredit":false},{"lineNumber":10,"author":{"gitId":"yikjin"},"content":"We pledge to act and interact in ways that contribute to an open, welcoming, diverse, inclusive, and healthy community.","lastModifiedDate":"2025-08-27T23:40:06","isFullCredit":false},{"lineNumber":11,"author":{"gitId":"yikjin"},"content":"","lastModifiedDate":"2025-08-27T23:40:06","isFullCredit":false},{"lineNumber":12,"author":{"gitId":"yikjin"},"content":"## Our Standards","lastModifiedDate":"2025-08-27T23:40:06","isFullCredit":false},{"lineNumber":13,"author":{"gitId":"yikjin"},"content":"","lastModifiedDate":"2025-08-27T23:40:06","isFullCredit":false},{"lineNumber":14,"author":{"gitId":"yikjin"},"content":"Examples of behavior that contributes to a positive environment for our community include:","lastModifiedDate":"2025-08-27T23:40:06","isFullCredit":false},{"lineNumber":15,"author":{"gitId":"yikjin"},"content":"","lastModifiedDate":"2025-08-27T23:40:06","isFullCredit":false},{"lineNumber":16,"author":{"gitId":"yikjin"},"content":"- Demonstrating empathy and kindness toward other people","lastModifiedDate":"2025-08-27T23:40:06","isFullCredit":false},{"lineNumber":17,"author":{"gitId":"yikjin"},"content":"- Being respectful of differing opinions, viewpoints, and experiences","lastModifiedDate":"2025-08-27T23:40:06","isFullCredit":false},{"lineNumber":18,"author":{"gitId":"yikjin"},"content":"- Giving and gracefully accepting constructive feedback","lastModifiedDate":"2025-08-27T23:40:06","isFullCredit":false},{"lineNumber":19,"author":{"gitId":"yikjin"},"content":"- Accepting responsibility and apologizing to those affected by our mistakes, and learning from the experience","lastModifiedDate":"2025-08-27T23:40:06","isFullCredit":false},{"lineNumber":20,"author":{"gitId":"yikjin"},"content":"- Focusing on what is best not just for us as individuals, but for the overall community","lastModifiedDate":"2025-08-27T23:40:06","isFullCredit":false},{"lineNumber":21,"author":{"gitId":"yikjin"},"content":"","lastModifiedDate":"2025-08-27T23:40:06","isFullCredit":false},{"lineNumber":22,"author":{"gitId":"yikjin"},"content":"Examples of unacceptable behavior include:","lastModifiedDate":"2025-08-27T23:40:06","isFullCredit":false},{"lineNumber":23,"author":{"gitId":"yikjin"},"content":"","lastModifiedDate":"2025-08-27T23:40:06","isFullCredit":false},{"lineNumber":24,"author":{"gitId":"yikjin"},"content":"- The use of sexualized language or imagery, and sexual attention or advances of any kind","lastModifiedDate":"2025-08-27T23:40:06","isFullCredit":false},{"lineNumber":25,"author":{"gitId":"yikjin"},"content":"- Trolling, insulting or derogatory comments, and personal or political attacks","lastModifiedDate":"2025-08-27T23:40:06","isFullCredit":false},{"lineNumber":26,"author":{"gitId":"yikjin"},"content":"- Public or private harassment","lastModifiedDate":"2025-08-27T23:40:06","isFullCredit":false},{"lineNumber":27,"author":{"gitId":"yikjin"},"content":"- Publishing others\u0027 private information, such as a physical or email address, without their explicit permission","lastModifiedDate":"2025-08-27T23:40:06","isFullCredit":false},{"lineNumber":28,"author":{"gitId":"yikjin"},"content":"- Other conduct which could reasonably be considered inappropriate in a professional setting","lastModifiedDate":"2025-08-27T23:40:06","isFullCredit":false},{"lineNumber":29,"author":{"gitId":"yikjin"},"content":"","lastModifiedDate":"2025-08-27T23:40:06","isFullCredit":false},{"lineNumber":30,"author":{"gitId":"yikjin"},"content":"## Enforcement Responsibilities","lastModifiedDate":"2025-08-27T23:40:06","isFullCredit":false},{"lineNumber":31,"author":{"gitId":"yikjin"},"content":"","lastModifiedDate":"2025-08-27T23:40:06","isFullCredit":false},{"lineNumber":32,"author":{"gitId":"yikjin"},"content":"Community leaders are responsible for clarifying and enforcing our standards of acceptable behavior and will take","lastModifiedDate":"2025-08-27T23:40:06","isFullCredit":false},{"lineNumber":33,"author":{"gitId":"yikjin"},"content":"appropriate and fair corrective action in response to any behavior that they deem inappropriate, threatening, offensive,","lastModifiedDate":"2025-08-27T23:40:06","isFullCredit":false},{"lineNumber":34,"author":{"gitId":"yikjin"},"content":"or harmful.","lastModifiedDate":"2025-08-27T23:40:06","isFullCredit":false},{"lineNumber":35,"author":{"gitId":"yikjin"},"content":"","lastModifiedDate":"2025-08-27T23:40:06","isFullCredit":false},{"lineNumber":36,"author":{"gitId":"yikjin"},"content":"Community leaders have the right and responsibility to remove, edit, or reject comments, commits, code, wiki edits,","lastModifiedDate":"2025-08-27T23:40:06","isFullCredit":false},{"lineNumber":37,"author":{"gitId":"yikjin"},"content":"issues, and other contributions that are not aligned to this Code of Conduct, and will communicate reasons for","lastModifiedDate":"2025-08-27T23:40:06","isFullCredit":false},{"lineNumber":38,"author":{"gitId":"yikjin"},"content":"moderation decisions when appropriate.","lastModifiedDate":"2025-08-27T23:40:06","isFullCredit":false},{"lineNumber":39,"author":{"gitId":"yikjin"},"content":"","lastModifiedDate":"2025-08-27T23:40:06","isFullCredit":false},{"lineNumber":40,"author":{"gitId":"yikjin"},"content":"## Scope","lastModifiedDate":"2025-08-27T23:40:06","isFullCredit":false},{"lineNumber":41,"author":{"gitId":"yikjin"},"content":"","lastModifiedDate":"2025-08-27T23:40:06","isFullCredit":false},{"lineNumber":42,"author":{"gitId":"yikjin"},"content":"This Code of Conduct applies within all community spaces, and also applies when an individual is officially representing","lastModifiedDate":"2025-08-27T23:40:06","isFullCredit":false},{"lineNumber":43,"author":{"gitId":"yikjin"},"content":"the community in public spaces. Examples of representing our community include using an official e-mail address, posting","lastModifiedDate":"2025-08-27T23:40:06","isFullCredit":false},{"lineNumber":44,"author":{"gitId":"yikjin"},"content":"via an official social media account, or acting as an appointed representative at an online or offline event.","lastModifiedDate":"2025-08-27T23:40:06","isFullCredit":false},{"lineNumber":45,"author":{"gitId":"yikjin"},"content":"","lastModifiedDate":"2025-08-27T23:40:06","isFullCredit":false},{"lineNumber":46,"author":{"gitId":"yikjin"},"content":"## Enforcement","lastModifiedDate":"2025-08-27T23:40:06","isFullCredit":false},{"lineNumber":47,"author":{"gitId":"yikjin"},"content":"","lastModifiedDate":"2025-08-27T23:40:06","isFullCredit":false},{"lineNumber":48,"author":{"gitId":"yikjin"},"content":"Instances of abusive, harassing, or otherwise unacceptable behavior may be reported to the community leaders responsible","lastModifiedDate":"2025-08-27T23:40:06","isFullCredit":false},{"lineNumber":49,"author":{"gitId":"yikjin"},"content":"for enforcement at [the project\u0027s GitHub issues page](https://github.com/yikjin/ip/issues/new). All complaints will be","lastModifiedDate":"2025-08-27T23:40:06","isFullCredit":false},{"lineNumber":50,"author":{"gitId":"yikjin"},"content":"reviewed and investigated promptly and fairly.","lastModifiedDate":"2025-08-27T23:40:06","isFullCredit":false},{"lineNumber":51,"author":{"gitId":"yikjin"},"content":"","lastModifiedDate":"2025-08-27T23:40:06","isFullCredit":false},{"lineNumber":52,"author":{"gitId":"yikjin"},"content":"All community leaders are obligated to respect the privacy and security of the reporter of any incident.","lastModifiedDate":"2025-08-27T23:40:06","isFullCredit":false},{"lineNumber":53,"author":{"gitId":"yikjin"},"content":"","lastModifiedDate":"2025-08-27T23:40:06","isFullCredit":false},{"lineNumber":54,"author":{"gitId":"yikjin"},"content":"## Enforcement Guidelines","lastModifiedDate":"2025-08-27T23:40:06","isFullCredit":false},{"lineNumber":55,"author":{"gitId":"yikjin"},"content":"","lastModifiedDate":"2025-08-27T23:40:06","isFullCredit":false},{"lineNumber":56,"author":{"gitId":"yikjin"},"content":"Community leaders will follow these Community Impact Guidelines in determining the consequences for any action they deem","lastModifiedDate":"2025-08-27T23:40:06","isFullCredit":false},{"lineNumber":57,"author":{"gitId":"yikjin"},"content":"in violation of this Code of Conduct:","lastModifiedDate":"2025-08-27T23:40:06","isFullCredit":false},{"lineNumber":58,"author":{"gitId":"yikjin"},"content":"","lastModifiedDate":"2025-08-27T23:40:06","isFullCredit":false},{"lineNumber":59,"author":{"gitId":"yikjin"},"content":"### 1. Correction","lastModifiedDate":"2025-08-27T23:40:06","isFullCredit":false},{"lineNumber":60,"author":{"gitId":"yikjin"},"content":"","lastModifiedDate":"2025-08-27T23:40:06","isFullCredit":false},{"lineNumber":61,"author":{"gitId":"yikjin"},"content":"**Community Impact**: Use of inappropriate language or other behavior deemed unprofessional or unwelcome in the","lastModifiedDate":"2025-08-27T23:40:06","isFullCredit":false},{"lineNumber":62,"author":{"gitId":"yikjin"},"content":"community.","lastModifiedDate":"2025-08-27T23:40:06","isFullCredit":false},{"lineNumber":63,"author":{"gitId":"yikjin"},"content":"","lastModifiedDate":"2025-08-27T23:40:06","isFullCredit":false},{"lineNumber":64,"author":{"gitId":"yikjin"},"content":"**Consequence**: A private, written warning from community leaders, providing clarity around the nature of the violation","lastModifiedDate":"2025-08-27T23:40:06","isFullCredit":false},{"lineNumber":65,"author":{"gitId":"yikjin"},"content":"and an explanation of why the behavior was inappropriate. A public apology may be requested.","lastModifiedDate":"2025-08-27T23:40:06","isFullCredit":false},{"lineNumber":66,"author":{"gitId":"yikjin"},"content":"","lastModifiedDate":"2025-08-27T23:40:06","isFullCredit":false},{"lineNumber":67,"author":{"gitId":"yikjin"},"content":"### 2. Warning","lastModifiedDate":"2025-08-27T23:40:06","isFullCredit":false},{"lineNumber":68,"author":{"gitId":"yikjin"},"content":"","lastModifiedDate":"2025-08-27T23:40:06","isFullCredit":false},{"lineNumber":69,"author":{"gitId":"yikjin"},"content":"**Community Impact**: A violation through a single incident or series of actions.","lastModifiedDate":"2025-08-27T23:40:06","isFullCredit":false},{"lineNumber":70,"author":{"gitId":"yikjin"},"content":"","lastModifiedDate":"2025-08-27T23:40:06","isFullCredit":false},{"lineNumber":71,"author":{"gitId":"yikjin"},"content":"**Consequence**: A warning with consequences for continued behavior. No interaction with the people involved, including","lastModifiedDate":"2025-08-27T23:40:06","isFullCredit":false},{"lineNumber":72,"author":{"gitId":"yikjin"},"content":"unsolicited interaction with those enforcing the Code of Conduct, for a specified period of time. This includes avoiding","lastModifiedDate":"2025-08-27T23:40:06","isFullCredit":false},{"lineNumber":73,"author":{"gitId":"yikjin"},"content":"interactions in community spaces as well as external channels like social media. Violating these terms may lead to a","lastModifiedDate":"2025-08-27T23:40:06","isFullCredit":false},{"lineNumber":74,"author":{"gitId":"yikjin"},"content":"temporary or permanent ban.","lastModifiedDate":"2025-08-27T23:40:06","isFullCredit":false},{"lineNumber":75,"author":{"gitId":"yikjin"},"content":"","lastModifiedDate":"2025-08-27T23:40:06","isFullCredit":false},{"lineNumber":76,"author":{"gitId":"yikjin"},"content":"### 3. Temporary Ban","lastModifiedDate":"2025-08-27T23:40:06","isFullCredit":false},{"lineNumber":77,"author":{"gitId":"yikjin"},"content":"","lastModifiedDate":"2025-08-27T23:40:06","isFullCredit":false},{"lineNumber":78,"author":{"gitId":"yikjin"},"content":"**Community Impact**: A serious violation of community standards, including sustained inappropriate behavior.","lastModifiedDate":"2025-08-27T23:40:06","isFullCredit":false},{"lineNumber":79,"author":{"gitId":"yikjin"},"content":"","lastModifiedDate":"2025-08-27T23:40:06","isFullCredit":false},{"lineNumber":80,"author":{"gitId":"yikjin"},"content":"**Consequence**: A temporary ban from any sort of interaction or public communication with the community for a specified","lastModifiedDate":"2025-08-27T23:40:06","isFullCredit":false},{"lineNumber":81,"author":{"gitId":"yikjin"},"content":"period of time. No public or private interaction with the people involved, including unsolicited interaction with those","lastModifiedDate":"2025-08-27T23:40:06","isFullCredit":false},{"lineNumber":82,"author":{"gitId":"yikjin"},"content":"enforcing the Code of Conduct, is allowed during this period. Violating these terms may lead to a permanent ban.","lastModifiedDate":"2025-08-27T23:40:06","isFullCredit":false},{"lineNumber":83,"author":{"gitId":"yikjin"},"content":"","lastModifiedDate":"2025-08-27T23:40:06","isFullCredit":false},{"lineNumber":84,"author":{"gitId":"yikjin"},"content":"### 4. Permanent Ban","lastModifiedDate":"2025-08-27T23:40:06","isFullCredit":false},{"lineNumber":85,"author":{"gitId":"yikjin"},"content":"","lastModifiedDate":"2025-08-27T23:40:06","isFullCredit":false},{"lineNumber":86,"author":{"gitId":"yikjin"},"content":"**Community Impact**: Demonstrating a pattern of violation of community standards, including sustained inappropriate","lastModifiedDate":"2025-08-27T23:40:06","isFullCredit":false},{"lineNumber":87,"author":{"gitId":"yikjin"},"content":"behavior, harassment of an individual, or aggression toward or disparagement of classes of individuals.","lastModifiedDate":"2025-08-27T23:40:06","isFullCredit":false},{"lineNumber":88,"author":{"gitId":"yikjin"},"content":"","lastModifiedDate":"2025-08-27T23:40:06","isFullCredit":false},{"lineNumber":89,"author":{"gitId":"yikjin"},"content":"**Consequence**: A permanent ban from any sort of public interaction within the community.","lastModifiedDate":"2025-08-27T23:40:06","isFullCredit":false},{"lineNumber":90,"author":{"gitId":"yikjin"},"content":"","lastModifiedDate":"2025-08-27T23:40:06","isFullCredit":false},{"lineNumber":91,"author":{"gitId":"yikjin"},"content":"## Attribution","lastModifiedDate":"2025-08-27T23:40:06","isFullCredit":false},{"lineNumber":92,"author":{"gitId":"yikjin"},"content":"","lastModifiedDate":"2025-08-27T23:40:06","isFullCredit":false},{"lineNumber":93,"author":{"gitId":"yikjin"},"content":"This Code of Conduct is adapted from the [Contributor Covenant][homepage], version 2.0, available at [","lastModifiedDate":"2025-08-27T23:40:06","isFullCredit":false},{"lineNumber":94,"author":{"gitId":"yikjin"},"content":"https://www.contributor-covenant.org/version/2/0/code_of_conduct.html][v2.0].","lastModifiedDate":"2025-08-27T23:40:06","isFullCredit":false},{"lineNumber":95,"author":{"gitId":"yikjin"},"content":"","lastModifiedDate":"2025-08-27T23:40:06","isFullCredit":false},{"lineNumber":96,"author":{"gitId":"yikjin"},"content":"Community Impact Guidelines were inspired by [Mozilla\u0027s code of conduct enforcement ladder][Mozilla CoC].","lastModifiedDate":"2025-08-27T23:40:06","isFullCredit":false},{"lineNumber":97,"author":{"gitId":"yikjin"},"content":"","lastModifiedDate":"2025-08-27T23:40:06","isFullCredit":false},{"lineNumber":98,"author":{"gitId":"yikjin"},"content":"For answers to common questions about this code of conduct, see the FAQ at [","lastModifiedDate":"2025-08-27T23:40:06","isFullCredit":false},{"lineNumber":99,"author":{"gitId":"yikjin"},"content":"https://www.contributor-covenant.org/faq][FAQ]. Translations are available at [","lastModifiedDate":"2025-08-27T23:40:06","isFullCredit":false},{"lineNumber":100,"author":{"gitId":"yikjin"},"content":"https://www.contributor-covenant.org/translations][translations].","lastModifiedDate":"2025-08-27T23:40:06","isFullCredit":false},{"lineNumber":101,"author":{"gitId":"yikjin"},"content":"","lastModifiedDate":"2025-08-27T23:40:06","isFullCredit":false},{"lineNumber":102,"author":{"gitId":"yikjin"},"content":"[homepage]: https://www.contributor-covenant.org","lastModifiedDate":"2025-08-27T23:40:06","isFullCredit":false},{"lineNumber":103,"author":{"gitId":"yikjin"},"content":"","lastModifiedDate":"2025-08-27T23:40:06","isFullCredit":false},{"lineNumber":104,"author":{"gitId":"yikjin"},"content":"[v2.0]: https://www.contributor-covenant.org/version/2/0/code_of_conduct.html","lastModifiedDate":"2025-08-27T23:40:06","isFullCredit":false},{"lineNumber":105,"author":{"gitId":"yikjin"},"content":"","lastModifiedDate":"2025-08-27T23:40:06","isFullCredit":false},{"lineNumber":106,"author":{"gitId":"yikjin"},"content":"[Mozilla CoC]: https://github.com/mozilla/diversity","lastModifiedDate":"2025-08-27T23:40:06","isFullCredit":false},{"lineNumber":107,"author":{"gitId":"yikjin"},"content":"","lastModifiedDate":"2025-08-27T23:40:06","isFullCredit":false},{"lineNumber":108,"author":{"gitId":"yikjin"},"content":"[FAQ]: https://www.contributor-covenant.org/faq","lastModifiedDate":"2025-08-27T23:40:06","isFullCredit":false},{"lineNumber":109,"author":{"gitId":"yikjin"},"content":"","lastModifiedDate":"2025-08-27T23:40:06","isFullCredit":false},{"lineNumber":110,"author":{"gitId":"yikjin"},"content":"[translations]: https://www.contributor-covenant.org/translations","lastModifiedDate":"2025-08-27T23:40:06","isFullCredit":false}],"authorContributionMap":{"yikjin":110}},{"path":"CONTRIBUTORS.md","fileType":"md","lines":[{"lineNumber":1,"author":{"gitId":"-"},"content":"# Contributors","lastModifiedDate":"2019-07-29T17:14:46","isFullCredit":false},{"lineNumber":2,"author":{"gitId":"-"},"content":"","lastModifiedDate":"2019-07-29T17:14:46","isFullCredit":false},{"lineNumber":3,"author":{"gitId":"yikjin"},"content":"| Display                                                      |        Name         |            Github Profile             |                      Homepage                      |","lastModifiedDate":"2025-08-27T23:37:39","isFullCredit":false},{"lineNumber":4,"author":{"gitId":"yikjin"},"content":"|--------------------------------------------------------------|:-------------------:|:-------------------------------------:|:--------------------------------------------------:|","lastModifiedDate":"2025-08-27T23:37:39","isFullCredit":false},{"lineNumber":5,"author":{"gitId":"yikjin"},"content":"| ![](https://avatars0.githubusercontent.com/u/22460123?s\u003d100) |     Jeffry Lum      |  [Github](https://github.com/j-lum/)  |        [Homepage](https://se.kasugano.moe)         |","lastModifiedDate":"2025-08-27T23:37:39","isFullCredit":false},{"lineNumber":6,"author":{"gitId":"yikjin"},"content":"| ![](https://avatars0.githubusercontent.com/u/1673303?s\u003d100)  | Damith C. Rajapakse | [Github](https://github.com/damithc/) | [Homepage](https://www.comp.nus.edu.sg/~damithch/) |","lastModifiedDate":"2025-08-27T23:37:39","isFullCredit":false},{"lineNumber":7,"author":{"gitId":"yikjin"},"content":"","lastModifiedDate":"2025-08-27T23:37:39","isFullCredit":false},{"lineNumber":8,"author":{"gitId":"yikjin"},"content":"# I would like to join this list. How can I help the project?","lastModifiedDate":"2025-08-27T23:37:39","isFullCredit":false},{"lineNumber":9,"author":{"gitId":"-"},"content":"","lastModifiedDate":"2019-07-29T17:14:46","isFullCredit":false},{"lineNumber":10,"author":{"gitId":"-"},"content":"For more information, please refer to our [contributor\u0027s guide](https://oss-generic.github.io/process/).","lastModifiedDate":"2019-07-29T17:14:46","isFullCredit":false}],"authorContributionMap":{"yikjin":6,"-":4}},{"path":"LICENSE.md","fileType":"md","lines":[{"lineNumber":1,"author":{"gitId":"yikjin"},"content":"# All rights reserved","lastModifiedDate":"2025-08-27T23:40:06","isFullCredit":false},{"lineNumber":2,"author":{"gitId":"yikjin"},"content":"","lastModifiedDate":"2025-08-27T23:40:06","isFullCredit":false},{"lineNumber":3,"author":{"gitId":"yikjin"},"content":"Copyright (c) 2025 Yik Jin ([@yikjin](https://github.com/yikjin)), NUS CS2113 Teaching Team ([@nus-cs2113-AY2526S1](","lastModifiedDate":"2025-08-27T23:40:06","isFullCredit":false},{"lineNumber":4,"author":{"gitId":"yikjin"},"content":"https://github.com/nus-cs2113-AY2526S1)). All rights reserved.","lastModifiedDate":"2025-08-27T23:40:06","isFullCredit":false},{"lineNumber":5,"author":{"gitId":"yikjin"},"content":"","lastModifiedDate":"2025-08-27T23:40:06","isFullCredit":false},{"lineNumber":6,"author":{"gitId":"yikjin"},"content":"Content from this software may not be mirrored, borrowed, or altered without explicit permission. The default copyright","lastModifiedDate":"2025-08-27T23:40:06","isFullCredit":false},{"lineNumber":7,"author":{"gitId":"yikjin"},"content":"laws apply, meaning that the authors retain all rights to the source code, and no one may reproduce, distribute, or","lastModifiedDate":"2025-08-27T23:40:06","isFullCredit":false},{"lineNumber":8,"author":{"gitId":"yikjin"},"content":"create derivative works.","lastModifiedDate":"2025-08-27T23:40:06","isFullCredit":false}],"authorContributionMap":{"yikjin":8}},{"path":"README.md","fileType":"md","lines":[{"lineNumber":1,"author":{"gitId":"yikjin"},"content":"# NUS CS2113 individual project (iP)","lastModifiedDate":"2025-08-27T23:40:06","isFullCredit":false},{"lineNumber":2,"author":{"gitId":"yikjin"},"content":"","lastModifiedDate":"2025-08-27T23:40:06","isFullCredit":false},{"lineNumber":3,"author":{"gitId":"yikjin"},"content":"\u003e by Yik Jin ([@yikjin](https://github.com/yikjin))","lastModifiedDate":"2025-08-27T23:40:06","isFullCredit":false},{"lineNumber":4,"author":{"gitId":"yikjin"},"content":"","lastModifiedDate":"2025-08-27T23:40:06","isFullCredit":false},{"lineNumber":5,"author":{"gitId":"yikjin"},"content":"This repository hosts my own [individual project (iP)](","lastModifiedDate":"2025-08-27T23:40:06","isFullCredit":false},{"lineNumber":6,"author":{"gitId":"yikjin"},"content":"https://nus-cs2113-ay2526s1.github.io/website/admin/ip-overview.html) code for","lastModifiedDate":"2025-08-27T23:40:06","isFullCredit":false},{"lineNumber":7,"author":{"gitId":"yikjin"},"content":"[NUS\u0027 \"CS2113: Software Engineering \u0026 Object-Oriented Programming\" course](","lastModifiedDate":"2025-08-27T23:40:06","isFullCredit":false},{"lineNumber":8,"author":{"gitId":"yikjin"},"content":"https://nusmods.com/courses/CS2113/software-engineering-object-oriented-programming).","lastModifiedDate":"2025-08-27T23:40:06","isFullCredit":false},{"lineNumber":9,"author":{"gitId":"yikjin"},"content":"","lastModifiedDate":"2025-08-27T23:40:06","isFullCredit":false},{"lineNumber":10,"author":{"gitId":"yikjin"},"content":"## License","lastModifiedDate":"2025-08-27T23:40:06","isFullCredit":false},{"lineNumber":11,"author":{"gitId":"yikjin"},"content":"","lastModifiedDate":"2025-08-27T23:40:06","isFullCredit":false},{"lineNumber":12,"author":{"gitId":"yikjin"},"content":"This is NOT an open source project. See [LICENSE.md](./LICENSE.md) for more details.","lastModifiedDate":"2025-08-27T23:40:06","isFullCredit":false},{"lineNumber":13,"author":{"gitId":"yikjin"},"content":"","lastModifiedDate":"2025-08-27T23:40:06","isFullCredit":false},{"lineNumber":14,"author":{"gitId":"yikjin"},"content":"## Security policy","lastModifiedDate":"2025-08-27T23:40:06","isFullCredit":false},{"lineNumber":15,"author":{"gitId":"yikjin"},"content":"","lastModifiedDate":"2025-08-27T23:40:06","isFullCredit":false},{"lineNumber":16,"author":{"gitId":"yikjin"},"content":"The security policy for this project can be found in [SECURITY.md](./SECURITY.md).","lastModifiedDate":"2025-08-27T23:40:06","isFullCredit":false},{"lineNumber":17,"author":{"gitId":"yikjin"},"content":"","lastModifiedDate":"2025-08-27T23:40:06","isFullCredit":false},{"lineNumber":18,"author":{"gitId":"yikjin"},"content":"## Code of conduct","lastModifiedDate":"2025-08-27T23:40:06","isFullCredit":false},{"lineNumber":19,"author":{"gitId":"yikjin"},"content":"","lastModifiedDate":"2025-08-27T23:40:06","isFullCredit":false},{"lineNumber":20,"author":{"gitId":"yikjin"},"content":"The code of conduct for this project can be found in [CODE_OF_CONDUCT.md](./CODE_OF_CONDUCT.md).","lastModifiedDate":"2025-08-27T23:40:06","isFullCredit":false},{"lineNumber":21,"author":{"gitId":"yikjin"},"content":"","lastModifiedDate":"2025-08-27T23:40:06","isFullCredit":false},{"lineNumber":22,"author":{"gitId":"yikjin"},"content":"---","lastModifiedDate":"2025-08-27T23:40:06","isFullCredit":false},{"lineNumber":23,"author":{"gitId":"yikjin"},"content":"","lastModifiedDate":"2025-08-27T23:40:06","isFullCredit":false},{"lineNumber":24,"author":{"gitId":"yikjin"},"content":"\u003cdetails\u003e","lastModifiedDate":"2025-08-27T23:40:06","isFullCredit":false},{"lineNumber":25,"author":{"gitId":"yikjin"},"content":"\u003csummary\u003eView README from upstream template iP\u003c/summary\u003e","lastModifiedDate":"2025-08-27T23:40:06","isFullCredit":false},{"lineNumber":26,"author":{"gitId":"yikjin"},"content":"","lastModifiedDate":"2025-08-27T23:40:06","isFullCredit":false},{"lineNumber":27,"author":{"gitId":"-"},"content":"# Duke project template","lastModifiedDate":"2020-05-25T00:03:55","isFullCredit":false},{"lineNumber":28,"author":{"gitId":"-"},"content":"","lastModifiedDate":"2020-05-25T00:03:55","isFullCredit":false},{"lineNumber":29,"author":{"gitId":"yikjin"},"content":"This is a project template for a greenfield Java project. It\u0027s named after the Java mascot _Duke_. Given below are","lastModifiedDate":"2025-08-27T23:37:39","isFullCredit":false},{"lineNumber":30,"author":{"gitId":"yikjin"},"content":"instructions on how to use it.","lastModifiedDate":"2025-08-27T23:37:39","isFullCredit":false},{"lineNumber":31,"author":{"gitId":"-"},"content":"","lastModifiedDate":"2020-05-25T00:03:55","isFullCredit":false},{"lineNumber":32,"author":{"gitId":"-"},"content":"## Setting up in Intellij","lastModifiedDate":"2020-05-25T00:03:55","isFullCredit":false},{"lineNumber":33,"author":{"gitId":"-"},"content":"","lastModifiedDate":"2020-05-25T00:03:55","isFullCredit":false},{"lineNumber":34,"author":{"gitId":"-"},"content":"Prerequisites: JDK 17, update Intellij to the most recent version.","lastModifiedDate":"2024-07-11T16:50:14","isFullCredit":false},{"lineNumber":35,"author":{"gitId":"-"},"content":"","lastModifiedDate":"2020-05-25T00:03:55","isFullCredit":false},{"lineNumber":36,"author":{"gitId":"yikjin"},"content":"1. Open Intellij (if you are not in the welcome screen, click `File` \u003e `Close Project` to close the existing project","lastModifiedDate":"2025-08-27T23:37:39","isFullCredit":false},{"lineNumber":37,"author":{"gitId":"yikjin"},"content":"   first)","lastModifiedDate":"2025-08-27T23:37:39","isFullCredit":false},{"lineNumber":38,"author":{"gitId":"-"},"content":"1. Open the project into Intellij as follows:","lastModifiedDate":"2021-01-17T12:25:53","isFullCredit":false},{"lineNumber":39,"author":{"gitId":"-"},"content":"    1. Click `Open`.","lastModifiedDate":"2021-01-17T12:25:53","isFullCredit":false},{"lineNumber":40,"author":{"gitId":"-"},"content":"    1. Select the project directory, and click `OK`.","lastModifiedDate":"2021-01-17T12:25:53","isFullCredit":false},{"lineNumber":41,"author":{"gitId":"-"},"content":"    1. If there are any further prompts, accept the defaults.","lastModifiedDate":"2020-05-25T00:03:55","isFullCredit":false},{"lineNumber":42,"author":{"gitId":"yikjin"},"content":"1. Configure the project to use **JDK 17** (not other versions) as explained","lastModifiedDate":"2025-08-27T23:37:39","isFullCredit":false},{"lineNumber":43,"author":{"gitId":"yikjin"},"content":"   in [here](https://www.jetbrains.com/help/idea/sdk.html#set-up-jdk).\u003cbr\u003e","lastModifiedDate":"2025-08-27T23:37:39","isFullCredit":false},{"lineNumber":44,"author":{"gitId":"-"},"content":"   In the same dialog, set the **Project language level** field to the `SDK default` option.","lastModifiedDate":"2021-07-29T20:29:39","isFullCredit":false},{"lineNumber":45,"author":{"gitId":"yikjin"},"content":"1. After that, locate the `src/main/java/Duke.java` file, right-click it, and choose `Run Duke.main()` (if the code","lastModifiedDate":"2025-08-27T23:37:39","isFullCredit":false},{"lineNumber":46,"author":{"gitId":"yikjin"},"content":"   editor is showing compile errors, try restarting the IDE). If the setup is correct, you should see something like the","lastModifiedDate":"2025-08-27T23:37:39","isFullCredit":false},{"lineNumber":47,"author":{"gitId":"yikjin"},"content":"   below as the output:","lastModifiedDate":"2025-08-27T23:37:39","isFullCredit":false},{"lineNumber":48,"author":{"gitId":"-"},"content":"   ```","lastModifiedDate":"2020-05-25T00:03:55","isFullCredit":false},{"lineNumber":49,"author":{"gitId":"-"},"content":"   Hello from","lastModifiedDate":"2020-05-25T00:03:55","isFullCredit":false},{"lineNumber":50,"author":{"gitId":"-"},"content":"    ____        _","lastModifiedDate":"2020-05-25T00:03:55","isFullCredit":false},{"lineNumber":51,"author":{"gitId":"-"},"content":"   |  _ \\ _   _| | _____","lastModifiedDate":"2020-05-25T00:03:55","isFullCredit":false},{"lineNumber":52,"author":{"gitId":"-"},"content":"   | | | | | | | |/ / _ \\","lastModifiedDate":"2020-05-25T00:03:55","isFullCredit":false},{"lineNumber":53,"author":{"gitId":"-"},"content":"   | |_| | |_| |   \u003c  __/","lastModifiedDate":"2020-05-25T00:03:55","isFullCredit":false},{"lineNumber":54,"author":{"gitId":"-"},"content":"   |____/ \\__,_|_|\\_\\___|","lastModifiedDate":"2020-05-25T00:03:55","isFullCredit":false},{"lineNumber":55,"author":{"gitId":"-"},"content":"   ```","lastModifiedDate":"2020-05-25T00:03:55","isFullCredit":false},{"lineNumber":56,"author":{"gitId":"-"},"content":"","lastModifiedDate":"2025-01-04T21:44:28","isFullCredit":false},{"lineNumber":57,"author":{"gitId":"yikjin"},"content":"**Warning:** Keep the `src\\main\\java` folder as the root folder for Java files (i.e., don\u0027t rename those folders or move","lastModifiedDate":"2025-08-27T23:37:39","isFullCredit":false},{"lineNumber":58,"author":{"gitId":"yikjin"},"content":"Java files to another folder outside of this folder path), as this is the default location some tools (e.g., Gradle)","lastModifiedDate":"2025-08-27T23:37:39","isFullCredit":false},{"lineNumber":59,"author":{"gitId":"yikjin"},"content":"expect to find Java files.","lastModifiedDate":"2025-08-27T23:37:39","isFullCredit":false},{"lineNumber":60,"author":{"gitId":"yikjin"},"content":"","lastModifiedDate":"2025-08-27T23:40:06","isFullCredit":false},{"lineNumber":61,"author":{"gitId":"yikjin"},"content":"\u003c/details\u003e","lastModifiedDate":"2025-08-27T23:40:06","isFullCredit":false}],"authorContributionMap":{"yikjin":40,"-":21}},{"path":"SECURITY.md","fileType":"md","lines":[{"lineNumber":1,"author":{"gitId":"yikjin"},"content":"# Security Policy","lastModifiedDate":"2025-08-27T23:40:06","isFullCredit":false},{"lineNumber":2,"author":{"gitId":"yikjin"},"content":"","lastModifiedDate":"2025-08-27T23:40:06","isFullCredit":false},{"lineNumber":3,"author":{"gitId":"yikjin"},"content":"## Supported Versions","lastModifiedDate":"2025-08-27T23:40:06","isFullCredit":false},{"lineNumber":4,"author":{"gitId":"yikjin"},"content":"","lastModifiedDate":"2025-08-27T23:40:06","isFullCredit":false},{"lineNumber":5,"author":{"gitId":"yikjin"},"content":"This is an [individual project (iP)](https://nus-cs2113-ay2526s1.github.io/website/admin/ip-overview.html) for","lastModifiedDate":"2025-08-27T23:40:06","isFullCredit":false},{"lineNumber":6,"author":{"gitId":"yikjin"},"content":"[NUS\u0027 \"CS2113: Software Engineering \u0026 Object-Oriented Programming\" course](","lastModifiedDate":"2025-08-27T23:40:06","isFullCredit":false},{"lineNumber":7,"author":{"gitId":"yikjin"},"content":"https://nusmods.com/courses/CS2113/software-engineering-object-oriented-programming). As such, the code will only be","lastModifiedDate":"2025-08-27T23:40:06","isFullCredit":false},{"lineNumber":8,"author":{"gitId":"yikjin"},"content":"actively maintained during the iP. Once the iP is completed, the code will no longer be maintained.","lastModifiedDate":"2025-08-27T23:40:06","isFullCredit":false},{"lineNumber":9,"author":{"gitId":"yikjin"},"content":"","lastModifiedDate":"2025-08-27T23:40:06","isFullCredit":false},{"lineNumber":10,"author":{"gitId":"yikjin"},"content":"| Version           | Supported          |","lastModifiedDate":"2025-08-27T23:40:06","isFullCredit":false},{"lineNumber":11,"author":{"gitId":"yikjin"},"content":"|-------------------|--------------------|","lastModifiedDate":"2025-08-27T23:40:06","isFullCredit":false},{"lineNumber":12,"author":{"gitId":"yikjin"},"content":"| Latest commit     | :white_check_mark: |","lastModifiedDate":"2025-08-27T23:40:06","isFullCredit":false},{"lineNumber":13,"author":{"gitId":"yikjin"},"content":"| All other commits | :x:                |","lastModifiedDate":"2025-08-27T23:40:06","isFullCredit":false},{"lineNumber":14,"author":{"gitId":"yikjin"},"content":"","lastModifiedDate":"2025-08-27T23:40:06","isFullCredit":false},{"lineNumber":15,"author":{"gitId":"yikjin"},"content":"## Reporting a Vulnerability","lastModifiedDate":"2025-08-27T23:40:06","isFullCredit":false},{"lineNumber":16,"author":{"gitId":"yikjin"},"content":"","lastModifiedDate":"2025-08-27T23:40:06","isFullCredit":false},{"lineNumber":17,"author":{"gitId":"yikjin"},"content":"To report a security vulnerability, please [open an issue in the GitHub repository](","lastModifiedDate":"2025-08-27T23:40:06","isFullCredit":false},{"lineNumber":18,"author":{"gitId":"yikjin"},"content":"https://github.com/yikjin/ip/issues/new). Updates will be given in the issue itself.","lastModifiedDate":"2025-08-27T23:40:06","isFullCredit":false}],"authorContributionMap":{"yikjin":18}},{"path":"docs/README.md","fileType":"md","lines":[{"lineNumber":1,"author":{"gitId":"yikjin"},"content":"# Kuro User Guide","lastModifiedDate":"2025-08-28T14:08:31","isFullCredit":false},{"lineNumber":2,"author":{"gitId":"-"},"content":"","lastModifiedDate":"2019-07-29T17:14:46","isFullCredit":false},{"lineNumber":3,"author":{"gitId":"-"},"content":"// Update the title above to match the actual product name","lastModifiedDate":"2024-01-07T18:33:52","isFullCredit":false},{"lineNumber":4,"author":{"gitId":"-"},"content":"","lastModifiedDate":"2019-07-29T17:14:46","isFullCredit":false},{"lineNumber":5,"author":{"gitId":"-"},"content":"// Product screenshot goes here","lastModifiedDate":"2024-01-07T18:33:52","isFullCredit":false},{"lineNumber":6,"author":{"gitId":"-"},"content":"","lastModifiedDate":"2021-07-17T16:49:07","isFullCredit":false},{"lineNumber":7,"author":{"gitId":"-"},"content":"// Product intro goes here","lastModifiedDate":"2024-01-07T18:33:52","isFullCredit":false},{"lineNumber":8,"author":{"gitId":"-"},"content":"","lastModifiedDate":"2021-07-17T16:49:07","isFullCredit":false},{"lineNumber":9,"author":{"gitId":"-"},"content":"## Adding deadlines","lastModifiedDate":"2024-01-07T18:33:52","isFullCredit":false},{"lineNumber":10,"author":{"gitId":"-"},"content":"","lastModifiedDate":"2021-07-17T16:49:07","isFullCredit":false},{"lineNumber":11,"author":{"gitId":"-"},"content":"// Describe the action and its outcome.","lastModifiedDate":"2024-01-07T18:33:52","isFullCredit":false},{"lineNumber":12,"author":{"gitId":"-"},"content":"","lastModifiedDate":"2019-07-29T17:14:46","isFullCredit":false},{"lineNumber":13,"author":{"gitId":"-"},"content":"// Give examples of usage","lastModifiedDate":"2024-01-07T18:33:52","isFullCredit":false},{"lineNumber":14,"author":{"gitId":"-"},"content":"","lastModifiedDate":"2019-07-29T17:14:46","isFullCredit":false},{"lineNumber":15,"author":{"gitId":"-"},"content":"Example: `keyword (optional arguments)`","lastModifiedDate":"2024-01-07T18:33:52","isFullCredit":false},{"lineNumber":16,"author":{"gitId":"-"},"content":"","lastModifiedDate":"2019-07-29T17:14:46","isFullCredit":false},{"lineNumber":17,"author":{"gitId":"-"},"content":"// A description of the expected outcome goes here","lastModifiedDate":"2024-01-07T18:33:52","isFullCredit":false},{"lineNumber":18,"author":{"gitId":"-"},"content":"","lastModifiedDate":"2019-07-29T17:14:46","isFullCredit":false},{"lineNumber":19,"author":{"gitId":"-"},"content":"```","lastModifiedDate":"2024-01-07T18:33:52","isFullCredit":false},{"lineNumber":20,"author":{"gitId":"-"},"content":"expected output","lastModifiedDate":"2024-01-07T18:33:52","isFullCredit":false},{"lineNumber":21,"author":{"gitId":"-"},"content":"```","lastModifiedDate":"2024-01-07T18:33:52","isFullCredit":false},{"lineNumber":22,"author":{"gitId":"-"},"content":"","lastModifiedDate":"2019-07-29T17:14:46","isFullCredit":false},{"lineNumber":23,"author":{"gitId":"-"},"content":"## Feature ABC","lastModifiedDate":"2024-01-07T18:33:52","isFullCredit":false},{"lineNumber":24,"author":{"gitId":"-"},"content":"","lastModifiedDate":"2019-07-29T17:14:46","isFullCredit":false},{"lineNumber":25,"author":{"gitId":"-"},"content":"// Feature details","lastModifiedDate":"2024-01-07T18:33:52","isFullCredit":false},{"lineNumber":26,"author":{"gitId":"-"},"content":"","lastModifiedDate":"2019-07-29T17:14:46","isFullCredit":false},{"lineNumber":27,"author":{"gitId":"-"},"content":"## Feature XYZ","lastModifiedDate":"2024-01-07T18:33:52","isFullCredit":false},{"lineNumber":28,"author":{"gitId":"-"},"content":"","lastModifiedDate":"2024-01-07T18:33:52","isFullCredit":false},{"lineNumber":29,"author":{"gitId":"-"},"content":"// Feature details","lastModifiedDate":"2024-01-07T18:33:52","isFullCredit":false}],"authorContributionMap":{"yikjin":1,"-":28}},{"path":"src/main/java/Kuro.java","fileType":"java","lines":[{"lineNumber":1,"author":{"gitId":"yikjin"},"content":"import java.nio.charset.StandardCharsets;","lastModifiedDate":"2025-08-29T13:39:04","isFullCredit":false},{"lineNumber":2,"author":{"gitId":"yikjin"},"content":"import java.util.ArrayList;","lastModifiedDate":"2025-09-04T17:24:17","isFullCredit":false},{"lineNumber":3,"author":{"gitId":"yikjin"},"content":"import java.util.NoSuchElementException;","lastModifiedDate":"2025-08-29T13:39:04","isFullCredit":false},{"lineNumber":4,"author":{"gitId":"yikjin"},"content":"import java.util.Scanner;","lastModifiedDate":"2025-08-29T13:39:04","isFullCredit":false},{"lineNumber":5,"author":{"gitId":"yikjin"},"content":"","lastModifiedDate":"2025-08-28T14:08:31","isFullCredit":false},{"lineNumber":6,"author":{"gitId":"yikjin"},"content":"final class Kuro {","lastModifiedDate":"2025-08-29T13:39:04","isFullCredit":false},{"lineNumber":7,"author":{"gitId":"yikjin"},"content":"    private static final int TASKS_INIT_SIZE \u003d 10;","lastModifiedDate":"2025-09-04T17:24:17","isFullCredit":false},{"lineNumber":8,"author":{"gitId":"yikjin"},"content":"    private static final ArrayList\u003cTask\u003e tasks \u003d new ArrayList\u003c\u003e(Kuro.TASKS_INIT_SIZE);","lastModifiedDate":"2025-09-04T17:24:17","isFullCredit":false},{"lineNumber":9,"author":{"gitId":"yikjin"},"content":"","lastModifiedDate":"2025-09-04T17:24:17","isFullCredit":false},{"lineNumber":10,"author":{"gitId":"yikjin"},"content":"    public static void main(final String[] args) {","lastModifiedDate":"2025-09-04T17:24:17","isFullCredit":false},{"lineNumber":11,"author":{"gitId":"yikjin"},"content":"        Kuro.greet();","lastModifiedDate":"2025-09-04T17:24:17","isFullCredit":false},{"lineNumber":12,"author":{"gitId":"yikjin"},"content":"        Kuro.startChatSession();","lastModifiedDate":"2025-09-04T17:24:17","isFullCredit":false},{"lineNumber":13,"author":{"gitId":"yikjin"},"content":"    }","lastModifiedDate":"2025-09-04T17:24:17","isFullCredit":false},{"lineNumber":14,"author":{"gitId":"yikjin"},"content":"","lastModifiedDate":"2025-08-29T15:08:04","isFullCredit":false},{"lineNumber":15,"author":{"gitId":"yikjin"},"content":"    private static void greet() {","lastModifiedDate":"2025-08-28T15:27:41","isFullCredit":false},{"lineNumber":16,"author":{"gitId":"yikjin"},"content":"        final String nameLogo \u003d \"\"\"","lastModifiedDate":"2025-08-28T14:08:31","isFullCredit":false},{"lineNumber":17,"author":{"gitId":"yikjin"},"content":"                ██╗  ██╗██╗   ██╗██████╗  ██████╗","lastModifiedDate":"2025-08-28T14:08:31","isFullCredit":false},{"lineNumber":18,"author":{"gitId":"yikjin"},"content":"                ██║ ██╔╝██║   ██║██╔══██╗██╔═══██╗","lastModifiedDate":"2025-08-28T14:08:31","isFullCredit":false},{"lineNumber":19,"author":{"gitId":"yikjin"},"content":"                █████╔╝ ██║   ██║██████╔╝██║   ██║","lastModifiedDate":"2025-08-28T14:08:31","isFullCredit":false},{"lineNumber":20,"author":{"gitId":"yikjin"},"content":"                ██╔═██╗ ██║   ██║██╔══██╗██║   ██║","lastModifiedDate":"2025-08-28T14:08:31","isFullCredit":false},{"lineNumber":21,"author":{"gitId":"yikjin"},"content":"                ██║  ██╗╚██████╔╝██║  ██║╚██████╔╝","lastModifiedDate":"2025-08-28T14:08:31","isFullCredit":false},{"lineNumber":22,"author":{"gitId":"yikjin"},"content":"                ╚═╝  ╚═╝ ╚═════╝ ╚═╝  ╚═╝ ╚═════╝\"\"\";","lastModifiedDate":"2025-08-28T14:08:31","isFullCredit":false},{"lineNumber":23,"author":{"gitId":"yikjin"},"content":"","lastModifiedDate":"2025-08-28T14:08:31","isFullCredit":false},{"lineNumber":24,"author":{"gitId":"yikjin"},"content":"        System.out.println(\"Hello! I\u0027m\");","lastModifiedDate":"2025-08-28T14:08:31","isFullCredit":false},{"lineNumber":25,"author":{"gitId":"yikjin"},"content":"        System.out.println(nameLogo);","lastModifiedDate":"2025-08-28T14:08:31","isFullCredit":false},{"lineNumber":26,"author":{"gitId":"yikjin"},"content":"        System.out.println();","lastModifiedDate":"2025-08-28T15:27:41","isFullCredit":false},{"lineNumber":27,"author":{"gitId":"yikjin"},"content":"","lastModifiedDate":"2025-08-28T15:27:41","isFullCredit":false},{"lineNumber":28,"author":{"gitId":"yikjin"},"content":"        System.out.println(\"What can I do for you?\");","lastModifiedDate":"2025-08-28T15:27:41","isFullCredit":false},{"lineNumber":29,"author":{"gitId":"yikjin"},"content":"    }","lastModifiedDate":"2025-08-28T15:27:41","isFullCredit":false},{"lineNumber":30,"author":{"gitId":"yikjin"},"content":"","lastModifiedDate":"2025-08-28T15:27:41","isFullCredit":false},{"lineNumber":31,"author":{"gitId":"yikjin"},"content":"    private static void startChatSession() {","lastModifiedDate":"2025-09-04T17:24:17","isFullCredit":false},{"lineNumber":32,"author":{"gitId":"yikjin"},"content":"        try (final Scanner scanner \u003d new Scanner(System.in, StandardCharsets.UTF_8)) {","lastModifiedDate":"2025-09-04T17:24:17","isFullCredit":false},{"lineNumber":33,"author":{"gitId":"yikjin"},"content":"            do {","lastModifiedDate":"2025-09-04T17:24:17","isFullCredit":false},{"lineNumber":34,"author":{"gitId":"yikjin"},"content":"                System.out.println();","lastModifiedDate":"2025-09-04T17:24:17","isFullCredit":false},{"lineNumber":35,"author":{"gitId":"yikjin"},"content":"                System.out.print(\"\u003e \");","lastModifiedDate":"2025-09-04T17:24:17","isFullCredit":false},{"lineNumber":36,"author":{"gitId":"yikjin"},"content":"","lastModifiedDate":"2025-08-29T15:56:28","isFullCredit":false},{"lineNumber":37,"author":{"gitId":"yikjin"},"content":"                final String inputLine \u003d scanner.nextLine().strip();","lastModifiedDate":"2025-09-04T17:24:17","isFullCredit":false},{"lineNumber":38,"author":{"gitId":"yikjin"},"content":"                final String[] inputTokens \u003d inputLine.split(\" \", 2);","lastModifiedDate":"2025-09-04T17:24:17","isFullCredit":false},{"lineNumber":39,"author":{"gitId":"yikjin"},"content":"                final String inputCommand \u003d inputTokens.length \u003e 0 ? inputTokens[0] : \"\";","lastModifiedDate":"2025-09-04T17:24:17","isFullCredit":false},{"lineNumber":40,"author":{"gitId":"yikjin"},"content":"                final String[] inputArguments \u003d inputTokens.length \u003e 1","lastModifiedDate":"2025-09-04T17:24:17","isFullCredit":false},{"lineNumber":41,"author":{"gitId":"yikjin"},"content":"                        ? inputTokens[1].split(\" \")","lastModifiedDate":"2025-09-04T17:24:17","isFullCredit":false},{"lineNumber":42,"author":{"gitId":"yikjin"},"content":"                        : new String[] {};","lastModifiedDate":"2025-09-04T17:24:17","isFullCredit":false},{"lineNumber":43,"author":{"gitId":"yikjin"},"content":"","lastModifiedDate":"2025-08-29T15:56:28","isFullCredit":false},{"lineNumber":44,"author":{"gitId":"yikjin"},"content":"                switch (inputCommand) {","lastModifiedDate":"2025-09-04T17:24:17","isFullCredit":false},{"lineNumber":45,"author":{"gitId":"yikjin"},"content":"                case \"bye\":","lastModifiedDate":"2025-09-04T17:24:17","isFullCredit":false},{"lineNumber":46,"author":{"gitId":"yikjin"},"content":"                    Kuro.quit();","lastModifiedDate":"2025-09-04T17:24:17","isFullCredit":false},{"lineNumber":47,"author":{"gitId":"yikjin"},"content":"                    return;  // Exit the chat session","lastModifiedDate":"2025-09-04T17:24:17","isFullCredit":false},{"lineNumber":48,"author":{"gitId":"yikjin"},"content":"                case \"list\":","lastModifiedDate":"2025-09-04T17:24:17","isFullCredit":false},{"lineNumber":49,"author":{"gitId":"yikjin"},"content":"                    Kuro.listTasks();","lastModifiedDate":"2025-09-04T17:24:17","isFullCredit":false},{"lineNumber":50,"author":{"gitId":"yikjin"},"content":"                    break;","lastModifiedDate":"2025-09-04T17:24:17","isFullCredit":false},{"lineNumber":51,"author":{"gitId":"yikjin"},"content":"                case \"mark\":","lastModifiedDate":"2025-09-04T17:24:17","isFullCredit":false},{"lineNumber":52,"author":{"gitId":"yikjin"},"content":"                    Kuro.setTasksDone(inputArguments);","lastModifiedDate":"2025-09-04T17:24:17","isFullCredit":false},{"lineNumber":53,"author":{"gitId":"yikjin"},"content":"                    break;","lastModifiedDate":"2025-09-04T17:24:17","isFullCredit":false},{"lineNumber":54,"author":{"gitId":"yikjin"},"content":"                case \"unmark\":","lastModifiedDate":"2025-09-04T17:24:17","isFullCredit":false},{"lineNumber":55,"author":{"gitId":"yikjin"},"content":"                    Kuro.setTasksDone(inputArguments, false);","lastModifiedDate":"2025-09-04T17:24:17","isFullCredit":false},{"lineNumber":56,"author":{"gitId":"yikjin"},"content":"                    break;","lastModifiedDate":"2025-09-04T17:24:17","isFullCredit":false},{"lineNumber":57,"author":{"gitId":"yikjin"},"content":"                default:  // Add a task","lastModifiedDate":"2025-09-04T17:24:17","isFullCredit":false},{"lineNumber":58,"author":{"gitId":"yikjin"},"content":"                    Kuro.addTask(inputLine);","lastModifiedDate":"2025-09-04T17:24:17","isFullCredit":false},{"lineNumber":59,"author":{"gitId":"yikjin"},"content":"                    break;","lastModifiedDate":"2025-09-04T17:24:17","isFullCredit":false},{"lineNumber":60,"author":{"gitId":"yikjin"},"content":"                }","lastModifiedDate":"2025-09-04T17:24:17","isFullCredit":false},{"lineNumber":61,"author":{"gitId":"yikjin"},"content":"            } while (true);","lastModifiedDate":"2025-09-04T17:24:17","isFullCredit":false},{"lineNumber":62,"author":{"gitId":"yikjin"},"content":"        } catch (final NoSuchElementException ignored) {","lastModifiedDate":"2025-09-04T17:24:17","isFullCredit":false},{"lineNumber":63,"author":{"gitId":"yikjin"},"content":"            // Ensure the code does not error out when passing in input via command line, and the input does not end","lastModifiedDate":"2025-09-04T17:24:17","isFullCredit":false},{"lineNumber":64,"author":{"gitId":"yikjin"},"content":"            // with \"bye\"","lastModifiedDate":"2025-09-04T17:24:17","isFullCredit":false},{"lineNumber":65,"author":{"gitId":"yikjin"},"content":"        }","lastModifiedDate":"2025-08-29T15:56:28","isFullCredit":false},{"lineNumber":66,"author":{"gitId":"yikjin"},"content":"    }","lastModifiedDate":"2025-08-29T15:56:28","isFullCredit":false},{"lineNumber":67,"author":{"gitId":"yikjin"},"content":"","lastModifiedDate":"2025-08-29T15:56:28","isFullCredit":false},{"lineNumber":68,"author":{"gitId":"yikjin"},"content":"    private static void quit() {","lastModifiedDate":"2025-09-04T17:24:17","isFullCredit":false},{"lineNumber":69,"author":{"gitId":"yikjin"},"content":"        System.out.println(\"Bye. Hope to see you again soon!\");","lastModifiedDate":"2025-09-04T17:24:17","isFullCredit":false},{"lineNumber":70,"author":{"gitId":"yikjin"},"content":"    }","lastModifiedDate":"2025-09-04T17:24:17","isFullCredit":false},{"lineNumber":71,"author":{"gitId":"yikjin"},"content":"","lastModifiedDate":"2025-09-04T17:24:17","isFullCredit":false},{"lineNumber":72,"author":{"gitId":"yikjin"},"content":"    private static void listTasks() {","lastModifiedDate":"2025-09-04T17:24:17","isFullCredit":false},{"lineNumber":73,"author":{"gitId":"yikjin"},"content":"        if (Kuro.tasks.isEmpty()) {","lastModifiedDate":"2025-09-04T17:24:17","isFullCredit":false},{"lineNumber":74,"author":{"gitId":"yikjin"},"content":"            System.out.println(\"error: no tasks added!\");","lastModifiedDate":"2025-09-04T17:24:17","isFullCredit":false},{"lineNumber":75,"author":{"gitId":"yikjin"},"content":"            return;","lastModifiedDate":"2025-08-29T15:56:28","isFullCredit":false},{"lineNumber":76,"author":{"gitId":"yikjin"},"content":"        }","lastModifiedDate":"2025-08-29T15:56:28","isFullCredit":false},{"lineNumber":77,"author":{"gitId":"yikjin"},"content":"","lastModifiedDate":"2025-08-29T15:56:28","isFullCredit":false},{"lineNumber":78,"author":{"gitId":"yikjin"},"content":"        final int numTasks \u003d Kuro.tasks.size();","lastModifiedDate":"2025-09-04T17:24:17","isFullCredit":false},{"lineNumber":79,"author":{"gitId":"yikjin"},"content":"        System.out.println(\"Here are the tasks in your list:\");","lastModifiedDate":"2025-09-04T17:24:17","isFullCredit":false},{"lineNumber":80,"author":{"gitId":"yikjin"},"content":"","lastModifiedDate":"2025-08-29T15:08:04","isFullCredit":false},{"lineNumber":81,"author":{"gitId":"yikjin"},"content":"        for (int i \u003d 0; i \u003c numTasks; i++) {","lastModifiedDate":"2025-09-04T17:24:17","isFullCredit":false},{"lineNumber":82,"author":{"gitId":"yikjin"},"content":"            final int listNumber \u003d i + 1;","lastModifiedDate":"2025-09-04T17:24:17","isFullCredit":false},{"lineNumber":83,"author":{"gitId":"yikjin"},"content":"            final Task task \u003d Kuro.tasks.get(i);","lastModifiedDate":"2025-09-04T17:24:17","isFullCredit":false},{"lineNumber":84,"author":{"gitId":"yikjin"},"content":"","lastModifiedDate":"2025-08-29T15:56:28","isFullCredit":false},{"lineNumber":85,"author":{"gitId":"yikjin"},"content":"            System.out.printf(\"%d. [%c] %s\", listNumber, task.getStatusIcon(), task.getName());","lastModifiedDate":"2025-09-04T17:24:17","isFullCredit":false},{"lineNumber":86,"author":{"gitId":"yikjin"},"content":"            System.out.println();","lastModifiedDate":"2025-08-29T15:56:28","isFullCredit":false},{"lineNumber":87,"author":{"gitId":"yikjin"},"content":"        }","lastModifiedDate":"2025-08-29T15:56:28","isFullCredit":false},{"lineNumber":88,"author":{"gitId":"yikjin"},"content":"    }","lastModifiedDate":"2025-08-29T15:56:28","isFullCredit":false},{"lineNumber":89,"author":{"gitId":"yikjin"},"content":"","lastModifiedDate":"2025-08-29T15:56:28","isFullCredit":false},{"lineNumber":90,"author":{"gitId":"yikjin"},"content":"    private static void setTasksDone(final String[] taskIds) {","lastModifiedDate":"2025-09-04T17:24:17","isFullCredit":false},{"lineNumber":91,"author":{"gitId":"yikjin"},"content":"        Kuro.setTasksDone(taskIds, true);","lastModifiedDate":"2025-09-04T17:24:17","isFullCredit":false},{"lineNumber":92,"author":{"gitId":"yikjin"},"content":"    }","lastModifiedDate":"2025-08-29T15:56:28","isFullCredit":false},{"lineNumber":93,"author":{"gitId":"yikjin"},"content":"","lastModifiedDate":"2025-08-29T15:56:28","isFullCredit":false},{"lineNumber":94,"author":{"gitId":"yikjin"},"content":"    private static void setTasksDone(final String[] taskIds, final boolean isDone) {","lastModifiedDate":"2025-09-04T17:24:17","isFullCredit":false},{"lineNumber":95,"author":{"gitId":"yikjin"},"content":"        if (taskIds.length \u003c 1) {","lastModifiedDate":"2025-08-29T15:56:28","isFullCredit":false},{"lineNumber":96,"author":{"gitId":"yikjin"},"content":"            System.out.printf(\"usage: %s [taskId]...\", isDone ? \"mark\" : \"unmark\");","lastModifiedDate":"2025-09-04T17:24:17","isFullCredit":false},{"lineNumber":97,"author":{"gitId":"yikjin"},"content":"            System.out.println();","lastModifiedDate":"2025-09-04T17:24:17","isFullCredit":false},{"lineNumber":98,"author":{"gitId":"yikjin"},"content":"            return;","lastModifiedDate":"2025-08-29T15:56:28","isFullCredit":false},{"lineNumber":99,"author":{"gitId":"yikjin"},"content":"        }","lastModifiedDate":"2025-08-29T15:56:28","isFullCredit":false},{"lineNumber":100,"author":{"gitId":"yikjin"},"content":"","lastModifiedDate":"2025-08-29T15:56:28","isFullCredit":false},{"lineNumber":101,"author":{"gitId":"yikjin"},"content":"        System.out.println(isDone","lastModifiedDate":"2025-09-04T17:24:17","isFullCredit":false},{"lineNumber":102,"author":{"gitId":"yikjin"},"content":"                ? \"Nice! I\u0027ve marked this task as done:\"","lastModifiedDate":"2025-09-04T17:24:17","isFullCredit":false},{"lineNumber":103,"author":{"gitId":"yikjin"},"content":"                : \"OK, I\u0027ve marked this task as not done yet:\");","lastModifiedDate":"2025-09-04T17:24:17","isFullCredit":false},{"lineNumber":104,"author":{"gitId":"yikjin"},"content":"","lastModifiedDate":"2025-08-29T15:56:28","isFullCredit":false},{"lineNumber":105,"author":{"gitId":"yikjin"},"content":"        for (final String taskIdString : taskIds) {","lastModifiedDate":"2025-08-29T15:56:28","isFullCredit":false},{"lineNumber":106,"author":{"gitId":"yikjin"},"content":"            final int taskId;","lastModifiedDate":"2025-08-29T15:56:28","isFullCredit":false},{"lineNumber":107,"author":{"gitId":"yikjin"},"content":"","lastModifiedDate":"2025-08-29T15:56:28","isFullCredit":false},{"lineNumber":108,"author":{"gitId":"yikjin"},"content":"            try {","lastModifiedDate":"2025-08-29T15:56:28","isFullCredit":false},{"lineNumber":109,"author":{"gitId":"yikjin"},"content":"                taskId \u003d Integer.parseInt(taskIdString);","lastModifiedDate":"2025-08-29T15:56:28","isFullCredit":false},{"lineNumber":110,"author":{"gitId":"yikjin"},"content":"            } catch (final NumberFormatException ignored) {","lastModifiedDate":"2025-08-29T15:56:28","isFullCredit":false},{"lineNumber":111,"author":{"gitId":"yikjin"},"content":"                System.out.printf(\"error: \u0027%s\u0027 is not an integer!\", taskIdString);","lastModifiedDate":"2025-08-29T15:56:28","isFullCredit":false},{"lineNumber":112,"author":{"gitId":"yikjin"},"content":"                System.out.println();","lastModifiedDate":"2025-08-29T15:56:28","isFullCredit":false},{"lineNumber":113,"author":{"gitId":"yikjin"},"content":"                continue;","lastModifiedDate":"2025-08-29T15:56:28","isFullCredit":false},{"lineNumber":114,"author":{"gitId":"yikjin"},"content":"            }","lastModifiedDate":"2025-08-29T15:56:28","isFullCredit":false},{"lineNumber":115,"author":{"gitId":"yikjin"},"content":"","lastModifiedDate":"2025-08-29T15:56:28","isFullCredit":false},{"lineNumber":116,"author":{"gitId":"yikjin"},"content":"            if (taskId \u003c 1 || taskId \u003e Kuro.tasks.size()) {","lastModifiedDate":"2025-09-04T17:24:17","isFullCredit":false},{"lineNumber":117,"author":{"gitId":"yikjin"},"content":"                System.out.printf(\"error: task id %d is invalid!\", taskId);","lastModifiedDate":"2025-08-29T15:56:28","isFullCredit":false},{"lineNumber":118,"author":{"gitId":"yikjin"},"content":"                System.out.println();","lastModifiedDate":"2025-08-29T15:56:28","isFullCredit":false},{"lineNumber":119,"author":{"gitId":"yikjin"},"content":"                continue;","lastModifiedDate":"2025-08-29T15:56:28","isFullCredit":false},{"lineNumber":120,"author":{"gitId":"yikjin"},"content":"            }","lastModifiedDate":"2025-08-29T15:56:28","isFullCredit":false},{"lineNumber":121,"author":{"gitId":"yikjin"},"content":"","lastModifiedDate":"2025-08-29T15:56:28","isFullCredit":false},{"lineNumber":122,"author":{"gitId":"yikjin"},"content":"            final Task task \u003d Kuro.tasks.get(taskId - 1);","lastModifiedDate":"2025-09-04T17:24:17","isFullCredit":false},{"lineNumber":123,"author":{"gitId":"yikjin"},"content":"            task.setDone(isDone);","lastModifiedDate":"2025-09-04T17:24:17","isFullCredit":false},{"lineNumber":124,"author":{"gitId":"yikjin"},"content":"","lastModifiedDate":"2025-08-29T15:56:28","isFullCredit":false},{"lineNumber":125,"author":{"gitId":"yikjin"},"content":"            System.out.printf(\"[%c] %s\", task.getStatusIcon(), task.getName());","lastModifiedDate":"2025-08-29T15:56:28","isFullCredit":false},{"lineNumber":126,"author":{"gitId":"yikjin"},"content":"            System.out.println();","lastModifiedDate":"2025-08-29T15:08:04","isFullCredit":false},{"lineNumber":127,"author":{"gitId":"yikjin"},"content":"        }","lastModifiedDate":"2025-08-29T15:08:04","isFullCredit":false},{"lineNumber":128,"author":{"gitId":"yikjin"},"content":"    }","lastModifiedDate":"2025-08-29T15:08:04","isFullCredit":false},{"lineNumber":129,"author":{"gitId":"yikjin"},"content":"","lastModifiedDate":"2025-08-29T15:08:04","isFullCredit":false},{"lineNumber":130,"author":{"gitId":"yikjin"},"content":"    private static void addTask(final String taskName) {","lastModifiedDate":"2025-08-29T15:08:04","isFullCredit":false},{"lineNumber":131,"author":{"gitId":"yikjin"},"content":"        final Task task \u003d new Task(taskName);","lastModifiedDate":"2025-08-29T15:08:04","isFullCredit":false},{"lineNumber":132,"author":{"gitId":"yikjin"},"content":"","lastModifiedDate":"2025-08-29T15:08:04","isFullCredit":false},{"lineNumber":133,"author":{"gitId":"yikjin"},"content":"        Kuro.tasks.add(task);","lastModifiedDate":"2025-09-04T17:24:17","isFullCredit":false},{"lineNumber":134,"author":{"gitId":"yikjin"},"content":"","lastModifiedDate":"2025-08-29T15:08:04","isFullCredit":false},{"lineNumber":135,"author":{"gitId":"yikjin"},"content":"        System.out.printf(\"added: %s\", task.getName());","lastModifiedDate":"2025-08-29T15:08:04","isFullCredit":false},{"lineNumber":136,"author":{"gitId":"yikjin"},"content":"        System.out.println();","lastModifiedDate":"2025-08-29T15:08:04","isFullCredit":false},{"lineNumber":137,"author":{"gitId":"yikjin"},"content":"    }","lastModifiedDate":"2025-08-29T15:08:04","isFullCredit":false},{"lineNumber":138,"author":{"gitId":"yikjin"},"content":"}","lastModifiedDate":"2025-08-28T14:08:31","isFullCredit":false}],"authorContributionMap":{"yikjin":138}},{"path":"src/main/java/Task.java","fileType":"java","lines":[{"lineNumber":1,"author":{"gitId":"yikjin"},"content":"final class Task {","lastModifiedDate":"2025-08-29T15:08:04","isFullCredit":false},{"lineNumber":2,"author":{"gitId":"yikjin"},"content":"    private String name;","lastModifiedDate":"2025-09-04T17:24:17","isFullCredit":false},{"lineNumber":3,"author":{"gitId":"yikjin"},"content":"    private boolean isDone;","lastModifiedDate":"2025-09-04T17:24:17","isFullCredit":false},{"lineNumber":4,"author":{"gitId":"yikjin"},"content":"","lastModifiedDate":"2025-08-29T15:08:04","isFullCredit":false},{"lineNumber":5,"author":{"gitId":"yikjin"},"content":"    Task(final String name) {","lastModifiedDate":"2025-08-29T15:08:04","isFullCredit":false},{"lineNumber":6,"author":{"gitId":"yikjin"},"content":"        this.name \u003d name;","lastModifiedDate":"2025-08-29T15:08:04","isFullCredit":false},{"lineNumber":7,"author":{"gitId":"yikjin"},"content":"        this.isDone \u003d false;","lastModifiedDate":"2025-09-04T17:24:17","isFullCredit":false},{"lineNumber":8,"author":{"gitId":"yikjin"},"content":"    }","lastModifiedDate":"2025-08-29T15:08:04","isFullCredit":false},{"lineNumber":9,"author":{"gitId":"yikjin"},"content":"","lastModifiedDate":"2025-08-29T15:08:04","isFullCredit":false},{"lineNumber":10,"author":{"gitId":"yikjin"},"content":"    char getStatusIcon() {","lastModifiedDate":"2025-08-29T15:56:28","isFullCredit":false},{"lineNumber":11,"author":{"gitId":"yikjin"},"content":"        return this.isDone ? \u0027X\u0027 : \u0027 \u0027;","lastModifiedDate":"2025-08-29T15:56:28","isFullCredit":false},{"lineNumber":12,"author":{"gitId":"yikjin"},"content":"    }","lastModifiedDate":"2025-08-29T15:56:28","isFullCredit":false},{"lineNumber":13,"author":{"gitId":"yikjin"},"content":"","lastModifiedDate":"2025-08-29T15:56:28","isFullCredit":false},{"lineNumber":14,"author":{"gitId":"yikjin"},"content":"    @Override","lastModifiedDate":"2025-09-04T17:24:17","isFullCredit":false},{"lineNumber":15,"author":{"gitId":"yikjin"},"content":"    public String toString() {","lastModifiedDate":"2025-08-29T15:08:04","isFullCredit":false},{"lineNumber":16,"author":{"gitId":"yikjin"},"content":"        return this.name + (this.isDone ? \" (done)\" : \"\");","lastModifiedDate":"2025-08-29T15:56:28","isFullCredit":false},{"lineNumber":17,"author":{"gitId":"yikjin"},"content":"    }","lastModifiedDate":"2025-08-29T15:08:04","isFullCredit":false},{"lineNumber":18,"author":{"gitId":"yikjin"},"content":"","lastModifiedDate":"2025-08-29T15:08:04","isFullCredit":false},{"lineNumber":19,"author":{"gitId":"yikjin"},"content":"    String getName() {","lastModifiedDate":"2025-08-29T15:08:04","isFullCredit":false},{"lineNumber":20,"author":{"gitId":"yikjin"},"content":"        return this.name;","lastModifiedDate":"2025-08-29T15:08:04","isFullCredit":false},{"lineNumber":21,"author":{"gitId":"yikjin"},"content":"    }","lastModifiedDate":"2025-08-29T15:08:04","isFullCredit":false},{"lineNumber":22,"author":{"gitId":"yikjin"},"content":"","lastModifiedDate":"2025-08-29T15:08:04","isFullCredit":false},{"lineNumber":23,"author":{"gitId":"yikjin"},"content":"    void setName(final String name) {","lastModifiedDate":"2025-08-29T15:08:04","isFullCredit":false},{"lineNumber":24,"author":{"gitId":"yikjin"},"content":"        this.name \u003d name;","lastModifiedDate":"2025-08-29T15:08:04","isFullCredit":false},{"lineNumber":25,"author":{"gitId":"yikjin"},"content":"    }","lastModifiedDate":"2025-08-29T15:08:04","isFullCredit":false},{"lineNumber":26,"author":{"gitId":"yikjin"},"content":"","lastModifiedDate":"2025-08-29T15:56:28","isFullCredit":false},{"lineNumber":27,"author":{"gitId":"yikjin"},"content":"    boolean isDone() {","lastModifiedDate":"2025-08-29T15:56:28","isFullCredit":false},{"lineNumber":28,"author":{"gitId":"yikjin"},"content":"        return this.isDone;","lastModifiedDate":"2025-08-29T15:56:28","isFullCredit":false},{"lineNumber":29,"author":{"gitId":"yikjin"},"content":"    }","lastModifiedDate":"2025-08-29T15:56:28","isFullCredit":false},{"lineNumber":30,"author":{"gitId":"yikjin"},"content":"","lastModifiedDate":"2025-08-29T15:56:28","isFullCredit":false},{"lineNumber":31,"author":{"gitId":"yikjin"},"content":"    void setDone(final boolean done) {","lastModifiedDate":"2025-08-29T15:56:28","isFullCredit":false},{"lineNumber":32,"author":{"gitId":"yikjin"},"content":"        this.isDone \u003d done;","lastModifiedDate":"2025-08-29T15:56:28","isFullCredit":false},{"lineNumber":33,"author":{"gitId":"yikjin"},"content":"    }","lastModifiedDate":"2025-08-29T15:56:28","isFullCredit":false},{"lineNumber":34,"author":{"gitId":"yikjin"},"content":"}","lastModifiedDate":"2025-08-29T15:08:04","isFullCredit":false}],"authorContributionMap":{"yikjin":34}},{"path":"text-ui-test/input.txt","fileType":"txt","lines":[{"lineNumber":1,"author":{"gitId":"yikjin"},"content":"bye","lastModifiedDate":"2025-08-29T13:39:04","isFullCredit":false}],"authorContributionMap":{"yikjin":1}},{"path":"text-ui-test/runtest.bat","fileType":"bat","lines":[{"lineNumber":1,"author":{"gitId":"-"},"content":"@ECHO OFF","lastModifiedDate":"2020-05-25T00:03:55","isFullCredit":false},{"lineNumber":2,"author":{"gitId":"-"},"content":"","lastModifiedDate":"2020-05-25T00:03:55","isFullCredit":false},{"lineNumber":3,"author":{"gitId":"-"},"content":"REM create bin directory if it doesn\u0027t exist","lastModifiedDate":"2020-05-25T00:03:55","isFullCredit":false},{"lineNumber":4,"author":{"gitId":"-"},"content":"if not exist ..\\bin mkdir ..\\bin","lastModifiedDate":"2020-05-25T00:03:55","isFullCredit":false},{"lineNumber":5,"author":{"gitId":"-"},"content":"","lastModifiedDate":"2020-05-25T00:03:55","isFullCredit":false},{"lineNumber":6,"author":{"gitId":"-"},"content":"REM delete output from previous run","lastModifiedDate":"2020-05-25T00:03:55","isFullCredit":false},{"lineNumber":7,"author":{"gitId":"-"},"content":"if exist ACTUAL.TXT del ACTUAL.TXT","lastModifiedDate":"2020-08-25T17:23:26","isFullCredit":false},{"lineNumber":8,"author":{"gitId":"-"},"content":"","lastModifiedDate":"2020-05-25T00:03:55","isFullCredit":false},{"lineNumber":9,"author":{"gitId":"-"},"content":"REM compile the code into the bin folder","lastModifiedDate":"2020-05-25T00:03:55","isFullCredit":false},{"lineNumber":10,"author":{"gitId":"-"},"content":"javac  -cp ..\\src\\main\\java -Xlint:none -d ..\\bin ..\\src\\main\\java\\*.java","lastModifiedDate":"2020-08-25T17:23:26","isFullCredit":false},{"lineNumber":11,"author":{"gitId":"-"},"content":"IF ERRORLEVEL 1 (","lastModifiedDate":"2020-05-25T00:03:55","isFullCredit":false},{"lineNumber":12,"author":{"gitId":"-"},"content":"    echo ********** BUILD FAILURE **********","lastModifiedDate":"2020-05-25T00:03:55","isFullCredit":false},{"lineNumber":13,"author":{"gitId":"-"},"content":"    exit /b 1","lastModifiedDate":"2020-05-25T00:03:55","isFullCredit":false},{"lineNumber":14,"author":{"gitId":"-"},"content":")","lastModifiedDate":"2020-05-25T00:03:55","isFullCredit":false},{"lineNumber":15,"author":{"gitId":"-"},"content":"REM no error here, errorlevel \u003d\u003d 0","lastModifiedDate":"2020-05-25T00:03:55","isFullCredit":false},{"lineNumber":16,"author":{"gitId":"-"},"content":"","lastModifiedDate":"2020-05-25T00:03:55","isFullCredit":false},{"lineNumber":17,"author":{"gitId":"-"},"content":"REM run the program, feed commands from input.txt file and redirect the output to the ACTUAL.TXT","lastModifiedDate":"2020-05-25T00:03:55","isFullCredit":false},{"lineNumber":18,"author":{"gitId":"yikjin"},"content":"java -classpath ..\\bin Kuro \u003c input.txt \u003e ACTUAL.TXT","lastModifiedDate":"2025-08-28T14:08:31","isFullCredit":false},{"lineNumber":19,"author":{"gitId":"-"},"content":"","lastModifiedDate":"2020-05-25T00:03:55","isFullCredit":false},{"lineNumber":20,"author":{"gitId":"-"},"content":"REM compare the output to the expected output","lastModifiedDate":"2020-05-25T00:03:55","isFullCredit":false},{"lineNumber":21,"author":{"gitId":"-"},"content":"FC ACTUAL.TXT EXPECTED.TXT","lastModifiedDate":"2020-05-25T00:03:55","isFullCredit":false}],"authorContributionMap":{"yikjin":1,"-":20}},{"path":"text-ui-test/runtest.sh","fileType":"sh","lines":[{"lineNumber":1,"author":{"gitId":"-"},"content":"#!/usr/bin/env bash","lastModifiedDate":"2020-05-25T00:03:55","isFullCredit":false},{"lineNumber":2,"author":{"gitId":"-"},"content":"","lastModifiedDate":"2020-05-25T00:03:55","isFullCredit":false},{"lineNumber":3,"author":{"gitId":"-"},"content":"# create bin directory if it doesn\u0027t exist","lastModifiedDate":"2020-05-25T00:03:55","isFullCredit":false},{"lineNumber":4,"author":{"gitId":"-"},"content":"if [ ! -d \"../bin\" ]","lastModifiedDate":"2020-05-25T00:03:55","isFullCredit":false},{"lineNumber":5,"author":{"gitId":"-"},"content":"then","lastModifiedDate":"2020-05-25T00:03:55","isFullCredit":false},{"lineNumber":6,"author":{"gitId":"-"},"content":"    mkdir ../bin","lastModifiedDate":"2020-05-25T00:03:55","isFullCredit":false},{"lineNumber":7,"author":{"gitId":"-"},"content":"fi","lastModifiedDate":"2020-05-25T00:03:55","isFullCredit":false},{"lineNumber":8,"author":{"gitId":"-"},"content":"","lastModifiedDate":"2020-05-25T00:03:55","isFullCredit":false},{"lineNumber":9,"author":{"gitId":"-"},"content":"# delete output from previous run","lastModifiedDate":"2020-05-25T00:03:55","isFullCredit":false},{"lineNumber":10,"author":{"gitId":"-"},"content":"if [ -e \"./ACTUAL.TXT\" ]","lastModifiedDate":"2020-05-25T00:03:55","isFullCredit":false},{"lineNumber":11,"author":{"gitId":"-"},"content":"then","lastModifiedDate":"2020-05-25T00:03:55","isFullCredit":false},{"lineNumber":12,"author":{"gitId":"-"},"content":"    rm ACTUAL.TXT","lastModifiedDate":"2020-05-25T00:03:55","isFullCredit":false},{"lineNumber":13,"author":{"gitId":"-"},"content":"fi","lastModifiedDate":"2020-05-25T00:03:55","isFullCredit":false},{"lineNumber":14,"author":{"gitId":"-"},"content":"","lastModifiedDate":"2020-05-25T00:03:55","isFullCredit":false},{"lineNumber":15,"author":{"gitId":"-"},"content":"# compile the code into the bin folder, terminates if error occurred","lastModifiedDate":"2020-05-25T00:03:55","isFullCredit":false},{"lineNumber":16,"author":{"gitId":"-"},"content":"if ! javac -cp ../src/main/java -Xlint:none -d ../bin ../src/main/java/*.java","lastModifiedDate":"2020-08-25T17:23:26","isFullCredit":false},{"lineNumber":17,"author":{"gitId":"-"},"content":"then","lastModifiedDate":"2020-05-25T00:03:55","isFullCredit":false},{"lineNumber":18,"author":{"gitId":"-"},"content":"    echo \"********** BUILD FAILURE **********\"","lastModifiedDate":"2020-05-25T00:03:55","isFullCredit":false},{"lineNumber":19,"author":{"gitId":"-"},"content":"    exit 1","lastModifiedDate":"2020-05-25T00:03:55","isFullCredit":false},{"lineNumber":20,"author":{"gitId":"-"},"content":"fi","lastModifiedDate":"2020-05-25T00:03:55","isFullCredit":false},{"lineNumber":21,"author":{"gitId":"-"},"content":"","lastModifiedDate":"2020-05-25T00:03:55","isFullCredit":false},{"lineNumber":22,"author":{"gitId":"-"},"content":"# run the program, feed commands from input.txt file and redirect the output to the ACTUAL.TXT","lastModifiedDate":"2020-05-25T00:03:55","isFullCredit":false},{"lineNumber":23,"author":{"gitId":"yikjin"},"content":"java -classpath ../bin Kuro \u003c input.txt \u003e ACTUAL.TXT","lastModifiedDate":"2025-08-28T14:08:31","isFullCredit":false},{"lineNumber":24,"author":{"gitId":"-"},"content":"","lastModifiedDate":"2020-05-25T00:03:55","isFullCredit":false},{"lineNumber":25,"author":{"gitId":"-"},"content":"# convert to UNIX format","lastModifiedDate":"2020-05-25T00:03:55","isFullCredit":false},{"lineNumber":26,"author":{"gitId":"-"},"content":"cp EXPECTED.TXT EXPECTED-UNIX.TXT","lastModifiedDate":"2020-05-25T00:03:55","isFullCredit":false},{"lineNumber":27,"author":{"gitId":"-"},"content":"dos2unix ACTUAL.TXT EXPECTED-UNIX.TXT","lastModifiedDate":"2020-05-25T00:03:55","isFullCredit":false},{"lineNumber":28,"author":{"gitId":"-"},"content":"","lastModifiedDate":"2020-05-25T00:03:55","isFullCredit":false},{"lineNumber":29,"author":{"gitId":"-"},"content":"# compare the output to the expected output","lastModifiedDate":"2020-05-25T00:03:55","isFullCredit":false},{"lineNumber":30,"author":{"gitId":"-"},"content":"diff ACTUAL.TXT EXPECTED-UNIX.TXT","lastModifiedDate":"2020-05-25T00:03:55","isFullCredit":false},{"lineNumber":31,"author":{"gitId":"-"},"content":"if [ $? -eq 0 ]","lastModifiedDate":"2020-05-25T00:03:55","isFullCredit":false},{"lineNumber":32,"author":{"gitId":"-"},"content":"then","lastModifiedDate":"2020-05-25T00:03:55","isFullCredit":false},{"lineNumber":33,"author":{"gitId":"-"},"content":"    echo \"Test result: PASSED\"","lastModifiedDate":"2020-05-25T00:03:55","isFullCredit":false},{"lineNumber":34,"author":{"gitId":"-"},"content":"    exit 0","lastModifiedDate":"2020-05-25T00:03:55","isFullCredit":false},{"lineNumber":35,"author":{"gitId":"-"},"content":"else","lastModifiedDate":"2020-05-25T00:03:55","isFullCredit":false},{"lineNumber":36,"author":{"gitId":"-"},"content":"    echo \"Test result: FAILED\"","lastModifiedDate":"2020-05-25T00:03:55","isFullCredit":false},{"lineNumber":37,"author":{"gitId":"-"},"content":"    exit 1","lastModifiedDate":"2020-05-25T00:03:55","isFullCredit":false},{"lineNumber":38,"author":{"gitId":"-"},"content":"fi","lastModifiedDate":"2020-05-25T00:03:55","isFullCredit":false}],"authorContributionMap":{"yikjin":1,"-":37}}]
