[{"path":"src/main/java/Luna.java","fileType":"java","lines":[{"lineNumber":1,"author":{"gitId":"Amanda-HUANG88"},"content":"import Luna.exception.LunaException;","lastModifiedDate":"2025-09-11T15:44:01","isFullCredit":false},{"lineNumber":2,"author":{"gitId":"Amanda-HUANG88"},"content":"import Luna.task.Deadline;","lastModifiedDate":"2025-09-11T15:44:01","isFullCredit":false},{"lineNumber":3,"author":{"gitId":"Amanda-HUANG88"},"content":"import Luna.task.Event;","lastModifiedDate":"2025-09-11T15:44:01","isFullCredit":false},{"lineNumber":4,"author":{"gitId":"Amanda-HUANG88"},"content":"import Luna.task.Task;","lastModifiedDate":"2025-09-11T15:44:01","isFullCredit":false},{"lineNumber":5,"author":{"gitId":"Amanda-HUANG88"},"content":"import Luna.task.ToDo;","lastModifiedDate":"2025-09-11T15:44:01","isFullCredit":false},{"lineNumber":6,"author":{"gitId":"Amanda-HUANG88"},"content":"","lastModifiedDate":"2025-09-11T15:44:01","isFullCredit":false},{"lineNumber":7,"author":{"gitId":"Amanda-HUANG88"},"content":"import java.util.Scanner;","lastModifiedDate":"2025-08-28T01:21:44","isFullCredit":false},{"lineNumber":8,"author":{"gitId":"Amanda-HUANG88"},"content":"","lastModifiedDate":"2025-08-28T01:21:44","isFullCredit":false},{"lineNumber":9,"author":{"gitId":"Amanda-HUANG88"},"content":"public class Luna {","lastModifiedDate":"2025-08-28T01:03:59","isFullCredit":false},{"lineNumber":10,"author":{"gitId":"Amanda-HUANG88"},"content":"","lastModifiedDate":"2025-09-03T20:42:42","isFullCredit":false},{"lineNumber":11,"author":{"gitId":"Amanda-HUANG88"},"content":"    private static Task[] tasks \u003d new Task[100];","lastModifiedDate":"2025-09-03T20:42:42","isFullCredit":false},{"lineNumber":12,"author":{"gitId":"Amanda-HUANG88"},"content":"    private static int taskCount \u003d 0;","lastModifiedDate":"2025-09-03T20:42:42","isFullCredit":false},{"lineNumber":13,"author":{"gitId":"Amanda-HUANG88"},"content":"","lastModifiedDate":"2025-09-03T20:42:42","isFullCredit":false},{"lineNumber":14,"author":{"gitId":"Amanda-HUANG88"},"content":"    public static void main(String[] args) {","lastModifiedDate":"2025-08-28T01:03:59","isFullCredit":false},{"lineNumber":15,"author":{"gitId":"Amanda-HUANG88"},"content":"        printLine();","lastModifiedDate":"2025-09-03T20:42:42","isFullCredit":false},{"lineNumber":16,"author":{"gitId":"Amanda-HUANG88"},"content":"        System.out.println(\"\\tHello! I\u0027m Luna\");","lastModifiedDate":"2025-08-28T01:35:08","isFullCredit":false},{"lineNumber":17,"author":{"gitId":"Amanda-HUANG88"},"content":"        System.out.println(\"\\tWhat can I do for you?\");","lastModifiedDate":"2025-08-28T01:35:08","isFullCredit":false},{"lineNumber":18,"author":{"gitId":"Amanda-HUANG88"},"content":"        printLine();","lastModifiedDate":"2025-09-03T20:42:42","isFullCredit":false},{"lineNumber":19,"author":{"gitId":"Amanda-HUANG88"},"content":"","lastModifiedDate":"2025-08-28T01:21:44","isFullCredit":false},{"lineNumber":20,"author":{"gitId":"Amanda-HUANG88"},"content":"        Scanner scanner \u003d new Scanner(System.in);","lastModifiedDate":"2025-08-28T01:21:44","isFullCredit":false},{"lineNumber":21,"author":{"gitId":"Amanda-HUANG88"},"content":"        String input;","lastModifiedDate":"2025-08-28T01:21:44","isFullCredit":false},{"lineNumber":22,"author":{"gitId":"Amanda-HUANG88"},"content":"","lastModifiedDate":"2025-08-28T01:21:44","isFullCredit":false},{"lineNumber":23,"author":{"gitId":"Amanda-HUANG88"},"content":"        while (true) {","lastModifiedDate":"2025-08-28T01:21:44","isFullCredit":false},{"lineNumber":24,"author":{"gitId":"Amanda-HUANG88"},"content":"            input \u003d scanner.nextLine();","lastModifiedDate":"2025-08-28T01:21:44","isFullCredit":false},{"lineNumber":25,"author":{"gitId":"Amanda-HUANG88"},"content":"            printLine();","lastModifiedDate":"2025-09-03T20:42:42","isFullCredit":false},{"lineNumber":26,"author":{"gitId":"Amanda-HUANG88"},"content":"            if (input.equals(\"bye\")) {","lastModifiedDate":"2025-08-28T01:21:44","isFullCredit":false},{"lineNumber":27,"author":{"gitId":"Amanda-HUANG88"},"content":"                System.out.println(\"\\tBye. Hope to see you again soon!\");","lastModifiedDate":"2025-08-28T01:35:08","isFullCredit":false},{"lineNumber":28,"author":{"gitId":"Amanda-HUANG88"},"content":"                printLine();","lastModifiedDate":"2025-09-03T20:42:42","isFullCredit":false},{"lineNumber":29,"author":{"gitId":"Amanda-HUANG88"},"content":"                break;","lastModifiedDate":"2025-08-28T01:21:44","isFullCredit":false},{"lineNumber":30,"author":{"gitId":"Amanda-HUANG88"},"content":"            }","lastModifiedDate":"2025-09-03T20:42:42","isFullCredit":false},{"lineNumber":31,"author":{"gitId":"Amanda-HUANG88"},"content":"            handleCommand(input);","lastModifiedDate":"2025-09-11T14:49:08","isFullCredit":false},{"lineNumber":32,"author":{"gitId":"Amanda-HUANG88"},"content":"            printLine();","lastModifiedDate":"2025-09-03T20:42:42","isFullCredit":false},{"lineNumber":33,"author":{"gitId":"Amanda-HUANG88"},"content":"        }","lastModifiedDate":"2025-09-03T20:42:42","isFullCredit":false},{"lineNumber":34,"author":{"gitId":"Amanda-HUANG88"},"content":"        scanner.close();","lastModifiedDate":"2025-09-03T20:42:42","isFullCredit":false},{"lineNumber":35,"author":{"gitId":"Amanda-HUANG88"},"content":"    }","lastModifiedDate":"2025-09-03T20:42:42","isFullCredit":false},{"lineNumber":36,"author":{"gitId":"Amanda-HUANG88"},"content":"","lastModifiedDate":"2025-09-03T20:42:42","isFullCredit":false},{"lineNumber":37,"author":{"gitId":"Amanda-HUANG88"},"content":"    private static void handleCommand(String input) {","lastModifiedDate":"2025-09-11T14:49:08","isFullCredit":false},{"lineNumber":38,"author":{"gitId":"Amanda-HUANG88"},"content":"        try {","lastModifiedDate":"2025-09-11T14:49:08","isFullCredit":false},{"lineNumber":39,"author":{"gitId":"Amanda-HUANG88"},"content":"            String[] parts \u003d input.split(\" \", 2);","lastModifiedDate":"2025-09-11T14:49:08","isFullCredit":false},{"lineNumber":40,"author":{"gitId":"Amanda-HUANG88"},"content":"            String command \u003d parts[0];","lastModifiedDate":"2025-09-11T14:49:08","isFullCredit":false},{"lineNumber":41,"author":{"gitId":"Amanda-HUANG88"},"content":"            String arguments \u003d (parts.length \u003e 1) ? parts[1] : \"\";","lastModifiedDate":"2025-09-11T14:49:08","isFullCredit":false},{"lineNumber":42,"author":{"gitId":"Amanda-HUANG88"},"content":"","lastModifiedDate":"2025-09-11T14:49:08","isFullCredit":false},{"lineNumber":43,"author":{"gitId":"Amanda-HUANG88"},"content":"            switch (command) {","lastModifiedDate":"2025-09-11T14:49:08","isFullCredit":false},{"lineNumber":44,"author":{"gitId":"Amanda-HUANG88"},"content":"            case \"list\":","lastModifiedDate":"2025-09-11T14:49:08","isFullCredit":false},{"lineNumber":45,"author":{"gitId":"Amanda-HUANG88"},"content":"                listTasks(tasks, taskCount);","lastModifiedDate":"2025-09-11T14:49:08","isFullCredit":false},{"lineNumber":46,"author":{"gitId":"Amanda-HUANG88"},"content":"                break;","lastModifiedDate":"2025-09-11T14:49:08","isFullCredit":false},{"lineNumber":47,"author":{"gitId":"Amanda-HUANG88"},"content":"            case \"mark\":","lastModifiedDate":"2025-09-11T14:49:08","isFullCredit":false},{"lineNumber":48,"author":{"gitId":"Amanda-HUANG88"},"content":"                if (arguments.isEmpty()) {","lastModifiedDate":"2025-09-11T14:49:08","isFullCredit":false},{"lineNumber":49,"author":{"gitId":"Amanda-HUANG88"},"content":"                    throw new LunaException(\"Please provide a task number to mark.\");","lastModifiedDate":"2025-09-11T14:49:08","isFullCredit":false},{"lineNumber":50,"author":{"gitId":"Amanda-HUANG88"},"content":"                }","lastModifiedDate":"2025-09-11T14:49:08","isFullCredit":false},{"lineNumber":51,"author":{"gitId":"Amanda-HUANG88"},"content":"                handleMarkUnmark(\"mark \" + arguments, true);","lastModifiedDate":"2025-09-11T14:49:08","isFullCredit":false},{"lineNumber":52,"author":{"gitId":"Amanda-HUANG88"},"content":"                break;","lastModifiedDate":"2025-09-11T14:49:08","isFullCredit":false},{"lineNumber":53,"author":{"gitId":"Amanda-HUANG88"},"content":"            case \"unmark\":","lastModifiedDate":"2025-09-11T14:49:08","isFullCredit":false},{"lineNumber":54,"author":{"gitId":"Amanda-HUANG88"},"content":"                if (arguments.isEmpty()) {","lastModifiedDate":"2025-09-11T14:49:08","isFullCredit":false},{"lineNumber":55,"author":{"gitId":"Amanda-HUANG88"},"content":"                    throw new LunaException(\"Please provide a task number to unmark.\");","lastModifiedDate":"2025-09-11T14:49:08","isFullCredit":false},{"lineNumber":56,"author":{"gitId":"Amanda-HUANG88"},"content":"                }","lastModifiedDate":"2025-09-11T14:49:08","isFullCredit":false},{"lineNumber":57,"author":{"gitId":"Amanda-HUANG88"},"content":"                handleMarkUnmark(\"unmark \" + arguments, false);","lastModifiedDate":"2025-09-11T14:49:08","isFullCredit":false},{"lineNumber":58,"author":{"gitId":"Amanda-HUANG88"},"content":"                break;","lastModifiedDate":"2025-09-11T14:49:08","isFullCredit":false},{"lineNumber":59,"author":{"gitId":"Amanda-HUANG88"},"content":"            case \"todo\":","lastModifiedDate":"2025-09-11T14:49:08","isFullCredit":false},{"lineNumber":60,"author":{"gitId":"Amanda-HUANG88"},"content":"                addTodo(arguments);","lastModifiedDate":"2025-09-11T14:49:08","isFullCredit":false},{"lineNumber":61,"author":{"gitId":"Amanda-HUANG88"},"content":"                break;","lastModifiedDate":"2025-09-11T14:49:08","isFullCredit":false},{"lineNumber":62,"author":{"gitId":"Amanda-HUANG88"},"content":"            case \"deadline\":","lastModifiedDate":"2025-09-11T14:49:08","isFullCredit":false},{"lineNumber":63,"author":{"gitId":"Amanda-HUANG88"},"content":"                addDeadline(arguments);","lastModifiedDate":"2025-09-11T14:49:08","isFullCredit":false},{"lineNumber":64,"author":{"gitId":"Amanda-HUANG88"},"content":"                break;","lastModifiedDate":"2025-09-11T14:49:08","isFullCredit":false},{"lineNumber":65,"author":{"gitId":"Amanda-HUANG88"},"content":"            case \"event\":","lastModifiedDate":"2025-09-11T14:49:08","isFullCredit":false},{"lineNumber":66,"author":{"gitId":"Amanda-HUANG88"},"content":"                addEvent(arguments);","lastModifiedDate":"2025-09-11T14:49:08","isFullCredit":false},{"lineNumber":67,"author":{"gitId":"Amanda-HUANG88"},"content":"                break;","lastModifiedDate":"2025-09-11T14:49:08","isFullCredit":false},{"lineNumber":68,"author":{"gitId":"Amanda-HUANG88"},"content":"            default:","lastModifiedDate":"2025-09-11T14:49:08","isFullCredit":false},{"lineNumber":69,"author":{"gitId":"Amanda-HUANG88"},"content":"                throw new LunaException(\"I\u0027m sorry, but I don\u0027t know what that means :-(\");","lastModifiedDate":"2025-09-11T14:49:08","isFullCredit":false},{"lineNumber":70,"author":{"gitId":"Amanda-HUANG88"},"content":"            }","lastModifiedDate":"2025-09-11T14:49:08","isFullCredit":false},{"lineNumber":71,"author":{"gitId":"Amanda-HUANG88"},"content":"        } catch (LunaException e) {","lastModifiedDate":"2025-09-11T14:49:08","isFullCredit":false},{"lineNumber":72,"author":{"gitId":"Amanda-HUANG88"},"content":"            System.out.println(\"\\t OOPS!!! \" + e.getMessage());","lastModifiedDate":"2025-09-11T14:49:08","isFullCredit":false},{"lineNumber":73,"author":{"gitId":"Amanda-HUANG88"},"content":"        }","lastModifiedDate":"2025-09-11T14:49:08","isFullCredit":false},{"lineNumber":74,"author":{"gitId":"Amanda-HUANG88"},"content":"    }","lastModifiedDate":"2025-09-11T14:49:08","isFullCredit":false},{"lineNumber":75,"author":{"gitId":"Amanda-HUANG88"},"content":"","lastModifiedDate":"2025-09-11T14:49:08","isFullCredit":false},{"lineNumber":76,"author":{"gitId":"Amanda-HUANG88"},"content":"","lastModifiedDate":"2025-09-11T14:49:08","isFullCredit":false},{"lineNumber":77,"author":{"gitId":"Amanda-HUANG88"},"content":"    private static void addTodo(String description) throws LunaException {","lastModifiedDate":"2025-09-11T14:49:08","isFullCredit":false},{"lineNumber":78,"author":{"gitId":"Amanda-HUANG88"},"content":"        if (description.trim().isEmpty()) {","lastModifiedDate":"2025-09-11T14:49:08","isFullCredit":false},{"lineNumber":79,"author":{"gitId":"Amanda-HUANG88"},"content":"            throw new LunaException(\"The description for a \u0027todo\u0027 cannot be empty. Please provide a task description.\");","lastModifiedDate":"2025-09-11T14:49:08","isFullCredit":false},{"lineNumber":80,"author":{"gitId":"Amanda-HUANG88"},"content":"        }","lastModifiedDate":"2025-09-11T14:49:08","isFullCredit":false},{"lineNumber":81,"author":{"gitId":"Amanda-HUANG88"},"content":"        tasks[taskCount] \u003d new ToDo(description);","lastModifiedDate":"2025-09-03T20:42:42","isFullCredit":false},{"lineNumber":82,"author":{"gitId":"Amanda-HUANG88"},"content":"        taskCount++;","lastModifiedDate":"2025-09-03T20:42:42","isFullCredit":false},{"lineNumber":83,"author":{"gitId":"Amanda-HUANG88"},"content":"        System.out.println(\"\\tGot it. I\u0027ve added this task:\");","lastModifiedDate":"2025-09-03T20:42:42","isFullCredit":false},{"lineNumber":84,"author":{"gitId":"Amanda-HUANG88"},"content":"        System.out.println(\"\\t  \" + tasks[taskCount - 1].toString());","lastModifiedDate":"2025-09-03T20:42:42","isFullCredit":false},{"lineNumber":85,"author":{"gitId":"Amanda-HUANG88"},"content":"        System.out.println(\"\\tNow you have \" + taskCount + \" tasks in the list.\");","lastModifiedDate":"2025-09-03T20:42:42","isFullCredit":false},{"lineNumber":86,"author":{"gitId":"Amanda-HUANG88"},"content":"    }","lastModifiedDate":"2025-09-03T20:42:42","isFullCredit":false},{"lineNumber":87,"author":{"gitId":"Amanda-HUANG88"},"content":"","lastModifiedDate":"2025-09-03T20:42:42","isFullCredit":false},{"lineNumber":88,"author":{"gitId":"Amanda-HUANG88"},"content":"    private static void addDeadline(String input) throws LunaException{","lastModifiedDate":"2025-09-11T14:49:08","isFullCredit":false},{"lineNumber":89,"author":{"gitId":"Amanda-HUANG88"},"content":"        String[] parts \u003d input.split(\" /by \");","lastModifiedDate":"2025-09-03T20:42:42","isFullCredit":false},{"lineNumber":90,"author":{"gitId":"Amanda-HUANG88"},"content":"        if (parts.length \u003c 2 || parts[0].trim().isEmpty() || parts[1].trim().isEmpty()) {","lastModifiedDate":"2025-09-11T14:49:08","isFullCredit":false},{"lineNumber":91,"author":{"gitId":"Amanda-HUANG88"},"content":"            throw new LunaException(\"Invalid deadline format. Please use: \u0027deadline [task] /by [date/time]\u0027.\");","lastModifiedDate":"2025-09-11T14:49:08","isFullCredit":false},{"lineNumber":92,"author":{"gitId":"Amanda-HUANG88"},"content":"        }","lastModifiedDate":"2025-09-03T20:42:42","isFullCredit":false},{"lineNumber":93,"author":{"gitId":"Amanda-HUANG88"},"content":"        String description \u003d parts[0];","lastModifiedDate":"2025-09-03T20:42:42","isFullCredit":false},{"lineNumber":94,"author":{"gitId":"Amanda-HUANG88"},"content":"        String date \u003d parts[1];","lastModifiedDate":"2025-09-03T20:42:42","isFullCredit":false},{"lineNumber":95,"author":{"gitId":"Amanda-HUANG88"},"content":"        tasks[taskCount] \u003d new Deadline(description, date);","lastModifiedDate":"2025-09-03T20:42:42","isFullCredit":false},{"lineNumber":96,"author":{"gitId":"Amanda-HUANG88"},"content":"        taskCount++;","lastModifiedDate":"2025-09-03T20:42:42","isFullCredit":false},{"lineNumber":97,"author":{"gitId":"Amanda-HUANG88"},"content":"        System.out.println(\"\\tGot it. I\u0027ve added this task:\");","lastModifiedDate":"2025-09-03T20:42:42","isFullCredit":false},{"lineNumber":98,"author":{"gitId":"Amanda-HUANG88"},"content":"        System.out.println(\"\\t  \" + tasks[taskCount - 1].toString());","lastModifiedDate":"2025-09-03T20:42:42","isFullCredit":false},{"lineNumber":99,"author":{"gitId":"Amanda-HUANG88"},"content":"        System.out.println(\"\\tNow you have \" + taskCount + \" tasks in the list.\");","lastModifiedDate":"2025-09-03T20:42:42","isFullCredit":false},{"lineNumber":100,"author":{"gitId":"Amanda-HUANG88"},"content":"    }","lastModifiedDate":"2025-09-03T20:42:42","isFullCredit":false},{"lineNumber":101,"author":{"gitId":"Amanda-HUANG88"},"content":"","lastModifiedDate":"2025-09-03T20:42:42","isFullCredit":false},{"lineNumber":102,"author":{"gitId":"Amanda-HUANG88"},"content":"    private static void addEvent(String input) throws LunaException {","lastModifiedDate":"2025-09-11T14:49:08","isFullCredit":false},{"lineNumber":103,"author":{"gitId":"Amanda-HUANG88"},"content":"        String[] parts \u003d input.split(\" /from \");","lastModifiedDate":"2025-09-03T20:42:42","isFullCredit":false},{"lineNumber":104,"author":{"gitId":"Amanda-HUANG88"},"content":"        if (parts.length \u003c 2) {","lastModifiedDate":"2025-09-03T20:42:42","isFullCredit":false},{"lineNumber":105,"author":{"gitId":"Amanda-HUANG88"},"content":"            throw new LunaException(\"Invalid event format. Missing \u0027/from\u0027 or \u0027/to\u0027. \" +","lastModifiedDate":"2025-09-11T14:49:08","isFullCredit":false},{"lineNumber":106,"author":{"gitId":"Amanda-HUANG88"},"content":"                    \"Please use: \u0027event [task] /from [start] /to [end]\u0027.\");","lastModifiedDate":"2025-09-11T14:49:08","isFullCredit":false},{"lineNumber":107,"author":{"gitId":"Amanda-HUANG88"},"content":"        }","lastModifiedDate":"2025-09-03T20:42:42","isFullCredit":false},{"lineNumber":108,"author":{"gitId":"Amanda-HUANG88"},"content":"        String description \u003d parts[0];","lastModifiedDate":"2025-09-03T20:42:42","isFullCredit":false},{"lineNumber":109,"author":{"gitId":"Amanda-HUANG88"},"content":"        String[] timeParts \u003d parts[1].split(\" /to \");","lastModifiedDate":"2025-09-03T20:42:42","isFullCredit":false},{"lineNumber":110,"author":{"gitId":"Amanda-HUANG88"},"content":"        if (timeParts.length \u003c 2 || description.trim().isEmpty() || timeParts[0].trim().isEmpty() || timeParts[1].trim().isEmpty()) {","lastModifiedDate":"2025-09-11T14:49:08","isFullCredit":false},{"lineNumber":111,"author":{"gitId":"Amanda-HUANG88"},"content":"            throw new LunaException(\"Invalid event format. \" +","lastModifiedDate":"2025-09-11T14:49:08","isFullCredit":false},{"lineNumber":112,"author":{"gitId":"Amanda-HUANG88"},"content":"                    \"Please ensure all parts are filled: \u0027event [task] /from [start] /to [end]\u0027.\");","lastModifiedDate":"2025-09-11T14:49:08","isFullCredit":false},{"lineNumber":113,"author":{"gitId":"Amanda-HUANG88"},"content":"        }","lastModifiedDate":"2025-09-03T20:42:42","isFullCredit":false},{"lineNumber":114,"author":{"gitId":"Amanda-HUANG88"},"content":"        String start \u003d timeParts[0];","lastModifiedDate":"2025-09-03T20:42:42","isFullCredit":false},{"lineNumber":115,"author":{"gitId":"Amanda-HUANG88"},"content":"        String end \u003d timeParts[1];","lastModifiedDate":"2025-09-03T20:42:42","isFullCredit":false},{"lineNumber":116,"author":{"gitId":"Amanda-HUANG88"},"content":"        tasks[taskCount] \u003d new Event(description, start, end);","lastModifiedDate":"2025-09-03T20:42:42","isFullCredit":false},{"lineNumber":117,"author":{"gitId":"Amanda-HUANG88"},"content":"        taskCount++;","lastModifiedDate":"2025-09-03T20:42:42","isFullCredit":false},{"lineNumber":118,"author":{"gitId":"Amanda-HUANG88"},"content":"        System.out.println(\"\\tGot it. I\u0027ve added this task:\");","lastModifiedDate":"2025-09-03T20:42:42","isFullCredit":false},{"lineNumber":119,"author":{"gitId":"Amanda-HUANG88"},"content":"        System.out.println(\"\\t  \" + tasks[taskCount - 1].toString());","lastModifiedDate":"2025-09-03T20:42:42","isFullCredit":false},{"lineNumber":120,"author":{"gitId":"Amanda-HUANG88"},"content":"        System.out.println(\"\\tNow you have \" + taskCount + \" tasks in the list.\");","lastModifiedDate":"2025-09-03T20:42:42","isFullCredit":false},{"lineNumber":121,"author":{"gitId":"Amanda-HUANG88"},"content":"    }","lastModifiedDate":"2025-09-03T20:42:42","isFullCredit":false},{"lineNumber":122,"author":{"gitId":"Amanda-HUANG88"},"content":"","lastModifiedDate":"2025-09-03T20:42:42","isFullCredit":false},{"lineNumber":123,"author":{"gitId":"Amanda-HUANG88"},"content":"    private static void handleMarkUnmark(String input, boolean isMark) {","lastModifiedDate":"2025-09-03T20:42:42","isFullCredit":false},{"lineNumber":124,"author":{"gitId":"Amanda-HUANG88"},"content":"        try {","lastModifiedDate":"2025-08-28T01:57:54","isFullCredit":false},{"lineNumber":125,"author":{"gitId":"Amanda-HUANG88"},"content":"            int taskIndex \u003d Integer.parseInt(input.substring(isMark ? 5 : 7)) - 1;","lastModifiedDate":"2025-09-03T20:42:42","isFullCredit":false},{"lineNumber":126,"author":{"gitId":"Amanda-HUANG88"},"content":"            if (taskIndex \u003e\u003d 0 \u0026\u0026 taskIndex \u003c taskCount) {","lastModifiedDate":"2025-08-28T01:57:54","isFullCredit":false},{"lineNumber":127,"author":{"gitId":"Amanda-HUANG88"},"content":"                if (isMark) {","lastModifiedDate":"2025-09-03T20:42:42","isFullCredit":false},{"lineNumber":128,"author":{"gitId":"Amanda-HUANG88"},"content":"                    tasks[taskIndex].mark();","lastModifiedDate":"2025-08-28T01:57:54","isFullCredit":false},{"lineNumber":129,"author":{"gitId":"Amanda-HUANG88"},"content":"                    System.out.println(\"\\tNice! I\u0027ve marked this task as done:\");","lastModifiedDate":"2025-08-28T01:57:54","isFullCredit":false},{"lineNumber":130,"author":{"gitId":"Amanda-HUANG88"},"content":"                } else {","lastModifiedDate":"2025-08-28T01:21:44","isFullCredit":false},{"lineNumber":131,"author":{"gitId":"Amanda-HUANG88"},"content":"                    tasks[taskIndex].unmark();","lastModifiedDate":"2025-08-28T01:57:54","isFullCredit":false},{"lineNumber":132,"author":{"gitId":"Amanda-HUANG88"},"content":"                    System.out.println(\"\\tOK, I\u0027ve marked this task as not done yet:\");","lastModifiedDate":"2025-08-28T01:57:54","isFullCredit":false},{"lineNumber":133,"author":{"gitId":"Amanda-HUANG88"},"content":"                }","lastModifiedDate":"2025-09-03T20:42:42","isFullCredit":false},{"lineNumber":134,"author":{"gitId":"Amanda-HUANG88"},"content":"                System.out.println(\"\\t  \" + tasks[taskIndex].toString());","lastModifiedDate":"2025-08-28T01:57:54","isFullCredit":false},{"lineNumber":135,"author":{"gitId":"Amanda-HUANG88"},"content":"            } else {","lastModifiedDate":"2025-08-28T01:57:54","isFullCredit":false},{"lineNumber":136,"author":{"gitId":"Amanda-HUANG88"},"content":"                System.out.println(\"\\tSorry, that task number is out of range. Please try again.\");","lastModifiedDate":"2025-08-28T01:57:54","isFullCredit":false},{"lineNumber":137,"author":{"gitId":"Amanda-HUANG88"},"content":"            }","lastModifiedDate":"2025-08-28T01:57:54","isFullCredit":false},{"lineNumber":138,"author":{"gitId":"Amanda-HUANG88"},"content":"        } catch (NumberFormatException e) {","lastModifiedDate":"2025-08-28T01:57:54","isFullCredit":false},{"lineNumber":139,"author":{"gitId":"Amanda-HUANG88"},"content":"            System.out.println(\"\\tPlease provide a valid task number.\");","lastModifiedDate":"2025-09-03T20:42:42","isFullCredit":false},{"lineNumber":140,"author":{"gitId":"Amanda-HUANG88"},"content":"        }","lastModifiedDate":"2025-08-28T01:57:54","isFullCredit":false},{"lineNumber":141,"author":{"gitId":"Amanda-HUANG88"},"content":"    }","lastModifiedDate":"2025-08-28T01:21:44","isFullCredit":false},{"lineNumber":142,"author":{"gitId":"Amanda-HUANG88"},"content":"","lastModifiedDate":"2025-09-03T20:42:42","isFullCredit":false},{"lineNumber":143,"author":{"gitId":"Amanda-HUANG88"},"content":"    private static void listTasks(Task[] tasks, int taskCount) {","lastModifiedDate":"2025-09-03T20:42:42","isFullCredit":false},{"lineNumber":144,"author":{"gitId":"Amanda-HUANG88"},"content":"        System.out.println(\"\\tHere are the tasks in your list:\");","lastModifiedDate":"2025-09-03T20:42:42","isFullCredit":false},{"lineNumber":145,"author":{"gitId":"Amanda-HUANG88"},"content":"        for (int i \u003d 0; i \u003c taskCount; i++) {","lastModifiedDate":"2025-09-03T20:42:42","isFullCredit":false},{"lineNumber":146,"author":{"gitId":"Amanda-HUANG88"},"content":"            System.out.println(\"\\t\" + (i + 1) + \". \" + tasks[i].toString());","lastModifiedDate":"2025-09-03T20:42:42","isFullCredit":false},{"lineNumber":147,"author":{"gitId":"Amanda-HUANG88"},"content":"        }","lastModifiedDate":"2025-08-28T01:21:44","isFullCredit":false},{"lineNumber":148,"author":{"gitId":"Amanda-HUANG88"},"content":"    }","lastModifiedDate":"2025-09-03T20:42:42","isFullCredit":false},{"lineNumber":149,"author":{"gitId":"Amanda-HUANG88"},"content":"","lastModifiedDate":"2025-09-03T20:42:42","isFullCredit":false},{"lineNumber":150,"author":{"gitId":"Amanda-HUANG88"},"content":"    private static void printLine() {","lastModifiedDate":"2025-09-03T20:42:42","isFullCredit":false},{"lineNumber":151,"author":{"gitId":"Amanda-HUANG88"},"content":"        System.out.println(\"\\t————————————————————————————————————————\");","lastModifiedDate":"2025-09-03T20:42:42","isFullCredit":false},{"lineNumber":152,"author":{"gitId":"Amanda-HUANG88"},"content":"    }","lastModifiedDate":"2025-08-28T01:03:59","isFullCredit":false},{"lineNumber":153,"author":{"gitId":"Amanda-HUANG88"},"content":"}","lastModifiedDate":"2025-08-28T01:03:59","isFullCredit":false},{"lineNumber":154,"author":{"gitId":"Amanda-HUANG88"},"content":"","lastModifiedDate":"2025-08-28T01:03:59","isFullCredit":false},{"lineNumber":155,"author":{"gitId":"Amanda-HUANG88"},"content":"","lastModifiedDate":"2025-09-11T14:49:08","isFullCredit":false}],"authorContributionMap":{"Amanda-HUANG88":155}},{"path":"src/main/java/Luna/exception/LunaException.java","fileType":"java","lines":[{"lineNumber":1,"author":{"gitId":"Amanda-HUANG88"},"content":"package Luna.exception;","lastModifiedDate":"2025-09-11T15:44:01","isFullCredit":false},{"lineNumber":2,"author":{"gitId":"Amanda-HUANG88"},"content":"","lastModifiedDate":"2025-09-11T15:44:01","isFullCredit":false},{"lineNumber":3,"author":{"gitId":"Amanda-HUANG88"},"content":"public class LunaException extends Exception {","lastModifiedDate":"2025-09-11T15:36:28","isFullCredit":false},{"lineNumber":4,"author":{"gitId":"Amanda-HUANG88"},"content":"    public LunaException(String message) {","lastModifiedDate":"2025-09-11T15:36:28","isFullCredit":false},{"lineNumber":5,"author":{"gitId":"Amanda-HUANG88"},"content":"        super(message);","lastModifiedDate":"2025-09-11T15:36:28","isFullCredit":false},{"lineNumber":6,"author":{"gitId":"Amanda-HUANG88"},"content":"    }","lastModifiedDate":"2025-09-11T15:36:28","isFullCredit":false},{"lineNumber":7,"author":{"gitId":"Amanda-HUANG88"},"content":"}","lastModifiedDate":"2025-09-11T15:36:28","isFullCredit":false}],"authorContributionMap":{"Amanda-HUANG88":7}},{"path":"src/main/java/Luna/task/Deadline.java","fileType":"java","lines":[{"lineNumber":1,"author":{"gitId":"Amanda-HUANG88"},"content":"package Luna.task;","lastModifiedDate":"2025-09-11T15:44:01","isFullCredit":false},{"lineNumber":2,"author":{"gitId":"Amanda-HUANG88"},"content":"","lastModifiedDate":"2025-09-11T15:44:01","isFullCredit":false},{"lineNumber":3,"author":{"gitId":"Amanda-HUANG88"},"content":"public class Deadline extends Task {","lastModifiedDate":"2025-09-03T20:42:42","isFullCredit":false},{"lineNumber":4,"author":{"gitId":"Amanda-HUANG88"},"content":"    protected String date;","lastModifiedDate":"2025-09-03T20:42:42","isFullCredit":false},{"lineNumber":5,"author":{"gitId":"Amanda-HUANG88"},"content":"","lastModifiedDate":"2025-09-03T20:42:42","isFullCredit":false},{"lineNumber":6,"author":{"gitId":"Amanda-HUANG88"},"content":"    public Deadline(String description, String date) {","lastModifiedDate":"2025-09-03T20:42:42","isFullCredit":false},{"lineNumber":7,"author":{"gitId":"Amanda-HUANG88"},"content":"        super(description);","lastModifiedDate":"2025-09-03T20:42:42","isFullCredit":false},{"lineNumber":8,"author":{"gitId":"Amanda-HUANG88"},"content":"        this.date \u003d date;","lastModifiedDate":"2025-09-03T20:42:42","isFullCredit":false},{"lineNumber":9,"author":{"gitId":"Amanda-HUANG88"},"content":"    }","lastModifiedDate":"2025-09-03T20:42:42","isFullCredit":false},{"lineNumber":10,"author":{"gitId":"Amanda-HUANG88"},"content":"","lastModifiedDate":"2025-09-03T20:42:42","isFullCredit":false},{"lineNumber":11,"author":{"gitId":"Amanda-HUANG88"},"content":"    @Override","lastModifiedDate":"2025-09-03T20:42:42","isFullCredit":false},{"lineNumber":12,"author":{"gitId":"Amanda-HUANG88"},"content":"    public String toString() {","lastModifiedDate":"2025-09-03T20:42:42","isFullCredit":false},{"lineNumber":13,"author":{"gitId":"Amanda-HUANG88"},"content":"        return \"[D]\" + super.toString() + \" (by: \" + date + \")\";","lastModifiedDate":"2025-09-03T20:42:42","isFullCredit":false},{"lineNumber":14,"author":{"gitId":"Amanda-HUANG88"},"content":"    }","lastModifiedDate":"2025-09-03T20:42:42","isFullCredit":false},{"lineNumber":15,"author":{"gitId":"Amanda-HUANG88"},"content":"}","lastModifiedDate":"2025-09-03T20:42:42","isFullCredit":false}],"authorContributionMap":{"Amanda-HUANG88":15}},{"path":"src/main/java/Luna/task/Event.java","fileType":"java","lines":[{"lineNumber":1,"author":{"gitId":"Amanda-HUANG88"},"content":"package Luna.task;","lastModifiedDate":"2025-09-11T15:44:01","isFullCredit":false},{"lineNumber":2,"author":{"gitId":"Amanda-HUANG88"},"content":"","lastModifiedDate":"2025-09-11T15:44:01","isFullCredit":false},{"lineNumber":3,"author":{"gitId":"Amanda-HUANG88"},"content":"public class  Event extends Task {","lastModifiedDate":"2025-09-03T20:42:42","isFullCredit":false},{"lineNumber":4,"author":{"gitId":"Amanda-HUANG88"},"content":"    protected String start;","lastModifiedDate":"2025-09-03T20:42:42","isFullCredit":false},{"lineNumber":5,"author":{"gitId":"Amanda-HUANG88"},"content":"    protected String end;","lastModifiedDate":"2025-09-03T20:42:42","isFullCredit":false},{"lineNumber":6,"author":{"gitId":"Amanda-HUANG88"},"content":"","lastModifiedDate":"2025-09-03T20:42:42","isFullCredit":false},{"lineNumber":7,"author":{"gitId":"Amanda-HUANG88"},"content":"    public Event(String description, String start, String end) {","lastModifiedDate":"2025-09-03T20:42:42","isFullCredit":false},{"lineNumber":8,"author":{"gitId":"Amanda-HUANG88"},"content":"        super(description);","lastModifiedDate":"2025-09-03T20:42:42","isFullCredit":false},{"lineNumber":9,"author":{"gitId":"Amanda-HUANG88"},"content":"        this.start \u003d start;","lastModifiedDate":"2025-09-03T20:42:42","isFullCredit":false},{"lineNumber":10,"author":{"gitId":"Amanda-HUANG88"},"content":"        this.end\u003d end;","lastModifiedDate":"2025-09-03T20:42:42","isFullCredit":false},{"lineNumber":11,"author":{"gitId":"Amanda-HUANG88"},"content":"    }","lastModifiedDate":"2025-09-03T20:42:42","isFullCredit":false},{"lineNumber":12,"author":{"gitId":"Amanda-HUANG88"},"content":"","lastModifiedDate":"2025-09-03T20:42:42","isFullCredit":false},{"lineNumber":13,"author":{"gitId":"Amanda-HUANG88"},"content":"    @Override","lastModifiedDate":"2025-09-03T20:42:42","isFullCredit":false},{"lineNumber":14,"author":{"gitId":"Amanda-HUANG88"},"content":"    public String toString() {","lastModifiedDate":"2025-09-03T20:42:42","isFullCredit":false},{"lineNumber":15,"author":{"gitId":"Amanda-HUANG88"},"content":"        return \"[E]\" + super.toString() + \" (from: \" + start + \" to: \" + end + \")\";","lastModifiedDate":"2025-09-03T20:42:42","isFullCredit":false},{"lineNumber":16,"author":{"gitId":"Amanda-HUANG88"},"content":"    }","lastModifiedDate":"2025-09-03T20:42:42","isFullCredit":false},{"lineNumber":17,"author":{"gitId":"Amanda-HUANG88"},"content":"}","lastModifiedDate":"2025-09-03T20:42:42","isFullCredit":false}],"authorContributionMap":{"Amanda-HUANG88":17}},{"path":"src/main/java/Luna/task/Task.java","fileType":"java","lines":[{"lineNumber":1,"author":{"gitId":"Amanda-HUANG88"},"content":"package Luna.task;","lastModifiedDate":"2025-09-11T15:44:01","isFullCredit":false},{"lineNumber":2,"author":{"gitId":"Amanda-HUANG88"},"content":"","lastModifiedDate":"2025-09-11T15:44:01","isFullCredit":false},{"lineNumber":3,"author":{"gitId":"Amanda-HUANG88"},"content":"public class Task {","lastModifiedDate":"2025-08-28T01:57:54","isFullCredit":false},{"lineNumber":4,"author":{"gitId":"Amanda-HUANG88"},"content":"    protected String description;","lastModifiedDate":"2025-08-28T01:57:54","isFullCredit":false},{"lineNumber":5,"author":{"gitId":"Amanda-HUANG88"},"content":"    protected boolean isDone;","lastModifiedDate":"2025-08-28T01:57:54","isFullCredit":false},{"lineNumber":6,"author":{"gitId":"Amanda-HUANG88"},"content":"","lastModifiedDate":"2025-08-28T01:57:54","isFullCredit":false},{"lineNumber":7,"author":{"gitId":"Amanda-HUANG88"},"content":"    public Task(String description) {","lastModifiedDate":"2025-08-28T01:57:54","isFullCredit":false},{"lineNumber":8,"author":{"gitId":"Amanda-HUANG88"},"content":"        this.description \u003d description;","lastModifiedDate":"2025-08-28T01:57:54","isFullCredit":false},{"lineNumber":9,"author":{"gitId":"Amanda-HUANG88"},"content":"        this.isDone \u003d false;","lastModifiedDate":"2025-08-28T01:57:54","isFullCredit":false},{"lineNumber":10,"author":{"gitId":"Amanda-HUANG88"},"content":"    }","lastModifiedDate":"2025-08-28T01:57:54","isFullCredit":false},{"lineNumber":11,"author":{"gitId":"Amanda-HUANG88"},"content":"","lastModifiedDate":"2025-08-28T01:57:54","isFullCredit":false},{"lineNumber":12,"author":{"gitId":"Amanda-HUANG88"},"content":"    public String getStatus() {","lastModifiedDate":"2025-08-28T01:57:54","isFullCredit":false},{"lineNumber":13,"author":{"gitId":"Amanda-HUANG88"},"content":"        return (isDone ? \"X\" : \" \"); ","lastModifiedDate":"2025-09-03T20:42:42","isFullCredit":false},{"lineNumber":14,"author":{"gitId":"Amanda-HUANG88"},"content":"    }","lastModifiedDate":"2025-08-28T01:57:54","isFullCredit":false},{"lineNumber":15,"author":{"gitId":"Amanda-HUANG88"},"content":"","lastModifiedDate":"2025-08-28T01:57:54","isFullCredit":false},{"lineNumber":16,"author":{"gitId":"Amanda-HUANG88"},"content":"    public void mark() {","lastModifiedDate":"2025-08-28T01:57:54","isFullCredit":false},{"lineNumber":17,"author":{"gitId":"Amanda-HUANG88"},"content":"        this.isDone \u003d true;","lastModifiedDate":"2025-08-28T01:57:54","isFullCredit":false},{"lineNumber":18,"author":{"gitId":"Amanda-HUANG88"},"content":"    }","lastModifiedDate":"2025-08-28T01:57:54","isFullCredit":false},{"lineNumber":19,"author":{"gitId":"Amanda-HUANG88"},"content":"","lastModifiedDate":"2025-08-28T01:57:54","isFullCredit":false},{"lineNumber":20,"author":{"gitId":"Amanda-HUANG88"},"content":"    public void unmark() {","lastModifiedDate":"2025-08-28T01:57:54","isFullCredit":false},{"lineNumber":21,"author":{"gitId":"Amanda-HUANG88"},"content":"        this.isDone \u003d false;","lastModifiedDate":"2025-08-28T01:57:54","isFullCredit":false},{"lineNumber":22,"author":{"gitId":"Amanda-HUANG88"},"content":"    }","lastModifiedDate":"2025-08-28T01:57:54","isFullCredit":false},{"lineNumber":23,"author":{"gitId":"Amanda-HUANG88"},"content":"","lastModifiedDate":"2025-08-28T01:57:54","isFullCredit":false},{"lineNumber":24,"author":{"gitId":"Amanda-HUANG88"},"content":"    @Override","lastModifiedDate":"2025-08-28T01:57:54","isFullCredit":false},{"lineNumber":25,"author":{"gitId":"Amanda-HUANG88"},"content":"    public String toString() {","lastModifiedDate":"2025-08-28T01:57:54","isFullCredit":false},{"lineNumber":26,"author":{"gitId":"Amanda-HUANG88"},"content":"        return \"[\" + getStatus() + \"] \" + description;","lastModifiedDate":"2025-08-28T01:57:54","isFullCredit":false},{"lineNumber":27,"author":{"gitId":"Amanda-HUANG88"},"content":"    }","lastModifiedDate":"2025-08-28T01:57:54","isFullCredit":false},{"lineNumber":28,"author":{"gitId":"Amanda-HUANG88"},"content":"}","lastModifiedDate":"2025-08-28T01:57:54","isFullCredit":false}],"authorContributionMap":{"Amanda-HUANG88":28}},{"path":"src/main/java/Luna/task/ToDo.java","fileType":"java","lines":[{"lineNumber":1,"author":{"gitId":"Amanda-HUANG88"},"content":"package Luna.task;","lastModifiedDate":"2025-09-11T15:44:01","isFullCredit":false},{"lineNumber":2,"author":{"gitId":"Amanda-HUANG88"},"content":"","lastModifiedDate":"2025-09-11T15:44:01","isFullCredit":false},{"lineNumber":3,"author":{"gitId":"Amanda-HUANG88"},"content":"public class ToDo extends Task {","lastModifiedDate":"2025-09-03T20:42:42","isFullCredit":false},{"lineNumber":4,"author":{"gitId":"Amanda-HUANG88"},"content":"    public ToDo(String description) {","lastModifiedDate":"2025-09-03T20:42:42","isFullCredit":false},{"lineNumber":5,"author":{"gitId":"Amanda-HUANG88"},"content":"        super(description);","lastModifiedDate":"2025-09-03T20:42:42","isFullCredit":false},{"lineNumber":6,"author":{"gitId":"Amanda-HUANG88"},"content":"    }","lastModifiedDate":"2025-09-03T20:42:42","isFullCredit":false},{"lineNumber":7,"author":{"gitId":"Amanda-HUANG88"},"content":"","lastModifiedDate":"2025-09-03T20:42:42","isFullCredit":false},{"lineNumber":8,"author":{"gitId":"Amanda-HUANG88"},"content":"    @Override","lastModifiedDate":"2025-09-03T20:42:42","isFullCredit":false},{"lineNumber":9,"author":{"gitId":"Amanda-HUANG88"},"content":"    public String toString() {","lastModifiedDate":"2025-09-03T20:42:42","isFullCredit":false},{"lineNumber":10,"author":{"gitId":"Amanda-HUANG88"},"content":"        return \"[T]\" + super.toString();","lastModifiedDate":"2025-09-03T20:42:42","isFullCredit":false},{"lineNumber":11,"author":{"gitId":"Amanda-HUANG88"},"content":"    }","lastModifiedDate":"2025-09-03T20:42:42","isFullCredit":false},{"lineNumber":12,"author":{"gitId":"Amanda-HUANG88"},"content":"}","lastModifiedDate":"2025-09-03T20:42:42","isFullCredit":false}],"authorContributionMap":{"Amanda-HUANG88":12}},{"path":"text-ui-test/input.txt","fileType":"txt","lines":[{"lineNumber":1,"author":{"gitId":"Amanda-HUANG88"},"content":"todo HUANG Lingru: Answer CS2113 tutorial questions","lastModifiedDate":"2025-09-11T15:44:01","isFullCredit":false},{"lineNumber":2,"author":{"gitId":"Amanda-HUANG88"},"content":"deadline weekly CS2113 quiz /by Monday 9pm","lastModifiedDate":"2025-09-11T15:44:01","isFullCredit":false},{"lineNumber":3,"author":{"gitId":"Amanda-HUANG88"},"content":"list","lastModifiedDate":"2025-09-03T20:57:08","isFullCredit":false},{"lineNumber":4,"author":{"gitId":"Amanda-HUANG88"},"content":"event CS2113 lecture /from Friday 4 /to 6pm","lastModifiedDate":"2025-09-11T15:44:01","isFullCredit":false},{"lineNumber":5,"author":{"gitId":"Amanda-HUANG88"},"content":"mark 2","lastModifiedDate":"2025-09-11T15:44:01","isFullCredit":false},{"lineNumber":6,"author":{"gitId":"Amanda-HUANG88"},"content":"list","lastModifiedDate":"2025-09-03T20:57:08","isFullCredit":false},{"lineNumber":7,"author":{"gitId":"Amanda-HUANG88"},"content":"bye","lastModifiedDate":"2025-09-03T20:57:08","isFullCredit":false}],"authorContributionMap":{"Amanda-HUANG88":7}},{"path":"text-ui-test/runtest.bat","fileType":"bat","lines":[{"lineNumber":1,"author":{"gitId":"-"},"content":"@ECHO OFF","lastModifiedDate":"2020-05-25T00:03:55","isFullCredit":false},{"lineNumber":2,"author":{"gitId":"-"},"content":"","lastModifiedDate":"2020-05-25T00:03:55","isFullCredit":false},{"lineNumber":3,"author":{"gitId":"-"},"content":"REM create bin directory if it doesn\u0027t exist","lastModifiedDate":"2020-05-25T00:03:55","isFullCredit":false},{"lineNumber":4,"author":{"gitId":"-"},"content":"if not exist ..\\bin mkdir ..\\bin","lastModifiedDate":"2020-05-25T00:03:55","isFullCredit":false},{"lineNumber":5,"author":{"gitId":"-"},"content":"","lastModifiedDate":"2020-05-25T00:03:55","isFullCredit":false},{"lineNumber":6,"author":{"gitId":"-"},"content":"REM delete output from previous run","lastModifiedDate":"2020-05-25T00:03:55","isFullCredit":false},{"lineNumber":7,"author":{"gitId":"-"},"content":"if exist ACTUAL.TXT del ACTUAL.TXT","lastModifiedDate":"2020-08-25T17:23:26","isFullCredit":false},{"lineNumber":8,"author":{"gitId":"-"},"content":"","lastModifiedDate":"2020-05-25T00:03:55","isFullCredit":false},{"lineNumber":9,"author":{"gitId":"-"},"content":"REM compile the code into the bin folder","lastModifiedDate":"2020-05-25T00:03:55","isFullCredit":false},{"lineNumber":10,"author":{"gitId":"Amanda-HUANG88"},"content":"javac -encoding UTF-8 -cp ..\\src\\main\\java -Xlint:none -d ..\\bin ..\\src\\main\\java\\*.java","lastModifiedDate":"2025-09-03T20:57:08","isFullCredit":false},{"lineNumber":11,"author":{"gitId":"-"},"content":"IF ERRORLEVEL 1 (","lastModifiedDate":"2020-05-25T00:03:55","isFullCredit":false},{"lineNumber":12,"author":{"gitId":"-"},"content":"    echo ********** BUILD FAILURE **********","lastModifiedDate":"2020-05-25T00:03:55","isFullCredit":false},{"lineNumber":13,"author":{"gitId":"-"},"content":"    exit /b 1","lastModifiedDate":"2020-05-25T00:03:55","isFullCredit":false},{"lineNumber":14,"author":{"gitId":"-"},"content":")","lastModifiedDate":"2020-05-25T00:03:55","isFullCredit":false},{"lineNumber":15,"author":{"gitId":"-"},"content":"REM no error here, errorlevel \u003d\u003d 0","lastModifiedDate":"2020-05-25T00:03:55","isFullCredit":false},{"lineNumber":16,"author":{"gitId":"-"},"content":"","lastModifiedDate":"2020-05-25T00:03:55","isFullCredit":false},{"lineNumber":17,"author":{"gitId":"-"},"content":"REM run the program, feed commands from input.txt file and redirect the output to the ACTUAL.TXT","lastModifiedDate":"2020-05-25T00:03:55","isFullCredit":false},{"lineNumber":18,"author":{"gitId":"Amanda-HUANG88"},"content":"java -classpath ..\\bin Luna \u003c input.txt \u003e ACTUAL.TXT","lastModifiedDate":"2025-09-03T20:57:08","isFullCredit":false},{"lineNumber":19,"author":{"gitId":"-"},"content":"","lastModifiedDate":"2020-05-25T00:03:55","isFullCredit":false},{"lineNumber":20,"author":{"gitId":"-"},"content":"REM compare the output to the expected output","lastModifiedDate":"2020-05-25T00:03:55","isFullCredit":false},{"lineNumber":21,"author":{"gitId":"-"},"content":"FC ACTUAL.TXT EXPECTED.TXT","lastModifiedDate":"2020-05-25T00:03:55","isFullCredit":false}],"authorContributionMap":{"Amanda-HUANG88":2,"-":19}}]
