{"authorDailyContributionsMap":{"Amanda-HUANG88":[{"date":"2025-08-28T00:00:00","commitResults":[{"hash":"2ddc4df512bde5a8a7160b1af13f45b0f4f624fa","isMergeCommit":false,"messageTitle":"Add Increment: Level-0","messageBody":"","tags":["Level-0"],"fileTypesAndContributionMap":{"java":{"insertions":11,"deletions":10}}},{"hash":"a1160c65b027ef3cac25a9eeabf5928564fe38f2","isMergeCommit":false,"messageTitle":"Add Increment: Level-1 Echo","messageBody":"","tags":["Level-1"],"fileTypesAndContributionMap":{"java":{"insertions":18,"deletions":2}}},{"hash":"9c9154ddfab9d4ca89ea92756a6df7e44b7193b2","isMergeCommit":false,"messageTitle":"Add Increment: Level-2 Add, List","messageBody":"","tags":["Level-2"],"fileTypesAndContributionMap":{"java":{"insertions":20,"deletions":11}}},{"hash":"f021c534c2383c6fe70472adcaf743a868b5f9c9","isMergeCommit":false,"messageTitle":"Add Increment: Level-3 Mark as Done","messageBody":"","tags":["Level-3"],"fileTypesAndContributionMap":{"java":{"insertions":60,"deletions":6}}}]},{"date":"2025-09-03T00:00:00","commitResults":[{"hash":"95cfa099024480098d8743fdfbd2967c6e87f4d2","isMergeCommit":false,"messageTitle":"Level 4. ToDos, Events, Deadlines","messageBody":"","tags":["Level-4","A-CodingStandard","A-CodeQuality"],"fileTypesAndContributionMap":{"java":{"insertions":132,"deletions":41}}},{"hash":"38564813570b13e93157885fb3f27c8ffb74b130","isMergeCommit":false,"messageTitle":"A-TextUiTesting","messageBody":"","tags":["A-TextUiTesting"],"fileTypesAndContributionMap":{"txt":{"insertions":8,"deletions":0},"bat":{"insertions":2,"deletions":2}}}]}]},"authorFileTypeContributionMap":{"Amanda-HUANG88":{"java":181,"md":0,"fxml":0,"sh":0,"bat":2,"gradle":0,"txt":8}},"authorContributionVariance":{"Amanda-HUANG88":1829.8135},"authorDisplayNameMap":{"Amanda-HUANG88":"CS2113-T10-2 HUAN..NGRU"}}
