[{"path":"README.md","fileType":"md","lines":[{"lineNumber":1,"author":{"gitId":"roydenlyr"},"content":"# Shinchan project template","lastModifiedDate":"2025-09-04T01:03:20","isFullCredit":false},{"lineNumber":2,"author":{"gitId":"-"},"content":"","lastModifiedDate":"2020-05-25T00:03:55","isFullCredit":false},{"lineNumber":3,"author":{"gitId":"-"},"content":"This is a project template for a greenfield Java project. It\u0027s named after the Java mascot _Duke_. Given below are instructions on how to use it.","lastModifiedDate":"2020-05-25T00:03:55","isFullCredit":false},{"lineNumber":4,"author":{"gitId":"-"},"content":"","lastModifiedDate":"2020-05-25T00:03:55","isFullCredit":false},{"lineNumber":5,"author":{"gitId":"-"},"content":"## Setting up in Intellij","lastModifiedDate":"2020-05-25T00:03:55","isFullCredit":false},{"lineNumber":6,"author":{"gitId":"-"},"content":"","lastModifiedDate":"2020-05-25T00:03:55","isFullCredit":false},{"lineNumber":7,"author":{"gitId":"-"},"content":"Prerequisites: JDK 17, update Intellij to the most recent version.","lastModifiedDate":"2024-07-11T16:50:14","isFullCredit":false},{"lineNumber":8,"author":{"gitId":"-"},"content":"","lastModifiedDate":"2020-05-25T00:03:55","isFullCredit":false},{"lineNumber":9,"author":{"gitId":"-"},"content":"1. Open Intellij (if you are not in the welcome screen, click `File` \u003e `Close Project` to close the existing project first)","lastModifiedDate":"2021-01-17T12:25:53","isFullCredit":false},{"lineNumber":10,"author":{"gitId":"-"},"content":"1. Open the project into Intellij as follows:","lastModifiedDate":"2021-01-17T12:25:53","isFullCredit":false},{"lineNumber":11,"author":{"gitId":"-"},"content":"   1. Click `Open`.","lastModifiedDate":"2021-01-17T12:25:53","isFullCredit":false},{"lineNumber":12,"author":{"gitId":"-"},"content":"   1. Select the project directory, and click `OK`.","lastModifiedDate":"2021-01-17T12:25:53","isFullCredit":false},{"lineNumber":13,"author":{"gitId":"-"},"content":"   1. If there are any further prompts, accept the defaults.","lastModifiedDate":"2020-05-25T00:03:55","isFullCredit":false},{"lineNumber":14,"author":{"gitId":"-"},"content":"1. Configure the project to use **JDK 17** (not other versions) as explained in [here](https://www.jetbrains.com/help/idea/sdk.html#set-up-jdk).\u003cbr\u003e","lastModifiedDate":"2024-07-11T16:50:14","isFullCredit":false},{"lineNumber":15,"author":{"gitId":"-"},"content":"   In the same dialog, set the **Project language level** field to the `SDK default` option.","lastModifiedDate":"2021-07-29T20:29:39","isFullCredit":false},{"lineNumber":16,"author":{"gitId":"roydenlyr"},"content":"1. After that, locate the `src/main/java/Shinchan.java` file, right-click it, and choose `Run Shinchan.main()` (if the code editor is showing compile errors, try restarting the IDE). If the setup is correct, you should see something like the below as the output:","lastModifiedDate":"2025-09-04T01:03:20","isFullCredit":false},{"lineNumber":17,"author":{"gitId":"-"},"content":"   ```","lastModifiedDate":"2020-05-25T00:03:55","isFullCredit":false},{"lineNumber":18,"author":{"gitId":"-"},"content":"   Hello from","lastModifiedDate":"2020-05-25T00:03:55","isFullCredit":false},{"lineNumber":19,"author":{"gitId":"-"},"content":"    ____        _        ","lastModifiedDate":"2020-05-25T00:03:55","isFullCredit":false},{"lineNumber":20,"author":{"gitId":"-"},"content":"   |  _ \\ _   _| | _____ ","lastModifiedDate":"2020-05-25T00:03:55","isFullCredit":false},{"lineNumber":21,"author":{"gitId":"-"},"content":"   | | | | | | | |/ / _ \\","lastModifiedDate":"2020-05-25T00:03:55","isFullCredit":false},{"lineNumber":22,"author":{"gitId":"-"},"content":"   | |_| | |_| |   \u003c  __/","lastModifiedDate":"2020-05-25T00:03:55","isFullCredit":false},{"lineNumber":23,"author":{"gitId":"-"},"content":"   |____/ \\__,_|_|\\_\\___|","lastModifiedDate":"2020-05-25T00:03:55","isFullCredit":false},{"lineNumber":24,"author":{"gitId":"-"},"content":"   ```","lastModifiedDate":"2020-05-25T00:03:55","isFullCredit":false},{"lineNumber":25,"author":{"gitId":"-"},"content":"","lastModifiedDate":"2025-01-04T21:44:28","isFullCredit":false},{"lineNumber":26,"author":{"gitId":"-"},"content":"**Warning:** Keep the `src\\main\\java` folder as the root folder for Java files (i.e., don\u0027t rename those folders or move Java files to another folder outside of this folder path), as this is the default location some tools (e.g., Gradle) expect to find Java files.","lastModifiedDate":"2025-01-04T21:44:28","isFullCredit":false}],"authorContributionMap":{"roydenlyr":2,"-":24}},{"path":"docs/README.md","fileType":"md","lines":[{"lineNumber":1,"author":{"gitId":"roydenlyr"},"content":"# Shinchan User Guide","lastModifiedDate":"2025-09-04T01:03:20","isFullCredit":false},{"lineNumber":2,"author":{"gitId":"-"},"content":"","lastModifiedDate":"2019-07-29T17:14:46","isFullCredit":false},{"lineNumber":3,"author":{"gitId":"-"},"content":"// Update the title above to match the actual product name","lastModifiedDate":"2024-01-07T18:33:52","isFullCredit":false},{"lineNumber":4,"author":{"gitId":"-"},"content":"","lastModifiedDate":"2019-07-29T17:14:46","isFullCredit":false},{"lineNumber":5,"author":{"gitId":"-"},"content":"// Product screenshot goes here","lastModifiedDate":"2024-01-07T18:33:52","isFullCredit":false},{"lineNumber":6,"author":{"gitId":"-"},"content":"","lastModifiedDate":"2021-07-17T16:49:07","isFullCredit":false},{"lineNumber":7,"author":{"gitId":"-"},"content":"// Product intro goes here","lastModifiedDate":"2024-01-07T18:33:52","isFullCredit":false},{"lineNumber":8,"author":{"gitId":"-"},"content":"","lastModifiedDate":"2021-07-17T16:49:07","isFullCredit":false},{"lineNumber":9,"author":{"gitId":"-"},"content":"## Adding deadlines","lastModifiedDate":"2024-01-07T18:33:52","isFullCredit":false},{"lineNumber":10,"author":{"gitId":"-"},"content":"","lastModifiedDate":"2021-07-17T16:49:07","isFullCredit":false},{"lineNumber":11,"author":{"gitId":"-"},"content":"// Describe the action and its outcome.","lastModifiedDate":"2024-01-07T18:33:52","isFullCredit":false},{"lineNumber":12,"author":{"gitId":"-"},"content":"","lastModifiedDate":"2019-07-29T17:14:46","isFullCredit":false},{"lineNumber":13,"author":{"gitId":"-"},"content":"// Give examples of usage","lastModifiedDate":"2024-01-07T18:33:52","isFullCredit":false},{"lineNumber":14,"author":{"gitId":"-"},"content":"","lastModifiedDate":"2019-07-29T17:14:46","isFullCredit":false},{"lineNumber":15,"author":{"gitId":"-"},"content":"Example: `keyword (optional arguments)`","lastModifiedDate":"2024-01-07T18:33:52","isFullCredit":false},{"lineNumber":16,"author":{"gitId":"-"},"content":"","lastModifiedDate":"2019-07-29T17:14:46","isFullCredit":false},{"lineNumber":17,"author":{"gitId":"-"},"content":"// A description of the expected outcome goes here","lastModifiedDate":"2024-01-07T18:33:52","isFullCredit":false},{"lineNumber":18,"author":{"gitId":"-"},"content":"","lastModifiedDate":"2019-07-29T17:14:46","isFullCredit":false},{"lineNumber":19,"author":{"gitId":"-"},"content":"```","lastModifiedDate":"2024-01-07T18:33:52","isFullCredit":false},{"lineNumber":20,"author":{"gitId":"-"},"content":"expected output","lastModifiedDate":"2024-01-07T18:33:52","isFullCredit":false},{"lineNumber":21,"author":{"gitId":"-"},"content":"```","lastModifiedDate":"2024-01-07T18:33:52","isFullCredit":false},{"lineNumber":22,"author":{"gitId":"-"},"content":"","lastModifiedDate":"2019-07-29T17:14:46","isFullCredit":false},{"lineNumber":23,"author":{"gitId":"-"},"content":"## Feature ABC","lastModifiedDate":"2024-01-07T18:33:52","isFullCredit":false},{"lineNumber":24,"author":{"gitId":"-"},"content":"","lastModifiedDate":"2019-07-29T17:14:46","isFullCredit":false},{"lineNumber":25,"author":{"gitId":"-"},"content":"// Feature details","lastModifiedDate":"2024-01-07T18:33:52","isFullCredit":false},{"lineNumber":26,"author":{"gitId":"-"},"content":"","lastModifiedDate":"2019-07-29T17:14:46","isFullCredit":false},{"lineNumber":27,"author":{"gitId":"-"},"content":"","lastModifiedDate":"2021-07-17T16:49:07","isFullCredit":false},{"lineNumber":28,"author":{"gitId":"-"},"content":"## Feature XYZ","lastModifiedDate":"2024-01-07T18:33:52","isFullCredit":false},{"lineNumber":29,"author":{"gitId":"-"},"content":"","lastModifiedDate":"2024-01-07T18:33:52","isFullCredit":false},{"lineNumber":30,"author":{"gitId":"-"},"content":"// Feature details","lastModifiedDate":"2024-01-07T18:33:52","isFullCredit":false}],"authorContributionMap":{"roydenlyr":1,"-":29}},{"path":"src/main/java/Persona.java","fileType":"java","lines":[{"lineNumber":1,"author":{"gitId":"roydenlyr"},"content":"public class Persona {","lastModifiedDate":"2025-09-04T01:03:20","isFullCredit":false},{"lineNumber":2,"author":{"gitId":"roydenlyr"},"content":"    public void portrait() {","lastModifiedDate":"2025-09-04T01:03:20","isFullCredit":false},{"lineNumber":3,"author":{"gitId":"roydenlyr"},"content":"        System.out.println(\"\"\"                                                                                  ","lastModifiedDate":"2025-09-04T01:03:20","isFullCredit":false},{"lineNumber":4,"author":{"gitId":"roydenlyr"},"content":"                                                       @@@@:","lastModifiedDate":"2025-09-04T01:03:20","isFullCredit":false},{"lineNumber":5,"author":{"gitId":"roydenlyr"},"content":"                                         @@@@@@@@@@@@@@@@@@@@@","lastModifiedDate":"2025-09-04T01:03:20","isFullCredit":false},{"lineNumber":6,"author":{"gitId":"roydenlyr"},"content":"                                   @@@@@@@@@@@@@@@@@@@@@@@@@@@@@@@@","lastModifiedDate":"2025-09-04T01:03:20","isFullCredit":false},{"lineNumber":7,"author":{"gitId":"roydenlyr"},"content":"                          @@@@@@@@@@@@@@@@@@@@@@@@@@@@@@@@@@@@@@@@@@@@","lastModifiedDate":"2025-09-04T01:03:20","isFullCredit":false},{"lineNumber":8,"author":{"gitId":"roydenlyr"},"content":"                        @@@@@@@@@@@@@@@@      @@@@@@@@@   @@@@@@@@@@@@@@@","lastModifiedDate":"2025-09-04T01:03:20","isFullCredit":false},{"lineNumber":9,"author":{"gitId":"roydenlyr"},"content":"                      @@@@@@@@@@@@@@      .. @@@@@@@@   .   @@@@@@@ @@@@@@@","lastModifiedDate":"2025-09-04T01:03:20","isFullCredit":false},{"lineNumber":10,"author":{"gitId":"roydenlyr"},"content":"                     @@@@@@@@ @@@@@@@@ .:::: +@@@@@   ::::.  @@@@@@   @@@@@@@","lastModifiedDate":"2025-09-04T01:03:20","isFullCredit":false},{"lineNumber":11,"author":{"gitId":"roydenlyr"},"content":"                    @@@@@@@.   @@@@@@@..::::.       :::::::.   @@   .   @@@@@@@","lastModifiedDate":"2025-09-04T01:03:20","isFullCredit":false},{"lineNumber":12,"author":{"gitId":"roydenlyr"},"content":"                   @@@@@@@   :   @@@@@ .:::::::..::::::::..       ..      @@@@@@@","lastModifiedDate":"2025-09-04T01:03:20","isFullCredit":false},{"lineNumber":13,"author":{"gitId":"roydenlyr"},"content":"                 \u003d@@@@@@@  ::::.       ::::::::::::..      +-       -@*@@ @@@@@@@@","lastModifiedDate":"2025-09-04T01:03:20","isFullCredit":false},{"lineNumber":14,"author":{"gitId":"roydenlyr"},"content":"                 @@@@@@@  ::::::::::::::::::::      -%@@#.@@ @@@@@ @@@@@ @\u003d @@@@@@@","lastModifiedDate":"2025-09-04T01:03:20","isFullCredit":false},{"lineNumber":15,"author":{"gitId":"roydenlyr"},"content":"                  @@@@@  ::::::::::::::::::::: @@@@@@#++*\u003d#@@@    @@@  @@    @@@@@@@@@@@@@@@","lastModifiedDate":"2025-09-04T01:03:20","isFullCredit":false},{"lineNumber":16,"author":{"gitId":"roydenlyr"},"content":"                 @      ::.       ::::::::::::        ..      @@@    @@@@ .:  @\u003d@@@@        @@","lastModifiedDate":"2025-09-04T01:03:20","isFullCredit":false},{"lineNumber":17,"author":{"gitId":"roydenlyr"},"content":"                @: .::.     @@@@@.:::::::::::::::::::::::::::    @@        .  @.:. %@@@      -@\u003d","lastModifiedDate":"2025-09-04T01:03:20","isFullCredit":false},{"lineNumber":18,"author":{"gitId":"roydenlyr"},"content":"               @@ ..   +@@@@      :::::::::::::::::::::::::   @@@     @@@@*  @@:+++-:-+@@@@    @","lastModifiedDate":"2025-09-04T01:03:20","isFullCredit":false},{"lineNumber":19,"author":{"gitId":"roydenlyr"},"content":"               @: :.\u003d@@#    .:::::::::::::::::::::::::::::  @@    \u003d@@@@@    @@ -++**+*\u003d-::*@@@@#@","lastModifiedDate":"2025-09-04T01:03:20","isFullCredit":false},{"lineNumber":20,"author":{"gitId":"roydenlyr"},"content":"            .@@@  :.    .::::::::::::::::::::::::::::::::. @   @@@@   .@ @@@ @@\u003d-\u003d+++++++++-::\u003d\u003d@@@","lastModifiedDate":"2025-09-04T01:03:20","isFullCredit":false},{"lineNumber":21,"author":{"gitId":"roydenlyr"},"content":"         @@@@    ::::::::::::::::::::::::::::::::::::::::: @@@@    .:.  :      @@\u003d-\u003d++****+++++\u003d.@@","lastModifiedDate":"2025-09-04T01:03:20","isFullCredit":false},{"lineNumber":22,"author":{"gitId":"roydenlyr"},"content":"       @@    .::::::::::::::::::::::::::::::::::::::::::::      :::::::...:::.   @@-\u003d+********++ @","lastModifiedDate":"2025-09-04T01:03:20","isFullCredit":false},{"lineNumber":23,"author":{"gitId":"roydenlyr"},"content":"     @@   .::::::::::::::::::::::::::::::::::::::::::::::::::::::::::::::::::::.  -@:+******+++-@@","lastModifiedDate":"2025-09-04T01:03:20","isFullCredit":false},{"lineNumber":24,"author":{"gitId":"roydenlyr"},"content":"    @@  ::::::::::::::::::::::::::::::::::::::::::::::::::::::::::::::::::::::::.  @:+******+*+.@","lastModifiedDate":"2025-09-04T01:03:20","isFullCredit":false},{"lineNumber":25,"author":{"gitId":"roydenlyr"},"content":"   @% .::::::::::::::::::::::::::::::::::::::::::::::::::::::::::::::::::::::::.  @-\u003d+******+*-#@","lastModifiedDate":"2025-09-04T01:03:20","isFullCredit":false},{"lineNumber":26,"author":{"gitId":"roydenlyr"},"content":"  *@  :::::::::::::::::::::::::::::::::::::::::::::::::::::::::::::::::::::::::  @@\u003d*+******++.@*","lastModifiedDate":"2025-09-04T01:03:20","isFullCredit":false},{"lineNumber":27,"author":{"gitId":"roydenlyr"},"content":"  @- :::::::::::::::::::::::::::::::::::::::::::::::::::::::::::::::::::::::::  @@:\u003d++******+\u003d+@","lastModifiedDate":"2025-09-04T01:03:20","isFullCredit":false},{"lineNumber":28,"author":{"gitId":"roydenlyr"},"content":"  @  ::::::::::::::::::::::::::::::::::::::::::::::::::::::::::::::::::::::::  @@-\u003d+*******++:@@","lastModifiedDate":"2025-09-04T01:03:20","isFullCredit":false},{"lineNumber":29,"author":{"gitId":"roydenlyr"},"content":"  @  :::::::::::::::::::::::::::::::::::::::::::::::::::::::::::::::::::::::. @@:\u003d++******++\u003d:@","lastModifiedDate":"2025-09-04T01:03:20","isFullCredit":false},{"lineNumber":30,"author":{"gitId":"roydenlyr"},"content":"  @: ::::::::::::::::::::::::::::::::::::::::::::::::::::::::::::::::::::::.  @\u003d\u003d+********+*-@@","lastModifiedDate":"2025-09-04T01:03:20","isFullCredit":false},{"lineNumber":31,"author":{"gitId":"roydenlyr"},"content":"  #@ .::::::::::::::::::::::::::::::::::::::::::::::::::::::::::::::::::::   @@-++********++:@@","lastModifiedDate":"2025-09-04T01:03:20","isFullCredit":false},{"lineNumber":32,"author":{"gitId":"roydenlyr"},"content":"   @- .:::::::::::::::::::::::::::::::::::::::::::::::::::::::::::::::.    @@@:+*+********+\u003d.@","lastModifiedDate":"2025-09-04T01:03:20","isFullCredit":false},{"lineNumber":33,"author":{"gitId":"roydenlyr"},"content":"    @\u003d  :::::::::::::::::::::::::::::::::::::::::::::::::::::::::::     @@@#--\u003d+++********+-@@","lastModifiedDate":"2025-09-04T01:03:20","isFullCredit":false},{"lineNumber":34,"author":{"gitId":"roydenlyr"},"content":"     @@  .::::::::::::::::::.      ::::::::::::::::::::::::::::.    %@@@#--\u003d++++**********+:@@","lastModifiedDate":"2025-09-04T01:03:20","isFullCredit":false},{"lineNumber":35,"author":{"gitId":"roydenlyr"},"content":"      @@    .:::::::::::::    @@@@ ::::::::::::::::::::::.      *@@@#\u003d::\u003d++++***********+++ @","lastModifiedDate":"2025-09-04T01:03:20","isFullCredit":false},{"lineNumber":36,"author":{"gitId":"roydenlyr"},"content":"        @@@    .:::::::::  @@@     ::::::::::::::::.       \u003d@@@@#-.:\u003d+++****************+*\u003d*@","lastModifiedDate":"2025-09-04T01:03:20","isFullCredit":false},{"lineNumber":37,"author":{"gitId":"roydenlyr"},"content":"           @@@@       ..:.@@   ::::::::...          -@@@@@@%+::-\u003d+**+*******************+*:@@","lastModifiedDate":"2025-09-04T01:03:20","isFullCredit":false},{"lineNumber":38,"author":{"gitId":"roydenlyr"},"content":"               @@@@@@*                    -@@@@@@@@@%*\u003d:.:-\u003d+++++++++*******************+*:@@","lastModifiedDate":"2025-09-04T01:03:20","isFullCredit":false},{"lineNumber":39,"author":{"gitId":"roydenlyr"},"content":"                     %@@@@@@@@@@@@@@@@@@@@@#+:....:-\u003d+++++++++**************************+*\u003d@@","lastModifiedDate":"2025-09-04T01:03:20","isFullCredit":false},{"lineNumber":40,"author":{"gitId":"roydenlyr"},"content":"                            @.......:::--\u003d+++++++++++***********************************+++ @","lastModifiedDate":"2025-09-04T01:03:20","isFullCredit":false},{"lineNumber":41,"author":{"gitId":"roydenlyr"},"content":"                            @:++++++++++**************************************************+:@@","lastModifiedDate":"2025-09-04T01:03:20","isFullCredit":false},{"lineNumber":42,"author":{"gitId":"roydenlyr"},"content":"                            @:+++++\u003d--++**************************************************+-@@","lastModifiedDate":"2025-09-04T01:03:20","isFullCredit":false},{"lineNumber":43,"author":{"gitId":"roydenlyr"},"content":"                            @:++**+:@@\u003d+**************************************************++ @","lastModifiedDate":"2025-09-04T01:03:20","isFullCredit":false},{"lineNumber":44,"author":{"gitId":"roydenlyr"},"content":"                            @:++**+.@#-+**************************************************+*-@@","lastModifiedDate":"2025-09-04T01:03:20","isFullCredit":false},{"lineNumber":45,"author":{"gitId":"roydenlyr"},"content":"                            @:+++++:@@-+**************************************************+*\u003d+@","lastModifiedDate":"2025-09-04T01:03:20","isFullCredit":false},{"lineNumber":46,"author":{"gitId":"roydenlyr"},"content":"                            @       @*                                                        @\"\"\");","lastModifiedDate":"2025-09-04T01:03:20","isFullCredit":false},{"lineNumber":47,"author":{"gitId":"roydenlyr"},"content":"    }","lastModifiedDate":"2025-09-04T01:03:20","isFullCredit":false},{"lineNumber":48,"author":{"gitId":"roydenlyr"},"content":"","lastModifiedDate":"2025-09-04T01:03:20","isFullCredit":false},{"lineNumber":49,"author":{"gitId":"roydenlyr"},"content":"    public String introduction() {","lastModifiedDate":"2025-09-04T01:03:20","isFullCredit":false},{"lineNumber":50,"author":{"gitId":"roydenlyr"},"content":"        return(\"Yo~ I\u0027m ShinChan!\\n\" +","lastModifiedDate":"2025-09-04T01:03:20","isFullCredit":false},{"lineNumber":51,"author":{"gitId":"roydenlyr"},"content":"                \"What boring adult stuff do you want me to do this time?\");","lastModifiedDate":"2025-09-04T01:03:20","isFullCredit":false},{"lineNumber":52,"author":{"gitId":"roydenlyr"},"content":"    }","lastModifiedDate":"2025-09-04T01:03:20","isFullCredit":false},{"lineNumber":53,"author":{"gitId":"roydenlyr"},"content":"","lastModifiedDate":"2025-09-04T01:03:20","isFullCredit":false},{"lineNumber":54,"author":{"gitId":"roydenlyr"},"content":"    public String bye() {","lastModifiedDate":"2025-09-04T01:03:20","isFullCredit":false},{"lineNumber":55,"author":{"gitId":"roydenlyr"},"content":"        return \"Bye bye! Don\u0027t miss me too much, okay? (￣▽￣)ノ\";","lastModifiedDate":"2025-09-04T01:03:20","isFullCredit":false},{"lineNumber":56,"author":{"gitId":"roydenlyr"},"content":"    }","lastModifiedDate":"2025-09-04T01:03:20","isFullCredit":false},{"lineNumber":57,"author":{"gitId":"roydenlyr"},"content":"","lastModifiedDate":"2025-09-04T01:03:20","isFullCredit":false},{"lineNumber":58,"author":{"gitId":"roydenlyr"},"content":"    public String listIntro() {","lastModifiedDate":"2025-09-04T01:03:20","isFullCredit":false},{"lineNumber":59,"author":{"gitId":"roydenlyr"},"content":"        return (\"\"\"","lastModifiedDate":"2025-09-04T01:03:20","isFullCredit":false},{"lineNumber":60,"author":{"gitId":"roydenlyr"},"content":"                Can you say bye now??? (╯‵□′)╯︵┻━┻","lastModifiedDate":"2025-09-04T01:03:20","isFullCredit":false},{"lineNumber":61,"author":{"gitId":"roydenlyr"},"content":"                Anyways, here are the tasks in your list:\"\"\");","lastModifiedDate":"2025-09-04T01:03:20","isFullCredit":false},{"lineNumber":62,"author":{"gitId":"roydenlyr"},"content":"    }","lastModifiedDate":"2025-09-04T01:03:20","isFullCredit":false},{"lineNumber":63,"author":{"gitId":"roydenlyr"},"content":"","lastModifiedDate":"2025-09-04T01:03:20","isFullCredit":false},{"lineNumber":64,"author":{"gitId":"roydenlyr"},"content":"    public String listEmpty() {","lastModifiedDate":"2025-09-04T01:03:20","isFullCredit":false},{"lineNumber":65,"author":{"gitId":"roydenlyr"},"content":"        return \"Your list is emptier than my bank account... pathetic ಠ_ಠ\";","lastModifiedDate":"2025-09-04T01:03:20","isFullCredit":false},{"lineNumber":66,"author":{"gitId":"roydenlyr"},"content":"    }","lastModifiedDate":"2025-09-04T01:03:20","isFullCredit":false},{"lineNumber":67,"author":{"gitId":"roydenlyr"},"content":"","lastModifiedDate":"2025-09-04T01:03:20","isFullCredit":false},{"lineNumber":68,"author":{"gitId":"roydenlyr"},"content":"    public String markIntro() {","lastModifiedDate":"2025-09-04T01:03:20","isFullCredit":false},{"lineNumber":69,"author":{"gitId":"roydenlyr"},"content":"        return (\"\"\"","lastModifiedDate":"2025-09-04T01:03:20","isFullCredit":false},{"lineNumber":70,"author":{"gitId":"roydenlyr"},"content":"                Didn\u0027t expect you to complete anything to be honest ¯\\\\_(ツ)_/¯","lastModifiedDate":"2025-09-04T01:03:20","isFullCredit":false},{"lineNumber":71,"author":{"gitId":"roydenlyr"},"content":"                Here ya go, I\u0027ve marked it for you this time:","lastModifiedDate":"2025-09-04T01:03:20","isFullCredit":false},{"lineNumber":72,"author":{"gitId":"roydenlyr"},"content":"                \"\"\");","lastModifiedDate":"2025-09-04T01:03:20","isFullCredit":false},{"lineNumber":73,"author":{"gitId":"roydenlyr"},"content":"    }","lastModifiedDate":"2025-09-04T01:03:20","isFullCredit":false},{"lineNumber":74,"author":{"gitId":"roydenlyr"},"content":"","lastModifiedDate":"2025-09-04T01:03:20","isFullCredit":false},{"lineNumber":75,"author":{"gitId":"roydenlyr"},"content":"    public String unmarkIntro() {","lastModifiedDate":"2025-09-04T01:03:20","isFullCredit":false},{"lineNumber":76,"author":{"gitId":"roydenlyr"},"content":"        return (\"\"\"","lastModifiedDate":"2025-09-04T01:03:20","isFullCredit":false},{"lineNumber":77,"author":{"gitId":"roydenlyr"},"content":"                AHAHAHAHA!! Someone\u0027s task is piling up o(^▽^)o:","lastModifiedDate":"2025-09-04T01:03:20","isFullCredit":false},{"lineNumber":78,"author":{"gitId":"roydenlyr"},"content":"                \"\"\");","lastModifiedDate":"2025-09-04T01:03:20","isFullCredit":false},{"lineNumber":79,"author":{"gitId":"roydenlyr"},"content":"    }","lastModifiedDate":"2025-09-04T01:03:20","isFullCredit":false},{"lineNumber":80,"author":{"gitId":"roydenlyr"},"content":"","lastModifiedDate":"2025-09-04T01:03:20","isFullCredit":false},{"lineNumber":81,"author":{"gitId":"roydenlyr"},"content":"    public String addTask() {","lastModifiedDate":"2025-09-04T01:03:20","isFullCredit":false},{"lineNumber":82,"author":{"gitId":"roydenlyr"},"content":"        return (\"\"\"","lastModifiedDate":"2025-09-04T01:03:20","isFullCredit":false},{"lineNumber":83,"author":{"gitId":"roydenlyr"},"content":"                To add or to ignore? Hmmm... Fine, I\u0027ll add it this time. TSK!","lastModifiedDate":"2025-09-04T01:03:20","isFullCredit":false},{"lineNumber":84,"author":{"gitId":"roydenlyr"},"content":"                \"\"\");","lastModifiedDate":"2025-09-04T01:03:20","isFullCredit":false},{"lineNumber":85,"author":{"gitId":"roydenlyr"},"content":"    }","lastModifiedDate":"2025-09-04T01:03:20","isFullCredit":false},{"lineNumber":86,"author":{"gitId":"roydenlyr"},"content":"}","lastModifiedDate":"2025-09-04T01:03:20","isFullCredit":false}],"authorContributionMap":{"roydenlyr":86}},{"path":"src/main/java/Shinchan.java","fileType":"java","lines":[{"lineNumber":1,"author":{"gitId":"roydenlyr"},"content":"import java.util.Scanner;","lastModifiedDate":"2025-09-01T14:44:31","isFullCredit":false},{"lineNumber":2,"author":{"gitId":"roydenlyr"},"content":"","lastModifiedDate":"2025-09-01T14:44:31","isFullCredit":false},{"lineNumber":3,"author":{"gitId":"roydenlyr"},"content":"public class Shinchan {","lastModifiedDate":"2025-09-04T01:03:20","isFullCredit":false},{"lineNumber":4,"author":{"gitId":"-"},"content":"    public static void main(String[] args) {","lastModifiedDate":"2019-07-29T17:14:46","isFullCredit":false},{"lineNumber":5,"author":{"gitId":"roydenlyr"},"content":"        Persona persona \u003d new Persona();","lastModifiedDate":"2025-09-04T01:03:20","isFullCredit":false},{"lineNumber":6,"author":{"gitId":"roydenlyr"},"content":"        persona.portrait();","lastModifiedDate":"2025-09-04T01:03:20","isFullCredit":false},{"lineNumber":7,"author":{"gitId":"roydenlyr"},"content":"        printMessage(persona.introduction());","lastModifiedDate":"2025-09-04T01:03:20","isFullCredit":false},{"lineNumber":8,"author":{"gitId":"roydenlyr"},"content":"","lastModifiedDate":"2025-09-01T14:44:31","isFullCredit":false},{"lineNumber":9,"author":{"gitId":"roydenlyr"},"content":"        Task[] tasks \u003d new Task[100];","lastModifiedDate":"2025-09-04T01:28:00","isFullCredit":false},{"lineNumber":10,"author":{"gitId":"roydenlyr"},"content":"        Scanner input \u003d new Scanner(System.in);","lastModifiedDate":"2025-09-04T01:29:42","isFullCredit":false},{"lineNumber":11,"author":{"gitId":"roydenlyr"},"content":"","lastModifiedDate":"2025-09-04T01:28:00","isFullCredit":false},{"lineNumber":12,"author":{"gitId":"roydenlyr"},"content":"        while(true) {","lastModifiedDate":"2025-09-01T14:44:31","isFullCredit":false},{"lineNumber":13,"author":{"gitId":"roydenlyr"},"content":"            String line \u003d input.nextLine();","lastModifiedDate":"2025-09-04T01:29:42","isFullCredit":false},{"lineNumber":14,"author":{"gitId":"roydenlyr"},"content":"            String sanitizedTask \u003d sanitizeMessage(line);","lastModifiedDate":"2025-09-02T00:49:08","isFullCredit":false},{"lineNumber":15,"author":{"gitId":"roydenlyr"},"content":"            switch(sanitizedTask) {","lastModifiedDate":"2025-09-02T00:49:08","isFullCredit":false},{"lineNumber":16,"author":{"gitId":"roydenlyr"},"content":"            case \"bye\":","lastModifiedDate":"2025-09-02T00:49:08","isFullCredit":false},{"lineNumber":17,"author":{"gitId":"roydenlyr"},"content":"                printMessage(persona.bye());","lastModifiedDate":"2025-09-04T01:03:20","isFullCredit":false},{"lineNumber":18,"author":{"gitId":"roydenlyr"},"content":"                return;","lastModifiedDate":"2025-09-01T14:44:31","isFullCredit":false},{"lineNumber":19,"author":{"gitId":"roydenlyr"},"content":"            case \"list\":","lastModifiedDate":"2025-09-02T00:49:08","isFullCredit":false},{"lineNumber":20,"author":{"gitId":"roydenlyr"},"content":"                int numOfTasks \u003d Task.getNumOfTasks();","lastModifiedDate":"2025-09-04T01:03:20","isFullCredit":false},{"lineNumber":21,"author":{"gitId":"roydenlyr"},"content":"                StringBuilder msg \u003d new StringBuilder();","lastModifiedDate":"2025-09-04T01:28:00","isFullCredit":false},{"lineNumber":22,"author":{"gitId":"roydenlyr"},"content":"                if (numOfTasks \u003e 0) {","lastModifiedDate":"2025-09-04T01:03:20","isFullCredit":false},{"lineNumber":23,"author":{"gitId":"roydenlyr"},"content":"                    msg.append(persona.listIntro());","lastModifiedDate":"2025-09-04T01:28:00","isFullCredit":false},{"lineNumber":24,"author":{"gitId":"roydenlyr"},"content":"                    for (int i \u003d 0; i \u003c numOfTasks; i++) {","lastModifiedDate":"2025-09-04T01:28:00","isFullCredit":false},{"lineNumber":25,"author":{"gitId":"roydenlyr"},"content":"                        msg.append(\"\\n\").append(i + 1).append(\". \").append(tasks[i].printTask());","lastModifiedDate":"2025-09-04T01:28:00","isFullCredit":false},{"lineNumber":26,"author":{"gitId":"roydenlyr"},"content":"                    }","lastModifiedDate":"2025-09-04T01:03:20","isFullCredit":false},{"lineNumber":27,"author":{"gitId":"roydenlyr"},"content":"                } else {","lastModifiedDate":"2025-09-04T01:03:20","isFullCredit":false},{"lineNumber":28,"author":{"gitId":"roydenlyr"},"content":"                    msg.append(persona.listEmpty());","lastModifiedDate":"2025-09-04T01:28:00","isFullCredit":false},{"lineNumber":29,"author":{"gitId":"roydenlyr"},"content":"                }","lastModifiedDate":"2025-09-02T00:49:08","isFullCredit":false},{"lineNumber":30,"author":{"gitId":"roydenlyr"},"content":"                printMessage(msg.toString());","lastModifiedDate":"2025-09-04T01:28:00","isFullCredit":false},{"lineNumber":31,"author":{"gitId":"roydenlyr"},"content":"                break;","lastModifiedDate":"2025-09-02T02:22:08","isFullCredit":false},{"lineNumber":32,"author":{"gitId":"roydenlyr"},"content":"            case \"mark\":","lastModifiedDate":"2025-09-02T02:22:08","isFullCredit":false},{"lineNumber":33,"author":{"gitId":"roydenlyr"},"content":"                updateTaskStatus(tasks, line, true, persona);","lastModifiedDate":"2025-09-04T02:26:21","isFullCredit":false},{"lineNumber":34,"author":{"gitId":"roydenlyr"},"content":"                break;","lastModifiedDate":"2025-09-02T02:22:08","isFullCredit":false},{"lineNumber":35,"author":{"gitId":"roydenlyr"},"content":"            case \"unmark\":","lastModifiedDate":"2025-09-02T02:22:08","isFullCredit":false},{"lineNumber":36,"author":{"gitId":"roydenlyr"},"content":"                updateTaskStatus(tasks, line, false, persona);","lastModifiedDate":"2025-09-04T02:26:21","isFullCredit":false},{"lineNumber":37,"author":{"gitId":"roydenlyr"},"content":"                break;","lastModifiedDate":"2025-09-02T00:49:08","isFullCredit":false},{"lineNumber":38,"author":{"gitId":"roydenlyr"},"content":"            default:","lastModifiedDate":"2025-09-02T00:49:08","isFullCredit":false},{"lineNumber":39,"author":{"gitId":"roydenlyr"},"content":"                addTask(tasks, line, persona, sanitizedTask);","lastModifiedDate":"2025-09-04T02:26:21","isFullCredit":false},{"lineNumber":40,"author":{"gitId":"roydenlyr"},"content":"                break;","lastModifiedDate":"2025-09-04T02:26:21","isFullCredit":false},{"lineNumber":41,"author":{"gitId":"roydenlyr"},"content":"            }","lastModifiedDate":"2025-09-04T02:26:21","isFullCredit":false},{"lineNumber":42,"author":{"gitId":"roydenlyr"},"content":"        }","lastModifiedDate":"2025-09-04T02:26:21","isFullCredit":false},{"lineNumber":43,"author":{"gitId":"roydenlyr"},"content":"    }","lastModifiedDate":"2025-09-04T02:26:21","isFullCredit":false},{"lineNumber":44,"author":{"gitId":"roydenlyr"},"content":"","lastModifiedDate":"2025-09-04T02:26:21","isFullCredit":false},{"lineNumber":45,"author":{"gitId":"roydenlyr"},"content":"    public static void addTask(Task[] tasks, String line, Persona persona, String sanitizedTask) {","lastModifiedDate":"2025-09-04T02:26:21","isFullCredit":false},{"lineNumber":46,"author":{"gitId":"roydenlyr"},"content":"        if (sanitizedTask.isEmpty()) {","lastModifiedDate":"2025-09-04T02:26:21","isFullCredit":false},{"lineNumber":47,"author":{"gitId":"roydenlyr"},"content":"            printMessage(\"Please enter something useful\");","lastModifiedDate":"2025-09-04T02:26:21","isFullCredit":false},{"lineNumber":48,"author":{"gitId":"roydenlyr"},"content":"            return;","lastModifiedDate":"2025-09-04T02:26:21","isFullCredit":false},{"lineNumber":49,"author":{"gitId":"roydenlyr"},"content":"        }","lastModifiedDate":"2025-09-04T02:26:21","isFullCredit":false},{"lineNumber":50,"author":{"gitId":"roydenlyr"},"content":"        tasks[Task.getNumOfTasks()] \u003d new Task(line);","lastModifiedDate":"2025-09-02T02:22:08","isFullCredit":false},{"lineNumber":51,"author":{"gitId":"roydenlyr"},"content":"        printMessage(persona.addTask() +","lastModifiedDate":"2025-09-04T01:03:20","isFullCredit":false},{"lineNumber":52,"author":{"gitId":"roydenlyr"},"content":"                \"added: \" + tasks[Task.getNumOfTasks() - 1].getDescription());","lastModifiedDate":"2025-09-04T01:03:20","isFullCredit":false},{"lineNumber":53,"author":{"gitId":"roydenlyr"},"content":"    }","lastModifiedDate":"2025-09-01T14:44:31","isFullCredit":false},{"lineNumber":54,"author":{"gitId":"roydenlyr"},"content":"","lastModifiedDate":"2025-09-04T02:26:21","isFullCredit":false},{"lineNumber":55,"author":{"gitId":"roydenlyr"},"content":"    public static void updateTaskStatus(Task[] tasks, String line, boolean isDone, Persona persona) {","lastModifiedDate":"2025-09-04T02:26:21","isFullCredit":false},{"lineNumber":56,"author":{"gitId":"roydenlyr"},"content":"        if (Task.getNumOfTasks() \u003d\u003d 0) {","lastModifiedDate":"2025-09-04T02:26:21","isFullCredit":false},{"lineNumber":57,"author":{"gitId":"roydenlyr"},"content":"            persona.listIntro();","lastModifiedDate":"2025-09-04T02:26:21","isFullCredit":false},{"lineNumber":58,"author":{"gitId":"roydenlyr"},"content":"            return;","lastModifiedDate":"2025-09-04T02:26:21","isFullCredit":false},{"lineNumber":59,"author":{"gitId":"roydenlyr"},"content":"        }","lastModifiedDate":"2025-09-04T02:26:21","isFullCredit":false},{"lineNumber":60,"author":{"gitId":"roydenlyr"},"content":"        int taskIndex \u003d extractTrailingNumber(line) - 1;","lastModifiedDate":"2025-09-04T02:26:21","isFullCredit":false},{"lineNumber":61,"author":{"gitId":"roydenlyr"},"content":"        if (taskIndex \u003c 0) return;","lastModifiedDate":"2025-09-04T02:26:21","isFullCredit":false},{"lineNumber":62,"author":{"gitId":"roydenlyr"},"content":"        if (taskIndex \u003e Task.getNumOfTasks()) {","lastModifiedDate":"2025-09-04T02:26:21","isFullCredit":false},{"lineNumber":63,"author":{"gitId":"roydenlyr"},"content":"            printMessage(\"Hello? That task number is out of bounds!\");","lastModifiedDate":"2025-09-04T02:26:21","isFullCredit":false},{"lineNumber":64,"author":{"gitId":"roydenlyr"},"content":"            return;","lastModifiedDate":"2025-09-04T02:26:21","isFullCredit":false},{"lineNumber":65,"author":{"gitId":"roydenlyr"},"content":"        }","lastModifiedDate":"2025-09-01T14:44:31","isFullCredit":false},{"lineNumber":66,"author":{"gitId":"roydenlyr"},"content":"        tasks[taskIndex].setDone(isDone);","lastModifiedDate":"2025-09-04T02:26:21","isFullCredit":false},{"lineNumber":67,"author":{"gitId":"roydenlyr"},"content":"        printMessage((isDone ? persona.markIntro() : persona.unmarkIntro()) + tasks[taskIndex].printTask());","lastModifiedDate":"2025-09-04T02:36:37","isFullCredit":false},{"lineNumber":68,"author":{"gitId":"roydenlyr"},"content":"    }","lastModifiedDate":"2025-09-01T14:44:31","isFullCredit":false},{"lineNumber":69,"author":{"gitId":"roydenlyr"},"content":"","lastModifiedDate":"2025-09-01T14:44:31","isFullCredit":false},{"lineNumber":70,"author":{"gitId":"roydenlyr"},"content":"    public static void printMessage (String message) {","lastModifiedDate":"2025-09-01T14:44:31","isFullCredit":false},{"lineNumber":71,"author":{"gitId":"roydenlyr"},"content":"        System.out.println(\"\\n\u003d\u003d\u003d\u003d\u003d\u003d\u003d\u003d\u003d\u003d\u003d\u003d\u003d\u003d\u003d\u003d\u003d\u003d\u003d\u003d\");","lastModifiedDate":"2025-09-01T14:44:31","isFullCredit":false},{"lineNumber":72,"author":{"gitId":"roydenlyr"},"content":"        System.out.println(message);","lastModifiedDate":"2025-09-01T14:44:31","isFullCredit":false},{"lineNumber":73,"author":{"gitId":"roydenlyr"},"content":"        System.out.println(\"\u003d\u003d\u003d\u003d\u003d\u003d\u003d\u003d\u003d\u003d\u003d\u003d\u003d\u003d\u003d\u003d\u003d\u003d\u003d\u003d\\n\");","lastModifiedDate":"2025-09-01T14:44:31","isFullCredit":false},{"lineNumber":74,"author":{"gitId":"roydenlyr"},"content":"    }","lastModifiedDate":"2025-09-01T14:44:31","isFullCredit":false},{"lineNumber":75,"author":{"gitId":"roydenlyr"},"content":"","lastModifiedDate":"2025-09-01T14:44:31","isFullCredit":false},{"lineNumber":76,"author":{"gitId":"roydenlyr"},"content":"    public static String sanitizeMessage(String message) {","lastModifiedDate":"2025-09-01T14:44:31","isFullCredit":false},{"lineNumber":77,"author":{"gitId":"roydenlyr"},"content":"        message \u003d message.trim().toLowerCase();","lastModifiedDate":"2025-09-02T02:22:08","isFullCredit":false},{"lineNumber":78,"author":{"gitId":"roydenlyr"},"content":"        if (message.contains(\"unmark\")) {","lastModifiedDate":"2025-09-02T02:22:08","isFullCredit":false},{"lineNumber":79,"author":{"gitId":"roydenlyr"},"content":"            return \"unmark\";","lastModifiedDate":"2025-09-02T02:22:08","isFullCredit":false},{"lineNumber":80,"author":{"gitId":"roydenlyr"},"content":"        }","lastModifiedDate":"2025-09-02T02:22:08","isFullCredit":false},{"lineNumber":81,"author":{"gitId":"roydenlyr"},"content":"        if (message.contains(\"mark\")) {","lastModifiedDate":"2025-09-02T02:22:08","isFullCredit":false},{"lineNumber":82,"author":{"gitId":"roydenlyr"},"content":"            return \"mark\";","lastModifiedDate":"2025-09-02T02:22:08","isFullCredit":false},{"lineNumber":83,"author":{"gitId":"roydenlyr"},"content":"        }","lastModifiedDate":"2025-09-02T02:22:08","isFullCredit":false},{"lineNumber":84,"author":{"gitId":"roydenlyr"},"content":"        return message;","lastModifiedDate":"2025-09-02T02:22:08","isFullCredit":false},{"lineNumber":85,"author":{"gitId":"roydenlyr"},"content":"    }","lastModifiedDate":"2025-09-02T02:22:08","isFullCredit":false},{"lineNumber":86,"author":{"gitId":"roydenlyr"},"content":"","lastModifiedDate":"2025-09-02T02:22:08","isFullCredit":false},{"lineNumber":87,"author":{"gitId":"roydenlyr"},"content":"    public static int extractTrailingNumber(String message) {","lastModifiedDate":"2025-09-02T02:22:08","isFullCredit":false},{"lineNumber":88,"author":{"gitId":"roydenlyr"},"content":"        try {","lastModifiedDate":"2025-09-04T02:26:21","isFullCredit":false},{"lineNumber":89,"author":{"gitId":"roydenlyr"},"content":"            int lastIndex \u003d message.length() - 1;","lastModifiedDate":"2025-09-02T02:22:08","isFullCredit":false},{"lineNumber":90,"author":{"gitId":"roydenlyr"},"content":"            while (lastIndex \u003e\u003d 0 \u0026\u0026 Character.isDigit(message.charAt(lastIndex))) {","lastModifiedDate":"2025-09-02T02:22:08","isFullCredit":false},{"lineNumber":91,"author":{"gitId":"roydenlyr"},"content":"                lastIndex--;","lastModifiedDate":"2025-09-02T02:22:08","isFullCredit":false},{"lineNumber":92,"author":{"gitId":"roydenlyr"},"content":"            }","lastModifiedDate":"2025-09-02T02:22:08","isFullCredit":false},{"lineNumber":93,"author":{"gitId":"roydenlyr"},"content":"            return Integer.parseInt(message.substring(lastIndex + 1));","lastModifiedDate":"2025-09-02T02:22:08","isFullCredit":false},{"lineNumber":94,"author":{"gitId":"roydenlyr"},"content":"        } catch (NumberFormatException e) {","lastModifiedDate":"2025-09-04T02:26:21","isFullCredit":false},{"lineNumber":95,"author":{"gitId":"roydenlyr"},"content":"            printMessage(\"Hello? Can include which index?\");","lastModifiedDate":"2025-09-04T02:26:21","isFullCredit":false},{"lineNumber":96,"author":{"gitId":"roydenlyr"},"content":"            return -1;","lastModifiedDate":"2025-09-04T02:26:21","isFullCredit":false},{"lineNumber":97,"author":{"gitId":"roydenlyr"},"content":"        }","lastModifiedDate":"2025-09-04T02:26:21","isFullCredit":false},{"lineNumber":98,"author":{"gitId":"-"},"content":"    }","lastModifiedDate":"2019-07-29T17:14:46","isFullCredit":false},{"lineNumber":99,"author":{"gitId":"-"},"content":"}","lastModifiedDate":"2019-07-29T17:14:46","isFullCredit":false}],"authorContributionMap":{"roydenlyr":96,"-":3}},{"path":"src/main/java/Task.java","fileType":"java","lines":[{"lineNumber":1,"author":{"gitId":"roydenlyr"},"content":"public class Task {","lastModifiedDate":"2025-09-02T02:22:08","isFullCredit":false},{"lineNumber":2,"author":{"gitId":"roydenlyr"},"content":"    protected String description;","lastModifiedDate":"2025-09-02T02:22:08","isFullCredit":false},{"lineNumber":3,"author":{"gitId":"roydenlyr"},"content":"    protected boolean isDone;","lastModifiedDate":"2025-09-02T02:22:08","isFullCredit":false},{"lineNumber":4,"author":{"gitId":"roydenlyr"},"content":"    private static int numOfTasks \u003d 0;","lastModifiedDate":"2025-09-02T02:22:08","isFullCredit":false},{"lineNumber":5,"author":{"gitId":"roydenlyr"},"content":"","lastModifiedDate":"2025-09-02T02:22:08","isFullCredit":false},{"lineNumber":6,"author":{"gitId":"roydenlyr"},"content":"    public Task(String description) {","lastModifiedDate":"2025-09-02T02:22:08","isFullCredit":false},{"lineNumber":7,"author":{"gitId":"roydenlyr"},"content":"        setDescription(description);","lastModifiedDate":"2025-09-02T02:22:08","isFullCredit":false},{"lineNumber":8,"author":{"gitId":"roydenlyr"},"content":"        setDone(false);","lastModifiedDate":"2025-09-02T02:22:08","isFullCredit":false},{"lineNumber":9,"author":{"gitId":"roydenlyr"},"content":"        numOfTasks++;","lastModifiedDate":"2025-09-02T02:22:08","isFullCredit":false},{"lineNumber":10,"author":{"gitId":"roydenlyr"},"content":"    }","lastModifiedDate":"2025-09-02T02:22:08","isFullCredit":false},{"lineNumber":11,"author":{"gitId":"roydenlyr"},"content":"","lastModifiedDate":"2025-09-02T02:22:08","isFullCredit":false},{"lineNumber":12,"author":{"gitId":"roydenlyr"},"content":"    public String getDescription() {","lastModifiedDate":"2025-09-02T02:22:08","isFullCredit":false},{"lineNumber":13,"author":{"gitId":"roydenlyr"},"content":"        return description;","lastModifiedDate":"2025-09-02T02:22:08","isFullCredit":false},{"lineNumber":14,"author":{"gitId":"roydenlyr"},"content":"    }","lastModifiedDate":"2025-09-02T02:22:08","isFullCredit":false},{"lineNumber":15,"author":{"gitId":"roydenlyr"},"content":"","lastModifiedDate":"2025-09-02T02:22:08","isFullCredit":false},{"lineNumber":16,"author":{"gitId":"roydenlyr"},"content":"    public void setDescription(String description) {","lastModifiedDate":"2025-09-02T02:22:08","isFullCredit":false},{"lineNumber":17,"author":{"gitId":"roydenlyr"},"content":"        this.description \u003d description;","lastModifiedDate":"2025-09-02T02:22:08","isFullCredit":false},{"lineNumber":18,"author":{"gitId":"roydenlyr"},"content":"    }","lastModifiedDate":"2025-09-02T02:22:08","isFullCredit":false},{"lineNumber":19,"author":{"gitId":"roydenlyr"},"content":"","lastModifiedDate":"2025-09-02T02:22:08","isFullCredit":false},{"lineNumber":20,"author":{"gitId":"roydenlyr"},"content":"    public boolean isDone() {","lastModifiedDate":"2025-09-02T02:22:08","isFullCredit":false},{"lineNumber":21,"author":{"gitId":"roydenlyr"},"content":"        return isDone;","lastModifiedDate":"2025-09-02T02:22:08","isFullCredit":false},{"lineNumber":22,"author":{"gitId":"roydenlyr"},"content":"    }","lastModifiedDate":"2025-09-02T02:22:08","isFullCredit":false},{"lineNumber":23,"author":{"gitId":"roydenlyr"},"content":"","lastModifiedDate":"2025-09-02T02:22:08","isFullCredit":false},{"lineNumber":24,"author":{"gitId":"roydenlyr"},"content":"    public void setDone(boolean done) {","lastModifiedDate":"2025-09-02T02:22:08","isFullCredit":false},{"lineNumber":25,"author":{"gitId":"roydenlyr"},"content":"        isDone \u003d done;","lastModifiedDate":"2025-09-02T02:22:08","isFullCredit":false},{"lineNumber":26,"author":{"gitId":"roydenlyr"},"content":"    }","lastModifiedDate":"2025-09-02T02:22:08","isFullCredit":false},{"lineNumber":27,"author":{"gitId":"roydenlyr"},"content":"","lastModifiedDate":"2025-09-02T02:22:08","isFullCredit":false},{"lineNumber":28,"author":{"gitId":"roydenlyr"},"content":"    public static int getNumOfTasks() {","lastModifiedDate":"2025-09-02T02:22:08","isFullCredit":false},{"lineNumber":29,"author":{"gitId":"roydenlyr"},"content":"        return numOfTasks;","lastModifiedDate":"2025-09-02T02:22:08","isFullCredit":false},{"lineNumber":30,"author":{"gitId":"roydenlyr"},"content":"    }","lastModifiedDate":"2025-09-02T02:22:08","isFullCredit":false},{"lineNumber":31,"author":{"gitId":"roydenlyr"},"content":"","lastModifiedDate":"2025-09-02T02:22:08","isFullCredit":false},{"lineNumber":32,"author":{"gitId":"roydenlyr"},"content":"    public String getStatusIcon() {","lastModifiedDate":"2025-09-02T02:22:08","isFullCredit":false},{"lineNumber":33,"author":{"gitId":"roydenlyr"},"content":"        return (isDone ? \"[X]\" : \"[ ]\");","lastModifiedDate":"2025-09-02T02:22:08","isFullCredit":false},{"lineNumber":34,"author":{"gitId":"roydenlyr"},"content":"    }","lastModifiedDate":"2025-09-02T02:22:08","isFullCredit":false},{"lineNumber":35,"author":{"gitId":"roydenlyr"},"content":"","lastModifiedDate":"2025-09-02T02:22:08","isFullCredit":false},{"lineNumber":36,"author":{"gitId":"roydenlyr"},"content":"    public String printTask() {","lastModifiedDate":"2025-09-04T01:14:05","isFullCredit":false},{"lineNumber":37,"author":{"gitId":"roydenlyr"},"content":"        return (getStatusIcon() + \" \" + getDescription());","lastModifiedDate":"2025-09-04T01:14:05","isFullCredit":false},{"lineNumber":38,"author":{"gitId":"roydenlyr"},"content":"    }","lastModifiedDate":"2025-09-04T01:14:05","isFullCredit":false},{"lineNumber":39,"author":{"gitId":"roydenlyr"},"content":"","lastModifiedDate":"2025-09-04T01:14:05","isFullCredit":false},{"lineNumber":40,"author":{"gitId":"roydenlyr"},"content":"}","lastModifiedDate":"2025-09-02T02:22:08","isFullCredit":false}],"authorContributionMap":{"roydenlyr":40}},{"path":"text-ui-test/runtest.bat","fileType":"bat","lines":[{"lineNumber":1,"author":{"gitId":"-"},"content":"@ECHO OFF","lastModifiedDate":"2020-05-25T00:03:55","isFullCredit":false},{"lineNumber":2,"author":{"gitId":"-"},"content":"","lastModifiedDate":"2020-05-25T00:03:55","isFullCredit":false},{"lineNumber":3,"author":{"gitId":"-"},"content":"REM create bin directory if it doesn\u0027t exist","lastModifiedDate":"2020-05-25T00:03:55","isFullCredit":false},{"lineNumber":4,"author":{"gitId":"-"},"content":"if not exist ..\\bin mkdir ..\\bin","lastModifiedDate":"2020-05-25T00:03:55","isFullCredit":false},{"lineNumber":5,"author":{"gitId":"-"},"content":"","lastModifiedDate":"2020-05-25T00:03:55","isFullCredit":false},{"lineNumber":6,"author":{"gitId":"-"},"content":"REM delete output from previous run","lastModifiedDate":"2020-05-25T00:03:55","isFullCredit":false},{"lineNumber":7,"author":{"gitId":"-"},"content":"if exist ACTUAL.TXT del ACTUAL.TXT","lastModifiedDate":"2020-08-25T17:23:26","isFullCredit":false},{"lineNumber":8,"author":{"gitId":"-"},"content":"","lastModifiedDate":"2020-05-25T00:03:55","isFullCredit":false},{"lineNumber":9,"author":{"gitId":"-"},"content":"REM compile the code into the bin folder","lastModifiedDate":"2020-05-25T00:03:55","isFullCredit":false},{"lineNumber":10,"author":{"gitId":"-"},"content":"javac  -cp ..\\src\\main\\java -Xlint:none -d ..\\bin ..\\src\\main\\java\\*.java","lastModifiedDate":"2020-08-25T17:23:26","isFullCredit":false},{"lineNumber":11,"author":{"gitId":"-"},"content":"IF ERRORLEVEL 1 (","lastModifiedDate":"2020-05-25T00:03:55","isFullCredit":false},{"lineNumber":12,"author":{"gitId":"-"},"content":"    echo ********** BUILD FAILURE **********","lastModifiedDate":"2020-05-25T00:03:55","isFullCredit":false},{"lineNumber":13,"author":{"gitId":"-"},"content":"    exit /b 1","lastModifiedDate":"2020-05-25T00:03:55","isFullCredit":false},{"lineNumber":14,"author":{"gitId":"-"},"content":")","lastModifiedDate":"2020-05-25T00:03:55","isFullCredit":false},{"lineNumber":15,"author":{"gitId":"-"},"content":"REM no error here, errorlevel \u003d\u003d 0","lastModifiedDate":"2020-05-25T00:03:55","isFullCredit":false},{"lineNumber":16,"author":{"gitId":"-"},"content":"","lastModifiedDate":"2020-05-25T00:03:55","isFullCredit":false},{"lineNumber":17,"author":{"gitId":"-"},"content":"REM run the program, feed commands from input.txt file and redirect the output to the ACTUAL.TXT","lastModifiedDate":"2020-05-25T00:03:55","isFullCredit":false},{"lineNumber":18,"author":{"gitId":"roydenlyr"},"content":"java -classpath ..\\bin Shinchan \u003c input.txt \u003e ACTUAL.TXT","lastModifiedDate":"2025-09-04T01:03:20","isFullCredit":false},{"lineNumber":19,"author":{"gitId":"-"},"content":"","lastModifiedDate":"2020-05-25T00:03:55","isFullCredit":false},{"lineNumber":20,"author":{"gitId":"-"},"content":"REM compare the output to the expected output","lastModifiedDate":"2020-05-25T00:03:55","isFullCredit":false},{"lineNumber":21,"author":{"gitId":"-"},"content":"FC ACTUAL.TXT EXPECTED.TXT","lastModifiedDate":"2020-05-25T00:03:55","isFullCredit":false}],"authorContributionMap":{"roydenlyr":1,"-":20}}]
