{"authorDailyContributionsMap":{"roydenlyr":[{"date":"2025-08-22T00:00:00","commitResults":[{"hash":"11f7ea0aa5be965683bb279994e5325ee983eab8","isMergeCommit":false,"messageTitle":"Add initial skeletal version","messageBody":"","tags":["Level-0"],"fileTypesAndContributionMap":{"java":{"insertions":3,"deletions":6}}}]},{"date":"2025-09-01T00:00:00","commitResults":[{"hash":"69e5d086c68e5043781d8cf7fc04f0b81f5c8f33","isMergeCommit":false,"messageTitle":"Add echo feature, exit command, and style output message","messageBody":"","tags":["Level-1"],"fileTypesAndContributionMap":{"java":{"insertions":23,"deletions":3}}}]},{"date":"2025-09-02T00:00:00","commitResults":[{"hash":"80a9eb7e1f93b7c166f37e9066212b3f6a4fd555","isMergeCommit":false,"messageTitle":"feat(list): add list feature","messageBody":"- Implement array to store user input\n- Implement list command to display content of array sequentially\n- Implement sanitizeTask function to handle typographical errors by user\n- Implement switch-case for command query\n","tags":["Level-2"],"fileTypesAndContributionMap":{"java":{"insertions":19,"deletions":3}}},{"hash":"68a545112778fcfd87efee4a7a1057029d2aa5a8","isMergeCommit":false,"messageTitle":"feat(task status): add status for each task","messageBody":"- Implement Task class to store task detail\n- Implement mark and unmark command\n- Implement extractTrailingNumber function to update desired task\n","tags":["Level-3"],"fileTypesAndContributionMap":{"java":{"insertions":79,"deletions":10}}}]},{"date":"2025-09-04T00:00:00","commitResults":[{"hash":"1cb29eb3659be1b05bf95b9652e81e00b94d7b18","isMergeCommit":false,"messageTitle":"feat(persona): personalise chatbot responses","messageBody":"- Replaced default Duke responses with ShinChan style lines\n- Centralised message in persona class\n- Update bye, list, mark, unmark and default response tone\n","fileTypesAndContributionMap":{"java":{"insertions":106,"deletions":15},"bat":{"insertions":1,"deletions":1},"md":{"insertions":3,"deletions":3}}},{"hash":"e1ea026573c204cbaf739de3e912d3054729b8f4","isMergeCommit":false,"messageTitle":"refactor(task): add formatTask method","messageBody":"- Move repeated getStatusIcon + getDescription logic into Task class\n- Simplifies list, mark and unmark outputs\n","fileTypesAndContributionMap":{"java":{"insertions":9,"deletions":7}}},{"hash":"25c7e92caf5e2d603aa089475b09bb4c320b6e35","isMergeCommit":false,"messageTitle":"refactor: replace string concat with StringBuilder for task listing","messageBody":"","fileTypesAndContributionMap":{"java":{"insertions":9,"deletions":8}}},{"hash":"5409401643aee29d496d6ff7024ea0c62a810b49","isMergeCommit":false,"messageTitle":"refactor(io): reuse single Scanner instance","messageBody":"- Move Scanner init outside while loop\n- Prevent unnecessary Scanner object creation on System.in\n- Improved resource handling and code efficiency\n","fileTypesAndContributionMap":{"java":{"insertions":2,"deletions":2}}},{"hash":"e13525de42c6989bed9920690288c0262606798b","isMergeCommit":false,"messageTitle":"fix(input): handle invalid user input","messageBody":"- Add bounds checking for task indices in mark/unmark\n- Prevent crash when input number missing or out of range\n- Prevent empty input for add command\n","fileTypesAndContributionMap":{"java":{"insertions":37,"deletions":18}}},{"hash":"397fcecd38b629f786daf2678d87993ac17d1c7f","isMergeCommit":false,"messageTitle":"fix(mark): add missing parenthesis in conditional so task prints correctly","messageBody":"","tags":["A-CodingStandard"],"fileTypesAndContributionMap":{"java":{"insertions":1,"deletions":1}}}]},{"date":"2025-09-07T00:00:00","commitResults":[{"hash":"44e9a93b7db7a5caf8b02a15e11bdd20f9fc1019","isMergeCommit":false,"messageTitle":"refactor(command): replace string-based switch with enums","messageBody":"- Introduced Command enum to represent valid user commands\n- Replaced string-based parsing with enum-based switch\n","fileTypesAndContributionMap":{"java":{"insertions":36,"deletions":23}}},{"hash":"222af62991c88d84d792646cf76d592f631ab42a","isMergeCommit":false,"messageTitle":"refactor(Task): implement toString override","messageBody":"- Override toString() to print formatted task\n- Remove printTask() from Task class\n","fileTypesAndContributionMap":{"java":{"insertions":5,"deletions":5}}},{"hash":"edb2bfb8a832feccaecde4a1377f1d9573bf4ab8","isMergeCommit":false,"messageTitle":"refactor(command): extract showList method and rename sanitizeMessage to extractCommand","messageBody":"","fileTypesAndContributionMap":{"java":{"insertions":18,"deletions":13}}},{"hash":"f90acd26994d93ef657ad2f4ae443f77184a5bf3","isMergeCommit":false,"messageTitle":"feat(task): add Todo, Deadline, Event commands","messageBody":"- Implemented corresponding classes:\n * Todo extends Task\n * Deadline extends Todo\n * Event extends Deadline\n- Update command handler to construct and display these tasks\n","tags":["Level-4"],"fileTypesAndContributionMap":{"java":{"insertions":91,"deletions":3}}},{"hash":"78f50cbb8e85d695ad8880a7b941ede71bb2054e","isMergeCommit":false,"messageTitle":"test: update input.txt and EXPECTED.txt for automated testing","messageBody":"","tags":["A-TextUiTesting"],"fileTypesAndContributionMap":{"txt":{"insertions":13,"deletions":0},"java":{"insertions":5,"deletions":5}}},{"hash":"4f3b010cc52b057176bd6eda7230d2b20867ccb7","isMergeCommit":false,"messageTitle":"refactor(task): extract date formatting and  unify content parsing","messageBody":"- Introduced formateDate() to encapsulate date formatting logic used by\n  deadline and event tasks\n- Renamed extractContent() to extractContents() and refactored it to\n  return a String[] array shared by addTodo, addDeadline and addEvent\n- Renamed Personal#addTaskDescription to addTask and overloaded it:\n  * addTask() for default task addition\n  * addTask(String) for Todo, Deadline, and Event message summary\n","tags":["A-CodeQuality"],"fileTypesAndContributionMap":{"java":{"insertions":36,"deletions":35}}}]},{"date":"2025-09-18T00:00:00","commitResults":[{"hash":"cd26439e5a1a4c2550905119b1f74927ae96480f","isMergeCommit":false,"messageTitle":"feat(exception): Add exception handling for invalid commands","messageBody":"- Implemented try-catch blocks to capture invalid commands\n- Added custom exception messages for empty or incomplete task inputs\n- Ensured user-friendly feedback instead of abupt program termination\n","fileTypesAndContributionMap":{"java":{"insertions":94,"deletions":55}}},{"hash":"7ea38f15043f2a573d6501e0f0044cf598b4289e","isMergeCommit":true,"messageTitle":"Merge branch \u0027branch-Level-5\u0027 into master","messageBody":"","tags":["Level-5","A-Exceptions"],"fileTypesAndContributionMap":{}},{"hash":"e1b63cea38ebc021fd2763e6a3068e457930fdad","isMergeCommit":false,"messageTitle":"refactor: restructure packages for commands, exceptions, tasks and ui","messageBody":"","fileTypesAndContributionMap":{"java":{"insertions":36,"deletions":1}}},{"hash":"7b3812afdf008fa0477b9ec3d0f503dcf90f7a4e","isMergeCommit":true,"messageTitle":"Merge branch \u0027branch-A-Packages\u0027 into main","messageBody":"","tags":["A-Packages"],"fileTypesAndContributionMap":{}},{"hash":"5916e63c2a8a4ab3f53f772bbc60a2bb27534b06","isMergeCommit":false,"messageTitle":"refactor: replace fixed-size array with ArrayList","messageBody":"","tags":["A-Collections"],"fileTypesAndContributionMap":{"java":{"insertions":33,"deletions":35}}}]},{"date":"2025-09-19T00:00:00","commitResults":[{"hash":"b7491c1b7ef39b851a5f26afe10c3213b43e65db","isMergeCommit":false,"messageTitle":"feat(command): add \u0027delete\u0027 command to remove specific tasks","messageBody":"- Implemented new command \u0027delete\u0027 for removing tasks by-index\n- Added deleteTask() method in Persona class to provide user feedback\n- Updated command enum to recognise DELETE\n","fileTypesAndContributionMap":{"java":{"insertions":35,"deletions":2}}}]},{"date":"2025-09-22T00:00:00","commitResults":[{"hash":"9cd7d1bb6353dff5192af578f35648b9a132dc01","isMergeCommit":false,"messageTitle":"feat(storage): persist todo list to text file","messageBody":"- Added Datamanager class to handle file creation, reading, and writing\n- Implemented saving of todo list into a text file\n- Implemented loading of todo list from file on program start\n- Ensured file is auto-created if missing in directory\n- Centralised file I/O logic\n","fileTypesAndContributionMap":{"txt":{"insertions":3,"deletions":0},"java":{"insertions":164,"deletions":9}}},{"hash":"33f1c090b7c52dfcac15d34c50b3faf2413fa196","isMergeCommit":true,"messageTitle":"Merge branch \u0027branch-Level-6\u0027","messageBody":"","tags":["Level-6"],"fileTypesAndContributionMap":{}},{"hash":"160a5ded8edea8914771a7b9cc4e878363b37287","isMergeCommit":true,"messageTitle":"Merge branch \u0027branch-Level-7\u0027","messageBody":"","fileTypesAndContributionMap":{}},{"hash":"de4549060517ea754cb1f7382d371f6d009b4c67","isMergeCommit":false,"messageTitle":"feat(delete): update storage to reflect deleted tasks","messageBody":"","tags":["Level-7","A-Jar"],"fileTypesAndContributionMap":{"java":{"insertions":2,"deletions":1}}},{"hash":"97cc4fe2f1dd5c3cd033d184bd1f5650dcf847ce","isMergeCommit":false,"messageTitle":"refactor(tasklist): Add TaskList class to perform tasks operations","messageBody":"","fileTypesAndContributionMap":{"java":{"insertions":164,"deletions":140},"bat":{"insertions":1,"deletions":1}}},{"hash":"ed039e42998b8aec0878989e151cc7198a4a7a1c","isMergeCommit":false,"messageTitle":"refactor(Commands): Add Parse class to extract commands from user input","messageBody":"","fileTypesAndContributionMap":{"java":{"insertions":20,"deletions":16}}},{"hash":"d44b014f9b14ea25bf08834e86f63a13a414b344","isMergeCommit":false,"messageTitle":"refactor(exception): introduce ShinChanException base class","messageBody":"- Added abstract class ShinChanException as parent for all custom\n  exceptions\n- Refactored existing custom exceptions to extend ShinChanException\n- Declared Persona.printMessage() as a static method for consistent\n  usage\n","tags":["A-MoreOOP"],"fileTypesAndContributionMap":{"txt":{"insertions":0,"deletions":1},"java":{"insertions":46,"deletions":55}}},{"hash":"b254b90ce5e6f312084e3a21682ff5234bfa7461","isMergeCommit":false,"messageTitle":"feat(command): add \u0027find\u0027 to search tasks by keyword","messageBody":"- Implemented new \u0027find\u0027 command to filter tasks containing a keyword\n","fileTypesAndContributionMap":{"java":{"insertions":42,"deletions":1}}},{"hash":"2d342cecb4a3052e9bf419f97c529006367f9be0","isMergeCommit":true,"messageTitle":"Merge branch \u0027branch-Level-9\u0027","messageBody":"","tags":["Level-9"],"fileTypesAndContributionMap":{}}]},{"date":"2025-09-23T00:00:00","commitResults":[{"hash":"0f7a3a965c222f0f2d5d87781e541417d738c872","isMergeCommit":false,"messageTitle":"feat(command): support date formatting and add \u0027find date\u0027 command","messageBody":"- Implemented date input format for Deadline and Event tasks\n- Added new \u0027find date\u0027 command to list tasks matching a given date\n","fileTypesAndContributionMap":{"txt":{"insertions":1,"deletions":1},"java":{"insertions":119,"deletions":29}}},{"hash":"ec2df87ba168c03359ea02e39b57ee90cee4fd39","isMergeCommit":true,"messageTitle":"Merge branch \u0027branch-Level-8\u0027","messageBody":"","tags":["Level-8"],"fileTypesAndContributionMap":{}}]},{"date":"2025-09-24T00:00:00","commitResults":[{"hash":"c964b1d0d8c59eac4ca0d37f4fe140352b7c5665","isMergeCommit":false,"messageTitle":"refactor(TaskList): slim TaskList class to model-only","messageBody":"","fileTypesAndContributionMap":{"txt":{"insertions":0,"deletions":1},"java":{"insertions":35,"deletions":9}}},{"hash":"73c26e426df27e99ea510ac2b57460af3746d824","isMergeCommit":false,"messageTitle":"refactor(commands): added command interface and IndexParser class","messageBody":"- Add command interface to group all individual commands class in the\n  future\n- Added IndexParser class to keep code clean and readable\n","fileTypesAndContributionMap":{"java":{"insertions":31,"deletions":0}}},{"hash":"df278d5ad7c9a8733b3e4d2b55642db3c797906c","isMergeCommit":false,"messageTitle":"refactor(delete): added DeleteCommand class to handle delete commands","messageBody":"","fileTypesAndContributionMap":{"java":{"insertions":37,"deletions":1}}},{"hash":"8abe01cb6ec85e9a4262b8b370d454e6fc1cb5d0","isMergeCommit":false,"messageTitle":"refactor(command): added Mark, Unmark, and List command classes","messageBody":"","fileTypesAndContributionMap":{"java":{"insertions":161,"deletions":51}}}]},{"date":"2025-09-25T00:00:00","commitResults":[{"hash":"fa4cb20a1edb201d902157fb165ac540d3baa3ab","isMergeCommit":false,"messageTitle":"refactor(core): adopt Command pattern and decouple TaskList from UI/I/O","messageBody":"- Introduce command classes:\n  - AddTodoCommand, AddDeadlineCommand, AddEventCommand\n  - FindWordCommand, FindDateCommand\n  - ByeCommand (signals exit), EmptyCommand (no-op prompt), ErrorCommand (invalid/unsupported input)\n- Remove legacy parser in commands/ and replace with dedicated parser package:\n  - Add shinchan.parsers.Parser (returns Command objects)\n  - Add FlagTokenizer (parse /description, /by, /from, /to)\n  - Add DateParser (strict \"yyyy-MM-dd HHmm\")\n  - Move IndexParser to shinchan.parsers\n- Model refinements:\n  - Task: add occursOn(LocalDateTime) hook\n  - Deadline/Event: implement occursOn(...) (deadline equality; event inclusive range)\n  - TaskList: make domain-only (no UI/storage), expose find(...) and asUnmodifiableList()\n- UI:\n  - Add TaskRenderer for numbered list rendering\n  - Update Persona messages to work with command outputs\n- App entry point:\n  - Update Shinchan.java to use new parsers.Parser and Command execution flow\n\nRationale: improves separation of concerns (logic vs model vs UI), follows SLAP/guard clauses,\nand increases testability and maintainability of parsing and command execution.\n\nBREAKING CHANGE: command parsing now routed through shinchan.parsers.Parser; the old\ncommands.Parser class is deleted.\n","fileTypesAndContributionMap":{"txt":{"insertions":2,"deletions":0},"java":{"insertions":339,"deletions":290}}},{"hash":"fd1ffa205a388e2dab96fd6aa09d5a244acf9602","isMergeCommit":false,"messageTitle":"refactor(storage): drop legacy format and persist canonical pipe records","messageBody":"- DataManager now reads/writes only canonical records:\n\tT|done|desc\n\tD|done|desc|yyyy-MM-dd HHmm\n\tE|done|desc|from|to\n- Remove legacy [T]{ } UI-string parsing\n- Use Path/UTF-8/atomic write\n- Keep static writeToFile/appendToFile for backward compatibility (for\n  now)\n","fileTypesAndContributionMap":{"txt":{"insertions":2,"deletions":3},"java":{"insertions":106,"deletions":99}}},{"hash":"1e2d750a0a7b90907f30d512c2987ac09642116e","isMergeCommit":false,"messageTitle":"rename(exception): renamed MarkMissingItemNumberException to MissingNumberItemException","messageBody":"","fileTypesAndContributionMap":{"java":{"insertions":0,"deletions":0}}},{"hash":"eb6eb46857a1dd45df078730ec27cd2491a82fb4","isMergeCommit":false,"messageTitle":"refactor(parser, commands): tighten input validation and error UX","messageBody":"- parsers\n  - DateParser: normalise whitespace; enforce strict \u0027yyyy-MM-dd HHmm\u0027;\n    add clearer messages\n  - IndexParser: accept only non-negative integers\n- commands\n  - AddEventCommand: validate /from \u003c\u003d /to;\n- exceptions: add InvalidDateException, InvalidItemNumberException;\n- ui(persona): changed chatbot\u0027s tone\n","fileTypesAndContributionMap":{"txt":{"insertions":4,"deletions":2},"java":{"insertions":59,"deletions":26}}},{"hash":"f1305ca732f10ddd2f2144548c1599330d51c4ef","isMergeCommit":true,"messageTitle":"Merge branch \u0027branch-Refactor-TaskList\u0027","messageBody":"","fileTypesAndContributionMap":{}},{"hash":"d7adee191637d33436f67921c7755ae976101d6e","isMergeCommit":false,"messageTitle":"feat(commands): add Javadoc to most files except exceptions and Persona","messageBody":"","fileTypesAndContributionMap":{"java":{"insertions":698,"deletions":20}}},{"hash":"31ffc5405232387ba3bd7a1622c3ba2f0cc5d75b","isMergeCommit":true,"messageTitle":"Merge branch \u0027branch-A-JavaDoc\u0027","messageBody":"","tags":["v1.0","A-JavaDoc"],"fileTypesAndContributionMap":{}},{"hash":"3ec7d676ba18d9c949617649b586254ef6358573","isMergeCommit":false,"messageTitle":"docs(readme): update README to serve as User Guide","messageBody":"","tags":["A-UserGuide"],"fileTypesAndContributionMap":{"md":{"insertions":97,"deletions":14}}},{"hash":"6ee1b07fed9f4b22396969c9ad364abab450bd17","isMergeCommit":true,"messageTitle":"Merge pull request #1 from roydenlyr/branch-Update-ReadMe","messageBody":"docs(readme): update README to serve as User Guide","fileTypesAndContributionMap":{}}]}]},"authorFileTypeContributionMap":{"roydenlyr":{"java":1712,"md":99,"fxml":0,"sh":0,"bat":2,"gradle":0,"txt":17}},"authorContributionVariance":{"roydenlyr":73110.86},"authorDisplayNameMap":{"roydenlyr":"CS2113-T10-1 ROYD.. REN"}}
