{"authorDailyContributionsMap":{"roydenlyr":[{"date":"2025-08-22T00:00:00","commitResults":[{"hash":"11f7ea0aa5be965683bb279994e5325ee983eab8","isMergeCommit":false,"messageTitle":"Add initial skeletal version","messageBody":"","tags":["Level-0"],"fileTypesAndContributionMap":{"java":{"insertions":3,"deletions":6}}}]},{"date":"2025-09-01T00:00:00","commitResults":[{"hash":"69e5d086c68e5043781d8cf7fc04f0b81f5c8f33","isMergeCommit":false,"messageTitle":"Add echo feature, exit command, and style output message","messageBody":"","tags":["Level-1"],"fileTypesAndContributionMap":{"java":{"insertions":23,"deletions":3}}}]}]},"authorFileTypeContributionMap":{"roydenlyr":{"java":23,"md":0,"fxml":0,"sh":0,"bat":0,"gradle":0,"txt":0}},"authorContributionVariance":{"roydenlyr":28.32},"authorDisplayNameMap":{"roydenlyr":"CS2113-T10-1 ROYD.. REN"}}
