[{"path":"README.md","fileType":"md","lines":[{"lineNumber":1,"author":{"gitId":"Lee-YiSheng"},"content":"# Pep project template","lastModifiedDate":"2025-08-21T14:13:24","isFullCredit":false},{"lineNumber":2,"author":{"gitId":"-"},"content":"","lastModifiedDate":"2020-05-25T00:03:55","isFullCredit":false},{"lineNumber":3,"author":{"gitId":"-"},"content":"This is a project template for a greenfield Java project. It\u0027s named after the Java mascot _Duke_. Given below are instructions on how to use it.","lastModifiedDate":"2020-05-25T00:03:55","isFullCredit":false},{"lineNumber":4,"author":{"gitId":"-"},"content":"","lastModifiedDate":"2020-05-25T00:03:55","isFullCredit":false},{"lineNumber":5,"author":{"gitId":"-"},"content":"## Setting up in Intellij","lastModifiedDate":"2020-05-25T00:03:55","isFullCredit":false},{"lineNumber":6,"author":{"gitId":"-"},"content":"","lastModifiedDate":"2020-05-25T00:03:55","isFullCredit":false},{"lineNumber":7,"author":{"gitId":"-"},"content":"Prerequisites: JDK 17, update Intellij to the most recent version.","lastModifiedDate":"2024-07-11T16:50:14","isFullCredit":false},{"lineNumber":8,"author":{"gitId":"-"},"content":"","lastModifiedDate":"2020-05-25T00:03:55","isFullCredit":false},{"lineNumber":9,"author":{"gitId":"-"},"content":"1. Open Intellij (if you are not in the welcome screen, click `File` \u003e `Close Project` to close the existing project first)","lastModifiedDate":"2021-01-17T12:25:53","isFullCredit":false},{"lineNumber":10,"author":{"gitId":"-"},"content":"1. Open the project into Intellij as follows:","lastModifiedDate":"2021-01-17T12:25:53","isFullCredit":false},{"lineNumber":11,"author":{"gitId":"-"},"content":"   1. Click `Open`.","lastModifiedDate":"2021-01-17T12:25:53","isFullCredit":false},{"lineNumber":12,"author":{"gitId":"-"},"content":"   1. Select the project directory, and click `OK`.","lastModifiedDate":"2021-01-17T12:25:53","isFullCredit":false},{"lineNumber":13,"author":{"gitId":"-"},"content":"   1. If there are any further prompts, accept the defaults.","lastModifiedDate":"2020-05-25T00:03:55","isFullCredit":false},{"lineNumber":14,"author":{"gitId":"-"},"content":"1. Configure the project to use **JDK 17** (not other versions) as explained in [here](https://www.jetbrains.com/help/idea/sdk.html#set-up-jdk).\u003cbr\u003e","lastModifiedDate":"2024-07-11T16:50:14","isFullCredit":false},{"lineNumber":15,"author":{"gitId":"-"},"content":"   In the same dialog, set the **Project language level** field to the `SDK default` option.","lastModifiedDate":"2021-07-29T20:29:39","isFullCredit":false},{"lineNumber":16,"author":{"gitId":"Lee-YiSheng"},"content":"1. After that, locate the `src/main/java/Pep.java` file, right-click it, and choose `Run Pep.main()` (if the code editor is showing compile errors, try restarting the IDE). If the setup is correct, you should see something like the below as the output:","lastModifiedDate":"2025-08-21T14:13:24","isFullCredit":false},{"lineNumber":17,"author":{"gitId":"-"},"content":"   ```","lastModifiedDate":"2020-05-25T00:03:55","isFullCredit":false},{"lineNumber":18,"author":{"gitId":"-"},"content":"   Hello from","lastModifiedDate":"2020-05-25T00:03:55","isFullCredit":false},{"lineNumber":19,"author":{"gitId":"-"},"content":"    ____        _        ","lastModifiedDate":"2020-05-25T00:03:55","isFullCredit":false},{"lineNumber":20,"author":{"gitId":"-"},"content":"   |  _ \\ _   _| | _____ ","lastModifiedDate":"2020-05-25T00:03:55","isFullCredit":false},{"lineNumber":21,"author":{"gitId":"-"},"content":"   | | | | | | | |/ / _ \\","lastModifiedDate":"2020-05-25T00:03:55","isFullCredit":false},{"lineNumber":22,"author":{"gitId":"-"},"content":"   | |_| | |_| |   \u003c  __/","lastModifiedDate":"2020-05-25T00:03:55","isFullCredit":false},{"lineNumber":23,"author":{"gitId":"-"},"content":"   |____/ \\__,_|_|\\_\\___|","lastModifiedDate":"2020-05-25T00:03:55","isFullCredit":false},{"lineNumber":24,"author":{"gitId":"-"},"content":"   ```","lastModifiedDate":"2020-05-25T00:03:55","isFullCredit":false},{"lineNumber":25,"author":{"gitId":"-"},"content":"","lastModifiedDate":"2025-01-04T21:44:28","isFullCredit":false},{"lineNumber":26,"author":{"gitId":"-"},"content":"**Warning:** Keep the `src\\main\\java` folder as the root folder for Java files (i.e., don\u0027t rename those folders or move Java files to another folder outside of this folder path), as this is the default location some tools (e.g., Gradle) expect to find Java files.","lastModifiedDate":"2025-01-04T21:44:28","isFullCredit":false}],"authorContributionMap":{"Lee-YiSheng":2,"-":24}},{"path":"docs/README.md","fileType":"md","lines":[{"lineNumber":1,"author":{"gitId":"Lee-YiSheng"},"content":"# Pep User Guide","lastModifiedDate":"2025-08-21T14:13:24","isFullCredit":false},{"lineNumber":2,"author":{"gitId":"-"},"content":"","lastModifiedDate":"2019-07-29T17:14:46","isFullCredit":false},{"lineNumber":3,"author":{"gitId":"-"},"content":"// Update the title above to match the actual product name","lastModifiedDate":"2024-01-07T18:33:52","isFullCredit":false},{"lineNumber":4,"author":{"gitId":"-"},"content":"","lastModifiedDate":"2019-07-29T17:14:46","isFullCredit":false},{"lineNumber":5,"author":{"gitId":"-"},"content":"// Product screenshot goes here","lastModifiedDate":"2024-01-07T18:33:52","isFullCredit":false},{"lineNumber":6,"author":{"gitId":"-"},"content":"","lastModifiedDate":"2021-07-17T16:49:07","isFullCredit":false},{"lineNumber":7,"author":{"gitId":"-"},"content":"// Product intro goes here","lastModifiedDate":"2024-01-07T18:33:52","isFullCredit":false},{"lineNumber":8,"author":{"gitId":"-"},"content":"","lastModifiedDate":"2021-07-17T16:49:07","isFullCredit":false},{"lineNumber":9,"author":{"gitId":"-"},"content":"## Adding deadlines","lastModifiedDate":"2024-01-07T18:33:52","isFullCredit":false},{"lineNumber":10,"author":{"gitId":"-"},"content":"","lastModifiedDate":"2021-07-17T16:49:07","isFullCredit":false},{"lineNumber":11,"author":{"gitId":"-"},"content":"// Describe the action and its outcome.","lastModifiedDate":"2024-01-07T18:33:52","isFullCredit":false},{"lineNumber":12,"author":{"gitId":"-"},"content":"","lastModifiedDate":"2019-07-29T17:14:46","isFullCredit":false},{"lineNumber":13,"author":{"gitId":"-"},"content":"// Give examples of usage","lastModifiedDate":"2024-01-07T18:33:52","isFullCredit":false},{"lineNumber":14,"author":{"gitId":"-"},"content":"","lastModifiedDate":"2019-07-29T17:14:46","isFullCredit":false},{"lineNumber":15,"author":{"gitId":"-"},"content":"Example: `keyword (optional arguments)`","lastModifiedDate":"2024-01-07T18:33:52","isFullCredit":false},{"lineNumber":16,"author":{"gitId":"-"},"content":"","lastModifiedDate":"2019-07-29T17:14:46","isFullCredit":false},{"lineNumber":17,"author":{"gitId":"-"},"content":"// A description of the expected outcome goes here","lastModifiedDate":"2024-01-07T18:33:52","isFullCredit":false},{"lineNumber":18,"author":{"gitId":"-"},"content":"","lastModifiedDate":"2019-07-29T17:14:46","isFullCredit":false},{"lineNumber":19,"author":{"gitId":"-"},"content":"```","lastModifiedDate":"2024-01-07T18:33:52","isFullCredit":false},{"lineNumber":20,"author":{"gitId":"-"},"content":"expected output","lastModifiedDate":"2024-01-07T18:33:52","isFullCredit":false},{"lineNumber":21,"author":{"gitId":"-"},"content":"```","lastModifiedDate":"2024-01-07T18:33:52","isFullCredit":false},{"lineNumber":22,"author":{"gitId":"-"},"content":"","lastModifiedDate":"2019-07-29T17:14:46","isFullCredit":false},{"lineNumber":23,"author":{"gitId":"-"},"content":"## Feature ABC","lastModifiedDate":"2024-01-07T18:33:52","isFullCredit":false},{"lineNumber":24,"author":{"gitId":"-"},"content":"","lastModifiedDate":"2019-07-29T17:14:46","isFullCredit":false},{"lineNumber":25,"author":{"gitId":"-"},"content":"// Feature details","lastModifiedDate":"2024-01-07T18:33:52","isFullCredit":false},{"lineNumber":26,"author":{"gitId":"-"},"content":"","lastModifiedDate":"2019-07-29T17:14:46","isFullCredit":false},{"lineNumber":27,"author":{"gitId":"-"},"content":"","lastModifiedDate":"2021-07-17T16:49:07","isFullCredit":false},{"lineNumber":28,"author":{"gitId":"-"},"content":"## Feature XYZ","lastModifiedDate":"2024-01-07T18:33:52","isFullCredit":false},{"lineNumber":29,"author":{"gitId":"-"},"content":"","lastModifiedDate":"2024-01-07T18:33:52","isFullCredit":false},{"lineNumber":30,"author":{"gitId":"-"},"content":"// Feature details","lastModifiedDate":"2024-01-07T18:33:52","isFullCredit":false},{"lineNumber":31,"author":{"gitId":"Lee-YiSheng"},"content":"","lastModifiedDate":"2025-09-06T18:24:33","isFullCredit":false},{"lineNumber":32,"author":{"gitId":"Lee-YiSheng"},"content":"# Acknowledgement","lastModifiedDate":"2025-09-06T18:24:33","isFullCredit":false},{"lineNumber":33,"author":{"gitId":"Lee-YiSheng"},"content":"used intellij as an auto-complete tool during most of my coding","lastModifiedDate":"2025-09-06T18:24:33","isFullCredit":false}],"authorContributionMap":{"Lee-YiSheng":4,"-":29}},{"path":"src/main/java/Parser.java","fileType":"java","lines":[{"lineNumber":1,"author":{"gitId":"Lee-YiSheng"},"content":"import commands.*;","lastModifiedDate":"2025-09-06T18:16:47","isFullCredit":false},{"lineNumber":2,"author":{"gitId":"Lee-YiSheng"},"content":"","lastModifiedDate":"2025-09-06T18:16:47","isFullCredit":false},{"lineNumber":3,"author":{"gitId":"Lee-YiSheng"},"content":"public class Parser {","lastModifiedDate":"2025-09-06T18:08:58","isFullCredit":false},{"lineNumber":4,"author":{"gitId":"Lee-YiSheng"},"content":"    public static Command parse(String userInput) {","lastModifiedDate":"2025-09-06T18:08:58","isFullCredit":false},{"lineNumber":5,"author":{"gitId":"Lee-YiSheng"},"content":"        if (userInput.equals(\"bye\")) {","lastModifiedDate":"2025-09-06T18:08:58","isFullCredit":false},{"lineNumber":6,"author":{"gitId":"Lee-YiSheng"},"content":"            return new ExitCommand();","lastModifiedDate":"2025-09-06T18:08:58","isFullCredit":false},{"lineNumber":7,"author":{"gitId":"Lee-YiSheng"},"content":"        } else if (userInput.equals(\"list\")) {","lastModifiedDate":"2025-09-06T18:08:58","isFullCredit":false},{"lineNumber":8,"author":{"gitId":"Lee-YiSheng"},"content":"            return new ListCommand();","lastModifiedDate":"2025-09-06T18:08:58","isFullCredit":false},{"lineNumber":9,"author":{"gitId":"Lee-YiSheng"},"content":"        } else if (userInput.startsWith(\"mark \")) {","lastModifiedDate":"2025-09-06T18:08:58","isFullCredit":false},{"lineNumber":10,"author":{"gitId":"Lee-YiSheng"},"content":"            int index \u003d Integer.parseInt(userInput.split(\" \")[1]) - 1;","lastModifiedDate":"2025-09-06T18:08:58","isFullCredit":false},{"lineNumber":11,"author":{"gitId":"Lee-YiSheng"},"content":"            return new MarkCommand(index);","lastModifiedDate":"2025-09-06T18:08:58","isFullCredit":false},{"lineNumber":12,"author":{"gitId":"Lee-YiSheng"},"content":"        } else if (userInput.startsWith(\"unmark \")) {","lastModifiedDate":"2025-09-06T18:08:58","isFullCredit":false},{"lineNumber":13,"author":{"gitId":"Lee-YiSheng"},"content":"            int index \u003d Integer.parseInt(userInput.split(\" \")[1]) - 1;","lastModifiedDate":"2025-09-06T18:08:58","isFullCredit":false},{"lineNumber":14,"author":{"gitId":"Lee-YiSheng"},"content":"            return new UnmarkCommand(index);","lastModifiedDate":"2025-09-06T18:08:58","isFullCredit":false},{"lineNumber":15,"author":{"gitId":"Lee-YiSheng"},"content":"        } else if (userInput.startsWith(\"todo \")) {","lastModifiedDate":"2025-09-06T18:08:58","isFullCredit":false},{"lineNumber":16,"author":{"gitId":"Lee-YiSheng"},"content":"            return new AddTodoCommand(userInput.substring(5));","lastModifiedDate":"2025-09-06T18:08:58","isFullCredit":false},{"lineNumber":17,"author":{"gitId":"Lee-YiSheng"},"content":"        } else if (userInput.startsWith(\"deadline \")) {","lastModifiedDate":"2025-09-06T18:12:03","isFullCredit":false},{"lineNumber":18,"author":{"gitId":"Lee-YiSheng"},"content":"            String[] parts \u003d userInput.substring(9).split(\" /by \", 2);","lastModifiedDate":"2025-09-06T18:12:03","isFullCredit":false},{"lineNumber":19,"author":{"gitId":"Lee-YiSheng"},"content":"            return new AddDeadlineCommand(parts[0], parts[1]);","lastModifiedDate":"2025-09-06T18:12:03","isFullCredit":false},{"lineNumber":20,"author":{"gitId":"Lee-YiSheng"},"content":"        } else if (userInput.startsWith(\"event \")) {","lastModifiedDate":"2025-09-06T18:12:03","isFullCredit":false},{"lineNumber":21,"author":{"gitId":"Lee-YiSheng"},"content":"            String[] parts \u003d userInput.substring(6).split(\" /from \", 2);","lastModifiedDate":"2025-09-06T18:12:03","isFullCredit":false},{"lineNumber":22,"author":{"gitId":"Lee-YiSheng"},"content":"            String[] timeParts \u003d parts[1].split(\" /to \", 2);","lastModifiedDate":"2025-09-06T18:12:03","isFullCredit":false},{"lineNumber":23,"author":{"gitId":"Lee-YiSheng"},"content":"            return new AddEventCommand(parts[0], timeParts[0], timeParts[1]);","lastModifiedDate":"2025-09-06T18:12:03","isFullCredit":false},{"lineNumber":24,"author":{"gitId":"Lee-YiSheng"},"content":"        }","lastModifiedDate":"2025-09-06T18:08:58","isFullCredit":false},{"lineNumber":25,"author":{"gitId":"Lee-YiSheng"},"content":"        throw new IllegalArgumentException(\"What in the world did you just sent?\");","lastModifiedDate":"2025-09-06T18:46:04","isFullCredit":false},{"lineNumber":26,"author":{"gitId":"Lee-YiSheng"},"content":"    }","lastModifiedDate":"2025-09-06T18:08:58","isFullCredit":false},{"lineNumber":27,"author":{"gitId":"Lee-YiSheng"},"content":"}","lastModifiedDate":"2025-09-06T18:08:58","isFullCredit":false}],"authorContributionMap":{"Lee-YiSheng":27}},{"path":"src/main/java/Pep.java","fileType":"java","lines":[{"lineNumber":1,"author":{"gitId":"Lee-YiSheng"},"content":"import java.util.Scanner;","lastModifiedDate":"2025-08-26T12:36:04","isFullCredit":false},{"lineNumber":2,"author":{"gitId":"Lee-YiSheng"},"content":"import commands.Command;","lastModifiedDate":"2025-09-06T18:16:47","isFullCredit":false},{"lineNumber":3,"author":{"gitId":"Lee-YiSheng"},"content":"import tasks.TaskList;","lastModifiedDate":"2025-09-06T18:35:44","isFullCredit":false},{"lineNumber":4,"author":{"gitId":"Lee-YiSheng"},"content":"import ui.Ui;","lastModifiedDate":"2025-09-06T18:35:44","isFullCredit":false},{"lineNumber":5,"author":{"gitId":"Lee-YiSheng"},"content":"","lastModifiedDate":"2025-09-06T18:16:47","isFullCredit":false},{"lineNumber":6,"author":{"gitId":"Lee-YiSheng"},"content":"public class Pep {","lastModifiedDate":"2025-08-21T14:13:24","isFullCredit":false},{"lineNumber":7,"author":{"gitId":"Lee-YiSheng"},"content":"    private final String chatbotName;","lastModifiedDate":"2025-08-27T13:06:59","isFullCredit":false},{"lineNumber":8,"author":{"gitId":"Lee-YiSheng"},"content":"    private final Ui ui;","lastModifiedDate":"2025-08-27T13:06:59","isFullCredit":false},{"lineNumber":9,"author":{"gitId":"Lee-YiSheng"},"content":"    private final TaskList taskList;","lastModifiedDate":"2025-08-27T13:16:26","isFullCredit":false},{"lineNumber":10,"author":{"gitId":"Lee-YiSheng"},"content":"","lastModifiedDate":"2025-08-27T13:06:59","isFullCredit":false},{"lineNumber":11,"author":{"gitId":"Lee-YiSheng"},"content":"    public Pep(String name) {","lastModifiedDate":"2025-08-27T13:06:59","isFullCredit":false},{"lineNumber":12,"author":{"gitId":"Lee-YiSheng"},"content":"        this.chatbotName \u003d name;","lastModifiedDate":"2025-08-27T13:06:59","isFullCredit":false},{"lineNumber":13,"author":{"gitId":"Lee-YiSheng"},"content":"        this.ui \u003d new Ui();","lastModifiedDate":"2025-08-27T13:06:59","isFullCredit":false},{"lineNumber":14,"author":{"gitId":"Lee-YiSheng"},"content":"        this.taskList \u003d new TaskList();","lastModifiedDate":"2025-08-27T13:16:26","isFullCredit":false},{"lineNumber":15,"author":{"gitId":"Lee-YiSheng"},"content":"    }","lastModifiedDate":"2025-08-27T13:06:59","isFullCredit":false},{"lineNumber":16,"author":{"gitId":"Lee-YiSheng"},"content":"","lastModifiedDate":"2025-08-27T13:06:59","isFullCredit":false},{"lineNumber":17,"author":{"gitId":"Lee-YiSheng"},"content":"    public void run() {","lastModifiedDate":"2025-08-27T13:06:59","isFullCredit":false},{"lineNumber":18,"author":{"gitId":"Lee-YiSheng"},"content":"        Scanner scanner \u003d new Scanner(System.in);","lastModifiedDate":"2025-08-27T13:06:59","isFullCredit":false},{"lineNumber":19,"author":{"gitId":"Lee-YiSheng"},"content":"        ui.showWelcome(chatbotName);","lastModifiedDate":"2025-08-27T13:06:59","isFullCredit":false},{"lineNumber":20,"author":{"gitId":"Lee-YiSheng"},"content":"","lastModifiedDate":"2025-08-27T13:06:59","isFullCredit":false},{"lineNumber":21,"author":{"gitId":"Lee-YiSheng"},"content":"        boolean isExit \u003d false;","lastModifiedDate":"2025-09-06T18:12:03","isFullCredit":false},{"lineNumber":22,"author":{"gitId":"Lee-YiSheng"},"content":"        while (!isExit) {","lastModifiedDate":"2025-09-06T18:12:03","isFullCredit":false},{"lineNumber":23,"author":{"gitId":"Lee-YiSheng"},"content":"            String userInput \u003d scanner.nextLine();","lastModifiedDate":"2025-08-26T12:36:04","isFullCredit":false},{"lineNumber":24,"author":{"gitId":"Lee-YiSheng"},"content":"            try {","lastModifiedDate":"2025-09-06T18:12:03","isFullCredit":false},{"lineNumber":25,"author":{"gitId":"Lee-YiSheng"},"content":"                Command command \u003d Parser.parse(userInput);","lastModifiedDate":"2025-09-06T18:12:03","isFullCredit":false},{"lineNumber":26,"author":{"gitId":"Lee-YiSheng"},"content":"                command.execute(taskList, ui);","lastModifiedDate":"2025-09-06T18:12:03","isFullCredit":false},{"lineNumber":27,"author":{"gitId":"Lee-YiSheng"},"content":"                isExit \u003d command.isExit();","lastModifiedDate":"2025-09-06T18:12:03","isFullCredit":false},{"lineNumber":28,"author":{"gitId":"Lee-YiSheng"},"content":"            } catch (Exception e) {","lastModifiedDate":"2025-09-06T18:12:03","isFullCredit":false},{"lineNumber":29,"author":{"gitId":"Lee-YiSheng"},"content":"                ui.showError(e.getMessage());","lastModifiedDate":"2025-09-06T18:12:03","isFullCredit":false},{"lineNumber":30,"author":{"gitId":"Lee-YiSheng"},"content":"            }","lastModifiedDate":"2025-09-02T18:56:38","isFullCredit":false},{"lineNumber":31,"author":{"gitId":"Lee-YiSheng"},"content":"        }","lastModifiedDate":"2025-08-26T12:36:04","isFullCredit":false},{"lineNumber":32,"author":{"gitId":"Lee-YiSheng"},"content":"        scanner.close();","lastModifiedDate":"2025-08-26T12:36:04","isFullCredit":false},{"lineNumber":33,"author":{"gitId":"Lee-YiSheng"},"content":"    }","lastModifiedDate":"2025-08-27T13:06:59","isFullCredit":false},{"lineNumber":34,"author":{"gitId":"Lee-YiSheng"},"content":"","lastModifiedDate":"2025-08-27T13:06:59","isFullCredit":false},{"lineNumber":35,"author":{"gitId":"Lee-YiSheng"},"content":"    public static void main(String[] args) {","lastModifiedDate":"2025-08-27T13:06:59","isFullCredit":false},{"lineNumber":36,"author":{"gitId":"Lee-YiSheng"},"content":"        Pep pepBot \u003d new Pep(\"Pep\");","lastModifiedDate":"2025-08-27T13:06:59","isFullCredit":false},{"lineNumber":37,"author":{"gitId":"Lee-YiSheng"},"content":"        pepBot.run();","lastModifiedDate":"2025-08-27T13:06:59","isFullCredit":false},{"lineNumber":38,"author":{"gitId":"Lee-YiSheng"},"content":"    }","lastModifiedDate":"2025-08-27T13:06:59","isFullCredit":false},{"lineNumber":39,"author":{"gitId":"Lee-YiSheng"},"content":"","lastModifiedDate":"2025-08-27T13:16:26","isFullCredit":false},{"lineNumber":40,"author":{"gitId":"Lee-YiSheng"},"content":"}","lastModifiedDate":"2025-08-27T13:16:26","isFullCredit":false}],"authorContributionMap":{"Lee-YiSheng":40}},{"path":"src/main/java/commands/AddDeadlineCommand.java","fileType":"java","lines":[{"lineNumber":1,"author":{"gitId":"Lee-YiSheng"},"content":"package commands;","lastModifiedDate":"2025-09-06T18:16:47","isFullCredit":false},{"lineNumber":2,"author":{"gitId":"Lee-YiSheng"},"content":"","lastModifiedDate":"2025-09-06T18:16:47","isFullCredit":false},{"lineNumber":3,"author":{"gitId":"Lee-YiSheng"},"content":"import tasks.TaskList;","lastModifiedDate":"2025-09-06T18:16:47","isFullCredit":false},{"lineNumber":4,"author":{"gitId":"Lee-YiSheng"},"content":"import tasks.Deadline;","lastModifiedDate":"2025-09-06T18:16:47","isFullCredit":false},{"lineNumber":5,"author":{"gitId":"Lee-YiSheng"},"content":"import ui.Ui;","lastModifiedDate":"2025-09-06T18:35:44","isFullCredit":false},{"lineNumber":6,"author":{"gitId":"Lee-YiSheng"},"content":"","lastModifiedDate":"2025-09-06T18:16:47","isFullCredit":false},{"lineNumber":7,"author":{"gitId":"Lee-YiSheng"},"content":"public class AddDeadlineCommand extends Command {","lastModifiedDate":"2025-09-06T18:12:50","isFullCredit":false},{"lineNumber":8,"author":{"gitId":"Lee-YiSheng"},"content":"    private final String description;","lastModifiedDate":"2025-09-06T18:12:50","isFullCredit":false},{"lineNumber":9,"author":{"gitId":"Lee-YiSheng"},"content":"    private final String by;","lastModifiedDate":"2025-09-06T18:12:50","isFullCredit":false},{"lineNumber":10,"author":{"gitId":"Lee-YiSheng"},"content":"","lastModifiedDate":"2025-09-06T18:12:50","isFullCredit":false},{"lineNumber":11,"author":{"gitId":"Lee-YiSheng"},"content":"    public AddDeadlineCommand(String description, String by) {","lastModifiedDate":"2025-09-06T18:12:50","isFullCredit":false},{"lineNumber":12,"author":{"gitId":"Lee-YiSheng"},"content":"        this.description \u003d description;","lastModifiedDate":"2025-09-06T18:12:50","isFullCredit":false},{"lineNumber":13,"author":{"gitId":"Lee-YiSheng"},"content":"        this.by \u003d by;","lastModifiedDate":"2025-09-06T18:12:50","isFullCredit":false},{"lineNumber":14,"author":{"gitId":"Lee-YiSheng"},"content":"    }","lastModifiedDate":"2025-09-06T18:12:50","isFullCredit":false},{"lineNumber":15,"author":{"gitId":"Lee-YiSheng"},"content":"","lastModifiedDate":"2025-09-06T18:12:50","isFullCredit":false},{"lineNumber":16,"author":{"gitId":"Lee-YiSheng"},"content":"    @Override","lastModifiedDate":"2025-09-06T18:12:50","isFullCredit":false},{"lineNumber":17,"author":{"gitId":"Lee-YiSheng"},"content":"    public void execute(TaskList tasks, Ui ui) {","lastModifiedDate":"2025-09-06T18:12:50","isFullCredit":false},{"lineNumber":18,"author":{"gitId":"Lee-YiSheng"},"content":"        Deadline task \u003d new Deadline(description, by);","lastModifiedDate":"2025-09-06T18:12:50","isFullCredit":false},{"lineNumber":19,"author":{"gitId":"Lee-YiSheng"},"content":"        tasks.addTask(task);","lastModifiedDate":"2025-09-06T18:12:50","isFullCredit":false},{"lineNumber":20,"author":{"gitId":"Lee-YiSheng"},"content":"        ui.showAdded(task.toString(), tasks.getCount());","lastModifiedDate":"2025-09-06T18:12:50","isFullCredit":false},{"lineNumber":21,"author":{"gitId":"Lee-YiSheng"},"content":"    }","lastModifiedDate":"2025-09-06T18:12:50","isFullCredit":false},{"lineNumber":22,"author":{"gitId":"Lee-YiSheng"},"content":"}","lastModifiedDate":"2025-09-06T18:12:50","isFullCredit":false}],"authorContributionMap":{"Lee-YiSheng":22}},{"path":"src/main/java/commands/AddEventCommand.java","fileType":"java","lines":[{"lineNumber":1,"author":{"gitId":"Lee-YiSheng"},"content":"package commands;","lastModifiedDate":"2025-09-06T18:16:47","isFullCredit":false},{"lineNumber":2,"author":{"gitId":"Lee-YiSheng"},"content":"","lastModifiedDate":"2025-09-06T18:16:47","isFullCredit":false},{"lineNumber":3,"author":{"gitId":"Lee-YiSheng"},"content":"import exceptions.PepException;","lastModifiedDate":"2025-09-07T22:28:17","isFullCredit":false},{"lineNumber":4,"author":{"gitId":"Lee-YiSheng"},"content":"import tasks.TaskList;","lastModifiedDate":"2025-09-06T18:16:47","isFullCredit":false},{"lineNumber":5,"author":{"gitId":"Lee-YiSheng"},"content":"import tasks.Event;","lastModifiedDate":"2025-09-06T18:16:47","isFullCredit":false},{"lineNumber":6,"author":{"gitId":"Lee-YiSheng"},"content":"import ui.Ui;","lastModifiedDate":"2025-09-06T18:35:44","isFullCredit":false},{"lineNumber":7,"author":{"gitId":"Lee-YiSheng"},"content":"","lastModifiedDate":"2025-09-06T18:16:47","isFullCredit":false},{"lineNumber":8,"author":{"gitId":"Lee-YiSheng"},"content":"public class AddEventCommand extends Command {","lastModifiedDate":"2025-09-06T18:13:00","isFullCredit":false},{"lineNumber":9,"author":{"gitId":"Lee-YiSheng"},"content":"    private final String description;","lastModifiedDate":"2025-09-06T18:13:00","isFullCredit":false},{"lineNumber":10,"author":{"gitId":"Lee-YiSheng"},"content":"    private final String from;","lastModifiedDate":"2025-09-06T18:13:00","isFullCredit":false},{"lineNumber":11,"author":{"gitId":"Lee-YiSheng"},"content":"    private final String to;","lastModifiedDate":"2025-09-06T18:13:00","isFullCredit":false},{"lineNumber":12,"author":{"gitId":"Lee-YiSheng"},"content":"","lastModifiedDate":"2025-09-06T18:13:00","isFullCredit":false},{"lineNumber":13,"author":{"gitId":"Lee-YiSheng"},"content":"    public AddEventCommand(String description, String from, String to) {","lastModifiedDate":"2025-09-06T18:13:00","isFullCredit":false},{"lineNumber":14,"author":{"gitId":"Lee-YiSheng"},"content":"        this.description \u003d description;","lastModifiedDate":"2025-09-06T18:13:00","isFullCredit":false},{"lineNumber":15,"author":{"gitId":"Lee-YiSheng"},"content":"        this.from \u003d from;","lastModifiedDate":"2025-09-06T18:13:00","isFullCredit":false},{"lineNumber":16,"author":{"gitId":"Lee-YiSheng"},"content":"        this.to \u003d to;","lastModifiedDate":"2025-09-06T18:13:00","isFullCredit":false},{"lineNumber":17,"author":{"gitId":"Lee-YiSheng"},"content":"    }","lastModifiedDate":"2025-09-06T18:13:00","isFullCredit":false},{"lineNumber":18,"author":{"gitId":"Lee-YiSheng"},"content":"","lastModifiedDate":"2025-09-06T18:13:00","isFullCredit":false},{"lineNumber":19,"author":{"gitId":"Lee-YiSheng"},"content":"    @Override","lastModifiedDate":"2025-09-06T18:13:00","isFullCredit":false},{"lineNumber":20,"author":{"gitId":"Lee-YiSheng"},"content":"    public void execute(TaskList tasks, Ui ui) throws PepException {","lastModifiedDate":"2025-09-07T22:28:17","isFullCredit":false},{"lineNumber":21,"author":{"gitId":"Lee-YiSheng"},"content":"        Event task \u003d new Event(description, from, to);","lastModifiedDate":"2025-09-06T18:13:00","isFullCredit":false},{"lineNumber":22,"author":{"gitId":"Lee-YiSheng"},"content":"        if (description \u003d\u003d null || description.trim().isEmpty()) {","lastModifiedDate":"2025-09-07T22:28:17","isFullCredit":false},{"lineNumber":23,"author":{"gitId":"Lee-YiSheng"},"content":"            throw new PepException(\"An event needs a description yo, how bout you Try: event \u003cdescription\u003e\");","lastModifiedDate":"2025-09-07T22:28:17","isFullCredit":false},{"lineNumber":24,"author":{"gitId":"Lee-YiSheng"},"content":"        }","lastModifiedDate":"2025-09-07T22:28:17","isFullCredit":false},{"lineNumber":25,"author":{"gitId":"Lee-YiSheng"},"content":"        if (from \u003d\u003d null || from.trim().isEmpty()) {","lastModifiedDate":"2025-09-07T22:33:16","isFullCredit":false},{"lineNumber":26,"author":{"gitId":"Lee-YiSheng"},"content":"            throw new PepException(\"Please add your from\");","lastModifiedDate":"2025-09-07T22:33:16","isFullCredit":false},{"lineNumber":27,"author":{"gitId":"Lee-YiSheng"},"content":"        }","lastModifiedDate":"2025-09-07T22:33:16","isFullCredit":false},{"lineNumber":28,"author":{"gitId":"Lee-YiSheng"},"content":"        if (to \u003d\u003d null || to.trim().isEmpty()) {","lastModifiedDate":"2025-09-07T22:33:16","isFullCredit":false},{"lineNumber":29,"author":{"gitId":"Lee-YiSheng"},"content":"            throw new PepException((\"Please add your to\"));","lastModifiedDate":"2025-09-07T22:33:16","isFullCredit":false},{"lineNumber":30,"author":{"gitId":"Lee-YiSheng"},"content":"        }","lastModifiedDate":"2025-09-07T22:33:16","isFullCredit":false},{"lineNumber":31,"author":{"gitId":"Lee-YiSheng"},"content":"        tasks.addTask(task);","lastModifiedDate":"2025-09-06T18:13:00","isFullCredit":false},{"lineNumber":32,"author":{"gitId":"Lee-YiSheng"},"content":"        ui.showAdded(task.toString(), tasks.getCount());","lastModifiedDate":"2025-09-06T18:13:00","isFullCredit":false},{"lineNumber":33,"author":{"gitId":"Lee-YiSheng"},"content":"    }","lastModifiedDate":"2025-09-06T18:13:00","isFullCredit":false},{"lineNumber":34,"author":{"gitId":"Lee-YiSheng"},"content":"}","lastModifiedDate":"2025-09-06T18:13:00","isFullCredit":false}],"authorContributionMap":{"Lee-YiSheng":34}},{"path":"src/main/java/commands/AddTodoCommand.java","fileType":"java","lines":[{"lineNumber":1,"author":{"gitId":"Lee-YiSheng"},"content":"package commands;","lastModifiedDate":"2025-09-06T18:16:47","isFullCredit":false},{"lineNumber":2,"author":{"gitId":"Lee-YiSheng"},"content":"","lastModifiedDate":"2025-09-06T18:16:47","isFullCredit":false},{"lineNumber":3,"author":{"gitId":"Lee-YiSheng"},"content":"import tasks.TaskList;","lastModifiedDate":"2025-09-06T18:16:47","isFullCredit":false},{"lineNumber":4,"author":{"gitId":"Lee-YiSheng"},"content":"import tasks.Todo;","lastModifiedDate":"2025-09-06T18:16:47","isFullCredit":false},{"lineNumber":5,"author":{"gitId":"Lee-YiSheng"},"content":"import ui.Ui;","lastModifiedDate":"2025-09-06T18:35:44","isFullCredit":false},{"lineNumber":6,"author":{"gitId":"Lee-YiSheng"},"content":"import exceptions.PepException;","lastModifiedDate":"2025-09-06T18:54:54","isFullCredit":false},{"lineNumber":7,"author":{"gitId":"Lee-YiSheng"},"content":"","lastModifiedDate":"2025-09-06T18:16:47","isFullCredit":false},{"lineNumber":8,"author":{"gitId":"Lee-YiSheng"},"content":"public class AddTodoCommand extends Command {","lastModifiedDate":"2025-09-06T18:04:00","isFullCredit":false},{"lineNumber":9,"author":{"gitId":"Lee-YiSheng"},"content":"    private final String description;","lastModifiedDate":"2025-09-06T18:04:00","isFullCredit":false},{"lineNumber":10,"author":{"gitId":"Lee-YiSheng"},"content":"","lastModifiedDate":"2025-09-06T18:04:00","isFullCredit":false},{"lineNumber":11,"author":{"gitId":"Lee-YiSheng"},"content":"    public AddTodoCommand(String description) {","lastModifiedDate":"2025-09-06T18:04:00","isFullCredit":false},{"lineNumber":12,"author":{"gitId":"Lee-YiSheng"},"content":"","lastModifiedDate":"2025-09-06T18:40:58","isFullCredit":false},{"lineNumber":13,"author":{"gitId":"Lee-YiSheng"},"content":"        this.description \u003d description;","lastModifiedDate":"2025-09-06T18:04:00","isFullCredit":false},{"lineNumber":14,"author":{"gitId":"Lee-YiSheng"},"content":"    }","lastModifiedDate":"2025-09-06T18:04:00","isFullCredit":false},{"lineNumber":15,"author":{"gitId":"Lee-YiSheng"},"content":"","lastModifiedDate":"2025-09-06T18:04:00","isFullCredit":false},{"lineNumber":16,"author":{"gitId":"Lee-YiSheng"},"content":"    @Override","lastModifiedDate":"2025-09-06T18:04:00","isFullCredit":false},{"lineNumber":17,"author":{"gitId":"Lee-YiSheng"},"content":"    public void execute(TaskList tasks, Ui ui) throws PepException {","lastModifiedDate":"2025-09-06T18:54:54","isFullCredit":false},{"lineNumber":18,"author":{"gitId":"Lee-YiSheng"},"content":"        if (description \u003d\u003d null || description.trim().isEmpty()) {","lastModifiedDate":"2025-09-06T18:54:54","isFullCredit":false},{"lineNumber":19,"author":{"gitId":"Lee-YiSheng"},"content":"            throw new PepException(\"A todo needs a description yo, how bout you Try: todo \u003cdescription\u003e\");","lastModifiedDate":"2025-09-06T18:54:54","isFullCredit":false},{"lineNumber":20,"author":{"gitId":"Lee-YiSheng"},"content":"        }","lastModifiedDate":"2025-09-06T18:54:54","isFullCredit":false},{"lineNumber":21,"author":{"gitId":"Lee-YiSheng"},"content":"        Todo todo \u003d new Todo(description.trim());","lastModifiedDate":"2025-09-06T18:54:54","isFullCredit":false},{"lineNumber":22,"author":{"gitId":"Lee-YiSheng"},"content":"        tasks.addTask(todo);","lastModifiedDate":"2025-09-06T18:40:58","isFullCredit":false},{"lineNumber":23,"author":{"gitId":"Lee-YiSheng"},"content":"        ui.showAdded(todo.toString(), tasks.getCount());","lastModifiedDate":"2025-09-06T18:40:58","isFullCredit":false},{"lineNumber":24,"author":{"gitId":"Lee-YiSheng"},"content":"    }","lastModifiedDate":"2025-09-06T18:04:00","isFullCredit":false},{"lineNumber":25,"author":{"gitId":"Lee-YiSheng"},"content":"","lastModifiedDate":"2025-09-06T18:54:54","isFullCredit":false},{"lineNumber":26,"author":{"gitId":"Lee-YiSheng"},"content":"}","lastModifiedDate":"2025-09-06T18:04:00","isFullCredit":false}],"authorContributionMap":{"Lee-YiSheng":26}},{"path":"src/main/java/commands/Command.java","fileType":"java","lines":[{"lineNumber":1,"author":{"gitId":"Lee-YiSheng"},"content":"package commands;","lastModifiedDate":"2025-09-06T18:16:47","isFullCredit":false},{"lineNumber":2,"author":{"gitId":"Lee-YiSheng"},"content":"","lastModifiedDate":"2025-09-06T18:16:47","isFullCredit":false},{"lineNumber":3,"author":{"gitId":"Lee-YiSheng"},"content":"import tasks.TaskList;","lastModifiedDate":"2025-09-06T18:16:47","isFullCredit":false},{"lineNumber":4,"author":{"gitId":"Lee-YiSheng"},"content":"import ui.Ui;","lastModifiedDate":"2025-09-06T18:35:44","isFullCredit":false},{"lineNumber":5,"author":{"gitId":"Lee-YiSheng"},"content":"import exceptions.PepException;","lastModifiedDate":"2025-09-06T18:54:54","isFullCredit":false},{"lineNumber":6,"author":{"gitId":"Lee-YiSheng"},"content":"","lastModifiedDate":"2025-09-06T18:16:47","isFullCredit":false},{"lineNumber":7,"author":{"gitId":"Lee-YiSheng"},"content":"public abstract class Command {","lastModifiedDate":"2025-09-06T17:58:31","isFullCredit":false},{"lineNumber":8,"author":{"gitId":"Lee-YiSheng"},"content":"    /**","lastModifiedDate":"2025-09-06T17:58:31","isFullCredit":false},{"lineNumber":9,"author":{"gitId":"Lee-YiSheng"},"content":"     * Executes the command.","lastModifiedDate":"2025-09-06T17:58:31","isFullCredit":false},{"lineNumber":10,"author":{"gitId":"Lee-YiSheng"},"content":"     *","lastModifiedDate":"2025-09-06T17:58:31","isFullCredit":false},{"lineNumber":11,"author":{"gitId":"Lee-YiSheng"},"content":"     * @param tasks The TaskList to operate on.","lastModifiedDate":"2025-09-06T17:58:31","isFullCredit":false},{"lineNumber":12,"author":{"gitId":"Lee-YiSheng"},"content":"     * @param ui The Ui for displaying output.","lastModifiedDate":"2025-09-06T17:58:31","isFullCredit":false},{"lineNumber":13,"author":{"gitId":"Lee-YiSheng"},"content":"     */","lastModifiedDate":"2025-09-06T17:58:31","isFullCredit":false},{"lineNumber":14,"author":{"gitId":"Lee-YiSheng"},"content":"    public abstract void execute(TaskList tasks, Ui ui) throws PepException;","lastModifiedDate":"2025-09-06T18:54:54","isFullCredit":false},{"lineNumber":15,"author":{"gitId":"Lee-YiSheng"},"content":"","lastModifiedDate":"2025-09-06T17:58:31","isFullCredit":false},{"lineNumber":16,"author":{"gitId":"Lee-YiSheng"},"content":"    /**","lastModifiedDate":"2025-09-06T17:58:31","isFullCredit":false},{"lineNumber":17,"author":{"gitId":"Lee-YiSheng"},"content":"     * Whether this command should cause the program to exit.","lastModifiedDate":"2025-09-06T17:58:31","isFullCredit":false},{"lineNumber":18,"author":{"gitId":"Lee-YiSheng"},"content":"     */","lastModifiedDate":"2025-09-06T17:58:31","isFullCredit":false},{"lineNumber":19,"author":{"gitId":"Lee-YiSheng"},"content":"    public boolean isExit() {","lastModifiedDate":"2025-09-06T17:58:31","isFullCredit":false},{"lineNumber":20,"author":{"gitId":"Lee-YiSheng"},"content":"        return false;","lastModifiedDate":"2025-09-06T17:58:31","isFullCredit":false},{"lineNumber":21,"author":{"gitId":"Lee-YiSheng"},"content":"    }","lastModifiedDate":"2025-09-06T17:58:31","isFullCredit":false},{"lineNumber":22,"author":{"gitId":"Lee-YiSheng"},"content":"}","lastModifiedDate":"2025-09-06T17:58:31","isFullCredit":false}],"authorContributionMap":{"Lee-YiSheng":22}},{"path":"src/main/java/commands/ExitCommand.java","fileType":"java","lines":[{"lineNumber":1,"author":{"gitId":"Lee-YiSheng"},"content":"package commands;","lastModifiedDate":"2025-09-06T18:16:47","isFullCredit":false},{"lineNumber":2,"author":{"gitId":"Lee-YiSheng"},"content":"import tasks.TaskList;","lastModifiedDate":"2025-09-06T18:16:47","isFullCredit":false},{"lineNumber":3,"author":{"gitId":"Lee-YiSheng"},"content":"import ui.Ui;","lastModifiedDate":"2025-09-06T18:35:44","isFullCredit":false},{"lineNumber":4,"author":{"gitId":"Lee-YiSheng"},"content":"","lastModifiedDate":"2025-09-06T18:16:47","isFullCredit":false},{"lineNumber":5,"author":{"gitId":"Lee-YiSheng"},"content":"public class ExitCommand extends Command {","lastModifiedDate":"2025-09-06T18:06:19","isFullCredit":false},{"lineNumber":6,"author":{"gitId":"Lee-YiSheng"},"content":"    @Override","lastModifiedDate":"2025-09-06T18:06:19","isFullCredit":false},{"lineNumber":7,"author":{"gitId":"Lee-YiSheng"},"content":"    public void execute(TaskList tasks, Ui ui) {","lastModifiedDate":"2025-09-06T18:06:19","isFullCredit":false},{"lineNumber":8,"author":{"gitId":"Lee-YiSheng"},"content":"        ui.showGoodbye();","lastModifiedDate":"2025-09-06T18:06:19","isFullCredit":false},{"lineNumber":9,"author":{"gitId":"Lee-YiSheng"},"content":"    }","lastModifiedDate":"2025-09-06T18:06:19","isFullCredit":false},{"lineNumber":10,"author":{"gitId":"Lee-YiSheng"},"content":"","lastModifiedDate":"2025-09-06T18:06:19","isFullCredit":false},{"lineNumber":11,"author":{"gitId":"Lee-YiSheng"},"content":"    @Override","lastModifiedDate":"2025-09-06T18:06:19","isFullCredit":false},{"lineNumber":12,"author":{"gitId":"Lee-YiSheng"},"content":"    public boolean isExit() {","lastModifiedDate":"2025-09-06T18:06:19","isFullCredit":false},{"lineNumber":13,"author":{"gitId":"Lee-YiSheng"},"content":"        return true;","lastModifiedDate":"2025-09-06T18:06:19","isFullCredit":false},{"lineNumber":14,"author":{"gitId":"Lee-YiSheng"},"content":"    }","lastModifiedDate":"2025-09-06T18:06:19","isFullCredit":false},{"lineNumber":15,"author":{"gitId":"Lee-YiSheng"},"content":"}","lastModifiedDate":"2025-09-06T18:06:19","isFullCredit":false}],"authorContributionMap":{"Lee-YiSheng":15}},{"path":"src/main/java/commands/ListCommand.java","fileType":"java","lines":[{"lineNumber":1,"author":{"gitId":"Lee-YiSheng"},"content":"package commands;","lastModifiedDate":"2025-09-06T18:16:47","isFullCredit":false},{"lineNumber":2,"author":{"gitId":"Lee-YiSheng"},"content":"","lastModifiedDate":"2025-09-06T18:16:47","isFullCredit":false},{"lineNumber":3,"author":{"gitId":"Lee-YiSheng"},"content":"import tasks.TaskList;","lastModifiedDate":"2025-09-06T18:16:47","isFullCredit":false},{"lineNumber":4,"author":{"gitId":"Lee-YiSheng"},"content":"import ui.Ui;","lastModifiedDate":"2025-09-06T18:35:44","isFullCredit":false},{"lineNumber":5,"author":{"gitId":"Lee-YiSheng"},"content":"","lastModifiedDate":"2025-09-06T18:16:47","isFullCredit":false},{"lineNumber":6,"author":{"gitId":"Lee-YiSheng"},"content":"public class ListCommand extends Command {","lastModifiedDate":"2025-09-06T17:58:41","isFullCredit":false},{"lineNumber":7,"author":{"gitId":"Lee-YiSheng"},"content":"    @Override","lastModifiedDate":"2025-09-06T17:58:41","isFullCredit":false},{"lineNumber":8,"author":{"gitId":"Lee-YiSheng"},"content":"    public void execute(TaskList tasks, Ui ui) {","lastModifiedDate":"2025-09-06T17:58:41","isFullCredit":false},{"lineNumber":9,"author":{"gitId":"Lee-YiSheng"},"content":"        ui.showTaskList(tasks);","lastModifiedDate":"2025-09-06T17:58:41","isFullCredit":false},{"lineNumber":10,"author":{"gitId":"Lee-YiSheng"},"content":"    }","lastModifiedDate":"2025-09-06T17:58:41","isFullCredit":false},{"lineNumber":11,"author":{"gitId":"Lee-YiSheng"},"content":"}","lastModifiedDate":"2025-09-06T17:58:41","isFullCredit":false}],"authorContributionMap":{"Lee-YiSheng":11}},{"path":"src/main/java/commands/MarkCommand.java","fileType":"java","lines":[{"lineNumber":1,"author":{"gitId":"Lee-YiSheng"},"content":"package commands;","lastModifiedDate":"2025-09-06T18:16:47","isFullCredit":false},{"lineNumber":2,"author":{"gitId":"Lee-YiSheng"},"content":"","lastModifiedDate":"2025-09-06T18:16:47","isFullCredit":false},{"lineNumber":3,"author":{"gitId":"Lee-YiSheng"},"content":"import tasks.TaskList;","lastModifiedDate":"2025-09-06T18:16:47","isFullCredit":false},{"lineNumber":4,"author":{"gitId":"Lee-YiSheng"},"content":"import ui.Ui;","lastModifiedDate":"2025-09-06T18:35:44","isFullCredit":false},{"lineNumber":5,"author":{"gitId":"Lee-YiSheng"},"content":"","lastModifiedDate":"2025-09-06T18:16:47","isFullCredit":false},{"lineNumber":6,"author":{"gitId":"Lee-YiSheng"},"content":"public class MarkCommand extends Command {","lastModifiedDate":"2025-09-06T17:58:47","isFullCredit":false},{"lineNumber":7,"author":{"gitId":"Lee-YiSheng"},"content":"    private final int index;","lastModifiedDate":"2025-09-06T17:58:47","isFullCredit":false},{"lineNumber":8,"author":{"gitId":"Lee-YiSheng"},"content":"","lastModifiedDate":"2025-09-06T17:58:47","isFullCredit":false},{"lineNumber":9,"author":{"gitId":"Lee-YiSheng"},"content":"    public MarkCommand(int index) {","lastModifiedDate":"2025-09-06T17:58:47","isFullCredit":false},{"lineNumber":10,"author":{"gitId":"Lee-YiSheng"},"content":"        this.index \u003d index;","lastModifiedDate":"2025-09-06T17:58:47","isFullCredit":false},{"lineNumber":11,"author":{"gitId":"Lee-YiSheng"},"content":"    }","lastModifiedDate":"2025-09-06T17:58:47","isFullCredit":false},{"lineNumber":12,"author":{"gitId":"Lee-YiSheng"},"content":"","lastModifiedDate":"2025-09-06T17:58:47","isFullCredit":false},{"lineNumber":13,"author":{"gitId":"Lee-YiSheng"},"content":"    @Override","lastModifiedDate":"2025-09-06T17:58:47","isFullCredit":false},{"lineNumber":14,"author":{"gitId":"Lee-YiSheng"},"content":"    public void execute(TaskList tasks, Ui ui) {","lastModifiedDate":"2025-09-06T17:58:47","isFullCredit":false},{"lineNumber":15,"author":{"gitId":"Lee-YiSheng"},"content":"        if (tasks.markTask(index)) {","lastModifiedDate":"2025-09-06T17:58:47","isFullCredit":false},{"lineNumber":16,"author":{"gitId":"Lee-YiSheng"},"content":"            ui.showMarked(tasks.getTask(index));","lastModifiedDate":"2025-09-06T17:58:47","isFullCredit":false},{"lineNumber":17,"author":{"gitId":"Lee-YiSheng"},"content":"        }","lastModifiedDate":"2025-09-06T17:58:47","isFullCredit":false},{"lineNumber":18,"author":{"gitId":"Lee-YiSheng"},"content":"    }","lastModifiedDate":"2025-09-06T17:58:47","isFullCredit":false},{"lineNumber":19,"author":{"gitId":"Lee-YiSheng"},"content":"}","lastModifiedDate":"2025-09-06T17:58:47","isFullCredit":false}],"authorContributionMap":{"Lee-YiSheng":19}},{"path":"src/main/java/commands/UnmarkCommand.java","fileType":"java","lines":[{"lineNumber":1,"author":{"gitId":"Lee-YiSheng"},"content":"package commands;","lastModifiedDate":"2025-09-06T18:16:47","isFullCredit":false},{"lineNumber":2,"author":{"gitId":"Lee-YiSheng"},"content":"","lastModifiedDate":"2025-09-06T18:16:47","isFullCredit":false},{"lineNumber":3,"author":{"gitId":"Lee-YiSheng"},"content":"import tasks.TaskList;","lastModifiedDate":"2025-09-06T18:16:47","isFullCredit":false},{"lineNumber":4,"author":{"gitId":"Lee-YiSheng"},"content":"import ui.Ui;","lastModifiedDate":"2025-09-06T18:35:44","isFullCredit":false},{"lineNumber":5,"author":{"gitId":"Lee-YiSheng"},"content":"","lastModifiedDate":"2025-09-06T18:16:47","isFullCredit":false},{"lineNumber":6,"author":{"gitId":"Lee-YiSheng"},"content":"public class UnmarkCommand extends Command {","lastModifiedDate":"2025-09-06T17:59:55","isFullCredit":false},{"lineNumber":7,"author":{"gitId":"Lee-YiSheng"},"content":"    private final int index;","lastModifiedDate":"2025-09-06T17:59:55","isFullCredit":false},{"lineNumber":8,"author":{"gitId":"Lee-YiSheng"},"content":"","lastModifiedDate":"2025-09-06T17:59:55","isFullCredit":false},{"lineNumber":9,"author":{"gitId":"Lee-YiSheng"},"content":"    public UnmarkCommand(int index) {","lastModifiedDate":"2025-09-06T17:59:55","isFullCredit":false},{"lineNumber":10,"author":{"gitId":"Lee-YiSheng"},"content":"        this.index \u003d index;","lastModifiedDate":"2025-09-06T17:59:55","isFullCredit":false},{"lineNumber":11,"author":{"gitId":"Lee-YiSheng"},"content":"    }","lastModifiedDate":"2025-09-06T17:59:55","isFullCredit":false},{"lineNumber":12,"author":{"gitId":"Lee-YiSheng"},"content":"","lastModifiedDate":"2025-09-06T17:59:55","isFullCredit":false},{"lineNumber":13,"author":{"gitId":"Lee-YiSheng"},"content":"    @Override","lastModifiedDate":"2025-09-06T17:59:55","isFullCredit":false},{"lineNumber":14,"author":{"gitId":"Lee-YiSheng"},"content":"    public void execute(TaskList tasks, Ui ui) {","lastModifiedDate":"2025-09-06T17:59:55","isFullCredit":false},{"lineNumber":15,"author":{"gitId":"Lee-YiSheng"},"content":"        if (tasks.unmarkTask(index)) {","lastModifiedDate":"2025-09-06T17:59:55","isFullCredit":false},{"lineNumber":16,"author":{"gitId":"Lee-YiSheng"},"content":"            ui.showUnmarked(tasks.getTask(index));","lastModifiedDate":"2025-09-06T17:59:55","isFullCredit":false},{"lineNumber":17,"author":{"gitId":"Lee-YiSheng"},"content":"        }","lastModifiedDate":"2025-09-06T17:59:55","isFullCredit":false},{"lineNumber":18,"author":{"gitId":"Lee-YiSheng"},"content":"    }","lastModifiedDate":"2025-09-06T17:59:55","isFullCredit":false},{"lineNumber":19,"author":{"gitId":"Lee-YiSheng"},"content":"}","lastModifiedDate":"2025-09-06T17:59:55","isFullCredit":false}],"authorContributionMap":{"Lee-YiSheng":19}},{"path":"src/main/java/exceptions/PepException.java","fileType":"java","lines":[{"lineNumber":1,"author":{"gitId":"Lee-YiSheng"},"content":"package exceptions;","lastModifiedDate":"2025-09-06T18:51:59","isFullCredit":false},{"lineNumber":2,"author":{"gitId":"Lee-YiSheng"},"content":"","lastModifiedDate":"2025-09-06T18:51:59","isFullCredit":false},{"lineNumber":3,"author":{"gitId":"Lee-YiSheng"},"content":"public class PepException extends Exception {","lastModifiedDate":"2025-09-06T18:51:59","isFullCredit":false},{"lineNumber":4,"author":{"gitId":"Lee-YiSheng"},"content":"    public PepException(String message) {","lastModifiedDate":"2025-09-06T18:51:59","isFullCredit":false},{"lineNumber":5,"author":{"gitId":"Lee-YiSheng"},"content":"        super(message);","lastModifiedDate":"2025-09-06T18:51:59","isFullCredit":false},{"lineNumber":6,"author":{"gitId":"Lee-YiSheng"},"content":"    }","lastModifiedDate":"2025-09-06T18:51:59","isFullCredit":false},{"lineNumber":7,"author":{"gitId":"Lee-YiSheng"},"content":"}","lastModifiedDate":"2025-09-06T18:51:59","isFullCredit":false},{"lineNumber":8,"author":{"gitId":"Lee-YiSheng"},"content":"","lastModifiedDate":"2025-09-06T18:51:59","isFullCredit":false}],"authorContributionMap":{"Lee-YiSheng":8}},{"path":"src/main/java/tasks/Deadline.java","fileType":"java","lines":[{"lineNumber":1,"author":{"gitId":"Lee-YiSheng"},"content":"package tasks;","lastModifiedDate":"2025-09-06T18:24:11","isFullCredit":false},{"lineNumber":2,"author":{"gitId":"Lee-YiSheng"},"content":"","lastModifiedDate":"2025-09-06T18:24:11","isFullCredit":false},{"lineNumber":3,"author":{"gitId":"Lee-YiSheng"},"content":"public class Deadline extends Task {","lastModifiedDate":"2025-09-02T17:33:05","isFullCredit":false},{"lineNumber":4,"author":{"gitId":"Lee-YiSheng"},"content":"","lastModifiedDate":"2025-09-02T17:33:05","isFullCredit":false},{"lineNumber":5,"author":{"gitId":"Lee-YiSheng"},"content":"    protected String by;","lastModifiedDate":"2025-09-02T17:33:05","isFullCredit":false},{"lineNumber":6,"author":{"gitId":"Lee-YiSheng"},"content":"","lastModifiedDate":"2025-09-02T17:33:05","isFullCredit":false},{"lineNumber":7,"author":{"gitId":"Lee-YiSheng"},"content":"    public Deadline(String description, String by) {","lastModifiedDate":"2025-09-02T17:33:05","isFullCredit":false},{"lineNumber":8,"author":{"gitId":"Lee-YiSheng"},"content":"        super(description);","lastModifiedDate":"2025-09-02T17:33:05","isFullCredit":false},{"lineNumber":9,"author":{"gitId":"Lee-YiSheng"},"content":"        this.by \u003d by;","lastModifiedDate":"2025-09-02T17:33:05","isFullCredit":false},{"lineNumber":10,"author":{"gitId":"Lee-YiSheng"},"content":"    }","lastModifiedDate":"2025-09-02T17:33:05","isFullCredit":false},{"lineNumber":11,"author":{"gitId":"Lee-YiSheng"},"content":"","lastModifiedDate":"2025-09-02T17:33:05","isFullCredit":false},{"lineNumber":12,"author":{"gitId":"Lee-YiSheng"},"content":"    @Override","lastModifiedDate":"2025-09-02T17:33:05","isFullCredit":false},{"lineNumber":13,"author":{"gitId":"Lee-YiSheng"},"content":"    public String toString() {","lastModifiedDate":"2025-09-02T17:33:05","isFullCredit":false},{"lineNumber":14,"author":{"gitId":"Lee-YiSheng"},"content":"        return \"[D]\" + super.toString() + \" (by: \" + by + \")\";","lastModifiedDate":"2025-09-02T17:33:05","isFullCredit":false},{"lineNumber":15,"author":{"gitId":"Lee-YiSheng"},"content":"    }","lastModifiedDate":"2025-09-02T17:33:05","isFullCredit":false},{"lineNumber":16,"author":{"gitId":"Lee-YiSheng"},"content":"}","lastModifiedDate":"2025-09-02T17:33:05","isFullCredit":false}],"authorContributionMap":{"Lee-YiSheng":16}},{"path":"src/main/java/tasks/Event.java","fileType":"java","lines":[{"lineNumber":1,"author":{"gitId":"Lee-YiSheng"},"content":"package tasks;","lastModifiedDate":"2025-09-06T18:24:11","isFullCredit":false},{"lineNumber":2,"author":{"gitId":"Lee-YiSheng"},"content":"","lastModifiedDate":"2025-09-06T18:24:11","isFullCredit":false},{"lineNumber":3,"author":{"gitId":"Lee-YiSheng"},"content":"public class Event extends Task {","lastModifiedDate":"2025-09-02T18:56:38","isFullCredit":false},{"lineNumber":4,"author":{"gitId":"Lee-YiSheng"},"content":"    protected String from;","lastModifiedDate":"2025-09-02T18:56:38","isFullCredit":false},{"lineNumber":5,"author":{"gitId":"Lee-YiSheng"},"content":"    protected String to;","lastModifiedDate":"2025-09-02T18:56:38","isFullCredit":false},{"lineNumber":6,"author":{"gitId":"Lee-YiSheng"},"content":"","lastModifiedDate":"2025-09-02T18:56:38","isFullCredit":false},{"lineNumber":7,"author":{"gitId":"Lee-YiSheng"},"content":"    public Event(String description, String from, String to) {","lastModifiedDate":"2025-09-02T18:56:38","isFullCredit":false},{"lineNumber":8,"author":{"gitId":"Lee-YiSheng"},"content":"        super(description);","lastModifiedDate":"2025-09-02T18:56:38","isFullCredit":false},{"lineNumber":9,"author":{"gitId":"Lee-YiSheng"},"content":"        this.from \u003d from;","lastModifiedDate":"2025-09-02T18:56:38","isFullCredit":false},{"lineNumber":10,"author":{"gitId":"Lee-YiSheng"},"content":"        this.to \u003d to;","lastModifiedDate":"2025-09-02T18:56:38","isFullCredit":false},{"lineNumber":11,"author":{"gitId":"Lee-YiSheng"},"content":"    }","lastModifiedDate":"2025-09-02T18:56:38","isFullCredit":false},{"lineNumber":12,"author":{"gitId":"Lee-YiSheng"},"content":"","lastModifiedDate":"2025-09-02T18:56:38","isFullCredit":false},{"lineNumber":13,"author":{"gitId":"Lee-YiSheng"},"content":"    @Override","lastModifiedDate":"2025-09-02T18:56:38","isFullCredit":false},{"lineNumber":14,"author":{"gitId":"Lee-YiSheng"},"content":"    public String toString() {","lastModifiedDate":"2025-09-02T18:56:38","isFullCredit":false},{"lineNumber":15,"author":{"gitId":"Lee-YiSheng"},"content":"        return \"[E]\" + super.toString() + \" (from: \" + from + \" to: \" + to + \")\";","lastModifiedDate":"2025-09-02T18:56:38","isFullCredit":false},{"lineNumber":16,"author":{"gitId":"Lee-YiSheng"},"content":"    }","lastModifiedDate":"2025-09-02T18:56:38","isFullCredit":false},{"lineNumber":17,"author":{"gitId":"Lee-YiSheng"},"content":"}","lastModifiedDate":"2025-09-02T18:56:38","isFullCredit":false}],"authorContributionMap":{"Lee-YiSheng":17}},{"path":"src/main/java/tasks/Task.java","fileType":"java","lines":[{"lineNumber":1,"author":{"gitId":"Lee-YiSheng"},"content":"package tasks;","lastModifiedDate":"2025-09-06T18:24:11","isFullCredit":false},{"lineNumber":2,"author":{"gitId":"Lee-YiSheng"},"content":"","lastModifiedDate":"2025-09-06T18:24:11","isFullCredit":false},{"lineNumber":3,"author":{"gitId":"Lee-YiSheng"},"content":"public class Task {","lastModifiedDate":"2025-09-02T17:33:05","isFullCredit":false},{"lineNumber":4,"author":{"gitId":"Lee-YiSheng"},"content":"    private final String description;","lastModifiedDate":"2025-09-02T17:33:05","isFullCredit":false},{"lineNumber":5,"author":{"gitId":"Lee-YiSheng"},"content":"    private boolean isDone;","lastModifiedDate":"2025-09-02T17:33:05","isFullCredit":false},{"lineNumber":6,"author":{"gitId":"Lee-YiSheng"},"content":"","lastModifiedDate":"2025-09-02T17:33:05","isFullCredit":false},{"lineNumber":7,"author":{"gitId":"Lee-YiSheng"},"content":"    public Task(String description) {","lastModifiedDate":"2025-09-02T17:33:05","isFullCredit":false},{"lineNumber":8,"author":{"gitId":"Lee-YiSheng"},"content":"        this.description \u003d description;","lastModifiedDate":"2025-09-02T17:33:05","isFullCredit":false},{"lineNumber":9,"author":{"gitId":"Lee-YiSheng"},"content":"        this.isDone \u003d false;","lastModifiedDate":"2025-09-02T17:33:05","isFullCredit":false},{"lineNumber":10,"author":{"gitId":"Lee-YiSheng"},"content":"    }","lastModifiedDate":"2025-09-02T17:33:05","isFullCredit":false},{"lineNumber":11,"author":{"gitId":"Lee-YiSheng"},"content":"","lastModifiedDate":"2025-09-02T17:33:05","isFullCredit":false},{"lineNumber":12,"author":{"gitId":"Lee-YiSheng"},"content":"    public void markAsDone() {","lastModifiedDate":"2025-09-02T17:33:05","isFullCredit":false},{"lineNumber":13,"author":{"gitId":"Lee-YiSheng"},"content":"        this.isDone \u003d true;","lastModifiedDate":"2025-09-02T17:33:05","isFullCredit":false},{"lineNumber":14,"author":{"gitId":"Lee-YiSheng"},"content":"    }","lastModifiedDate":"2025-09-02T17:33:05","isFullCredit":false},{"lineNumber":15,"author":{"gitId":"Lee-YiSheng"},"content":"","lastModifiedDate":"2025-09-02T17:33:05","isFullCredit":false},{"lineNumber":16,"author":{"gitId":"Lee-YiSheng"},"content":"    public void markAsNotDone() {","lastModifiedDate":"2025-09-02T17:33:05","isFullCredit":false},{"lineNumber":17,"author":{"gitId":"Lee-YiSheng"},"content":"        this.isDone \u003d false;","lastModifiedDate":"2025-09-02T17:33:05","isFullCredit":false},{"lineNumber":18,"author":{"gitId":"Lee-YiSheng"},"content":"    }","lastModifiedDate":"2025-09-02T17:33:05","isFullCredit":false},{"lineNumber":19,"author":{"gitId":"Lee-YiSheng"},"content":"","lastModifiedDate":"2025-09-02T17:33:05","isFullCredit":false},{"lineNumber":20,"author":{"gitId":"Lee-YiSheng"},"content":"    public String getStatusIcon() {","lastModifiedDate":"2025-09-02T17:33:05","isFullCredit":false},{"lineNumber":21,"author":{"gitId":"Lee-YiSheng"},"content":"        return (isDone ? \"X\" : \" \");","lastModifiedDate":"2025-09-02T17:33:05","isFullCredit":false},{"lineNumber":22,"author":{"gitId":"Lee-YiSheng"},"content":"    }","lastModifiedDate":"2025-09-02T17:33:05","isFullCredit":false},{"lineNumber":23,"author":{"gitId":"Lee-YiSheng"},"content":"","lastModifiedDate":"2025-09-02T17:33:05","isFullCredit":false},{"lineNumber":24,"author":{"gitId":"Lee-YiSheng"},"content":"    public String getDescription() {","lastModifiedDate":"2025-09-02T17:33:05","isFullCredit":false},{"lineNumber":25,"author":{"gitId":"Lee-YiSheng"},"content":"        return description;","lastModifiedDate":"2025-09-02T17:33:05","isFullCredit":false},{"lineNumber":26,"author":{"gitId":"Lee-YiSheng"},"content":"    }","lastModifiedDate":"2025-09-02T17:33:05","isFullCredit":false},{"lineNumber":27,"author":{"gitId":"Lee-YiSheng"},"content":"    @Override","lastModifiedDate":"2025-09-02T18:41:53","isFullCredit":false},{"lineNumber":28,"author":{"gitId":"Lee-YiSheng"},"content":"    public String toString() {","lastModifiedDate":"2025-09-02T18:41:53","isFullCredit":false},{"lineNumber":29,"author":{"gitId":"Lee-YiSheng"},"content":"        return \"[\" + getStatusIcon() + \"] \" + description;","lastModifiedDate":"2025-09-02T18:41:53","isFullCredit":false},{"lineNumber":30,"author":{"gitId":"Lee-YiSheng"},"content":"    }","lastModifiedDate":"2025-09-02T18:41:53","isFullCredit":false},{"lineNumber":31,"author":{"gitId":"Lee-YiSheng"},"content":"","lastModifiedDate":"2025-09-02T18:41:53","isFullCredit":false},{"lineNumber":32,"author":{"gitId":"Lee-YiSheng"},"content":"}","lastModifiedDate":"2025-09-02T17:33:05","isFullCredit":false}],"authorContributionMap":{"Lee-YiSheng":32}},{"path":"src/main/java/tasks/TaskList.java","fileType":"java","lines":[{"lineNumber":1,"author":{"gitId":"Lee-YiSheng"},"content":"package tasks;","lastModifiedDate":"2025-09-06T18:35:44","isFullCredit":false},{"lineNumber":2,"author":{"gitId":"Lee-YiSheng"},"content":"","lastModifiedDate":"2025-09-06T18:24:11","isFullCredit":false},{"lineNumber":3,"author":{"gitId":"Lee-YiSheng"},"content":"public class TaskList {","lastModifiedDate":"2025-09-02T17:33:05","isFullCredit":false},{"lineNumber":4,"author":{"gitId":"Lee-YiSheng"},"content":"    private final Task[] tasks;","lastModifiedDate":"2025-09-02T17:33:05","isFullCredit":false},{"lineNumber":5,"author":{"gitId":"Lee-YiSheng"},"content":"    private int count;","lastModifiedDate":"2025-09-02T17:33:05","isFullCredit":false},{"lineNumber":6,"author":{"gitId":"Lee-YiSheng"},"content":"","lastModifiedDate":"2025-09-02T17:33:05","isFullCredit":false},{"lineNumber":7,"author":{"gitId":"Lee-YiSheng"},"content":"    public TaskList() {","lastModifiedDate":"2025-09-02T17:33:05","isFullCredit":false},{"lineNumber":8,"author":{"gitId":"Lee-YiSheng"},"content":"        this.tasks \u003d new Task[100];","lastModifiedDate":"2025-09-02T17:33:05","isFullCredit":false},{"lineNumber":9,"author":{"gitId":"Lee-YiSheng"},"content":"        this.count \u003d 0;","lastModifiedDate":"2025-09-02T17:33:05","isFullCredit":false},{"lineNumber":10,"author":{"gitId":"Lee-YiSheng"},"content":"    }","lastModifiedDate":"2025-09-02T17:33:05","isFullCredit":false},{"lineNumber":11,"author":{"gitId":"Lee-YiSheng"},"content":"","lastModifiedDate":"2025-09-02T17:33:05","isFullCredit":false},{"lineNumber":12,"author":{"gitId":"Lee-YiSheng"},"content":"    public void addTask(Task task) {","lastModifiedDate":"2025-09-02T17:33:05","isFullCredit":false},{"lineNumber":13,"author":{"gitId":"Lee-YiSheng"},"content":"        if (count \u003c tasks.length) {","lastModifiedDate":"2025-09-02T17:33:05","isFullCredit":false},{"lineNumber":14,"author":{"gitId":"Lee-YiSheng"},"content":"            tasks[count] \u003d task;","lastModifiedDate":"2025-09-02T17:33:05","isFullCredit":false},{"lineNumber":15,"author":{"gitId":"Lee-YiSheng"},"content":"            count++;","lastModifiedDate":"2025-09-02T17:33:05","isFullCredit":false},{"lineNumber":16,"author":{"gitId":"Lee-YiSheng"},"content":"        }","lastModifiedDate":"2025-09-02T17:33:05","isFullCredit":false},{"lineNumber":17,"author":{"gitId":"Lee-YiSheng"},"content":"    }","lastModifiedDate":"2025-09-02T17:33:05","isFullCredit":false},{"lineNumber":18,"author":{"gitId":"Lee-YiSheng"},"content":"","lastModifiedDate":"2025-09-02T17:33:05","isFullCredit":false},{"lineNumber":19,"author":{"gitId":"Lee-YiSheng"},"content":"    public boolean markTask(int index) {","lastModifiedDate":"2025-09-02T17:33:05","isFullCredit":false},{"lineNumber":20,"author":{"gitId":"Lee-YiSheng"},"content":"        if (index \u003e\u003d 0 \u0026\u0026 index \u003c count) {","lastModifiedDate":"2025-09-02T17:33:05","isFullCredit":false},{"lineNumber":21,"author":{"gitId":"Lee-YiSheng"},"content":"            tasks[index].markAsDone();","lastModifiedDate":"2025-09-02T17:33:05","isFullCredit":false},{"lineNumber":22,"author":{"gitId":"Lee-YiSheng"},"content":"            return true;","lastModifiedDate":"2025-09-02T17:33:05","isFullCredit":false},{"lineNumber":23,"author":{"gitId":"Lee-YiSheng"},"content":"        }","lastModifiedDate":"2025-09-02T17:33:05","isFullCredit":false},{"lineNumber":24,"author":{"gitId":"Lee-YiSheng"},"content":"        return false;","lastModifiedDate":"2025-09-02T17:33:05","isFullCredit":false},{"lineNumber":25,"author":{"gitId":"Lee-YiSheng"},"content":"    }","lastModifiedDate":"2025-09-02T17:33:05","isFullCredit":false},{"lineNumber":26,"author":{"gitId":"Lee-YiSheng"},"content":"","lastModifiedDate":"2025-09-02T17:33:05","isFullCredit":false},{"lineNumber":27,"author":{"gitId":"Lee-YiSheng"},"content":"    public boolean unmarkTask(int index) {","lastModifiedDate":"2025-09-02T17:33:05","isFullCredit":false},{"lineNumber":28,"author":{"gitId":"Lee-YiSheng"},"content":"        if (index \u003e\u003d 0 \u0026\u0026 index \u003c count) {","lastModifiedDate":"2025-09-02T17:33:05","isFullCredit":false},{"lineNumber":29,"author":{"gitId":"Lee-YiSheng"},"content":"            tasks[index].markAsNotDone();","lastModifiedDate":"2025-09-02T17:33:05","isFullCredit":false},{"lineNumber":30,"author":{"gitId":"Lee-YiSheng"},"content":"            return true;","lastModifiedDate":"2025-09-02T17:33:05","isFullCredit":false},{"lineNumber":31,"author":{"gitId":"Lee-YiSheng"},"content":"        }","lastModifiedDate":"2025-09-02T17:33:05","isFullCredit":false},{"lineNumber":32,"author":{"gitId":"Lee-YiSheng"},"content":"        return false;","lastModifiedDate":"2025-09-02T17:33:05","isFullCredit":false},{"lineNumber":33,"author":{"gitId":"Lee-YiSheng"},"content":"    }","lastModifiedDate":"2025-09-02T17:33:05","isFullCredit":false},{"lineNumber":34,"author":{"gitId":"Lee-YiSheng"},"content":"","lastModifiedDate":"2025-09-02T17:33:05","isFullCredit":false},{"lineNumber":35,"author":{"gitId":"Lee-YiSheng"},"content":"    public Task getTask(int index) {","lastModifiedDate":"2025-09-02T17:33:05","isFullCredit":false},{"lineNumber":36,"author":{"gitId":"Lee-YiSheng"},"content":"        return tasks[index];","lastModifiedDate":"2025-09-02T17:33:05","isFullCredit":false},{"lineNumber":37,"author":{"gitId":"Lee-YiSheng"},"content":"    }","lastModifiedDate":"2025-09-02T17:33:05","isFullCredit":false},{"lineNumber":38,"author":{"gitId":"Lee-YiSheng"},"content":"","lastModifiedDate":"2025-09-02T17:33:05","isFullCredit":false},{"lineNumber":39,"author":{"gitId":"Lee-YiSheng"},"content":"    public int getCount() {","lastModifiedDate":"2025-09-02T17:33:05","isFullCredit":false},{"lineNumber":40,"author":{"gitId":"Lee-YiSheng"},"content":"        return count;","lastModifiedDate":"2025-09-02T17:33:05","isFullCredit":false},{"lineNumber":41,"author":{"gitId":"Lee-YiSheng"},"content":"    }","lastModifiedDate":"2025-09-02T17:33:05","isFullCredit":false},{"lineNumber":42,"author":{"gitId":"Lee-YiSheng"},"content":"}","lastModifiedDate":"2025-09-02T17:33:05","isFullCredit":false}],"authorContributionMap":{"Lee-YiSheng":42}},{"path":"src/main/java/tasks/Todo.java","fileType":"java","lines":[{"lineNumber":1,"author":{"gitId":"Lee-YiSheng"},"content":"package tasks;","lastModifiedDate":"2025-09-06T18:24:11","isFullCredit":false},{"lineNumber":2,"author":{"gitId":"Lee-YiSheng"},"content":"","lastModifiedDate":"2025-09-06T18:24:11","isFullCredit":false},{"lineNumber":3,"author":{"gitId":"Lee-YiSheng"},"content":"public class Todo extends Task {","lastModifiedDate":"2025-09-02T18:53:10","isFullCredit":false},{"lineNumber":4,"author":{"gitId":"Lee-YiSheng"},"content":"    public Todo(String description) {","lastModifiedDate":"2025-09-02T18:53:10","isFullCredit":false},{"lineNumber":5,"author":{"gitId":"Lee-YiSheng"},"content":"        super(description);","lastModifiedDate":"2025-09-02T18:53:10","isFullCredit":false},{"lineNumber":6,"author":{"gitId":"Lee-YiSheng"},"content":"    }","lastModifiedDate":"2025-09-02T18:53:10","isFullCredit":false},{"lineNumber":7,"author":{"gitId":"Lee-YiSheng"},"content":"","lastModifiedDate":"2025-09-02T18:53:10","isFullCredit":false},{"lineNumber":8,"author":{"gitId":"Lee-YiSheng"},"content":"    @Override","lastModifiedDate":"2025-09-02T18:53:10","isFullCredit":false},{"lineNumber":9,"author":{"gitId":"Lee-YiSheng"},"content":"    public String toString() {","lastModifiedDate":"2025-09-02T18:53:10","isFullCredit":false},{"lineNumber":10,"author":{"gitId":"Lee-YiSheng"},"content":"        return \"[T]\" + super.toString();","lastModifiedDate":"2025-09-02T18:53:10","isFullCredit":false},{"lineNumber":11,"author":{"gitId":"Lee-YiSheng"},"content":"    }","lastModifiedDate":"2025-09-02T18:53:10","isFullCredit":false},{"lineNumber":12,"author":{"gitId":"Lee-YiSheng"},"content":"}","lastModifiedDate":"2025-09-02T18:53:10","isFullCredit":false}],"authorContributionMap":{"Lee-YiSheng":12}},{"path":"src/main/java/ui/Ui.java","fileType":"java","lines":[{"lineNumber":1,"author":{"gitId":"Lee-YiSheng"},"content":"package ui;","lastModifiedDate":"2025-09-06T18:35:44","isFullCredit":false},{"lineNumber":2,"author":{"gitId":"Lee-YiSheng"},"content":"","lastModifiedDate":"2025-09-06T18:35:44","isFullCredit":false},{"lineNumber":3,"author":{"gitId":"Lee-YiSheng"},"content":"import tasks.Task;","lastModifiedDate":"2025-09-06T18:24:11","isFullCredit":false},{"lineNumber":4,"author":{"gitId":"Lee-YiSheng"},"content":"import tasks.TaskList;","lastModifiedDate":"2025-09-06T18:35:44","isFullCredit":false},{"lineNumber":5,"author":{"gitId":"Lee-YiSheng"},"content":"","lastModifiedDate":"2025-09-06T18:24:11","isFullCredit":false},{"lineNumber":6,"author":{"gitId":"Lee-YiSheng"},"content":"public class Ui {","lastModifiedDate":"2025-09-02T17:33:05","isFullCredit":false},{"lineNumber":7,"author":{"gitId":"Lee-YiSheng"},"content":"    private final String line;","lastModifiedDate":"2025-09-02T17:33:05","isFullCredit":false},{"lineNumber":8,"author":{"gitId":"Lee-YiSheng"},"content":"","lastModifiedDate":"2025-09-02T17:33:05","isFullCredit":false},{"lineNumber":9,"author":{"gitId":"Lee-YiSheng"},"content":"    public Ui() {","lastModifiedDate":"2025-09-02T17:33:05","isFullCredit":false},{"lineNumber":10,"author":{"gitId":"Lee-YiSheng"},"content":"        this.line \u003d \"____________________________________________________________\";","lastModifiedDate":"2025-09-02T17:33:05","isFullCredit":false},{"lineNumber":11,"author":{"gitId":"Lee-YiSheng"},"content":"    }","lastModifiedDate":"2025-09-02T17:33:05","isFullCredit":false},{"lineNumber":12,"author":{"gitId":"Lee-YiSheng"},"content":"","lastModifiedDate":"2025-09-02T17:33:05","isFullCredit":false},{"lineNumber":13,"author":{"gitId":"Lee-YiSheng"},"content":"    public void showWelcome(String name) {","lastModifiedDate":"2025-09-02T17:33:05","isFullCredit":false},{"lineNumber":14,"author":{"gitId":"Lee-YiSheng"},"content":"        printLine();","lastModifiedDate":"2025-09-02T17:33:05","isFullCredit":false},{"lineNumber":15,"author":{"gitId":"Lee-YiSheng"},"content":"        System.out.println(\" Hi im\" + name);","lastModifiedDate":"2025-09-02T17:33:05","isFullCredit":false},{"lineNumber":16,"author":{"gitId":"Lee-YiSheng"},"content":"        System.out.println(\" What you want\");","lastModifiedDate":"2025-09-02T17:33:05","isFullCredit":false},{"lineNumber":17,"author":{"gitId":"Lee-YiSheng"},"content":"        printLine();","lastModifiedDate":"2025-09-02T17:33:05","isFullCredit":false},{"lineNumber":18,"author":{"gitId":"Lee-YiSheng"},"content":"    }","lastModifiedDate":"2025-09-02T17:33:05","isFullCredit":false},{"lineNumber":19,"author":{"gitId":"Lee-YiSheng"},"content":"","lastModifiedDate":"2025-09-02T17:33:05","isFullCredit":false},{"lineNumber":20,"author":{"gitId":"Lee-YiSheng"},"content":"    public void showAdded(String task,  int totalTasks) {","lastModifiedDate":"2025-09-02T18:53:10","isFullCredit":false},{"lineNumber":21,"author":{"gitId":"Lee-YiSheng"},"content":"        printLine();","lastModifiedDate":"2025-09-02T17:33:05","isFullCredit":false},{"lineNumber":22,"author":{"gitId":"Lee-YiSheng"},"content":"        System.out.println(\" added: \" + task);","lastModifiedDate":"2025-09-02T17:33:05","isFullCredit":false},{"lineNumber":23,"author":{"gitId":"Lee-YiSheng"},"content":"        System.out.println(\" Now you have \" + totalTasks + \" tasks in the list.\");","lastModifiedDate":"2025-09-02T18:53:10","isFullCredit":false},{"lineNumber":24,"author":{"gitId":"Lee-YiSheng"},"content":"        printLine();","lastModifiedDate":"2025-09-02T17:33:05","isFullCredit":false},{"lineNumber":25,"author":{"gitId":"Lee-YiSheng"},"content":"","lastModifiedDate":"2025-09-02T18:41:53","isFullCredit":false},{"lineNumber":26,"author":{"gitId":"Lee-YiSheng"},"content":"","lastModifiedDate":"2025-09-02T18:53:10","isFullCredit":false},{"lineNumber":27,"author":{"gitId":"Lee-YiSheng"},"content":"    }","lastModifiedDate":"2025-09-02T17:33:05","isFullCredit":false},{"lineNumber":28,"author":{"gitId":"Lee-YiSheng"},"content":"","lastModifiedDate":"2025-09-02T17:33:05","isFullCredit":false},{"lineNumber":29,"author":{"gitId":"Lee-YiSheng"},"content":"    public void showTaskList(TaskList taskList) {","lastModifiedDate":"2025-09-02T17:33:05","isFullCredit":false},{"lineNumber":30,"author":{"gitId":"Lee-YiSheng"},"content":"        printLine();","lastModifiedDate":"2025-09-02T17:33:05","isFullCredit":false},{"lineNumber":31,"author":{"gitId":"Lee-YiSheng"},"content":"        System.out.println(\" Here are the tasks in your list:\");","lastModifiedDate":"2025-09-02T17:33:05","isFullCredit":false},{"lineNumber":32,"author":{"gitId":"Lee-YiSheng"},"content":"        for (int i \u003d 0; i \u003c taskList.getCount(); i++) {","lastModifiedDate":"2025-09-02T17:33:05","isFullCredit":false},{"lineNumber":33,"author":{"gitId":"Lee-YiSheng"},"content":"            Task task \u003d taskList.getTask(i);","lastModifiedDate":"2025-09-02T17:33:05","isFullCredit":false},{"lineNumber":34,"author":{"gitId":"Lee-YiSheng"},"content":"            System.out.println(\" \" + (i + 1) + task);","lastModifiedDate":"2025-09-02T18:41:53","isFullCredit":false},{"lineNumber":35,"author":{"gitId":"Lee-YiSheng"},"content":"        }","lastModifiedDate":"2025-09-02T17:33:05","isFullCredit":false},{"lineNumber":36,"author":{"gitId":"Lee-YiSheng"},"content":"        printLine();","lastModifiedDate":"2025-09-02T17:33:05","isFullCredit":false},{"lineNumber":37,"author":{"gitId":"Lee-YiSheng"},"content":"    }","lastModifiedDate":"2025-09-02T17:33:05","isFullCredit":false},{"lineNumber":38,"author":{"gitId":"Lee-YiSheng"},"content":"","lastModifiedDate":"2025-09-02T17:33:05","isFullCredit":false},{"lineNumber":39,"author":{"gitId":"Lee-YiSheng"},"content":"    public void showMarked(Task task) {","lastModifiedDate":"2025-09-02T17:33:05","isFullCredit":false},{"lineNumber":40,"author":{"gitId":"Lee-YiSheng"},"content":"        printLine();","lastModifiedDate":"2025-09-02T17:33:05","isFullCredit":false},{"lineNumber":41,"author":{"gitId":"Lee-YiSheng"},"content":"        System.out.println(\" task marked as done:\");","lastModifiedDate":"2025-09-02T17:33:05","isFullCredit":false},{"lineNumber":42,"author":{"gitId":"Lee-YiSheng"},"content":"        System.out.println(\"   \" + task);","lastModifiedDate":"2025-09-02T18:41:53","isFullCredit":false},{"lineNumber":43,"author":{"gitId":"Lee-YiSheng"},"content":"        printLine();","lastModifiedDate":"2025-09-02T17:33:05","isFullCredit":false},{"lineNumber":44,"author":{"gitId":"Lee-YiSheng"},"content":"    }","lastModifiedDate":"2025-09-02T17:33:05","isFullCredit":false},{"lineNumber":45,"author":{"gitId":"Lee-YiSheng"},"content":"","lastModifiedDate":"2025-09-02T17:33:05","isFullCredit":false},{"lineNumber":46,"author":{"gitId":"Lee-YiSheng"},"content":"    public void showUnmarked(Task task) {","lastModifiedDate":"2025-09-02T17:33:05","isFullCredit":false},{"lineNumber":47,"author":{"gitId":"Lee-YiSheng"},"content":"        printLine();","lastModifiedDate":"2025-09-02T17:33:05","isFullCredit":false},{"lineNumber":48,"author":{"gitId":"Lee-YiSheng"},"content":"        System.out.println(\" this task marked as not done:\");","lastModifiedDate":"2025-09-02T17:33:05","isFullCredit":false},{"lineNumber":49,"author":{"gitId":"Lee-YiSheng"},"content":"        System.out.println(\"   \" + task);","lastModifiedDate":"2025-09-02T18:41:53","isFullCredit":false},{"lineNumber":50,"author":{"gitId":"Lee-YiSheng"},"content":"        printLine();","lastModifiedDate":"2025-09-02T17:33:05","isFullCredit":false},{"lineNumber":51,"author":{"gitId":"Lee-YiSheng"},"content":"    }","lastModifiedDate":"2025-09-02T17:33:05","isFullCredit":false},{"lineNumber":52,"author":{"gitId":"Lee-YiSheng"},"content":"","lastModifiedDate":"2025-09-02T17:33:05","isFullCredit":false},{"lineNumber":53,"author":{"gitId":"Lee-YiSheng"},"content":"    public void showGoodbye() {","lastModifiedDate":"2025-09-02T17:33:05","isFullCredit":false},{"lineNumber":54,"author":{"gitId":"Lee-YiSheng"},"content":"        printLine();","lastModifiedDate":"2025-09-02T17:33:05","isFullCredit":false},{"lineNumber":55,"author":{"gitId":"Lee-YiSheng"},"content":"        System.out.println(\" Bye. please dont come back\");","lastModifiedDate":"2025-09-02T17:33:05","isFullCredit":false},{"lineNumber":56,"author":{"gitId":"Lee-YiSheng"},"content":"        printLine();","lastModifiedDate":"2025-09-02T17:33:05","isFullCredit":false},{"lineNumber":57,"author":{"gitId":"Lee-YiSheng"},"content":"    }","lastModifiedDate":"2025-09-02T17:33:05","isFullCredit":false},{"lineNumber":58,"author":{"gitId":"Lee-YiSheng"},"content":"","lastModifiedDate":"2025-09-02T17:33:05","isFullCredit":false},{"lineNumber":59,"author":{"gitId":"Lee-YiSheng"},"content":"    private void printLine() {","lastModifiedDate":"2025-09-02T17:33:05","isFullCredit":false},{"lineNumber":60,"author":{"gitId":"Lee-YiSheng"},"content":"        System.out.println(line);","lastModifiedDate":"2025-09-02T17:33:05","isFullCredit":false},{"lineNumber":61,"author":{"gitId":"Lee-YiSheng"},"content":"    }","lastModifiedDate":"2025-09-02T17:33:05","isFullCredit":false},{"lineNumber":62,"author":{"gitId":"Lee-YiSheng"},"content":"","lastModifiedDate":"2025-09-06T18:35:44","isFullCredit":false},{"lineNumber":63,"author":{"gitId":"Lee-YiSheng"},"content":"    public void showError(String message) {","lastModifiedDate":"2025-09-06T18:35:44","isFullCredit":false},{"lineNumber":64,"author":{"gitId":"Lee-YiSheng"},"content":"        System.err.println(message);","lastModifiedDate":"2025-09-06T18:35:44","isFullCredit":false},{"lineNumber":65,"author":{"gitId":"Lee-YiSheng"},"content":"    }","lastModifiedDate":"2025-09-06T18:35:44","isFullCredit":false},{"lineNumber":66,"author":{"gitId":"Lee-YiSheng"},"content":"}","lastModifiedDate":"2025-09-02T17:33:05","isFullCredit":false}],"authorContributionMap":{"Lee-YiSheng":66}},{"path":"text-ui-test/runtest.bat","fileType":"bat","lines":[{"lineNumber":1,"author":{"gitId":"-"},"content":"@ECHO OFF","lastModifiedDate":"2020-05-25T00:03:55","isFullCredit":false},{"lineNumber":2,"author":{"gitId":"-"},"content":"","lastModifiedDate":"2020-05-25T00:03:55","isFullCredit":false},{"lineNumber":3,"author":{"gitId":"-"},"content":"REM create bin directory if it doesn\u0027t exist","lastModifiedDate":"2020-05-25T00:03:55","isFullCredit":false},{"lineNumber":4,"author":{"gitId":"-"},"content":"if not exist ..\\bin mkdir ..\\bin","lastModifiedDate":"2020-05-25T00:03:55","isFullCredit":false},{"lineNumber":5,"author":{"gitId":"-"},"content":"","lastModifiedDate":"2020-05-25T00:03:55","isFullCredit":false},{"lineNumber":6,"author":{"gitId":"-"},"content":"REM delete output from previous run","lastModifiedDate":"2020-05-25T00:03:55","isFullCredit":false},{"lineNumber":7,"author":{"gitId":"-"},"content":"if exist ACTUAL.TXT del ACTUAL.TXT","lastModifiedDate":"2020-08-25T17:23:26","isFullCredit":false},{"lineNumber":8,"author":{"gitId":"-"},"content":"","lastModifiedDate":"2020-05-25T00:03:55","isFullCredit":false},{"lineNumber":9,"author":{"gitId":"-"},"content":"REM compile the code into the bin folder","lastModifiedDate":"2020-05-25T00:03:55","isFullCredit":false},{"lineNumber":10,"author":{"gitId":"-"},"content":"javac  -cp ..\\src\\main\\java -Xlint:none -d ..\\bin ..\\src\\main\\java\\*.java","lastModifiedDate":"2020-08-25T17:23:26","isFullCredit":false},{"lineNumber":11,"author":{"gitId":"-"},"content":"IF ERRORLEVEL 1 (","lastModifiedDate":"2020-05-25T00:03:55","isFullCredit":false},{"lineNumber":12,"author":{"gitId":"-"},"content":"    echo ********** BUILD FAILURE **********","lastModifiedDate":"2020-05-25T00:03:55","isFullCredit":false},{"lineNumber":13,"author":{"gitId":"-"},"content":"    exit /b 1","lastModifiedDate":"2020-05-25T00:03:55","isFullCredit":false},{"lineNumber":14,"author":{"gitId":"-"},"content":")","lastModifiedDate":"2020-05-25T00:03:55","isFullCredit":false},{"lineNumber":15,"author":{"gitId":"-"},"content":"REM no error here, errorlevel \u003d\u003d 0","lastModifiedDate":"2020-05-25T00:03:55","isFullCredit":false},{"lineNumber":16,"author":{"gitId":"-"},"content":"","lastModifiedDate":"2020-05-25T00:03:55","isFullCredit":false},{"lineNumber":17,"author":{"gitId":"-"},"content":"REM run the program, feed commands from input.txt file and redirect the output to the ACTUAL.TXT","lastModifiedDate":"2020-05-25T00:03:55","isFullCredit":false},{"lineNumber":18,"author":{"gitId":"Lee-YiSheng"},"content":"java -classpath ..\\bin Pep \u003c input.txt \u003e ACTUAL.TXT","lastModifiedDate":"2025-08-21T14:13:24","isFullCredit":false},{"lineNumber":19,"author":{"gitId":"-"},"content":"","lastModifiedDate":"2020-05-25T00:03:55","isFullCredit":false},{"lineNumber":20,"author":{"gitId":"-"},"content":"REM compare the output to the expected output","lastModifiedDate":"2020-05-25T00:03:55","isFullCredit":false},{"lineNumber":21,"author":{"gitId":"-"},"content":"FC ACTUAL.TXT EXPECTED.TXT","lastModifiedDate":"2020-05-25T00:03:55","isFullCredit":false}],"authorContributionMap":{"Lee-YiSheng":1,"-":20}}]
