{"authorDailyContributionsMap":{"Lee-YiSheng":[{"date":"2025-08-21T00:00:00","commitResults":[{"hash":"014f813c9f8f6d79da5839fd0c8bb50ab86ea1de","isMergeCommit":false,"messageTitle":"Level 0. Rename, Greet, Exit","messageBody":"Refactored chatbot name to Pep and implemented skeletal version\n","tags":["Level-0"],"fileTypesAndContributionMap":{"java":{"insertions":11,"deletions":10},"bat":{"insertions":1,"deletions":1},"md":{"insertions":3,"deletions":3}}}]},{"date":"2025-08-26T00:00:00","commitResults":[{"hash":"d063b1318c644fc122d75bf1dbe8e779c292dabd","isMergeCommit":false,"messageTitle":"Added Echo functionality","messageBody":"Program now waits for user input, will echo the input unless receives \"bye\", where it then exists.\n","tags":["Level-1"],"fileTypesAndContributionMap":{"java":{"insertions":15,"deletions":3}}}]},{"date":"2025-08-27T00:00:00","commitResults":[{"hash":"2860f4600da9adccf3dd35008f222b140e699813","isMergeCommit":false,"messageTitle":"Encapsulated UI and methods","messageBody":"All UI logic is in Ui class, and improved readability with Pep focusing on chatbot behavior while UI handles presentation.\n","fileTypesAndContributionMap":{"java":{"insertions":55,"deletions":16}}},{"hash":"cd24774857e7d330e7c9a7948f5da1b21212fbeb","isMergeCommit":false,"messageTitle":"Add, List","messageBody":"Add the ability to store whatever text entered by the user and display them back to the user when requested.\n","tags":["Level-2"],"fileTypesAndContributionMap":{"java":{"insertions":47,"deletions":6}}},{"hash":"3e1f5f625b40234e1d79092db092d28102e39147","isMergeCommit":false,"messageTitle":"Mark as Done","messageBody":"Add the ability to mark tasks as done. Optionally, add the ability to change the status back to not done.\n","tags":["Level-3"],"fileTypesAndContributionMap":{"java":{"insertions":88,"deletions":11}}}]},{"date":"2025-09-02T00:00:00","commitResults":[{"hash":"2468d96212694b931b1f304496967e940c97e2d1","isMergeCommit":false,"messageTitle":"refactor: split Pep into separate classes","messageBody":"- Moved Ui, TaskList, and Task into their own files for better modularity\n","fileTypesAndContributionMap":{"java":{"insertions":133,"deletions":124}}},{"hash":"9d02487ee82843231d350bd00fb46de0f5f87dbd","isMergeCommit":false,"messageTitle":"refactor: improve task output formatting in toString()","messageBody":"Replaced direct System.out.println usage with a cleaner toString() override\nthat formats tasks consistently using status icon and description.\n","tags":["A-CodingStandard"],"fileTypesAndContributionMap":{"java":{"insertions":14,"deletions":3}}},{"hash":"176072814f33bf0cad87539a5af407685ccd2eb1","isMergeCommit":false,"messageTitle":"feat: add support for Todo, Deadline task types","messageBody":"- Implemented Task subclasses (Todo, Deadline) inheriting from Task\n- Updated Pep to parse commands for each task type and store them polymorphically\n- Enhanced UI to display task type, status, and relevant date details\n","fileTypesAndContributionMap":{"java":{"insertions":23,"deletions":7}}},{"hash":"3fe3b4f208d43a97068202db25ffb3ee6b9c8ca1","isMergeCommit":false,"messageTitle":"feat: add Event task type with start and end time support","messageBody":"- Implemented Event class extending Task to represent tasks with a start and end time\n- Updated command parsing in Pep to handle \u0027event\u0027 input with /from and /to parameters\n- Enhanced UI to display Event tasks with their time range\n","tags":["Level-4"],"fileTypesAndContributionMap":{"java":{"insertions":26,"deletions":0}}}]},{"date":"2025-09-06T00:00:00","commitResults":[{"hash":"8536509fd668128e2619d28a8a152f268905947e","isMergeCommit":false,"messageTitle":"add Command abstract class","messageBody":"","fileTypesAndContributionMap":{"java":{"insertions":16,"deletions":0}}},{"hash":"428041f8e03e5181f9d517f2174d7d7dd6b37263","isMergeCommit":false,"messageTitle":"add ListCommand class","messageBody":"","fileTypesAndContributionMap":{"java":{"insertions":6,"deletions":0}}},{"hash":"a5e836f7d85f7153b4ea7ee5bfe7c6c213cdabfa","isMergeCommit":false,"messageTitle":"add MarkCommand class","messageBody":"","fileTypesAndContributionMap":{"java":{"insertions":14,"deletions":0}}},{"hash":"5af3b642a546a7093978803ba46cb8d785b7348a","isMergeCommit":false,"messageTitle":"add UnmarkCommand class","messageBody":"","fileTypesAndContributionMap":{"java":{"insertions":14,"deletions":0}}},{"hash":"8e78e8c487e0ceab992d438dd90725e73b16b930","isMergeCommit":false,"messageTitle":"add AddTodoCommand class","messageBody":"","fileTypesAndContributionMap":{"java":{"insertions":14,"deletions":0}}},{"hash":"902c77cf13332b2d903596c07cf8ca1fb8b13c86","isMergeCommit":false,"messageTitle":"add ExitCommand class","messageBody":"","fileTypesAndContributionMap":{"java":{"insertions":11,"deletions":0}}},{"hash":"0502907b003a9ed90614b0993138cc72206417fe","isMergeCommit":false,"messageTitle":"add Parser class","messageBody":"","fileTypesAndContributionMap":{"java":{"insertions":18,"deletions":0}}},{"hash":"ab762b75d6c65f0f5b2899d19a4533046e0affc5","isMergeCommit":false,"messageTitle":"Updated parser class and refactored Pep\u0027s run()","messageBody":"Parser now includes todo, deadline and event commands.\n","fileTypesAndContributionMap":{"java":{"insertions":16,"deletions":40}}},{"hash":"d5f09f1c5a28256bad6dc7add0fcfac98063bbc0","isMergeCommit":false,"messageTitle":"add AddDeadlineCommand class","messageBody":"","fileTypesAndContributionMap":{"java":{"insertions":16,"deletions":0}}},{"hash":"4373ff25e9d4a3492cefa0cc06240469f1a2e160","isMergeCommit":false,"messageTitle":"add AddEventCommand class","messageBody":"","fileTypesAndContributionMap":{"java":{"insertions":18,"deletions":0}}},{"hash":"f51f2f0a4f88869426091f20800efcee4edc728b","isMergeCommit":false,"messageTitle":"Refactor: Packaged commands","messageBody":"commands have been packaged and code refactored to include relevant imports\n","tags":["A-Packages"],"fileTypesAndContributionMap":{"java":{"insertions":46,"deletions":0}}},{"hash":"cc37756dbf15ad6ff2e2e706d19c1fa9d35d9e50","isMergeCommit":false,"messageTitle":"Refactor: Packaged tasks","messageBody":"tasks, deadline, event, todo have been packaged\n","fileTypesAndContributionMap":{"java":{"insertions":12,"deletions":1}}},{"hash":"bedd5ac1af950e1cff6b42818dff29d7f67e1235","isMergeCommit":false,"messageTitle":"README.md updated for autocomplete acknowledgement","messageBody":"","fileTypesAndContributionMap":{"md":{"insertions":4,"deletions":1}}},{"hash":"d63624c085bf1ab06ddc5f772b423057ac392248","isMergeCommit":false,"messageTitle":"refactor: Packaged ui and refactored TaskList to package task","messageBody":"","fileTypesAndContributionMap":{"java":{"insertions":18,"deletions":17}}},{"hash":"4c4f03ac46a5dc7d2499f10e00e2bc531967df24","isMergeCommit":false,"messageTitle":"bug fix for AddTodoCommand","messageBody":"AddTodoCommand class had a mistyped object of Task instead of Todo\n","fileTypesAndContributionMap":{"java":{"insertions":4,"deletions":3}}},{"hash":"c30a57adc5fa4dc662c43ea4b159ecebb96ac421","isMergeCommit":false,"messageTitle":"Handle Errors","messageBody":"added IllegalArgumentException to show error message when user input unusual commands\n","fileTypesAndContributionMap":{"java":{"insertions":1,"deletions":1}}},{"hash":"8ed2897cc5db5b15545dd9ce0c66dfd90357c5e7","isMergeCommit":false,"messageTitle":"add exceptions package, PepException class","messageBody":"","tags":["A-Exceptions"],"fileTypesAndContributionMap":{"java":{"insertions":8,"deletions":0}}},{"hash":"38a66e0be9265cebb4cc7349244971708b15ac47","isMergeCommit":false,"messageTitle":"Added exception handling for todo","messageBody":"","fileTypesAndContributionMap":{"java":{"insertions":9,"deletions":3}}}]},{"date":"2025-09-07T00:00:00","commitResults":[{"hash":"c3820c28c50c9e73c5260757c76078b7aca60d05","isMergeCommit":false,"messageTitle":"Added exception handling for AddEventCommand","messageBody":"","fileTypesAndContributionMap":{"java":{"insertions":5,"deletions":1}}},{"hash":"1c70cc08a376847744d7b702df78eb66f7aaf8c8","isMergeCommit":false,"messageTitle":"Updated exception handling for AddEventCommand to handle missing \u0027from\u0027 and \u0027to\u0027","messageBody":"","fileTypesAndContributionMap":{"java":{"insertions":6,"deletions":0}}},{"hash":"0981d650a6ff042e133c000cc7620441daccf5cb","isMergeCommit":true,"messageTitle":"merge: Level-5 increment","messageBody":"","tags":["Level-5"],"fileTypesAndContributionMap":{}}]}]},"authorFileTypeContributionMap":{"Lee-YiSheng":{"java":428,"md":6,"fxml":0,"sh":0,"bat":1,"gradle":0,"txt":0}},"authorContributionVariance":{"Lee-YiSheng":7392.8193},"authorDisplayNameMap":{"Lee-YiSheng":"CS2113-T11-3 LEE ..HENG"}}
