{"authorDailyContributionsMap":{"Lee-YiSheng":[{"date":"2025-08-21T00:00:00","commitResults":[{"hash":"014f813c9f8f6d79da5839fd0c8bb50ab86ea1de","isMergeCommit":false,"messageTitle":"Level 0. Rename, Greet, Exit","messageBody":"Refactored chatbot name to Pep and implemented skeletal version\n","fileTypesAndContributionMap":{"java":{"insertions":11,"deletions":10},"bat":{"insertions":1,"deletions":1},"md":{"insertions":3,"deletions":3}}}]},{"date":"2025-08-26T00:00:00","commitResults":[{"hash":"d063b1318c644fc122d75bf1dbe8e779c292dabd","isMergeCommit":false,"messageTitle":"Added Echo functionality","messageBody":"Program now waits for user input, will echo the input unless receives \"bye\", where it then exists.\n","tags":["Level-1"],"fileTypesAndContributionMap":{"java":{"insertions":15,"deletions":3}}}]},{"date":"2025-08-27T00:00:00","commitResults":[{"hash":"2860f4600da9adccf3dd35008f222b140e699813","isMergeCommit":false,"messageTitle":"Encapsulated UI and methods","messageBody":"All UI logic is in Ui class, and improved readability with Pep focusing on chatbot behavior while UI handles presentation.\n","fileTypesAndContributionMap":{"java":{"insertions":55,"deletions":16}}},{"hash":"cd24774857e7d330e7c9a7948f5da1b21212fbeb","isMergeCommit":false,"messageTitle":"Add, List","messageBody":"Add the ability to store whatever text entered by the user and display them back to the user when requested.\n","tags":["Level-2"],"fileTypesAndContributionMap":{"java":{"insertions":47,"deletions":6}}},{"hash":"3e1f5f625b40234e1d79092db092d28102e39147","isMergeCommit":false,"messageTitle":"Mark as Done","messageBody":"Add the ability to mark tasks as done. Optionally, add the ability to change the status back to not done.\n","tags":["Level-3"],"fileTypesAndContributionMap":{"java":{"insertions":88,"deletions":11}}}]},{"date":"2025-09-02T00:00:00","commitResults":[{"hash":"2468d96212694b931b1f304496967e940c97e2d1","isMergeCommit":false,"messageTitle":"refactor: split Pep into separate classes","messageBody":"- Moved Ui, TaskList, and Task into their own files for better modularity\n","fileTypesAndContributionMap":{"java":{"insertions":133,"deletions":124}}},{"hash":"9d02487ee82843231d350bd00fb46de0f5f87dbd","isMergeCommit":false,"messageTitle":"refactor: improve task output formatting in toString()","messageBody":"Replaced direct System.out.println usage with a cleaner toString() override\nthat formats tasks consistently using status icon and description.\n","fileTypesAndContributionMap":{"java":{"insertions":14,"deletions":3}}},{"hash":"176072814f33bf0cad87539a5af407685ccd2eb1","isMergeCommit":false,"messageTitle":"feat: add support for Todo, Deadline task types","messageBody":"- Implemented Task subclasses (Todo, Deadline) inheriting from Task\n- Updated Pep to parse commands for each task type and store them polymorphically\n- Enhanced UI to display task type, status, and relevant date details\n","fileTypesAndContributionMap":{"java":{"insertions":23,"deletions":7}}},{"hash":"3fe3b4f208d43a97068202db25ffb3ee6b9c8ca1","isMergeCommit":false,"messageTitle":"feat: add Event task type with start and end time support","messageBody":"- Implemented Event class extending Task to represent tasks with a start and end time\n- Updated command parsing in Pep to handle \u0027event\u0027 input with /from and /to parameters\n- Enhanced UI to display Event tasks with their time range\n","tags":["Level-4"],"fileTypesAndContributionMap":{"java":{"insertions":26,"deletions":0}}}]}]},"authorFileTypeContributionMap":{"Lee-YiSheng":{"java":242,"md":3,"fxml":0,"sh":0,"bat":1,"gradle":0,"txt":0}},"authorContributionVariance":{"Lee-YiSheng":5613.378},"authorDisplayNameMap":{"Lee-YiSheng":"CS2113-T11-3 LEE ..HENG"}}
