[{"path":"docs/README.md","fileType":"md","lines":[{"lineNumber":1,"author":{"gitId":"abefqy"},"content":"# Darren User Guide","lastModifiedDate":"2025-08-27T12:41:42","isFullCredit":false},{"lineNumber":2,"author":{"gitId":"-"},"content":"","lastModifiedDate":"2019-07-29T17:14:46","isFullCredit":false},{"lineNumber":3,"author":{"gitId":"-"},"content":"// Update the title above to match the actual product name","lastModifiedDate":"2024-01-07T18:33:52","isFullCredit":false},{"lineNumber":4,"author":{"gitId":"-"},"content":"","lastModifiedDate":"2019-07-29T17:14:46","isFullCredit":false},{"lineNumber":5,"author":{"gitId":"-"},"content":"// Product screenshot goes here","lastModifiedDate":"2024-01-07T18:33:52","isFullCredit":false},{"lineNumber":6,"author":{"gitId":"-"},"content":"","lastModifiedDate":"2021-07-17T16:49:07","isFullCredit":false},{"lineNumber":7,"author":{"gitId":"-"},"content":"// Product intro goes here","lastModifiedDate":"2024-01-07T18:33:52","isFullCredit":false},{"lineNumber":8,"author":{"gitId":"-"},"content":"","lastModifiedDate":"2021-07-17T16:49:07","isFullCredit":false},{"lineNumber":9,"author":{"gitId":"-"},"content":"## Adding deadlines","lastModifiedDate":"2024-01-07T18:33:52","isFullCredit":false},{"lineNumber":10,"author":{"gitId":"-"},"content":"","lastModifiedDate":"2021-07-17T16:49:07","isFullCredit":false},{"lineNumber":11,"author":{"gitId":"-"},"content":"// Describe the action and its outcome.","lastModifiedDate":"2024-01-07T18:33:52","isFullCredit":false},{"lineNumber":12,"author":{"gitId":"-"},"content":"","lastModifiedDate":"2019-07-29T17:14:46","isFullCredit":false},{"lineNumber":13,"author":{"gitId":"-"},"content":"// Give examples of usage","lastModifiedDate":"2024-01-07T18:33:52","isFullCredit":false},{"lineNumber":14,"author":{"gitId":"-"},"content":"","lastModifiedDate":"2019-07-29T17:14:46","isFullCredit":false},{"lineNumber":15,"author":{"gitId":"-"},"content":"Example: `keyword (optional arguments)`","lastModifiedDate":"2024-01-07T18:33:52","isFullCredit":false},{"lineNumber":16,"author":{"gitId":"-"},"content":"","lastModifiedDate":"2019-07-29T17:14:46","isFullCredit":false},{"lineNumber":17,"author":{"gitId":"-"},"content":"// A description of the expected outcome goes here","lastModifiedDate":"2024-01-07T18:33:52","isFullCredit":false},{"lineNumber":18,"author":{"gitId":"-"},"content":"","lastModifiedDate":"2019-07-29T17:14:46","isFullCredit":false},{"lineNumber":19,"author":{"gitId":"-"},"content":"```","lastModifiedDate":"2024-01-07T18:33:52","isFullCredit":false},{"lineNumber":20,"author":{"gitId":"-"},"content":"expected output","lastModifiedDate":"2024-01-07T18:33:52","isFullCredit":false},{"lineNumber":21,"author":{"gitId":"-"},"content":"```","lastModifiedDate":"2024-01-07T18:33:52","isFullCredit":false},{"lineNumber":22,"author":{"gitId":"-"},"content":"","lastModifiedDate":"2019-07-29T17:14:46","isFullCredit":false},{"lineNumber":23,"author":{"gitId":"-"},"content":"## Feature ABC","lastModifiedDate":"2024-01-07T18:33:52","isFullCredit":false},{"lineNumber":24,"author":{"gitId":"-"},"content":"","lastModifiedDate":"2019-07-29T17:14:46","isFullCredit":false},{"lineNumber":25,"author":{"gitId":"-"},"content":"// Feature details","lastModifiedDate":"2024-01-07T18:33:52","isFullCredit":false},{"lineNumber":26,"author":{"gitId":"-"},"content":"","lastModifiedDate":"2019-07-29T17:14:46","isFullCredit":false},{"lineNumber":27,"author":{"gitId":"-"},"content":"","lastModifiedDate":"2021-07-17T16:49:07","isFullCredit":false},{"lineNumber":28,"author":{"gitId":"-"},"content":"## Feature XYZ","lastModifiedDate":"2024-01-07T18:33:52","isFullCredit":false},{"lineNumber":29,"author":{"gitId":"-"},"content":"","lastModifiedDate":"2024-01-07T18:33:52","isFullCredit":false},{"lineNumber":30,"author":{"gitId":"-"},"content":"// Feature details","lastModifiedDate":"2024-01-07T18:33:52","isFullCredit":false}],"authorContributionMap":{"abefqy":1,"-":29}},{"path":"src/main/java/Darren.java","fileType":"java","lines":[{"lineNumber":1,"author":{"gitId":"abefqy"},"content":"import java.util.Scanner;","lastModifiedDate":"2025-08-28T21:40:19","isFullCredit":false},{"lineNumber":2,"author":{"gitId":"abefqy"},"content":"","lastModifiedDate":"2025-08-28T21:40:19","isFullCredit":false},{"lineNumber":3,"author":{"gitId":"abefqy"},"content":"public class Darren {","lastModifiedDate":"2025-08-27T12:41:42","isFullCredit":false},{"lineNumber":4,"author":{"gitId":"abefqy"},"content":"","lastModifiedDate":"2025-08-28T23:21:55","isFullCredit":false},{"lineNumber":5,"author":{"gitId":"abefqy"},"content":"    public static Integer getInt(String input) {","lastModifiedDate":"2025-08-28T23:21:55","isFullCredit":false},{"lineNumber":6,"author":{"gitId":"abefqy"},"content":"        //get integer for mark and unmark","lastModifiedDate":"2025-08-28T23:21:55","isFullCredit":false},{"lineNumber":7,"author":{"gitId":"abefqy"},"content":"        String[] words \u003d input.split(\" \");","lastModifiedDate":"2025-08-28T23:21:55","isFullCredit":false},{"lineNumber":8,"author":{"gitId":"abefqy"},"content":"        if (words.length !\u003d 2) {","lastModifiedDate":"2025-09-05T15:41:23","isFullCredit":false},{"lineNumber":9,"author":{"gitId":"abefqy"},"content":"            return null;","lastModifiedDate":"2025-09-05T15:41:23","isFullCredit":false},{"lineNumber":10,"author":{"gitId":"abefqy"},"content":"        }","lastModifiedDate":"2025-09-05T15:41:23","isFullCredit":false},{"lineNumber":11,"author":{"gitId":"abefqy"},"content":"        return Integer.parseInt(words[1]);","lastModifiedDate":"2025-08-28T23:21:55","isFullCredit":false},{"lineNumber":12,"author":{"gitId":"abefqy"},"content":"    }","lastModifiedDate":"2025-08-28T23:21:55","isFullCredit":false},{"lineNumber":13,"author":{"gitId":"abefqy"},"content":"","lastModifiedDate":"2025-08-28T23:21:55","isFullCredit":false},{"lineNumber":14,"author":{"gitId":"abefqy"},"content":"","lastModifiedDate":"2025-08-28T23:21:55","isFullCredit":false},{"lineNumber":15,"author":{"gitId":"abefqy"},"content":"    public static void main(String[] args) {","lastModifiedDate":"2025-08-27T12:41:42","isFullCredit":false},{"lineNumber":16,"author":{"gitId":"abefqy"},"content":"        Scanner scanner \u003d new Scanner(System.in);","lastModifiedDate":"2025-08-28T21:40:19","isFullCredit":false},{"lineNumber":17,"author":{"gitId":"abefqy"},"content":"        int taskCount \u003d 0;","lastModifiedDate":"2025-08-28T22:02:16","isFullCredit":false},{"lineNumber":18,"author":{"gitId":"abefqy"},"content":"        Task[] tasks \u003d new Task[100];","lastModifiedDate":"2025-08-28T23:21:55","isFullCredit":false},{"lineNumber":19,"author":{"gitId":"abefqy"},"content":"","lastModifiedDate":"2025-08-28T22:02:16","isFullCredit":false},{"lineNumber":20,"author":{"gitId":"abefqy"},"content":"        String logo \u003d \"Darren\";","lastModifiedDate":"2025-08-28T21:40:19","isFullCredit":false},{"lineNumber":21,"author":{"gitId":"abefqy"},"content":"        String line \u003d \"_____________________________________________\";","lastModifiedDate":"2025-08-28T21:40:19","isFullCredit":false},{"lineNumber":22,"author":{"gitId":"abefqy"},"content":"","lastModifiedDate":"2025-08-27T12:41:42","isFullCredit":false},{"lineNumber":23,"author":{"gitId":"abefqy"},"content":"        //greeting","lastModifiedDate":"2025-08-28T22:02:16","isFullCredit":false},{"lineNumber":24,"author":{"gitId":"abefqy"},"content":"        System.out.println(line);","lastModifiedDate":"2025-08-28T21:40:19","isFullCredit":false},{"lineNumber":25,"author":{"gitId":"abefqy"},"content":"        System.out.println(\"Hello! I\u0027m \" + logo);","lastModifiedDate":"2025-08-28T21:40:19","isFullCredit":false},{"lineNumber":26,"author":{"gitId":"abefqy"},"content":"        System.out.println(\"How can I help you?\");","lastModifiedDate":"2025-08-28T21:40:19","isFullCredit":false},{"lineNumber":27,"author":{"gitId":"abefqy"},"content":"        System.out.println(line);","lastModifiedDate":"2025-08-28T21:40:19","isFullCredit":false},{"lineNumber":28,"author":{"gitId":"abefqy"},"content":"","lastModifiedDate":"2025-08-27T12:41:42","isFullCredit":false},{"lineNumber":29,"author":{"gitId":"abefqy"},"content":"        while (true) {","lastModifiedDate":"2025-08-28T21:40:19","isFullCredit":false},{"lineNumber":30,"author":{"gitId":"abefqy"},"content":"            String input \u003d scanner.nextLine();","lastModifiedDate":"2025-08-28T21:40:19","isFullCredit":false},{"lineNumber":31,"author":{"gitId":"abefqy"},"content":"            if (input.trim().isEmpty()) {","lastModifiedDate":"2025-09-05T15:41:23","isFullCredit":false},{"lineNumber":32,"author":{"gitId":"abefqy"},"content":"                continue;","lastModifiedDate":"2025-09-05T15:41:23","isFullCredit":false},{"lineNumber":33,"author":{"gitId":"abefqy"},"content":"            }","lastModifiedDate":"2025-09-05T15:41:23","isFullCredit":false},{"lineNumber":34,"author":{"gitId":"abefqy"},"content":"            // get first word of input as command","lastModifiedDate":"2025-09-05T11:53:19","isFullCredit":false},{"lineNumber":35,"author":{"gitId":"abefqy"},"content":"            String[] words \u003d input.split(\" \");","lastModifiedDate":"2025-09-05T11:53:19","isFullCredit":false},{"lineNumber":36,"author":{"gitId":"abefqy"},"content":"            String command \u003d words[0];","lastModifiedDate":"2025-09-05T11:53:19","isFullCredit":false},{"lineNumber":37,"author":{"gitId":"abefqy"},"content":"","lastModifiedDate":"2025-09-05T11:53:19","isFullCredit":false},{"lineNumber":38,"author":{"gitId":"abefqy"},"content":"            switch (command) {","lastModifiedDate":"2025-09-05T11:53:19","isFullCredit":false},{"lineNumber":39,"author":{"gitId":"abefqy"},"content":"                case \"bye\":","lastModifiedDate":"2025-09-05T11:53:19","isFullCredit":false},{"lineNumber":40,"author":{"gitId":"abefqy"},"content":"                    System.out.println(line);","lastModifiedDate":"2025-08-28T21:40:19","isFullCredit":false},{"lineNumber":41,"author":{"gitId":"abefqy"},"content":"                    System.out.println(\"Goodbye! Have a nice day :)\");","lastModifiedDate":"2025-08-28T21:40:19","isFullCredit":false},{"lineNumber":42,"author":{"gitId":"abefqy"},"content":"                    System.out.println(line);","lastModifiedDate":"2025-08-28T21:40:19","isFullCredit":false},{"lineNumber":43,"author":{"gitId":"abefqy"},"content":"                    scanner.close();","lastModifiedDate":"2025-09-05T11:53:19","isFullCredit":false},{"lineNumber":44,"author":{"gitId":"abefqy"},"content":"                    return;","lastModifiedDate":"2025-09-05T11:53:19","isFullCredit":false},{"lineNumber":45,"author":{"gitId":"abefqy"},"content":"","lastModifiedDate":"2025-08-28T23:21:55","isFullCredit":false},{"lineNumber":46,"author":{"gitId":"abefqy"},"content":"                case \"list\":","lastModifiedDate":"2025-09-05T11:53:19","isFullCredit":false},{"lineNumber":47,"author":{"gitId":"abefqy"},"content":"                    System.out.println(\"Here\u0027s your to-do list:\");","lastModifiedDate":"2025-08-28T23:21:55","isFullCredit":false},{"lineNumber":48,"author":{"gitId":"abefqy"},"content":"                    System.out.println(line);","lastModifiedDate":"2025-08-28T22:02:16","isFullCredit":false},{"lineNumber":49,"author":{"gitId":"abefqy"},"content":"                    for (int i \u003d 0; i \u003c taskCount; i++) {","lastModifiedDate":"2025-08-28T22:02:16","isFullCredit":false},{"lineNumber":50,"author":{"gitId":"abefqy"},"content":"                        System.out.println((i + 1) + \". \" + tasks[i]);","lastModifiedDate":"2025-08-28T22:02:16","isFullCredit":false},{"lineNumber":51,"author":{"gitId":"abefqy"},"content":"                    }","lastModifiedDate":"2025-08-28T21:40:19","isFullCredit":false},{"lineNumber":52,"author":{"gitId":"abefqy"},"content":"                    System.out.println(line);","lastModifiedDate":"2025-08-28T21:40:19","isFullCredit":false},{"lineNumber":53,"author":{"gitId":"abefqy"},"content":"                    break;","lastModifiedDate":"2025-09-05T11:53:19","isFullCredit":false},{"lineNumber":54,"author":{"gitId":"abefqy"},"content":"","lastModifiedDate":"2025-08-28T23:21:55","isFullCredit":false},{"lineNumber":55,"author":{"gitId":"abefqy"},"content":"                case \"mark\":","lastModifiedDate":"2025-09-05T11:53:19","isFullCredit":false},{"lineNumber":56,"author":{"gitId":"abefqy"},"content":"                    Integer markIndex \u003d getInt(input);","lastModifiedDate":"2025-09-05T11:53:19","isFullCredit":false},{"lineNumber":57,"author":{"gitId":"abefqy"},"content":"                    if (markIndex !\u003d null \u0026\u0026 markIndex \u003c\u003d taskCount \u0026\u0026 markIndex \u003e 0) {","lastModifiedDate":"2025-09-05T11:53:19","isFullCredit":false},{"lineNumber":58,"author":{"gitId":"abefqy"},"content":"                        tasks[markIndex - 1].markAsDone();","lastModifiedDate":"2025-09-05T11:53:19","isFullCredit":false},{"lineNumber":59,"author":{"gitId":"abefqy"},"content":"                        System.out.println(line);","lastModifiedDate":"2025-08-28T23:21:55","isFullCredit":false},{"lineNumber":60,"author":{"gitId":"abefqy"},"content":"                        System.out.println(\"Good work! This task has been complete:\");","lastModifiedDate":"2025-08-28T23:21:55","isFullCredit":false},{"lineNumber":61,"author":{"gitId":"abefqy"},"content":"                        System.out.println(tasks[markIndex - 1]);","lastModifiedDate":"2025-09-05T11:53:19","isFullCredit":false},{"lineNumber":62,"author":{"gitId":"abefqy"},"content":"                        System.out.println(line);","lastModifiedDate":"2025-08-28T23:21:55","isFullCredit":false},{"lineNumber":63,"author":{"gitId":"abefqy"},"content":"                    } else {","lastModifiedDate":"2025-09-05T11:53:19","isFullCredit":false},{"lineNumber":64,"author":{"gitId":"abefqy"},"content":"                        System.out.println(\"Please enter a valid task number\");","lastModifiedDate":"2025-09-05T11:53:19","isFullCredit":false},{"lineNumber":65,"author":{"gitId":"abefqy"},"content":"                    }","lastModifiedDate":"2025-08-28T23:21:55","isFullCredit":false},{"lineNumber":66,"author":{"gitId":"abefqy"},"content":"                    break;","lastModifiedDate":"2025-09-05T11:53:19","isFullCredit":false},{"lineNumber":67,"author":{"gitId":"abefqy"},"content":"","lastModifiedDate":"2025-08-28T23:21:55","isFullCredit":false},{"lineNumber":68,"author":{"gitId":"abefqy"},"content":"                case \"unmark\":","lastModifiedDate":"2025-09-05T11:53:19","isFullCredit":false},{"lineNumber":69,"author":{"gitId":"abefqy"},"content":"                    Integer unmarkIndex \u003d getInt(input);","lastModifiedDate":"2025-09-05T11:53:19","isFullCredit":false},{"lineNumber":70,"author":{"gitId":"abefqy"},"content":"                    if (unmarkIndex !\u003d null \u0026\u0026 unmarkIndex \u003c\u003d taskCount \u0026\u0026 unmarkIndex \u003e 0) {","lastModifiedDate":"2025-09-05T11:53:19","isFullCredit":false},{"lineNumber":71,"author":{"gitId":"abefqy"},"content":"                        tasks[unmarkIndex - 1].markAsNotDone();","lastModifiedDate":"2025-09-05T11:53:19","isFullCredit":false},{"lineNumber":72,"author":{"gitId":"abefqy"},"content":"                        System.out.println(line);","lastModifiedDate":"2025-08-28T23:21:55","isFullCredit":false},{"lineNumber":73,"author":{"gitId":"abefqy"},"content":"                        System.out.println(\"Got it, I\u0027ve marked this task as incomplete\");","lastModifiedDate":"2025-08-28T23:21:55","isFullCredit":false},{"lineNumber":74,"author":{"gitId":"abefqy"},"content":"                        System.out.println(tasks[unmarkIndex - 1]);","lastModifiedDate":"2025-09-05T11:53:19","isFullCredit":false},{"lineNumber":75,"author":{"gitId":"abefqy"},"content":"                        System.out.println(line);","lastModifiedDate":"2025-08-28T23:21:55","isFullCredit":false},{"lineNumber":76,"author":{"gitId":"abefqy"},"content":"                    } else {","lastModifiedDate":"2025-08-28T22:02:16","isFullCredit":false},{"lineNumber":77,"author":{"gitId":"abefqy"},"content":"                        System.out.println(\"Please enter a valid task number\");","lastModifiedDate":"2025-09-05T11:53:19","isFullCredit":false},{"lineNumber":78,"author":{"gitId":"abefqy"},"content":"                    }","lastModifiedDate":"2025-09-05T11:53:19","isFullCredit":false},{"lineNumber":79,"author":{"gitId":"abefqy"},"content":"                    break;","lastModifiedDate":"2025-09-05T11:53:19","isFullCredit":false},{"lineNumber":80,"author":{"gitId":"abefqy"},"content":"","lastModifiedDate":"2025-09-05T11:53:19","isFullCredit":false},{"lineNumber":81,"author":{"gitId":"abefqy"},"content":"                case \"todo\":","lastModifiedDate":"2025-09-05T15:41:23","isFullCredit":false},{"lineNumber":82,"author":{"gitId":"abefqy"},"content":"                    String todoDescription \u003d input.substring(5).trim();","lastModifiedDate":"2025-09-05T15:41:23","isFullCredit":false},{"lineNumber":83,"author":{"gitId":"abefqy"},"content":"                    if (!todoDescription.isEmpty()) {","lastModifiedDate":"2025-09-05T15:41:23","isFullCredit":false},{"lineNumber":84,"author":{"gitId":"abefqy"},"content":"                        tasks[taskCount] \u003d new Todo(todoDescription);","lastModifiedDate":"2025-09-05T15:41:23","isFullCredit":false},{"lineNumber":85,"author":{"gitId":"abefqy"},"content":"                        taskCount++;","lastModifiedDate":"2025-09-05T15:41:23","isFullCredit":false},{"lineNumber":86,"author":{"gitId":"abefqy"},"content":"                        System.out.println(line);","lastModifiedDate":"2025-09-05T15:41:23","isFullCredit":false},{"lineNumber":87,"author":{"gitId":"abefqy"},"content":"                        System.out.println(\"Got it. I\u0027ve added this todo:\");","lastModifiedDate":"2025-09-05T15:41:23","isFullCredit":false},{"lineNumber":88,"author":{"gitId":"abefqy"},"content":"                        System.out.println(\" \" + tasks[taskCount -1]);","lastModifiedDate":"2025-09-05T15:41:23","isFullCredit":false},{"lineNumber":89,"author":{"gitId":"abefqy"},"content":"                        System.out.println(\"Now you have \" + taskCount + \" tasks in your list.\");","lastModifiedDate":"2025-09-05T15:41:23","isFullCredit":false},{"lineNumber":90,"author":{"gitId":"abefqy"},"content":"                        System.out.println(line);","lastModifiedDate":"2025-09-05T15:41:23","isFullCredit":false},{"lineNumber":91,"author":{"gitId":"abefqy"},"content":"                    } else {","lastModifiedDate":"2025-09-05T15:41:23","isFullCredit":false},{"lineNumber":92,"author":{"gitId":"abefqy"},"content":"                        System.out.println(\"Please enter a valid task\");","lastModifiedDate":"2025-09-05T15:41:23","isFullCredit":false},{"lineNumber":93,"author":{"gitId":"abefqy"},"content":"                    }","lastModifiedDate":"2025-09-05T15:41:23","isFullCredit":false},{"lineNumber":94,"author":{"gitId":"abefqy"},"content":"                    break;","lastModifiedDate":"2025-09-05T15:41:23","isFullCredit":false},{"lineNumber":95,"author":{"gitId":"abefqy"},"content":"","lastModifiedDate":"2025-09-05T15:41:23","isFullCredit":false},{"lineNumber":96,"author":{"gitId":"abefqy"},"content":"                case \"deadline\":","lastModifiedDate":"2025-09-05T15:41:23","isFullCredit":false},{"lineNumber":97,"author":{"gitId":"abefqy"},"content":"                    String removeDeadline \u003d input.substring(9).trim();","lastModifiedDate":"2025-09-05T15:41:23","isFullCredit":false},{"lineNumber":98,"author":{"gitId":"abefqy"},"content":"                    String[] remaining \u003d removeDeadline.split(\"/by\");","lastModifiedDate":"2025-09-05T15:41:23","isFullCredit":false},{"lineNumber":99,"author":{"gitId":"abefqy"},"content":"                    //check for successful split","lastModifiedDate":"2025-09-05T15:41:23","isFullCredit":false},{"lineNumber":100,"author":{"gitId":"abefqy"},"content":"                    if (remaining.length \u003c 2) {","lastModifiedDate":"2025-09-05T15:41:23","isFullCredit":false},{"lineNumber":101,"author":{"gitId":"abefqy"},"content":"                        System.out.println(\"Please use the correct format: deadline \u003cdescription\u003e /by \u003cdate/time\u003e\");","lastModifiedDate":"2025-09-05T15:41:23","isFullCredit":false},{"lineNumber":102,"author":{"gitId":"abefqy"},"content":"                        break;","lastModifiedDate":"2025-09-05T15:41:23","isFullCredit":false},{"lineNumber":103,"author":{"gitId":"abefqy"},"content":"                    }","lastModifiedDate":"2025-09-05T15:41:23","isFullCredit":false},{"lineNumber":104,"author":{"gitId":"abefqy"},"content":"                    tasks[taskCount] \u003d new Deadline(remaining[0].trim(), remaining[1].trim());","lastModifiedDate":"2025-09-05T15:41:23","isFullCredit":false},{"lineNumber":105,"author":{"gitId":"abefqy"},"content":"                    taskCount++;","lastModifiedDate":"2025-08-28T22:02:16","isFullCredit":false},{"lineNumber":106,"author":{"gitId":"abefqy"},"content":"                    System.out.println(line);","lastModifiedDate":"2025-08-28T21:40:19","isFullCredit":false},{"lineNumber":107,"author":{"gitId":"abefqy"},"content":"                    System.out.println(\"Got it. I\u0027ve added this task:\");","lastModifiedDate":"2025-09-05T15:41:23","isFullCredit":false},{"lineNumber":108,"author":{"gitId":"abefqy"},"content":"                    System.out.println(\" \" + tasks[taskCount -1]);","lastModifiedDate":"2025-09-05T15:41:23","isFullCredit":false},{"lineNumber":109,"author":{"gitId":"abefqy"},"content":"                    System.out.println(\"Now you have \" + taskCount + \" tasks in your list.\");","lastModifiedDate":"2025-09-05T15:41:23","isFullCredit":false},{"lineNumber":110,"author":{"gitId":"abefqy"},"content":"                    System.out.println(line);","lastModifiedDate":"2025-09-05T15:41:23","isFullCredit":false},{"lineNumber":111,"author":{"gitId":"abefqy"},"content":"                    break;","lastModifiedDate":"2025-09-05T15:41:23","isFullCredit":false},{"lineNumber":112,"author":{"gitId":"abefqy"},"content":"","lastModifiedDate":"2025-09-05T15:41:23","isFullCredit":false},{"lineNumber":113,"author":{"gitId":"abefqy"},"content":"                case \"event\":","lastModifiedDate":"2025-09-05T15:41:23","isFullCredit":false},{"lineNumber":114,"author":{"gitId":"abefqy"},"content":"                    String removeEvent \u003d input.substring(6).trim();","lastModifiedDate":"2025-09-05T15:41:23","isFullCredit":false},{"lineNumber":115,"author":{"gitId":"abefqy"},"content":"                    String[] remainingEvent \u003d removeEvent.split(\"/from\");","lastModifiedDate":"2025-09-05T15:41:23","isFullCredit":false},{"lineNumber":116,"author":{"gitId":"abefqy"},"content":"                    if (remainingEvent.length \u003c 2) {","lastModifiedDate":"2025-09-05T15:41:23","isFullCredit":false},{"lineNumber":117,"author":{"gitId":"abefqy"},"content":"                        System.out.println(\"Please use the correct format: Event \u003cdescription\u003e /from \u003cdate/time\u003e /to \u003cdate/time\u003e\");","lastModifiedDate":"2025-09-05T15:41:23","isFullCredit":false},{"lineNumber":118,"author":{"gitId":"abefqy"},"content":"                        break;","lastModifiedDate":"2025-09-05T15:41:23","isFullCredit":false},{"lineNumber":119,"author":{"gitId":"abefqy"},"content":"                    }","lastModifiedDate":"2025-09-05T15:41:23","isFullCredit":false},{"lineNumber":120,"author":{"gitId":"abefqy"},"content":"                    String description \u003d  remainingEvent[0].trim();","lastModifiedDate":"2025-09-05T15:41:23","isFullCredit":false},{"lineNumber":121,"author":{"gitId":"abefqy"},"content":"                    String[] remainingEvent2 \u003d remainingEvent[1].split(\"/to\");","lastModifiedDate":"2025-09-05T15:41:23","isFullCredit":false},{"lineNumber":122,"author":{"gitId":"abefqy"},"content":"                    if (remainingEvent2.length \u003c 2) {","lastModifiedDate":"2025-09-05T15:41:23","isFullCredit":false},{"lineNumber":123,"author":{"gitId":"abefqy"},"content":"                        System.out.println(\"Please use the correct format: Event \u003cdescription\u003e /from \u003cdate/time\u003e /to \u003cdate/time\u003e\");","lastModifiedDate":"2025-09-05T15:41:23","isFullCredit":false},{"lineNumber":124,"author":{"gitId":"abefqy"},"content":"                        break;","lastModifiedDate":"2025-09-05T15:41:23","isFullCredit":false},{"lineNumber":125,"author":{"gitId":"abefqy"},"content":"                    }","lastModifiedDate":"2025-09-05T15:41:23","isFullCredit":false},{"lineNumber":126,"author":{"gitId":"abefqy"},"content":"                    String from \u003d remainingEvent2[0].trim();","lastModifiedDate":"2025-09-05T15:41:23","isFullCredit":false},{"lineNumber":127,"author":{"gitId":"abefqy"},"content":"                    String to \u003d remainingEvent2[1].trim();","lastModifiedDate":"2025-09-05T15:41:23","isFullCredit":false},{"lineNumber":128,"author":{"gitId":"abefqy"},"content":"","lastModifiedDate":"2025-09-05T15:41:23","isFullCredit":false},{"lineNumber":129,"author":{"gitId":"abefqy"},"content":"                    tasks[taskCount] \u003d new Event(description, from, to);","lastModifiedDate":"2025-09-05T15:41:23","isFullCredit":false},{"lineNumber":130,"author":{"gitId":"abefqy"},"content":"                    taskCount++;","lastModifiedDate":"2025-09-05T15:41:23","isFullCredit":false},{"lineNumber":131,"author":{"gitId":"abefqy"},"content":"                    System.out.println(line);","lastModifiedDate":"2025-09-05T15:41:23","isFullCredit":false},{"lineNumber":132,"author":{"gitId":"abefqy"},"content":"                    System.out.println(\"Got it. I\u0027ve added this event:\");","lastModifiedDate":"2025-09-05T15:41:23","isFullCredit":false},{"lineNumber":133,"author":{"gitId":"abefqy"},"content":"                    System.out.println(\" \" + tasks[taskCount -1]);","lastModifiedDate":"2025-09-05T15:41:23","isFullCredit":false},{"lineNumber":134,"author":{"gitId":"abefqy"},"content":"                    System.out.println(\"Now you have \" + taskCount + \" tasks in your list.\");","lastModifiedDate":"2025-09-05T15:41:23","isFullCredit":false},{"lineNumber":135,"author":{"gitId":"abefqy"},"content":"                    System.out.println(line);","lastModifiedDate":"2025-09-05T15:41:23","isFullCredit":false},{"lineNumber":136,"author":{"gitId":"abefqy"},"content":"                    break;","lastModifiedDate":"2025-09-05T15:41:23","isFullCredit":false},{"lineNumber":137,"author":{"gitId":"abefqy"},"content":"","lastModifiedDate":"2025-09-05T15:41:23","isFullCredit":false},{"lineNumber":138,"author":{"gitId":"abefqy"},"content":"                default:","lastModifiedDate":"2025-09-05T15:41:23","isFullCredit":false},{"lineNumber":139,"author":{"gitId":"abefqy"},"content":"                    System.out.println(line);","lastModifiedDate":"2025-09-05T15:41:23","isFullCredit":false},{"lineNumber":140,"author":{"gitId":"abefqy"},"content":"                    System.out.println(\"I\u0027m sorry, I don\u0027t recognise that command. Please try again.\");","lastModifiedDate":"2025-09-05T15:41:23","isFullCredit":false},{"lineNumber":141,"author":{"gitId":"abefqy"},"content":"                    System.out.println(line);","lastModifiedDate":"2025-08-28T22:02:16","isFullCredit":false},{"lineNumber":142,"author":{"gitId":"abefqy"},"content":"            }","lastModifiedDate":"2025-08-28T22:02:16","isFullCredit":false},{"lineNumber":143,"author":{"gitId":"abefqy"},"content":"        }","lastModifiedDate":"2025-08-28T21:40:19","isFullCredit":false},{"lineNumber":144,"author":{"gitId":"abefqy"},"content":"    }","lastModifiedDate":"2025-08-27T12:41:42","isFullCredit":false},{"lineNumber":145,"author":{"gitId":"abefqy"},"content":"}","lastModifiedDate":"2025-08-27T12:41:42","isFullCredit":false}],"authorContributionMap":{"abefqy":145}},{"path":"src/main/java/Deadline.java","fileType":"java","lines":[{"lineNumber":1,"author":{"gitId":"abefqy"},"content":"public class Deadline extends Task {","lastModifiedDate":"2025-09-05T15:41:23","isFullCredit":false},{"lineNumber":2,"author":{"gitId":"abefqy"},"content":"    protected String end;","lastModifiedDate":"2025-09-05T15:41:23","isFullCredit":false},{"lineNumber":3,"author":{"gitId":"abefqy"},"content":"","lastModifiedDate":"2025-09-05T15:41:23","isFullCredit":false},{"lineNumber":4,"author":{"gitId":"abefqy"},"content":"    public Deadline(String description, String end) {","lastModifiedDate":"2025-09-05T15:41:23","isFullCredit":false},{"lineNumber":5,"author":{"gitId":"abefqy"},"content":"        super(description);","lastModifiedDate":"2025-09-05T15:41:23","isFullCredit":false},{"lineNumber":6,"author":{"gitId":"abefqy"},"content":"        this.end \u003d end;","lastModifiedDate":"2025-09-05T15:41:23","isFullCredit":false},{"lineNumber":7,"author":{"gitId":"abefqy"},"content":"    }","lastModifiedDate":"2025-09-05T15:41:23","isFullCredit":false},{"lineNumber":8,"author":{"gitId":"abefqy"},"content":"","lastModifiedDate":"2025-09-05T15:41:23","isFullCredit":false},{"lineNumber":9,"author":{"gitId":"abefqy"},"content":"    @Override","lastModifiedDate":"2025-09-05T15:41:23","isFullCredit":false},{"lineNumber":10,"author":{"gitId":"abefqy"},"content":"    public String toString() {","lastModifiedDate":"2025-09-05T15:41:23","isFullCredit":false},{"lineNumber":11,"author":{"gitId":"abefqy"},"content":"        return \"[D]\" + super.toString() + \" (by: \" + end + \")\";","lastModifiedDate":"2025-09-05T15:41:23","isFullCredit":false},{"lineNumber":12,"author":{"gitId":"abefqy"},"content":"    }","lastModifiedDate":"2025-09-05T15:41:23","isFullCredit":false},{"lineNumber":13,"author":{"gitId":"abefqy"},"content":"}","lastModifiedDate":"2025-09-05T15:41:23","isFullCredit":false}],"authorContributionMap":{"abefqy":13}},{"path":"src/main/java/Event.java","fileType":"java","lines":[{"lineNumber":1,"author":{"gitId":"abefqy"},"content":"public class Event extends Task{","lastModifiedDate":"2025-09-05T15:41:23","isFullCredit":false},{"lineNumber":2,"author":{"gitId":"abefqy"},"content":"    protected String from;","lastModifiedDate":"2025-09-05T15:41:23","isFullCredit":false},{"lineNumber":3,"author":{"gitId":"abefqy"},"content":"    protected String to;","lastModifiedDate":"2025-09-05T15:41:23","isFullCredit":false},{"lineNumber":4,"author":{"gitId":"abefqy"},"content":"","lastModifiedDate":"2025-09-05T15:41:23","isFullCredit":false},{"lineNumber":5,"author":{"gitId":"abefqy"},"content":"    public Event(String description, String from, String to){","lastModifiedDate":"2025-09-05T15:41:23","isFullCredit":false},{"lineNumber":6,"author":{"gitId":"abefqy"},"content":"        super(description);","lastModifiedDate":"2025-09-05T15:41:23","isFullCredit":false},{"lineNumber":7,"author":{"gitId":"abefqy"},"content":"        this.from \u003d from;","lastModifiedDate":"2025-09-05T15:41:23","isFullCredit":false},{"lineNumber":8,"author":{"gitId":"abefqy"},"content":"        this.to \u003d to;","lastModifiedDate":"2025-09-05T15:41:23","isFullCredit":false},{"lineNumber":9,"author":{"gitId":"abefqy"},"content":"    }","lastModifiedDate":"2025-09-05T15:41:23","isFullCredit":false},{"lineNumber":10,"author":{"gitId":"abefqy"},"content":"","lastModifiedDate":"2025-09-05T15:41:23","isFullCredit":false},{"lineNumber":11,"author":{"gitId":"abefqy"},"content":"    @Override","lastModifiedDate":"2025-09-05T15:41:23","isFullCredit":false},{"lineNumber":12,"author":{"gitId":"abefqy"},"content":"    public String toString() {","lastModifiedDate":"2025-09-05T15:41:23","isFullCredit":false},{"lineNumber":13,"author":{"gitId":"abefqy"},"content":"        return \"[E]\" +  super.toString() + \" (from: \" + from + \" to: \" + to + \")\";","lastModifiedDate":"2025-09-05T15:41:23","isFullCredit":false},{"lineNumber":14,"author":{"gitId":"abefqy"},"content":"    }","lastModifiedDate":"2025-09-05T15:41:23","isFullCredit":false},{"lineNumber":15,"author":{"gitId":"abefqy"},"content":"}","lastModifiedDate":"2025-09-05T15:41:23","isFullCredit":false}],"authorContributionMap":{"abefqy":15}},{"path":"src/main/java/Task.java","fileType":"java","lines":[{"lineNumber":1,"author":{"gitId":"abefqy"},"content":"public class Task {","lastModifiedDate":"2025-08-28T23:21:55","isFullCredit":false},{"lineNumber":2,"author":{"gitId":"abefqy"},"content":"    protected String description;","lastModifiedDate":"2025-08-28T23:21:55","isFullCredit":false},{"lineNumber":3,"author":{"gitId":"abefqy"},"content":"    protected boolean isDone;","lastModifiedDate":"2025-08-28T23:21:55","isFullCredit":false},{"lineNumber":4,"author":{"gitId":"abefqy"},"content":"","lastModifiedDate":"2025-08-28T23:21:55","isFullCredit":false},{"lineNumber":5,"author":{"gitId":"abefqy"},"content":"    public Task(String description) {","lastModifiedDate":"2025-08-28T23:21:55","isFullCredit":false},{"lineNumber":6,"author":{"gitId":"abefqy"},"content":"        this.description \u003d description;","lastModifiedDate":"2025-08-28T23:21:55","isFullCredit":false},{"lineNumber":7,"author":{"gitId":"abefqy"},"content":"        this.isDone \u003d false;","lastModifiedDate":"2025-08-28T23:21:55","isFullCredit":false},{"lineNumber":8,"author":{"gitId":"abefqy"},"content":"    }","lastModifiedDate":"2025-08-28T23:21:55","isFullCredit":false},{"lineNumber":9,"author":{"gitId":"abefqy"},"content":"","lastModifiedDate":"2025-08-28T23:21:55","isFullCredit":false},{"lineNumber":10,"author":{"gitId":"abefqy"},"content":"    public String getStatusIcon() {","lastModifiedDate":"2025-08-28T23:21:55","isFullCredit":false},{"lineNumber":11,"author":{"gitId":"abefqy"},"content":"        return (isDone ? \"X\" : \" \"); // mark done task with X","lastModifiedDate":"2025-08-28T23:21:55","isFullCredit":false},{"lineNumber":12,"author":{"gitId":"abefqy"},"content":"    }","lastModifiedDate":"2025-08-28T23:21:55","isFullCredit":false},{"lineNumber":13,"author":{"gitId":"abefqy"},"content":"","lastModifiedDate":"2025-08-28T23:21:55","isFullCredit":false},{"lineNumber":14,"author":{"gitId":"abefqy"},"content":"    public void markAsDone() {","lastModifiedDate":"2025-08-28T23:21:55","isFullCredit":false},{"lineNumber":15,"author":{"gitId":"abefqy"},"content":"        this.isDone \u003d true;","lastModifiedDate":"2025-08-28T23:21:55","isFullCredit":false},{"lineNumber":16,"author":{"gitId":"abefqy"},"content":"    }","lastModifiedDate":"2025-08-28T23:21:55","isFullCredit":false},{"lineNumber":17,"author":{"gitId":"abefqy"},"content":"","lastModifiedDate":"2025-08-28T23:21:55","isFullCredit":false},{"lineNumber":18,"author":{"gitId":"abefqy"},"content":"    public void markAsNotDone() {","lastModifiedDate":"2025-08-28T23:21:55","isFullCredit":false},{"lineNumber":19,"author":{"gitId":"abefqy"},"content":"        this.isDone \u003d false;","lastModifiedDate":"2025-08-28T23:21:55","isFullCredit":false},{"lineNumber":20,"author":{"gitId":"abefqy"},"content":"    }","lastModifiedDate":"2025-08-28T23:21:55","isFullCredit":false},{"lineNumber":21,"author":{"gitId":"abefqy"},"content":"","lastModifiedDate":"2025-08-28T23:21:55","isFullCredit":false},{"lineNumber":22,"author":{"gitId":"abefqy"},"content":"    @Override","lastModifiedDate":"2025-08-28T23:21:55","isFullCredit":false},{"lineNumber":23,"author":{"gitId":"abefqy"},"content":"    public String toString() {","lastModifiedDate":"2025-08-28T23:21:55","isFullCredit":false},{"lineNumber":24,"author":{"gitId":"abefqy"},"content":"        return \"[\" + getStatusIcon() + \"] \" + description;","lastModifiedDate":"2025-08-28T23:21:55","isFullCredit":false},{"lineNumber":25,"author":{"gitId":"abefqy"},"content":"    }","lastModifiedDate":"2025-08-28T23:21:55","isFullCredit":false},{"lineNumber":26,"author":{"gitId":"abefqy"},"content":"}","lastModifiedDate":"2025-08-28T23:21:55","isFullCredit":false}],"authorContributionMap":{"abefqy":26}},{"path":"src/main/java/Todo.java","fileType":"java","lines":[{"lineNumber":1,"author":{"gitId":"abefqy"},"content":"public class Todo extends Task {","lastModifiedDate":"2025-09-05T15:41:23","isFullCredit":false},{"lineNumber":2,"author":{"gitId":"abefqy"},"content":"    public Todo(String description) {","lastModifiedDate":"2025-09-05T15:41:23","isFullCredit":false},{"lineNumber":3,"author":{"gitId":"abefqy"},"content":"        super(description);","lastModifiedDate":"2025-09-05T15:41:23","isFullCredit":false},{"lineNumber":4,"author":{"gitId":"abefqy"},"content":"    }","lastModifiedDate":"2025-09-05T15:41:23","isFullCredit":false},{"lineNumber":5,"author":{"gitId":"abefqy"},"content":"","lastModifiedDate":"2025-09-05T15:41:23","isFullCredit":false},{"lineNumber":6,"author":{"gitId":"abefqy"},"content":"    @Override","lastModifiedDate":"2025-09-05T15:41:23","isFullCredit":false},{"lineNumber":7,"author":{"gitId":"abefqy"},"content":"    public String toString() {","lastModifiedDate":"2025-09-05T15:41:23","isFullCredit":false},{"lineNumber":8,"author":{"gitId":"abefqy"},"content":"        return \"[T]\" + super.toString();","lastModifiedDate":"2025-09-05T15:41:23","isFullCredit":false},{"lineNumber":9,"author":{"gitId":"abefqy"},"content":"    }","lastModifiedDate":"2025-09-05T15:41:23","isFullCredit":false},{"lineNumber":10,"author":{"gitId":"abefqy"},"content":"}","lastModifiedDate":"2025-09-05T15:41:23","isFullCredit":false}],"authorContributionMap":{"abefqy":10}},{"path":"text-ui-test/runtest.bat","fileType":"bat","lines":[{"lineNumber":1,"author":{"gitId":"-"},"content":"@ECHO OFF","lastModifiedDate":"2020-05-25T00:03:55","isFullCredit":false},{"lineNumber":2,"author":{"gitId":"-"},"content":"","lastModifiedDate":"2020-05-25T00:03:55","isFullCredit":false},{"lineNumber":3,"author":{"gitId":"-"},"content":"REM create bin directory if it doesn\u0027t exist","lastModifiedDate":"2020-05-25T00:03:55","isFullCredit":false},{"lineNumber":4,"author":{"gitId":"-"},"content":"if not exist ..\\bin mkdir ..\\bin","lastModifiedDate":"2020-05-25T00:03:55","isFullCredit":false},{"lineNumber":5,"author":{"gitId":"-"},"content":"","lastModifiedDate":"2020-05-25T00:03:55","isFullCredit":false},{"lineNumber":6,"author":{"gitId":"-"},"content":"REM delete output from previous run","lastModifiedDate":"2020-05-25T00:03:55","isFullCredit":false},{"lineNumber":7,"author":{"gitId":"-"},"content":"if exist ACTUAL.TXT del ACTUAL.TXT","lastModifiedDate":"2020-08-25T17:23:26","isFullCredit":false},{"lineNumber":8,"author":{"gitId":"-"},"content":"","lastModifiedDate":"2020-05-25T00:03:55","isFullCredit":false},{"lineNumber":9,"author":{"gitId":"-"},"content":"REM compile the code into the bin folder","lastModifiedDate":"2020-05-25T00:03:55","isFullCredit":false},{"lineNumber":10,"author":{"gitId":"-"},"content":"javac  -cp ..\\src\\main\\java -Xlint:none -d ..\\bin ..\\src\\main\\java\\*.java","lastModifiedDate":"2020-08-25T17:23:26","isFullCredit":false},{"lineNumber":11,"author":{"gitId":"-"},"content":"IF ERRORLEVEL 1 (","lastModifiedDate":"2020-05-25T00:03:55","isFullCredit":false},{"lineNumber":12,"author":{"gitId":"-"},"content":"    echo ********** BUILD FAILURE **********","lastModifiedDate":"2020-05-25T00:03:55","isFullCredit":false},{"lineNumber":13,"author":{"gitId":"-"},"content":"    exit /b 1","lastModifiedDate":"2020-05-25T00:03:55","isFullCredit":false},{"lineNumber":14,"author":{"gitId":"-"},"content":")","lastModifiedDate":"2020-05-25T00:03:55","isFullCredit":false},{"lineNumber":15,"author":{"gitId":"-"},"content":"REM no error here, errorlevel \u003d\u003d 0","lastModifiedDate":"2020-05-25T00:03:55","isFullCredit":false},{"lineNumber":16,"author":{"gitId":"-"},"content":"","lastModifiedDate":"2020-05-25T00:03:55","isFullCredit":false},{"lineNumber":17,"author":{"gitId":"-"},"content":"REM run the program, feed commands from input.txt file and redirect the output to the ACTUAL.TXT","lastModifiedDate":"2020-05-25T00:03:55","isFullCredit":false},{"lineNumber":18,"author":{"gitId":"abefqy"},"content":"java -classpath ..\\bin Darren \u003c input.txt \u003e ACTUAL.TXT","lastModifiedDate":"2025-09-05T11:53:19","isFullCredit":false},{"lineNumber":19,"author":{"gitId":"-"},"content":"","lastModifiedDate":"2020-05-25T00:03:55","isFullCredit":false},{"lineNumber":20,"author":{"gitId":"-"},"content":"REM compare the output to the expected output","lastModifiedDate":"2020-05-25T00:03:55","isFullCredit":false},{"lineNumber":21,"author":{"gitId":"-"},"content":"FC ACTUAL.TXT EXPECTED.TXT","lastModifiedDate":"2020-05-25T00:03:55","isFullCredit":false}],"authorContributionMap":{"abefqy":1,"-":20}},{"path":"text-ui-test/runtest.sh","fileType":"sh","lines":[{"lineNumber":1,"author":{"gitId":"-"},"content":"#!/usr/bin/env bash","lastModifiedDate":"2020-05-25T00:03:55","isFullCredit":false},{"lineNumber":2,"author":{"gitId":"-"},"content":"","lastModifiedDate":"2020-05-25T00:03:55","isFullCredit":false},{"lineNumber":3,"author":{"gitId":"-"},"content":"# create bin directory if it doesn\u0027t exist","lastModifiedDate":"2020-05-25T00:03:55","isFullCredit":false},{"lineNumber":4,"author":{"gitId":"-"},"content":"if [ ! -d \"../bin\" ]","lastModifiedDate":"2020-05-25T00:03:55","isFullCredit":false},{"lineNumber":5,"author":{"gitId":"-"},"content":"then","lastModifiedDate":"2020-05-25T00:03:55","isFullCredit":false},{"lineNumber":6,"author":{"gitId":"-"},"content":"    mkdir ../bin","lastModifiedDate":"2020-05-25T00:03:55","isFullCredit":false},{"lineNumber":7,"author":{"gitId":"-"},"content":"fi","lastModifiedDate":"2020-05-25T00:03:55","isFullCredit":false},{"lineNumber":8,"author":{"gitId":"-"},"content":"","lastModifiedDate":"2020-05-25T00:03:55","isFullCredit":false},{"lineNumber":9,"author":{"gitId":"-"},"content":"# delete output from previous run","lastModifiedDate":"2020-05-25T00:03:55","isFullCredit":false},{"lineNumber":10,"author":{"gitId":"-"},"content":"if [ -e \"./ACTUAL.TXT\" ]","lastModifiedDate":"2020-05-25T00:03:55","isFullCredit":false},{"lineNumber":11,"author":{"gitId":"-"},"content":"then","lastModifiedDate":"2020-05-25T00:03:55","isFullCredit":false},{"lineNumber":12,"author":{"gitId":"-"},"content":"    rm ACTUAL.TXT","lastModifiedDate":"2020-05-25T00:03:55","isFullCredit":false},{"lineNumber":13,"author":{"gitId":"-"},"content":"fi","lastModifiedDate":"2020-05-25T00:03:55","isFullCredit":false},{"lineNumber":14,"author":{"gitId":"-"},"content":"","lastModifiedDate":"2020-05-25T00:03:55","isFullCredit":false},{"lineNumber":15,"author":{"gitId":"-"},"content":"# compile the code into the bin folder, terminates if error occurred","lastModifiedDate":"2020-05-25T00:03:55","isFullCredit":false},{"lineNumber":16,"author":{"gitId":"-"},"content":"if ! javac -cp ../src/main/java -Xlint:none -d ../bin ../src/main/java/*.java","lastModifiedDate":"2020-08-25T17:23:26","isFullCredit":false},{"lineNumber":17,"author":{"gitId":"-"},"content":"then","lastModifiedDate":"2020-05-25T00:03:55","isFullCredit":false},{"lineNumber":18,"author":{"gitId":"-"},"content":"    echo \"********** BUILD FAILURE **********\"","lastModifiedDate":"2020-05-25T00:03:55","isFullCredit":false},{"lineNumber":19,"author":{"gitId":"-"},"content":"    exit 1","lastModifiedDate":"2020-05-25T00:03:55","isFullCredit":false},{"lineNumber":20,"author":{"gitId":"-"},"content":"fi","lastModifiedDate":"2020-05-25T00:03:55","isFullCredit":false},{"lineNumber":21,"author":{"gitId":"-"},"content":"","lastModifiedDate":"2020-05-25T00:03:55","isFullCredit":false},{"lineNumber":22,"author":{"gitId":"-"},"content":"# run the program, feed commands from input.txt file and redirect the output to the ACTUAL.TXT","lastModifiedDate":"2020-05-25T00:03:55","isFullCredit":false},{"lineNumber":23,"author":{"gitId":"abefqy"},"content":"java -classpath ../bin Darren \u003c input.txt \u003e ACTUAL.TXT","lastModifiedDate":"2025-09-05T11:53:19","isFullCredit":false},{"lineNumber":24,"author":{"gitId":"-"},"content":"","lastModifiedDate":"2020-05-25T00:03:55","isFullCredit":false},{"lineNumber":25,"author":{"gitId":"-"},"content":"# convert to UNIX format","lastModifiedDate":"2020-05-25T00:03:55","isFullCredit":false},{"lineNumber":26,"author":{"gitId":"-"},"content":"cp EXPECTED.TXT EXPECTED-UNIX.TXT","lastModifiedDate":"2020-05-25T00:03:55","isFullCredit":false},{"lineNumber":27,"author":{"gitId":"-"},"content":"dos2unix ACTUAL.TXT EXPECTED-UNIX.TXT","lastModifiedDate":"2020-05-25T00:03:55","isFullCredit":false},{"lineNumber":28,"author":{"gitId":"-"},"content":"","lastModifiedDate":"2020-05-25T00:03:55","isFullCredit":false},{"lineNumber":29,"author":{"gitId":"-"},"content":"# compare the output to the expected output","lastModifiedDate":"2020-05-25T00:03:55","isFullCredit":false},{"lineNumber":30,"author":{"gitId":"-"},"content":"diff ACTUAL.TXT EXPECTED-UNIX.TXT","lastModifiedDate":"2020-05-25T00:03:55","isFullCredit":false},{"lineNumber":31,"author":{"gitId":"-"},"content":"if [ $? -eq 0 ]","lastModifiedDate":"2020-05-25T00:03:55","isFullCredit":false},{"lineNumber":32,"author":{"gitId":"-"},"content":"then","lastModifiedDate":"2020-05-25T00:03:55","isFullCredit":false},{"lineNumber":33,"author":{"gitId":"-"},"content":"    echo \"Test result: PASSED\"","lastModifiedDate":"2020-05-25T00:03:55","isFullCredit":false},{"lineNumber":34,"author":{"gitId":"-"},"content":"    exit 0","lastModifiedDate":"2020-05-25T00:03:55","isFullCredit":false},{"lineNumber":35,"author":{"gitId":"-"},"content":"else","lastModifiedDate":"2020-05-25T00:03:55","isFullCredit":false},{"lineNumber":36,"author":{"gitId":"-"},"content":"    echo \"Test result: FAILED\"","lastModifiedDate":"2020-05-25T00:03:55","isFullCredit":false},{"lineNumber":37,"author":{"gitId":"-"},"content":"    exit 1","lastModifiedDate":"2020-05-25T00:03:55","isFullCredit":false},{"lineNumber":38,"author":{"gitId":"-"},"content":"fi","lastModifiedDate":"2020-05-25T00:03:55","isFullCredit":false}],"authorContributionMap":{"abefqy":1,"-":37}}]
