[{"path":"docs/README.md","fileType":"md","lines":[{"lineNumber":1,"author":{"gitId":"abefqy"},"content":"# darren.Darren User Guide","lastModifiedDate":"2025-09-13T16:40:16","isFullCredit":false},{"lineNumber":2,"author":{"gitId":"-"},"content":"","lastModifiedDate":"2019-07-29T17:14:46","isFullCredit":false},{"lineNumber":3,"author":{"gitId":"-"},"content":"// Update the title above to match the actual product name","lastModifiedDate":"2024-01-07T18:33:52","isFullCredit":false},{"lineNumber":4,"author":{"gitId":"-"},"content":"","lastModifiedDate":"2019-07-29T17:14:46","isFullCredit":false},{"lineNumber":5,"author":{"gitId":"-"},"content":"// Product screenshot goes here","lastModifiedDate":"2024-01-07T18:33:52","isFullCredit":false},{"lineNumber":6,"author":{"gitId":"-"},"content":"","lastModifiedDate":"2021-07-17T16:49:07","isFullCredit":false},{"lineNumber":7,"author":{"gitId":"-"},"content":"// Product intro goes here","lastModifiedDate":"2024-01-07T18:33:52","isFullCredit":false},{"lineNumber":8,"author":{"gitId":"-"},"content":"","lastModifiedDate":"2021-07-17T16:49:07","isFullCredit":false},{"lineNumber":9,"author":{"gitId":"-"},"content":"## Adding deadlines","lastModifiedDate":"2024-01-07T18:33:52","isFullCredit":false},{"lineNumber":10,"author":{"gitId":"-"},"content":"","lastModifiedDate":"2021-07-17T16:49:07","isFullCredit":false},{"lineNumber":11,"author":{"gitId":"-"},"content":"// Describe the action and its outcome.","lastModifiedDate":"2024-01-07T18:33:52","isFullCredit":false},{"lineNumber":12,"author":{"gitId":"-"},"content":"","lastModifiedDate":"2019-07-29T17:14:46","isFullCredit":false},{"lineNumber":13,"author":{"gitId":"-"},"content":"// Give examples of usage","lastModifiedDate":"2024-01-07T18:33:52","isFullCredit":false},{"lineNumber":14,"author":{"gitId":"-"},"content":"","lastModifiedDate":"2019-07-29T17:14:46","isFullCredit":false},{"lineNumber":15,"author":{"gitId":"-"},"content":"Example: `keyword (optional arguments)`","lastModifiedDate":"2024-01-07T18:33:52","isFullCredit":false},{"lineNumber":16,"author":{"gitId":"-"},"content":"","lastModifiedDate":"2019-07-29T17:14:46","isFullCredit":false},{"lineNumber":17,"author":{"gitId":"-"},"content":"// A description of the expected outcome goes here","lastModifiedDate":"2024-01-07T18:33:52","isFullCredit":false},{"lineNumber":18,"author":{"gitId":"-"},"content":"","lastModifiedDate":"2019-07-29T17:14:46","isFullCredit":false},{"lineNumber":19,"author":{"gitId":"-"},"content":"```","lastModifiedDate":"2024-01-07T18:33:52","isFullCredit":false},{"lineNumber":20,"author":{"gitId":"-"},"content":"expected output","lastModifiedDate":"2024-01-07T18:33:52","isFullCredit":false},{"lineNumber":21,"author":{"gitId":"-"},"content":"```","lastModifiedDate":"2024-01-07T18:33:52","isFullCredit":false},{"lineNumber":22,"author":{"gitId":"-"},"content":"","lastModifiedDate":"2019-07-29T17:14:46","isFullCredit":false},{"lineNumber":23,"author":{"gitId":"-"},"content":"## Feature ABC","lastModifiedDate":"2024-01-07T18:33:52","isFullCredit":false},{"lineNumber":24,"author":{"gitId":"-"},"content":"","lastModifiedDate":"2019-07-29T17:14:46","isFullCredit":false},{"lineNumber":25,"author":{"gitId":"-"},"content":"// Feature details","lastModifiedDate":"2024-01-07T18:33:52","isFullCredit":false},{"lineNumber":26,"author":{"gitId":"-"},"content":"","lastModifiedDate":"2019-07-29T17:14:46","isFullCredit":false},{"lineNumber":27,"author":{"gitId":"-"},"content":"","lastModifiedDate":"2021-07-17T16:49:07","isFullCredit":false},{"lineNumber":28,"author":{"gitId":"-"},"content":"## Feature XYZ","lastModifiedDate":"2024-01-07T18:33:52","isFullCredit":false},{"lineNumber":29,"author":{"gitId":"-"},"content":"","lastModifiedDate":"2024-01-07T18:33:52","isFullCredit":false},{"lineNumber":30,"author":{"gitId":"-"},"content":"// Feature details","lastModifiedDate":"2024-01-07T18:33:52","isFullCredit":false}],"authorContributionMap":{"abefqy":1,"-":29}},{"path":"src/main/java/darren/Darren.java","fileType":"java","lines":[{"lineNumber":1,"author":{"gitId":"abefqy"},"content":"package darren;","lastModifiedDate":"2025-09-13T16:40:16","isFullCredit":false},{"lineNumber":2,"author":{"gitId":"abefqy"},"content":"","lastModifiedDate":"2025-09-13T16:40:16","isFullCredit":false},{"lineNumber":3,"author":{"gitId":"abefqy"},"content":"import darren.task.Task;","lastModifiedDate":"2025-09-13T16:40:16","isFullCredit":false},{"lineNumber":4,"author":{"gitId":"abefqy"},"content":"","lastModifiedDate":"2025-09-13T16:40:16","isFullCredit":false},{"lineNumber":5,"author":{"gitId":"abefqy"},"content":"import java.io.IOException;","lastModifiedDate":"2025-09-25T13:24:59","isFullCredit":false},{"lineNumber":6,"author":{"gitId":"abefqy"},"content":"import java.util.ArrayList;","lastModifiedDate":"2025-09-25T13:24:59","isFullCredit":false},{"lineNumber":7,"author":{"gitId":"abefqy"},"content":"","lastModifiedDate":"2025-08-28T21:40:19","isFullCredit":false},{"lineNumber":8,"author":{"gitId":"abefqy"},"content":"public class Darren {","lastModifiedDate":"2025-08-27T12:41:42","isFullCredit":false},{"lineNumber":9,"author":{"gitId":"abefqy"},"content":"","lastModifiedDate":"2025-08-28T23:21:55","isFullCredit":false},{"lineNumber":10,"author":{"gitId":"abefqy"},"content":"    private Storage storage;","lastModifiedDate":"2025-09-30T20:46:11","isFullCredit":false},{"lineNumber":11,"author":{"gitId":"abefqy"},"content":"    private TaskList tasks;","lastModifiedDate":"2025-09-30T20:46:11","isFullCredit":false},{"lineNumber":12,"author":{"gitId":"abefqy"},"content":"    private Ui ui;","lastModifiedDate":"2025-09-30T20:46:11","isFullCredit":false},{"lineNumber":13,"author":{"gitId":"abefqy"},"content":"","lastModifiedDate":"2025-09-08T01:53:30","isFullCredit":false},{"lineNumber":14,"author":{"gitId":"abefqy"},"content":"    public Darren(String filePath) {","lastModifiedDate":"2025-09-30T20:46:11","isFullCredit":false},{"lineNumber":15,"author":{"gitId":"abefqy"},"content":"        ui \u003d new Ui();","lastModifiedDate":"2025-09-30T20:46:11","isFullCredit":false},{"lineNumber":16,"author":{"gitId":"abefqy"},"content":"        storage \u003d new Storage(filePath);","lastModifiedDate":"2025-09-30T20:46:11","isFullCredit":false},{"lineNumber":17,"author":{"gitId":"abefqy"},"content":"        try {","lastModifiedDate":"2025-09-25T13:24:59","isFullCredit":false},{"lineNumber":18,"author":{"gitId":"abefqy"},"content":"            tasks \u003d new TaskList(storage.loadTasks());","lastModifiedDate":"2025-09-30T20:46:11","isFullCredit":false},{"lineNumber":19,"author":{"gitId":"abefqy"},"content":"        } catch (DarrenException e) {","lastModifiedDate":"2025-09-30T20:46:11","isFullCredit":false},{"lineNumber":20,"author":{"gitId":"abefqy"},"content":"            ui.showLoadingError();","lastModifiedDate":"2025-09-30T20:46:11","isFullCredit":false},{"lineNumber":21,"author":{"gitId":"abefqy"},"content":"            tasks \u003d new TaskList(new ArrayList\u003cTask\u003e());","lastModifiedDate":"2025-09-30T20:46:11","isFullCredit":false},{"lineNumber":22,"author":{"gitId":"abefqy"},"content":"        }","lastModifiedDate":"2025-09-25T13:24:59","isFullCredit":false},{"lineNumber":23,"author":{"gitId":"abefqy"},"content":"    }","lastModifiedDate":"2025-09-25T13:24:59","isFullCredit":false},{"lineNumber":24,"author":{"gitId":"abefqy"},"content":"","lastModifiedDate":"2025-09-25T13:24:59","isFullCredit":false},{"lineNumber":25,"author":{"gitId":"abefqy"},"content":"","lastModifiedDate":"2025-08-28T23:21:55","isFullCredit":false},{"lineNumber":26,"author":{"gitId":"abefqy"},"content":"    public void run() {","lastModifiedDate":"2025-09-30T20:46:11","isFullCredit":false},{"lineNumber":27,"author":{"gitId":"abefqy"},"content":"        this.ui.displayWelcome();","lastModifiedDate":"2025-09-30T20:46:11","isFullCredit":false},{"lineNumber":28,"author":{"gitId":"abefqy"},"content":"","lastModifiedDate":"2025-08-27T12:41:42","isFullCredit":false},{"lineNumber":29,"author":{"gitId":"abefqy"},"content":"        boolean isExit \u003d false;","lastModifiedDate":"2025-09-30T20:46:11","isFullCredit":false},{"lineNumber":30,"author":{"gitId":"abefqy"},"content":"","lastModifiedDate":"2025-08-27T12:41:42","isFullCredit":false},{"lineNumber":31,"author":{"gitId":"abefqy"},"content":"        while (!isExit) {","lastModifiedDate":"2025-09-30T20:46:11","isFullCredit":false},{"lineNumber":32,"author":{"gitId":"abefqy"},"content":"            try {","lastModifiedDate":"2025-09-09T22:44:06","isFullCredit":false},{"lineNumber":33,"author":{"gitId":"abefqy"},"content":"                String input \u003d this.ui.nextLine();","lastModifiedDate":"2025-09-30T20:46:11","isFullCredit":false},{"lineNumber":34,"author":{"gitId":"abefqy"},"content":"","lastModifiedDate":"2025-09-18T23:06:41","isFullCredit":false},{"lineNumber":35,"author":{"gitId":"abefqy"},"content":"                Parser.command(input, this.tasks, this.ui, this.storage);","lastModifiedDate":"2025-09-30T20:46:11","isFullCredit":false},{"lineNumber":36,"author":{"gitId":"abefqy"},"content":"","lastModifiedDate":"2025-09-05T15:41:23","isFullCredit":false},{"lineNumber":37,"author":{"gitId":"abefqy"},"content":"                isExit \u003d Parser.exit(input);","lastModifiedDate":"2025-09-30T20:46:11","isFullCredit":false},{"lineNumber":38,"author":{"gitId":"abefqy"},"content":"            } catch (DarrenException e) {","lastModifiedDate":"2025-09-30T20:46:11","isFullCredit":false},{"lineNumber":39,"author":{"gitId":"abefqy"},"content":"                this.ui.displayError(\"Uh oh! \" + e.getMessage());","lastModifiedDate":"2025-09-30T20:46:11","isFullCredit":false},{"lineNumber":40,"author":{"gitId":"abefqy"},"content":"            } catch (IOException e) {","lastModifiedDate":"2025-09-30T20:46:11","isFullCredit":false},{"lineNumber":41,"author":{"gitId":"abefqy"},"content":"                this.ui.displayError(\"A serious file error occurred: \" + e.getMessage());","lastModifiedDate":"2025-09-30T20:46:11","isFullCredit":false},{"lineNumber":42,"author":{"gitId":"abefqy"},"content":"                isExit \u003d true;","lastModifiedDate":"2025-09-30T20:46:11","isFullCredit":false},{"lineNumber":43,"author":{"gitId":"abefqy"},"content":"            }","lastModifiedDate":"2025-09-05T15:41:23","isFullCredit":false},{"lineNumber":44,"author":{"gitId":"abefqy"},"content":"        }","lastModifiedDate":"2025-09-05T15:41:23","isFullCredit":false},{"lineNumber":45,"author":{"gitId":"abefqy"},"content":"","lastModifiedDate":"2025-09-05T15:41:23","isFullCredit":false},{"lineNumber":46,"author":{"gitId":"abefqy"},"content":"        this.ui.displayBye();","lastModifiedDate":"2025-09-30T20:46:11","isFullCredit":false},{"lineNumber":47,"author":{"gitId":"abefqy"},"content":"        this.ui.close();","lastModifiedDate":"2025-09-30T20:46:11","isFullCredit":false},{"lineNumber":48,"author":{"gitId":"abefqy"},"content":"    }","lastModifiedDate":"2025-09-09T22:44:06","isFullCredit":false},{"lineNumber":49,"author":{"gitId":"abefqy"},"content":"","lastModifiedDate":"2025-09-09T22:44:06","isFullCredit":false},{"lineNumber":50,"author":{"gitId":"abefqy"},"content":"    public static void main(String[] args) {","lastModifiedDate":"2025-09-30T20:46:11","isFullCredit":false},{"lineNumber":51,"author":{"gitId":"abefqy"},"content":"        new Darren(\"data/tasks.txt\").run();","lastModifiedDate":"2025-09-30T20:46:11","isFullCredit":false},{"lineNumber":52,"author":{"gitId":"abefqy"},"content":"    }","lastModifiedDate":"2025-08-27T12:41:42","isFullCredit":false},{"lineNumber":53,"author":{"gitId":"abefqy"},"content":"}","lastModifiedDate":"2025-08-27T12:41:42","isFullCredit":false}],"authorContributionMap":{"abefqy":53}},{"path":"src/main/java/darren/DarrenException.java","fileType":"java","lines":[{"lineNumber":1,"author":{"gitId":"abefqy"},"content":"package darren;","lastModifiedDate":"2025-09-13T16:40:16","isFullCredit":false},{"lineNumber":2,"author":{"gitId":"abefqy"},"content":"","lastModifiedDate":"2025-09-13T16:40:16","isFullCredit":false},{"lineNumber":3,"author":{"gitId":"abefqy"},"content":"public class DarrenException extends Exception {","lastModifiedDate":"2025-09-09T22:44:06","isFullCredit":false},{"lineNumber":4,"author":{"gitId":"abefqy"},"content":"    public DarrenException(String message) {","lastModifiedDate":"2025-09-09T22:44:06","isFullCredit":false},{"lineNumber":5,"author":{"gitId":"abefqy"},"content":"        super(message);","lastModifiedDate":"2025-09-09T22:44:06","isFullCredit":false},{"lineNumber":6,"author":{"gitId":"abefqy"},"content":"    }","lastModifiedDate":"2025-09-09T22:44:06","isFullCredit":false},{"lineNumber":7,"author":{"gitId":"abefqy"},"content":"}","lastModifiedDate":"2025-09-09T22:44:06","isFullCredit":false}],"authorContributionMap":{"abefqy":7}},{"path":"src/main/java/darren/Parser.java","fileType":"java","lines":[{"lineNumber":1,"author":{"gitId":"abefqy"},"content":"package darren;","lastModifiedDate":"2025-09-30T20:46:11","isFullCredit":false},{"lineNumber":2,"author":{"gitId":"abefqy"},"content":"","lastModifiedDate":"2025-09-30T20:46:11","isFullCredit":false},{"lineNumber":3,"author":{"gitId":"abefqy"},"content":"import darren.task.Deadline;","lastModifiedDate":"2025-09-30T20:46:11","isFullCredit":false},{"lineNumber":4,"author":{"gitId":"abefqy"},"content":"import darren.task.Event;","lastModifiedDate":"2025-09-30T20:46:11","isFullCredit":false},{"lineNumber":5,"author":{"gitId":"abefqy"},"content":"import darren.task.Task;","lastModifiedDate":"2025-09-30T20:46:11","isFullCredit":false},{"lineNumber":6,"author":{"gitId":"abefqy"},"content":"import darren.task.Todo;","lastModifiedDate":"2025-09-30T20:46:11","isFullCredit":false},{"lineNumber":7,"author":{"gitId":"abefqy"},"content":"","lastModifiedDate":"2025-09-30T20:46:11","isFullCredit":false},{"lineNumber":8,"author":{"gitId":"abefqy"},"content":"import java.io.IOException;","lastModifiedDate":"2025-09-30T20:46:11","isFullCredit":false},{"lineNumber":9,"author":{"gitId":"abefqy"},"content":"","lastModifiedDate":"2025-09-30T20:46:11","isFullCredit":false},{"lineNumber":10,"author":{"gitId":"abefqy"},"content":"public class Parser {","lastModifiedDate":"2025-09-30T20:46:11","isFullCredit":false},{"lineNumber":11,"author":{"gitId":"abefqy"},"content":"","lastModifiedDate":"2025-09-30T20:46:11","isFullCredit":false},{"lineNumber":12,"author":{"gitId":"abefqy"},"content":"    private static final int TODO_COMMAND_LENGTH \u003d \"todo \".length();","lastModifiedDate":"2025-09-30T20:46:11","isFullCredit":false},{"lineNumber":13,"author":{"gitId":"abefqy"},"content":"    private static final int DEADLINE_COMMAND_LENGTH \u003d \"deadline \".length();","lastModifiedDate":"2025-09-30T20:46:11","isFullCredit":false},{"lineNumber":14,"author":{"gitId":"abefqy"},"content":"    private static final int EVENT_COMMAND_LENGTH \u003d \"event \".length();","lastModifiedDate":"2025-09-30T20:46:11","isFullCredit":false},{"lineNumber":15,"author":{"gitId":"abefqy"},"content":"","lastModifiedDate":"2025-09-30T20:46:11","isFullCredit":false},{"lineNumber":16,"author":{"gitId":"abefqy"},"content":"    private static Integer getInt(String input) throws DarrenException {","lastModifiedDate":"2025-09-30T20:46:11","isFullCredit":false},{"lineNumber":17,"author":{"gitId":"abefqy"},"content":"        String[] words \u003d input.split(\" \");","lastModifiedDate":"2025-09-30T20:46:11","isFullCredit":false},{"lineNumber":18,"author":{"gitId":"abefqy"},"content":"        if (words.length !\u003d 2) {","lastModifiedDate":"2025-09-30T20:46:11","isFullCredit":false},{"lineNumber":19,"author":{"gitId":"abefqy"},"content":"            throw new DarrenException(\"The command format for mark/unmark/delete is incorrect. Use \u0027\u003ccommand\u003e \u003cnumber\u003e\u0027.\");","lastModifiedDate":"2025-09-30T20:46:11","isFullCredit":false},{"lineNumber":20,"author":{"gitId":"abefqy"},"content":"        }","lastModifiedDate":"2025-09-30T20:46:11","isFullCredit":false},{"lineNumber":21,"author":{"gitId":"abefqy"},"content":"        try {","lastModifiedDate":"2025-09-30T20:46:11","isFullCredit":false},{"lineNumber":22,"author":{"gitId":"abefqy"},"content":"            return Integer.parseInt(words[1]);","lastModifiedDate":"2025-09-30T20:46:11","isFullCredit":false},{"lineNumber":23,"author":{"gitId":"abefqy"},"content":"        } catch (NumberFormatException e) {","lastModifiedDate":"2025-09-30T20:46:11","isFullCredit":false},{"lineNumber":24,"author":{"gitId":"abefqy"},"content":"            throw new DarrenException(\"The number provided is not a valid task number.\");","lastModifiedDate":"2025-09-30T20:46:11","isFullCredit":false},{"lineNumber":25,"author":{"gitId":"abefqy"},"content":"        }","lastModifiedDate":"2025-09-30T20:46:11","isFullCredit":false},{"lineNumber":26,"author":{"gitId":"abefqy"},"content":"    }","lastModifiedDate":"2025-09-30T20:46:11","isFullCredit":false},{"lineNumber":27,"author":{"gitId":"abefqy"},"content":"","lastModifiedDate":"2025-09-30T20:46:11","isFullCredit":false},{"lineNumber":28,"author":{"gitId":"abefqy"},"content":"    public static boolean exit(String input) {","lastModifiedDate":"2025-09-30T20:46:11","isFullCredit":false},{"lineNumber":29,"author":{"gitId":"abefqy"},"content":"        return input.trim().equals(\"bye\");","lastModifiedDate":"2025-09-30T20:46:11","isFullCredit":false},{"lineNumber":30,"author":{"gitId":"abefqy"},"content":"    }","lastModifiedDate":"2025-09-30T20:46:11","isFullCredit":false},{"lineNumber":31,"author":{"gitId":"abefqy"},"content":"","lastModifiedDate":"2025-09-30T20:46:11","isFullCredit":false},{"lineNumber":32,"author":{"gitId":"abefqy"},"content":"    public static void command(String input, TaskList tasks, Ui ui, Storage storage) throws DarrenException, IOException {","lastModifiedDate":"2025-09-30T20:46:11","isFullCredit":false},{"lineNumber":33,"author":{"gitId":"abefqy"},"content":"        input \u003d input.trim();","lastModifiedDate":"2025-09-30T20:46:11","isFullCredit":false},{"lineNumber":34,"author":{"gitId":"abefqy"},"content":"","lastModifiedDate":"2025-09-30T20:46:11","isFullCredit":false},{"lineNumber":35,"author":{"gitId":"abefqy"},"content":"        if (input.equals(\"bye\")) {","lastModifiedDate":"2025-09-30T20:46:11","isFullCredit":false},{"lineNumber":36,"author":{"gitId":"abefqy"},"content":"            return;","lastModifiedDate":"2025-09-30T20:46:11","isFullCredit":false},{"lineNumber":37,"author":{"gitId":"abefqy"},"content":"        }","lastModifiedDate":"2025-09-30T20:46:11","isFullCredit":false},{"lineNumber":38,"author":{"gitId":"abefqy"},"content":"","lastModifiedDate":"2025-09-30T20:46:11","isFullCredit":false},{"lineNumber":39,"author":{"gitId":"abefqy"},"content":"        if (input.equals(\"list\")) {","lastModifiedDate":"2025-09-30T20:46:11","isFullCredit":false},{"lineNumber":40,"author":{"gitId":"abefqy"},"content":"            ui.displayList(tasks);","lastModifiedDate":"2025-09-30T20:46:11","isFullCredit":false},{"lineNumber":41,"author":{"gitId":"abefqy"},"content":"            return;","lastModifiedDate":"2025-09-30T20:46:11","isFullCredit":false},{"lineNumber":42,"author":{"gitId":"abefqy"},"content":"        }","lastModifiedDate":"2025-09-30T20:46:11","isFullCredit":false},{"lineNumber":43,"author":{"gitId":"abefqy"},"content":"","lastModifiedDate":"2025-09-30T20:46:11","isFullCredit":false},{"lineNumber":44,"author":{"gitId":"abefqy"},"content":"        String[] words \u003d input.split(\" \");","lastModifiedDate":"2025-09-30T20:46:11","isFullCredit":false},{"lineNumber":45,"author":{"gitId":"abefqy"},"content":"        String command \u003d words[0];","lastModifiedDate":"2025-09-30T20:46:11","isFullCredit":false},{"lineNumber":46,"author":{"gitId":"abefqy"},"content":"","lastModifiedDate":"2025-09-30T20:46:11","isFullCredit":false},{"lineNumber":47,"author":{"gitId":"abefqy"},"content":"        switch (command) {","lastModifiedDate":"2025-09-30T20:46:11","isFullCredit":false},{"lineNumber":48,"author":{"gitId":"abefqy"},"content":"            case \"mark\":","lastModifiedDate":"2025-09-30T20:46:11","isFullCredit":false},{"lineNumber":49,"author":{"gitId":"abefqy"},"content":"                Integer markIndex \u003d getInt(input);","lastModifiedDate":"2025-09-30T20:46:11","isFullCredit":false},{"lineNumber":50,"author":{"gitId":"abefqy"},"content":"                if (markIndex \u003e tasks.size() || markIndex \u003c\u003d 0) {","lastModifiedDate":"2025-09-30T20:46:11","isFullCredit":false},{"lineNumber":51,"author":{"gitId":"abefqy"},"content":"                    throw new DarrenException(\"Please enter a valid task number to mark as done.\");","lastModifiedDate":"2025-09-30T20:46:11","isFullCredit":false},{"lineNumber":52,"author":{"gitId":"abefqy"},"content":"                }","lastModifiedDate":"2025-09-30T20:46:11","isFullCredit":false},{"lineNumber":53,"author":{"gitId":"abefqy"},"content":"                tasks.get(markIndex - 1).markAsDone();","lastModifiedDate":"2025-09-30T20:46:11","isFullCredit":false},{"lineNumber":54,"author":{"gitId":"abefqy"},"content":"                storage.saveTasks(tasks.getTasks());","lastModifiedDate":"2025-09-30T20:46:11","isFullCredit":false},{"lineNumber":55,"author":{"gitId":"abefqy"},"content":"                ui.displayMark(tasks.get(markIndex - 1));","lastModifiedDate":"2025-09-30T20:46:11","isFullCredit":false},{"lineNumber":56,"author":{"gitId":"abefqy"},"content":"                break;","lastModifiedDate":"2025-09-30T20:46:11","isFullCredit":false},{"lineNumber":57,"author":{"gitId":"abefqy"},"content":"","lastModifiedDate":"2025-09-30T20:46:11","isFullCredit":false},{"lineNumber":58,"author":{"gitId":"abefqy"},"content":"            case \"unmark\":","lastModifiedDate":"2025-09-30T20:46:11","isFullCredit":false},{"lineNumber":59,"author":{"gitId":"abefqy"},"content":"                Integer unmarkIndex \u003d getInt(input);","lastModifiedDate":"2025-09-30T20:46:11","isFullCredit":false},{"lineNumber":60,"author":{"gitId":"abefqy"},"content":"                if (unmarkIndex \u003e tasks.size() || unmarkIndex \u003c\u003d 0) {","lastModifiedDate":"2025-09-30T20:46:11","isFullCredit":false},{"lineNumber":61,"author":{"gitId":"abefqy"},"content":"                    throw new DarrenException(\"Please enter a valid task number to unmark as done.\");","lastModifiedDate":"2025-09-30T20:46:11","isFullCredit":false},{"lineNumber":62,"author":{"gitId":"abefqy"},"content":"                }","lastModifiedDate":"2025-09-30T20:46:11","isFullCredit":false},{"lineNumber":63,"author":{"gitId":"abefqy"},"content":"                tasks.get(unmarkIndex - 1).markAsNotDone();","lastModifiedDate":"2025-09-30T20:46:11","isFullCredit":false},{"lineNumber":64,"author":{"gitId":"abefqy"},"content":"                storage.saveTasks(tasks.getTasks());","lastModifiedDate":"2025-09-30T20:46:11","isFullCredit":false},{"lineNumber":65,"author":{"gitId":"abefqy"},"content":"                ui.displayUnmark(tasks.get(unmarkIndex - 1));","lastModifiedDate":"2025-09-30T20:46:11","isFullCredit":false},{"lineNumber":66,"author":{"gitId":"abefqy"},"content":"                break;","lastModifiedDate":"2025-09-30T20:46:11","isFullCredit":false},{"lineNumber":67,"author":{"gitId":"abefqy"},"content":"","lastModifiedDate":"2025-09-30T20:46:11","isFullCredit":false},{"lineNumber":68,"author":{"gitId":"abefqy"},"content":"            case \"delete\":","lastModifiedDate":"2025-09-30T20:46:11","isFullCredit":false},{"lineNumber":69,"author":{"gitId":"abefqy"},"content":"                Integer deleteIndex \u003d getInt(input);","lastModifiedDate":"2025-09-30T20:46:11","isFullCredit":false},{"lineNumber":70,"author":{"gitId":"abefqy"},"content":"                if (deleteIndex \u003e tasks.size() || deleteIndex \u003c\u003d 0) {","lastModifiedDate":"2025-09-30T20:46:11","isFullCredit":false},{"lineNumber":71,"author":{"gitId":"abefqy"},"content":"                    throw new DarrenException(\"Please enter a valid task number to delete.\");","lastModifiedDate":"2025-09-30T20:46:11","isFullCredit":false},{"lineNumber":72,"author":{"gitId":"abefqy"},"content":"                }","lastModifiedDate":"2025-09-30T20:46:11","isFullCredit":false},{"lineNumber":73,"author":{"gitId":"abefqy"},"content":"","lastModifiedDate":"2025-09-30T20:46:11","isFullCredit":false},{"lineNumber":74,"author":{"gitId":"abefqy"},"content":"                Task deletedTask \u003d tasks.remove(deleteIndex - 1);","lastModifiedDate":"2025-09-30T20:46:11","isFullCredit":false},{"lineNumber":75,"author":{"gitId":"abefqy"},"content":"                storage.saveTasks(tasks.getTasks());","lastModifiedDate":"2025-09-30T20:46:11","isFullCredit":false},{"lineNumber":76,"author":{"gitId":"abefqy"},"content":"                ui.displayDelete(deletedTask, tasks);","lastModifiedDate":"2025-09-30T20:46:11","isFullCredit":false},{"lineNumber":77,"author":{"gitId":"abefqy"},"content":"                break;","lastModifiedDate":"2025-09-30T20:46:11","isFullCredit":false},{"lineNumber":78,"author":{"gitId":"abefqy"},"content":"","lastModifiedDate":"2025-09-30T20:46:11","isFullCredit":false},{"lineNumber":79,"author":{"gitId":"abefqy"},"content":"","lastModifiedDate":"2025-09-30T20:46:11","isFullCredit":false},{"lineNumber":80,"author":{"gitId":"abefqy"},"content":"            case \"todo\":","lastModifiedDate":"2025-09-30T20:46:11","isFullCredit":false},{"lineNumber":81,"author":{"gitId":"abefqy"},"content":"                if (input.length() \u003c\u003d TODO_COMMAND_LENGTH) {","lastModifiedDate":"2025-09-30T20:46:11","isFullCredit":false},{"lineNumber":82,"author":{"gitId":"abefqy"},"content":"                    throw new DarrenException(\"You forgot to specify your task\");","lastModifiedDate":"2025-09-30T20:46:11","isFullCredit":false},{"lineNumber":83,"author":{"gitId":"abefqy"},"content":"                }","lastModifiedDate":"2025-09-30T20:46:11","isFullCredit":false},{"lineNumber":84,"author":{"gitId":"abefqy"},"content":"                String todoDescription \u003d input.substring(TODO_COMMAND_LENGTH).trim();","lastModifiedDate":"2025-09-30T20:46:11","isFullCredit":false},{"lineNumber":85,"author":{"gitId":"abefqy"},"content":"                Task newTodo \u003d new Todo(todoDescription);","lastModifiedDate":"2025-09-30T20:46:11","isFullCredit":false},{"lineNumber":86,"author":{"gitId":"abefqy"},"content":"                tasks.addTask(newTodo);","lastModifiedDate":"2025-09-30T20:46:11","isFullCredit":false},{"lineNumber":87,"author":{"gitId":"abefqy"},"content":"                storage.saveTasks(tasks.getTasks());","lastModifiedDate":"2025-09-30T20:46:11","isFullCredit":false},{"lineNumber":88,"author":{"gitId":"abefqy"},"content":"                ui.displayAdd(newTodo, tasks);","lastModifiedDate":"2025-09-30T20:46:11","isFullCredit":false},{"lineNumber":89,"author":{"gitId":"abefqy"},"content":"                break;","lastModifiedDate":"2025-09-30T20:46:11","isFullCredit":false},{"lineNumber":90,"author":{"gitId":"abefqy"},"content":"","lastModifiedDate":"2025-09-30T20:46:11","isFullCredit":false},{"lineNumber":91,"author":{"gitId":"abefqy"},"content":"            case \"deadline\":","lastModifiedDate":"2025-09-30T20:46:11","isFullCredit":false},{"lineNumber":92,"author":{"gitId":"abefqy"},"content":"                if (input.length() \u003c\u003d DEADLINE_COMMAND_LENGTH) {","lastModifiedDate":"2025-09-30T20:46:11","isFullCredit":false},{"lineNumber":93,"author":{"gitId":"abefqy"},"content":"                    throw new DarrenException(\"You are missing a description!\");","lastModifiedDate":"2025-09-30T20:46:11","isFullCredit":false},{"lineNumber":94,"author":{"gitId":"abefqy"},"content":"                }","lastModifiedDate":"2025-09-30T20:46:11","isFullCredit":false},{"lineNumber":95,"author":{"gitId":"abefqy"},"content":"                String removeDeadline \u003d input.substring(DEADLINE_COMMAND_LENGTH).trim();","lastModifiedDate":"2025-09-30T20:46:11","isFullCredit":false},{"lineNumber":96,"author":{"gitId":"abefqy"},"content":"                String[] remaining \u003d removeDeadline.split(\"/by\");","lastModifiedDate":"2025-09-30T20:46:11","isFullCredit":false},{"lineNumber":97,"author":{"gitId":"abefqy"},"content":"","lastModifiedDate":"2025-09-30T20:46:11","isFullCredit":false},{"lineNumber":98,"author":{"gitId":"abefqy"},"content":"                if (remaining.length \u003c 2 || remaining[0].trim().isEmpty() || remaining[1].trim().isEmpty()) {","lastModifiedDate":"2025-09-30T20:46:11","isFullCredit":false},{"lineNumber":99,"author":{"gitId":"abefqy"},"content":"                    throw new DarrenException(\"Please use the correct format: deadline \u003cdescription\u003e /by \u003cdate/time\u003e\");","lastModifiedDate":"2025-09-30T20:46:11","isFullCredit":false},{"lineNumber":100,"author":{"gitId":"abefqy"},"content":"                }","lastModifiedDate":"2025-09-30T20:46:11","isFullCredit":false},{"lineNumber":101,"author":{"gitId":"abefqy"},"content":"                Task newDeadline \u003d new Deadline(remaining[0].trim(), remaining[1].trim());","lastModifiedDate":"2025-09-30T20:46:11","isFullCredit":false},{"lineNumber":102,"author":{"gitId":"abefqy"},"content":"                tasks.addTask(newDeadline);","lastModifiedDate":"2025-09-30T20:46:11","isFullCredit":false},{"lineNumber":103,"author":{"gitId":"abefqy"},"content":"                storage.saveTasks(tasks.getTasks());","lastModifiedDate":"2025-09-30T20:46:11","isFullCredit":false},{"lineNumber":104,"author":{"gitId":"abefqy"},"content":"                ui.displayAdd(newDeadline, tasks);","lastModifiedDate":"2025-09-30T20:46:11","isFullCredit":false},{"lineNumber":105,"author":{"gitId":"abefqy"},"content":"                break;","lastModifiedDate":"2025-09-30T20:46:11","isFullCredit":false},{"lineNumber":106,"author":{"gitId":"abefqy"},"content":"","lastModifiedDate":"2025-09-30T20:46:11","isFullCredit":false},{"lineNumber":107,"author":{"gitId":"abefqy"},"content":"            case \"event\":","lastModifiedDate":"2025-09-30T20:46:11","isFullCredit":false},{"lineNumber":108,"author":{"gitId":"abefqy"},"content":"                if (input.length() \u003c\u003d EVENT_COMMAND_LENGTH) {","lastModifiedDate":"2025-09-30T20:46:11","isFullCredit":false},{"lineNumber":109,"author":{"gitId":"abefqy"},"content":"                    throw new DarrenException(\"You are missing a description!\");","lastModifiedDate":"2025-09-30T20:46:11","isFullCredit":false},{"lineNumber":110,"author":{"gitId":"abefqy"},"content":"                }","lastModifiedDate":"2025-09-30T20:46:11","isFullCredit":false},{"lineNumber":111,"author":{"gitId":"abefqy"},"content":"                String removeEvent \u003d input.substring(EVENT_COMMAND_LENGTH).trim();","lastModifiedDate":"2025-09-30T20:46:11","isFullCredit":false},{"lineNumber":112,"author":{"gitId":"abefqy"},"content":"                String[] remainingEvent \u003d removeEvent.split(\"/from\");","lastModifiedDate":"2025-09-30T20:46:11","isFullCredit":false},{"lineNumber":113,"author":{"gitId":"abefqy"},"content":"                if (remainingEvent.length \u003c 2) {","lastModifiedDate":"2025-09-30T20:46:11","isFullCredit":false},{"lineNumber":114,"author":{"gitId":"abefqy"},"content":"                    throw new DarrenException(\"Please use the correct format: Event \u003cdescription\u003e /from \u003cdate/time\u003e /to \u003cdate/time\u003e\");","lastModifiedDate":"2025-09-30T20:46:11","isFullCredit":false},{"lineNumber":115,"author":{"gitId":"abefqy"},"content":"                }","lastModifiedDate":"2025-09-30T20:46:11","isFullCredit":false},{"lineNumber":116,"author":{"gitId":"abefqy"},"content":"                String description \u003d remainingEvent[0].trim();","lastModifiedDate":"2025-09-30T20:46:11","isFullCredit":false},{"lineNumber":117,"author":{"gitId":"abefqy"},"content":"                String[] remainingEvent2 \u003d remainingEvent[1].split(\"/to\");","lastModifiedDate":"2025-09-30T20:46:11","isFullCredit":false},{"lineNumber":118,"author":{"gitId":"abefqy"},"content":"                if (remainingEvent2.length \u003c 2) {","lastModifiedDate":"2025-09-30T20:46:11","isFullCredit":false},{"lineNumber":119,"author":{"gitId":"abefqy"},"content":"                    throw new DarrenException(\"Please use the correct format: Event \u003cdescription\u003e /from \u003cdate/time\u003e /to \u003cdate/time\u003e\");","lastModifiedDate":"2025-09-30T20:46:11","isFullCredit":false},{"lineNumber":120,"author":{"gitId":"abefqy"},"content":"                }","lastModifiedDate":"2025-09-30T20:46:11","isFullCredit":false},{"lineNumber":121,"author":{"gitId":"abefqy"},"content":"                String from \u003d remainingEvent2[0].trim();","lastModifiedDate":"2025-09-30T20:46:11","isFullCredit":false},{"lineNumber":122,"author":{"gitId":"abefqy"},"content":"                String to \u003d remainingEvent2[1].trim();","lastModifiedDate":"2025-09-30T20:46:11","isFullCredit":false},{"lineNumber":123,"author":{"gitId":"abefqy"},"content":"","lastModifiedDate":"2025-09-30T20:46:11","isFullCredit":false},{"lineNumber":124,"author":{"gitId":"abefqy"},"content":"                if (description.isEmpty() || from.isEmpty() || to.isEmpty()) {","lastModifiedDate":"2025-09-30T20:46:11","isFullCredit":false},{"lineNumber":125,"author":{"gitId":"abefqy"},"content":"                    throw new DarrenException(\"Remember to fill up the description, start and end time of you event!\");","lastModifiedDate":"2025-09-30T20:46:11","isFullCredit":false},{"lineNumber":126,"author":{"gitId":"abefqy"},"content":"                }","lastModifiedDate":"2025-09-30T20:46:11","isFullCredit":false},{"lineNumber":127,"author":{"gitId":"abefqy"},"content":"                Task newEvent \u003d new Event(description, from, to);","lastModifiedDate":"2025-09-30T20:46:11","isFullCredit":false},{"lineNumber":128,"author":{"gitId":"abefqy"},"content":"                tasks.addTask(newEvent);","lastModifiedDate":"2025-09-30T20:46:11","isFullCredit":false},{"lineNumber":129,"author":{"gitId":"abefqy"},"content":"                storage.saveTasks(tasks.getTasks());","lastModifiedDate":"2025-09-30T20:46:11","isFullCredit":false},{"lineNumber":130,"author":{"gitId":"abefqy"},"content":"                ui.displayAdd(newEvent, tasks);","lastModifiedDate":"2025-09-30T20:46:11","isFullCredit":false},{"lineNumber":131,"author":{"gitId":"abefqy"},"content":"                break;","lastModifiedDate":"2025-09-30T20:46:11","isFullCredit":false},{"lineNumber":132,"author":{"gitId":"abefqy"},"content":"","lastModifiedDate":"2025-09-30T20:46:11","isFullCredit":false},{"lineNumber":133,"author":{"gitId":"abefqy"},"content":"            default:","lastModifiedDate":"2025-09-30T20:46:11","isFullCredit":false},{"lineNumber":134,"author":{"gitId":"abefqy"},"content":"                throw new DarrenException(\"I\u0027m sorry, I don\u0027t recognise that command. Please try again.\");","lastModifiedDate":"2025-09-30T20:46:11","isFullCredit":false},{"lineNumber":135,"author":{"gitId":"abefqy"},"content":"        }","lastModifiedDate":"2025-09-30T20:46:11","isFullCredit":false},{"lineNumber":136,"author":{"gitId":"abefqy"},"content":"    }","lastModifiedDate":"2025-09-30T20:46:11","isFullCredit":false},{"lineNumber":137,"author":{"gitId":"abefqy"},"content":"}","lastModifiedDate":"2025-09-30T20:46:11","isFullCredit":false}],"authorContributionMap":{"abefqy":137}},{"path":"src/main/java/darren/Storage.java","fileType":"java","lines":[{"lineNumber":1,"author":{"gitId":"abefqy"},"content":"package darren;","lastModifiedDate":"2025-09-25T13:24:59","isFullCredit":false},{"lineNumber":2,"author":{"gitId":"abefqy"},"content":"","lastModifiedDate":"2025-09-25T13:24:59","isFullCredit":false},{"lineNumber":3,"author":{"gitId":"abefqy"},"content":"import darren.task.Task;","lastModifiedDate":"2025-09-25T13:24:59","isFullCredit":false},{"lineNumber":4,"author":{"gitId":"abefqy"},"content":"","lastModifiedDate":"2025-09-25T13:24:59","isFullCredit":false},{"lineNumber":5,"author":{"gitId":"abefqy"},"content":"import java.io.File;","lastModifiedDate":"2025-09-25T13:24:59","isFullCredit":false},{"lineNumber":6,"author":{"gitId":"abefqy"},"content":"import java.io.FileNotFoundException;","lastModifiedDate":"2025-09-25T13:24:59","isFullCredit":false},{"lineNumber":7,"author":{"gitId":"abefqy"},"content":"import java.io.FileWriter;","lastModifiedDate":"2025-09-25T13:24:59","isFullCredit":false},{"lineNumber":8,"author":{"gitId":"abefqy"},"content":"import java.io.IOException;","lastModifiedDate":"2025-09-25T13:24:59","isFullCredit":false},{"lineNumber":9,"author":{"gitId":"abefqy"},"content":"import java.util.ArrayList;","lastModifiedDate":"2025-09-25T13:24:59","isFullCredit":false},{"lineNumber":10,"author":{"gitId":"abefqy"},"content":"import java.util.Scanner;","lastModifiedDate":"2025-09-25T13:24:59","isFullCredit":false},{"lineNumber":11,"author":{"gitId":"abefqy"},"content":"","lastModifiedDate":"2025-09-25T13:24:59","isFullCredit":false},{"lineNumber":12,"author":{"gitId":"abefqy"},"content":"public class Storage {","lastModifiedDate":"2025-09-25T13:24:59","isFullCredit":false},{"lineNumber":13,"author":{"gitId":"abefqy"},"content":"    private final String filePath;","lastModifiedDate":"2025-09-25T13:24:59","isFullCredit":false},{"lineNumber":14,"author":{"gitId":"abefqy"},"content":"","lastModifiedDate":"2025-09-25T13:24:59","isFullCredit":false},{"lineNumber":15,"author":{"gitId":"abefqy"},"content":"    public Storage(String filePath) {","lastModifiedDate":"2025-09-25T13:24:59","isFullCredit":false},{"lineNumber":16,"author":{"gitId":"abefqy"},"content":"        this.filePath \u003d filePath;","lastModifiedDate":"2025-09-25T13:24:59","isFullCredit":false},{"lineNumber":17,"author":{"gitId":"abefqy"},"content":"    }","lastModifiedDate":"2025-09-25T13:24:59","isFullCredit":false},{"lineNumber":18,"author":{"gitId":"abefqy"},"content":"","lastModifiedDate":"2025-09-25T13:24:59","isFullCredit":false},{"lineNumber":19,"author":{"gitId":"abefqy"},"content":"    public void saveTasks(ArrayList\u003cTask\u003e tasks) throws IOException {","lastModifiedDate":"2025-09-25T13:24:59","isFullCredit":false},{"lineNumber":20,"author":{"gitId":"abefqy"},"content":"        File file \u003d new File(filePath);","lastModifiedDate":"2025-09-25T13:24:59","isFullCredit":false},{"lineNumber":21,"author":{"gitId":"abefqy"},"content":"        file.getParentFile().mkdirs();","lastModifiedDate":"2025-09-25T13:24:59","isFullCredit":false},{"lineNumber":22,"author":{"gitId":"abefqy"},"content":"        ","lastModifiedDate":"2025-09-25T13:24:59","isFullCredit":false},{"lineNumber":23,"author":{"gitId":"abefqy"},"content":"        FileWriter fw \u003d new FileWriter(file);","lastModifiedDate":"2025-09-25T13:24:59","isFullCredit":false},{"lineNumber":24,"author":{"gitId":"abefqy"},"content":"        for (Task task : tasks) {","lastModifiedDate":"2025-09-25T13:24:59","isFullCredit":false},{"lineNumber":25,"author":{"gitId":"abefqy"},"content":"            fw.write(task.toStorage() + System.lineSeparator());","lastModifiedDate":"2025-09-25T13:24:59","isFullCredit":false},{"lineNumber":26,"author":{"gitId":"abefqy"},"content":"        }","lastModifiedDate":"2025-09-25T13:24:59","isFullCredit":false},{"lineNumber":27,"author":{"gitId":"abefqy"},"content":"        fw.close();","lastModifiedDate":"2025-09-25T13:24:59","isFullCredit":false},{"lineNumber":28,"author":{"gitId":"abefqy"},"content":"    }","lastModifiedDate":"2025-09-25T13:24:59","isFullCredit":false},{"lineNumber":29,"author":{"gitId":"abefqy"},"content":"","lastModifiedDate":"2025-09-25T13:24:59","isFullCredit":false},{"lineNumber":30,"author":{"gitId":"abefqy"},"content":"    public ArrayList\u003cTask\u003e loadTasks() throws DarrenException {","lastModifiedDate":"2025-09-30T20:46:11","isFullCredit":false},{"lineNumber":31,"author":{"gitId":"abefqy"},"content":"        File f \u003d new File(filePath);","lastModifiedDate":"2025-09-25T13:24:59","isFullCredit":false},{"lineNumber":32,"author":{"gitId":"abefqy"},"content":"        ArrayList\u003cTask\u003e tasks \u003d new ArrayList\u003c\u003e();","lastModifiedDate":"2025-09-25T13:24:59","isFullCredit":false},{"lineNumber":33,"author":{"gitId":"abefqy"},"content":"        ","lastModifiedDate":"2025-09-25T13:24:59","isFullCredit":false},{"lineNumber":34,"author":{"gitId":"abefqy"},"content":"        if (!f.exists()) {","lastModifiedDate":"2025-09-25T13:24:59","isFullCredit":false},{"lineNumber":35,"author":{"gitId":"abefqy"},"content":"            return tasks;","lastModifiedDate":"2025-09-25T13:24:59","isFullCredit":false},{"lineNumber":36,"author":{"gitId":"abefqy"},"content":"        }","lastModifiedDate":"2025-09-25T13:24:59","isFullCredit":false},{"lineNumber":37,"author":{"gitId":"abefqy"},"content":"","lastModifiedDate":"2025-09-25T13:24:59","isFullCredit":false},{"lineNumber":38,"author":{"gitId":"abefqy"},"content":"        try {","lastModifiedDate":"2025-09-25T13:24:59","isFullCredit":false},{"lineNumber":39,"author":{"gitId":"abefqy"},"content":"            Scanner s \u003d new Scanner(f);","lastModifiedDate":"2025-09-25T13:24:59","isFullCredit":false},{"lineNumber":40,"author":{"gitId":"abefqy"},"content":"            while (s.hasNext()) {","lastModifiedDate":"2025-09-25T13:24:59","isFullCredit":false},{"lineNumber":41,"author":{"gitId":"abefqy"},"content":"                try {","lastModifiedDate":"2025-09-25T13:24:59","isFullCredit":false},{"lineNumber":42,"author":{"gitId":"abefqy"},"content":"                    Task task \u003d Task.fromStorage(s.nextLine());","lastModifiedDate":"2025-09-25T13:24:59","isFullCredit":false},{"lineNumber":43,"author":{"gitId":"abefqy"},"content":"                    if (task !\u003d null) {","lastModifiedDate":"2025-09-25T13:24:59","isFullCredit":false},{"lineNumber":44,"author":{"gitId":"abefqy"},"content":"                        tasks.add(task);","lastModifiedDate":"2025-09-25T13:24:59","isFullCredit":false},{"lineNumber":45,"author":{"gitId":"abefqy"},"content":"                    }","lastModifiedDate":"2025-09-25T13:24:59","isFullCredit":false},{"lineNumber":46,"author":{"gitId":"abefqy"},"content":"                } catch (Exception e) {","lastModifiedDate":"2025-09-25T13:24:59","isFullCredit":false},{"lineNumber":47,"author":{"gitId":"abefqy"},"content":"                    //skip corrupted lines","lastModifiedDate":"2025-09-25T13:24:59","isFullCredit":false},{"lineNumber":48,"author":{"gitId":"abefqy"},"content":"                }","lastModifiedDate":"2025-09-25T13:24:59","isFullCredit":false},{"lineNumber":49,"author":{"gitId":"abefqy"},"content":"            }","lastModifiedDate":"2025-09-25T13:24:59","isFullCredit":false},{"lineNumber":50,"author":{"gitId":"abefqy"},"content":"            s.close();","lastModifiedDate":"2025-09-25T13:24:59","isFullCredit":false},{"lineNumber":51,"author":{"gitId":"abefqy"},"content":"        } catch (FileNotFoundException e) {","lastModifiedDate":"2025-09-25T13:24:59","isFullCredit":false},{"lineNumber":52,"author":{"gitId":"abefqy"},"content":"            //file doesn\u0027t exist, return empty list","lastModifiedDate":"2025-09-25T13:24:59","isFullCredit":false},{"lineNumber":53,"author":{"gitId":"abefqy"},"content":"        }","lastModifiedDate":"2025-09-25T13:24:59","isFullCredit":false},{"lineNumber":54,"author":{"gitId":"abefqy"},"content":"        return tasks;","lastModifiedDate":"2025-09-25T13:24:59","isFullCredit":false},{"lineNumber":55,"author":{"gitId":"abefqy"},"content":"    }","lastModifiedDate":"2025-09-25T13:24:59","isFullCredit":false},{"lineNumber":56,"author":{"gitId":"abefqy"},"content":"","lastModifiedDate":"2025-09-25T13:24:59","isFullCredit":false},{"lineNumber":57,"author":{"gitId":"abefqy"},"content":"","lastModifiedDate":"2025-09-25T13:24:59","isFullCredit":false},{"lineNumber":58,"author":{"gitId":"abefqy"},"content":"}","lastModifiedDate":"2025-09-25T13:24:59","isFullCredit":false}],"authorContributionMap":{"abefqy":58}},{"path":"src/main/java/darren/TaskList.java","fileType":"java","lines":[{"lineNumber":1,"author":{"gitId":"abefqy"},"content":"package darren;","lastModifiedDate":"2025-09-30T20:46:11","isFullCredit":false},{"lineNumber":2,"author":{"gitId":"abefqy"},"content":"","lastModifiedDate":"2025-09-30T20:46:11","isFullCredit":false},{"lineNumber":3,"author":{"gitId":"abefqy"},"content":"import darren.task.Task;","lastModifiedDate":"2025-09-30T20:46:11","isFullCredit":false},{"lineNumber":4,"author":{"gitId":"abefqy"},"content":"import java.util.ArrayList;","lastModifiedDate":"2025-09-30T20:46:11","isFullCredit":false},{"lineNumber":5,"author":{"gitId":"abefqy"},"content":"","lastModifiedDate":"2025-09-30T20:46:11","isFullCredit":false},{"lineNumber":6,"author":{"gitId":"abefqy"},"content":"public class TaskList {","lastModifiedDate":"2025-09-30T20:46:11","isFullCredit":false},{"lineNumber":7,"author":{"gitId":"abefqy"},"content":"    private final ArrayList\u003cTask\u003e tasks;","lastModifiedDate":"2025-09-30T20:46:11","isFullCredit":false},{"lineNumber":8,"author":{"gitId":"abefqy"},"content":"","lastModifiedDate":"2025-09-30T20:46:11","isFullCredit":false},{"lineNumber":9,"author":{"gitId":"abefqy"},"content":"    public TaskList(ArrayList\u003cTask\u003e tasks) {","lastModifiedDate":"2025-09-30T20:46:11","isFullCredit":false},{"lineNumber":10,"author":{"gitId":"abefqy"},"content":"        this.tasks \u003d tasks;","lastModifiedDate":"2025-09-30T20:46:11","isFullCredit":false},{"lineNumber":11,"author":{"gitId":"abefqy"},"content":"    }","lastModifiedDate":"2025-09-30T20:46:11","isFullCredit":false},{"lineNumber":12,"author":{"gitId":"abefqy"},"content":"","lastModifiedDate":"2025-09-30T20:46:11","isFullCredit":false},{"lineNumber":13,"author":{"gitId":"abefqy"},"content":"    public int size() {","lastModifiedDate":"2025-09-30T20:46:11","isFullCredit":false},{"lineNumber":14,"author":{"gitId":"abefqy"},"content":"        return this.tasks.size();","lastModifiedDate":"2025-09-30T20:46:11","isFullCredit":false},{"lineNumber":15,"author":{"gitId":"abefqy"},"content":"    }","lastModifiedDate":"2025-09-30T20:46:11","isFullCredit":false},{"lineNumber":16,"author":{"gitId":"abefqy"},"content":"","lastModifiedDate":"2025-09-30T20:46:11","isFullCredit":false},{"lineNumber":17,"author":{"gitId":"abefqy"},"content":"    public Task get(int index) {","lastModifiedDate":"2025-09-30T20:46:11","isFullCredit":false},{"lineNumber":18,"author":{"gitId":"abefqy"},"content":"        return this.tasks.get(index);","lastModifiedDate":"2025-09-30T20:46:11","isFullCredit":false},{"lineNumber":19,"author":{"gitId":"abefqy"},"content":"    }","lastModifiedDate":"2025-09-30T20:46:11","isFullCredit":false},{"lineNumber":20,"author":{"gitId":"abefqy"},"content":"","lastModifiedDate":"2025-09-30T20:46:11","isFullCredit":false},{"lineNumber":21,"author":{"gitId":"abefqy"},"content":"    public Task remove(int index) {","lastModifiedDate":"2025-09-30T20:46:11","isFullCredit":false},{"lineNumber":22,"author":{"gitId":"abefqy"},"content":"        return this.tasks.remove(index);","lastModifiedDate":"2025-09-30T20:46:11","isFullCredit":false},{"lineNumber":23,"author":{"gitId":"abefqy"},"content":"    }","lastModifiedDate":"2025-09-30T20:46:11","isFullCredit":false},{"lineNumber":24,"author":{"gitId":"abefqy"},"content":"","lastModifiedDate":"2025-09-30T20:46:11","isFullCredit":false},{"lineNumber":25,"author":{"gitId":"abefqy"},"content":"    public void addTask(Task task) {","lastModifiedDate":"2025-09-30T20:46:11","isFullCredit":false},{"lineNumber":26,"author":{"gitId":"abefqy"},"content":"        this.tasks.add(task);","lastModifiedDate":"2025-09-30T20:46:11","isFullCredit":false},{"lineNumber":27,"author":{"gitId":"abefqy"},"content":"    }","lastModifiedDate":"2025-09-30T20:46:11","isFullCredit":false},{"lineNumber":28,"author":{"gitId":"abefqy"},"content":"","lastModifiedDate":"2025-09-30T20:46:11","isFullCredit":false},{"lineNumber":29,"author":{"gitId":"abefqy"},"content":"    public ArrayList\u003cTask\u003e getTasks() {","lastModifiedDate":"2025-09-30T20:46:11","isFullCredit":false},{"lineNumber":30,"author":{"gitId":"abefqy"},"content":"        return tasks;","lastModifiedDate":"2025-09-30T20:46:11","isFullCredit":false},{"lineNumber":31,"author":{"gitId":"abefqy"},"content":"    }","lastModifiedDate":"2025-09-30T20:46:11","isFullCredit":false},{"lineNumber":32,"author":{"gitId":"abefqy"},"content":"}","lastModifiedDate":"2025-09-30T20:46:11","isFullCredit":false}],"authorContributionMap":{"abefqy":32}},{"path":"src/main/java/darren/Ui.java","fileType":"java","lines":[{"lineNumber":1,"author":{"gitId":"abefqy"},"content":"package darren;","lastModifiedDate":"2025-09-30T20:46:11","isFullCredit":false},{"lineNumber":2,"author":{"gitId":"abefqy"},"content":"","lastModifiedDate":"2025-09-30T20:46:11","isFullCredit":false},{"lineNumber":3,"author":{"gitId":"abefqy"},"content":"import darren.task.Task;","lastModifiedDate":"2025-09-30T20:46:11","isFullCredit":false},{"lineNumber":4,"author":{"gitId":"abefqy"},"content":"import java.util.Scanner;","lastModifiedDate":"2025-09-30T20:46:11","isFullCredit":false},{"lineNumber":5,"author":{"gitId":"abefqy"},"content":"","lastModifiedDate":"2025-09-30T20:46:11","isFullCredit":false},{"lineNumber":6,"author":{"gitId":"abefqy"},"content":"public class Ui {","lastModifiedDate":"2025-09-30T20:46:11","isFullCredit":false},{"lineNumber":7,"author":{"gitId":"abefqy"},"content":"    private Scanner scanner \u003d new Scanner(System.in);","lastModifiedDate":"2025-09-30T20:46:11","isFullCredit":false},{"lineNumber":8,"author":{"gitId":"abefqy"},"content":"    public static final String LINE \u003d \"____________________________________________________________\";","lastModifiedDate":"2025-09-30T20:46:11","isFullCredit":false},{"lineNumber":9,"author":{"gitId":"abefqy"},"content":"    public static final String LOGO \u003d \"Darren\";","lastModifiedDate":"2025-09-30T20:46:11","isFullCredit":false},{"lineNumber":10,"author":{"gitId":"abefqy"},"content":"","lastModifiedDate":"2025-09-30T20:46:11","isFullCredit":false},{"lineNumber":11,"author":{"gitId":"abefqy"},"content":"    public void displayWelcome() {","lastModifiedDate":"2025-09-30T20:46:11","isFullCredit":false},{"lineNumber":12,"author":{"gitId":"abefqy"},"content":"        System.out.println(LINE);","lastModifiedDate":"2025-09-30T20:46:11","isFullCredit":false},{"lineNumber":13,"author":{"gitId":"abefqy"},"content":"        System.out.println(\"Hello! I\u0027m \" + LOGO);","lastModifiedDate":"2025-09-30T20:46:11","isFullCredit":false},{"lineNumber":14,"author":{"gitId":"abefqy"},"content":"        System.out.println(\"What can I do for you?\");","lastModifiedDate":"2025-09-30T20:46:11","isFullCredit":false},{"lineNumber":15,"author":{"gitId":"abefqy"},"content":"        System.out.println(LINE);","lastModifiedDate":"2025-09-30T20:46:11","isFullCredit":false},{"lineNumber":16,"author":{"gitId":"abefqy"},"content":"    }","lastModifiedDate":"2025-09-30T20:46:11","isFullCredit":false},{"lineNumber":17,"author":{"gitId":"abefqy"},"content":"","lastModifiedDate":"2025-09-30T20:46:11","isFullCredit":false},{"lineNumber":18,"author":{"gitId":"abefqy"},"content":"    public String nextLine() {","lastModifiedDate":"2025-09-30T20:46:11","isFullCredit":false},{"lineNumber":19,"author":{"gitId":"abefqy"},"content":"        return scanner.nextLine();","lastModifiedDate":"2025-09-30T20:46:11","isFullCredit":false},{"lineNumber":20,"author":{"gitId":"abefqy"},"content":"    }","lastModifiedDate":"2025-09-30T20:46:11","isFullCredit":false},{"lineNumber":21,"author":{"gitId":"abefqy"},"content":"","lastModifiedDate":"2025-09-30T20:46:11","isFullCredit":false},{"lineNumber":22,"author":{"gitId":"abefqy"},"content":"    public void displayError(String message) {","lastModifiedDate":"2025-09-30T20:46:11","isFullCredit":false},{"lineNumber":23,"author":{"gitId":"abefqy"},"content":"        System.out.println(LINE);","lastModifiedDate":"2025-09-30T20:46:11","isFullCredit":false},{"lineNumber":24,"author":{"gitId":"abefqy"},"content":"        System.out.println(message);","lastModifiedDate":"2025-09-30T20:46:11","isFullCredit":false},{"lineNumber":25,"author":{"gitId":"abefqy"},"content":"        System.out.println(LINE);","lastModifiedDate":"2025-09-30T20:46:11","isFullCredit":false},{"lineNumber":26,"author":{"gitId":"abefqy"},"content":"    }","lastModifiedDate":"2025-09-30T20:46:11","isFullCredit":false},{"lineNumber":27,"author":{"gitId":"abefqy"},"content":"","lastModifiedDate":"2025-09-30T20:46:11","isFullCredit":false},{"lineNumber":28,"author":{"gitId":"abefqy"},"content":"    public void showLoadingError() {","lastModifiedDate":"2025-09-30T20:46:11","isFullCredit":false},{"lineNumber":29,"author":{"gitId":"abefqy"},"content":"        displayError(\"Error loading tasks from file. Starting with an empty list.\");","lastModifiedDate":"2025-09-30T20:46:11","isFullCredit":false},{"lineNumber":30,"author":{"gitId":"abefqy"},"content":"    }","lastModifiedDate":"2025-09-30T20:46:11","isFullCredit":false},{"lineNumber":31,"author":{"gitId":"abefqy"},"content":"","lastModifiedDate":"2025-09-30T20:46:11","isFullCredit":false},{"lineNumber":32,"author":{"gitId":"abefqy"},"content":"    public void displayList(TaskList tasks) {","lastModifiedDate":"2025-09-30T20:46:11","isFullCredit":false},{"lineNumber":33,"author":{"gitId":"abefqy"},"content":"        System.out.println(LINE);","lastModifiedDate":"2025-09-30T20:46:11","isFullCredit":false},{"lineNumber":34,"author":{"gitId":"abefqy"},"content":"        System.out.println(\"Here are the tasks in your list:\");","lastModifiedDate":"2025-09-30T20:46:11","isFullCredit":false},{"lineNumber":35,"author":{"gitId":"abefqy"},"content":"        for (int i \u003d 0; i \u003c tasks.size(); i++) {","lastModifiedDate":"2025-09-30T20:46:11","isFullCredit":false},{"lineNumber":36,"author":{"gitId":"abefqy"},"content":"            System.out.println((i + 1) + \". \" + tasks.get(i).toString());","lastModifiedDate":"2025-09-30T20:46:11","isFullCredit":false},{"lineNumber":37,"author":{"gitId":"abefqy"},"content":"        }","lastModifiedDate":"2025-09-30T20:46:11","isFullCredit":false},{"lineNumber":38,"author":{"gitId":"abefqy"},"content":"        System.out.println(LINE);","lastModifiedDate":"2025-09-30T20:46:11","isFullCredit":false},{"lineNumber":39,"author":{"gitId":"abefqy"},"content":"    }","lastModifiedDate":"2025-09-30T20:46:11","isFullCredit":false},{"lineNumber":40,"author":{"gitId":"abefqy"},"content":"","lastModifiedDate":"2025-09-30T20:46:11","isFullCredit":false},{"lineNumber":41,"author":{"gitId":"abefqy"},"content":"    public void displayMark(Task t) {","lastModifiedDate":"2025-09-30T20:46:11","isFullCredit":false},{"lineNumber":42,"author":{"gitId":"abefqy"},"content":"        System.out.println(LINE);","lastModifiedDate":"2025-09-30T20:46:11","isFullCredit":false},{"lineNumber":43,"author":{"gitId":"abefqy"},"content":"        System.out.println(\"Good work! This task has been complete:\");","lastModifiedDate":"2025-09-30T20:46:11","isFullCredit":false},{"lineNumber":44,"author":{"gitId":"abefqy"},"content":"        System.out.println(t);","lastModifiedDate":"2025-09-30T20:46:11","isFullCredit":false},{"lineNumber":45,"author":{"gitId":"abefqy"},"content":"        System.out.println(LINE);","lastModifiedDate":"2025-09-30T20:46:11","isFullCredit":false},{"lineNumber":46,"author":{"gitId":"abefqy"},"content":"    }","lastModifiedDate":"2025-09-30T20:46:11","isFullCredit":false},{"lineNumber":47,"author":{"gitId":"abefqy"},"content":"","lastModifiedDate":"2025-09-30T20:46:11","isFullCredit":false},{"lineNumber":48,"author":{"gitId":"abefqy"},"content":"    public void displayUnmark(Task t) {","lastModifiedDate":"2025-09-30T20:46:11","isFullCredit":false},{"lineNumber":49,"author":{"gitId":"abefqy"},"content":"        System.out.println(LINE);","lastModifiedDate":"2025-09-30T20:46:11","isFullCredit":false},{"lineNumber":50,"author":{"gitId":"abefqy"},"content":"        System.out.println(\"Got it, I\u0027ve marked this task as incomplete\");","lastModifiedDate":"2025-09-30T20:46:11","isFullCredit":false},{"lineNumber":51,"author":{"gitId":"abefqy"},"content":"        System.out.println(t);","lastModifiedDate":"2025-09-30T20:46:11","isFullCredit":false},{"lineNumber":52,"author":{"gitId":"abefqy"},"content":"        System.out.println(LINE);","lastModifiedDate":"2025-09-30T20:46:11","isFullCredit":false},{"lineNumber":53,"author":{"gitId":"abefqy"},"content":"    }","lastModifiedDate":"2025-09-30T20:46:11","isFullCredit":false},{"lineNumber":54,"author":{"gitId":"abefqy"},"content":"","lastModifiedDate":"2025-09-30T20:46:11","isFullCredit":false},{"lineNumber":55,"author":{"gitId":"abefqy"},"content":"    public void displayAdd(Task t, TaskList tasks) {","lastModifiedDate":"2025-09-30T20:46:11","isFullCredit":false},{"lineNumber":56,"author":{"gitId":"abefqy"},"content":"        System.out.println(LINE);","lastModifiedDate":"2025-09-30T20:46:11","isFullCredit":false},{"lineNumber":57,"author":{"gitId":"abefqy"},"content":"        System.out.println(\"Got it. I\u0027ve added this task:\");","lastModifiedDate":"2025-09-30T20:46:11","isFullCredit":false},{"lineNumber":58,"author":{"gitId":"abefqy"},"content":"        System.out.println(\"    \" + t.toString());","lastModifiedDate":"2025-09-30T20:46:11","isFullCredit":false},{"lineNumber":59,"author":{"gitId":"abefqy"},"content":"        System.out.println(\"Now you have \" + tasks.size() + \" tasks in the list.\");","lastModifiedDate":"2025-09-30T20:46:11","isFullCredit":false},{"lineNumber":60,"author":{"gitId":"abefqy"},"content":"        System.out.println(LINE);","lastModifiedDate":"2025-09-30T20:46:11","isFullCredit":false},{"lineNumber":61,"author":{"gitId":"abefqy"},"content":"    }","lastModifiedDate":"2025-09-30T20:46:11","isFullCredit":false},{"lineNumber":62,"author":{"gitId":"abefqy"},"content":"","lastModifiedDate":"2025-09-30T20:46:11","isFullCredit":false},{"lineNumber":63,"author":{"gitId":"abefqy"},"content":"    public void displayDelete(Task t, TaskList tasks) {","lastModifiedDate":"2025-09-30T20:46:11","isFullCredit":false},{"lineNumber":64,"author":{"gitId":"abefqy"},"content":"        System.out.println(LINE);","lastModifiedDate":"2025-09-30T20:46:11","isFullCredit":false},{"lineNumber":65,"author":{"gitId":"abefqy"},"content":"        System.out.println(\"Noted. I\u0027ve removed this task:\");","lastModifiedDate":"2025-09-30T20:46:11","isFullCredit":false},{"lineNumber":66,"author":{"gitId":"abefqy"},"content":"        System.out.println(\"    \" + t.toString());","lastModifiedDate":"2025-09-30T20:46:11","isFullCredit":false},{"lineNumber":67,"author":{"gitId":"abefqy"},"content":"        System.out.println(\"Now you have \" + tasks.size() + \" tasks in the list.\");","lastModifiedDate":"2025-09-30T20:46:11","isFullCredit":false},{"lineNumber":68,"author":{"gitId":"abefqy"},"content":"        System.out.println(LINE);","lastModifiedDate":"2025-09-30T20:46:11","isFullCredit":false},{"lineNumber":69,"author":{"gitId":"abefqy"},"content":"    }","lastModifiedDate":"2025-09-30T20:46:11","isFullCredit":false},{"lineNumber":70,"author":{"gitId":"abefqy"},"content":"","lastModifiedDate":"2025-09-30T20:46:11","isFullCredit":false},{"lineNumber":71,"author":{"gitId":"abefqy"},"content":"    public void displayBye() {","lastModifiedDate":"2025-09-30T20:46:11","isFullCredit":false},{"lineNumber":72,"author":{"gitId":"abefqy"},"content":"        System.out.println(LINE);","lastModifiedDate":"2025-09-30T20:46:11","isFullCredit":false},{"lineNumber":73,"author":{"gitId":"abefqy"},"content":"        System.out.println(\"Bye. Hope to see you again soon!\");","lastModifiedDate":"2025-09-30T20:46:11","isFullCredit":false},{"lineNumber":74,"author":{"gitId":"abefqy"},"content":"        System.out.println(LINE);","lastModifiedDate":"2025-09-30T20:46:11","isFullCredit":false},{"lineNumber":75,"author":{"gitId":"abefqy"},"content":"    }","lastModifiedDate":"2025-09-30T20:46:11","isFullCredit":false},{"lineNumber":76,"author":{"gitId":"abefqy"},"content":"","lastModifiedDate":"2025-09-30T20:46:11","isFullCredit":false},{"lineNumber":77,"author":{"gitId":"abefqy"},"content":"    public void close() {","lastModifiedDate":"2025-09-30T20:46:11","isFullCredit":false},{"lineNumber":78,"author":{"gitId":"abefqy"},"content":"        scanner.close();","lastModifiedDate":"2025-09-30T20:46:11","isFullCredit":false},{"lineNumber":79,"author":{"gitId":"abefqy"},"content":"    }","lastModifiedDate":"2025-09-30T20:46:11","isFullCredit":false},{"lineNumber":80,"author":{"gitId":"abefqy"},"content":"}","lastModifiedDate":"2025-09-30T20:46:11","isFullCredit":false}],"authorContributionMap":{"abefqy":80}},{"path":"src/main/java/darren/task/Deadline.java","fileType":"java","lines":[{"lineNumber":1,"author":{"gitId":"abefqy"},"content":"package darren.task;","lastModifiedDate":"2025-09-13T16:40:16","isFullCredit":false},{"lineNumber":2,"author":{"gitId":"abefqy"},"content":"","lastModifiedDate":"2025-09-13T16:40:16","isFullCredit":false},{"lineNumber":3,"author":{"gitId":"abefqy"},"content":"public class Deadline extends Task {","lastModifiedDate":"2025-09-05T15:41:23","isFullCredit":false},{"lineNumber":4,"author":{"gitId":"abefqy"},"content":"    public String by;","lastModifiedDate":"2025-09-25T13:24:59","isFullCredit":false},{"lineNumber":5,"author":{"gitId":"abefqy"},"content":"","lastModifiedDate":"2025-09-05T15:41:23","isFullCredit":false},{"lineNumber":6,"author":{"gitId":"abefqy"},"content":"    public Deadline(String description, String by) {","lastModifiedDate":"2025-09-25T13:24:59","isFullCredit":false},{"lineNumber":7,"author":{"gitId":"abefqy"},"content":"        super(description);","lastModifiedDate":"2025-09-05T15:41:23","isFullCredit":false},{"lineNumber":8,"author":{"gitId":"abefqy"},"content":"        this.by \u003d by;","lastModifiedDate":"2025-09-25T13:24:59","isFullCredit":false},{"lineNumber":9,"author":{"gitId":"abefqy"},"content":"    }","lastModifiedDate":"2025-09-25T13:24:59","isFullCredit":false},{"lineNumber":10,"author":{"gitId":"abefqy"},"content":"","lastModifiedDate":"2025-09-25T13:24:59","isFullCredit":false},{"lineNumber":11,"author":{"gitId":"abefqy"},"content":"    @Override","lastModifiedDate":"2025-09-25T13:24:59","isFullCredit":false},{"lineNumber":12,"author":{"gitId":"abefqy"},"content":"    public String toStorage() {","lastModifiedDate":"2025-09-25T13:24:59","isFullCredit":false},{"lineNumber":13,"author":{"gitId":"abefqy"},"content":"        return \"D | \" + (isDone ? \"1\" : \"0\") + \" | \" + description + \" | \" + by;","lastModifiedDate":"2025-09-25T13:24:59","isFullCredit":false},{"lineNumber":14,"author":{"gitId":"abefqy"},"content":"    }","lastModifiedDate":"2025-09-05T15:41:23","isFullCredit":false},{"lineNumber":15,"author":{"gitId":"abefqy"},"content":"","lastModifiedDate":"2025-09-05T15:41:23","isFullCredit":false},{"lineNumber":16,"author":{"gitId":"abefqy"},"content":"    @Override","lastModifiedDate":"2025-09-05T15:41:23","isFullCredit":false},{"lineNumber":17,"author":{"gitId":"abefqy"},"content":"    public String toString() {","lastModifiedDate":"2025-09-05T15:41:23","isFullCredit":false},{"lineNumber":18,"author":{"gitId":"abefqy"},"content":"        return \"[D]\" + super.toString() + \" (by: \" + by + \")\";","lastModifiedDate":"2025-09-25T13:24:59","isFullCredit":false},{"lineNumber":19,"author":{"gitId":"abefqy"},"content":"    }","lastModifiedDate":"2025-09-05T15:41:23","isFullCredit":false},{"lineNumber":20,"author":{"gitId":"abefqy"},"content":"}","lastModifiedDate":"2025-09-05T15:41:23","isFullCredit":false}],"authorContributionMap":{"abefqy":20}},{"path":"src/main/java/darren/task/Event.java","fileType":"java","lines":[{"lineNumber":1,"author":{"gitId":"abefqy"},"content":"package darren.task;","lastModifiedDate":"2025-09-13T16:40:16","isFullCredit":false},{"lineNumber":2,"author":{"gitId":"abefqy"},"content":"","lastModifiedDate":"2025-09-13T16:40:16","isFullCredit":false},{"lineNumber":3,"author":{"gitId":"abefqy"},"content":"public class Event extends Task{","lastModifiedDate":"2025-09-05T15:41:23","isFullCredit":false},{"lineNumber":4,"author":{"gitId":"abefqy"},"content":"    public String from;","lastModifiedDate":"2025-09-25T13:24:59","isFullCredit":false},{"lineNumber":5,"author":{"gitId":"abefqy"},"content":"    public String to;","lastModifiedDate":"2025-09-25T13:24:59","isFullCredit":false},{"lineNumber":6,"author":{"gitId":"abefqy"},"content":"","lastModifiedDate":"2025-09-05T15:41:23","isFullCredit":false},{"lineNumber":7,"author":{"gitId":"abefqy"},"content":"    public Event(String description, String from, String to){","lastModifiedDate":"2025-09-05T15:41:23","isFullCredit":false},{"lineNumber":8,"author":{"gitId":"abefqy"},"content":"        super(description);","lastModifiedDate":"2025-09-05T15:41:23","isFullCredit":false},{"lineNumber":9,"author":{"gitId":"abefqy"},"content":"        this.from \u003d from;","lastModifiedDate":"2025-09-05T15:41:23","isFullCredit":false},{"lineNumber":10,"author":{"gitId":"abefqy"},"content":"        this.to \u003d to;","lastModifiedDate":"2025-09-05T15:41:23","isFullCredit":false},{"lineNumber":11,"author":{"gitId":"abefqy"},"content":"    }","lastModifiedDate":"2025-09-05T15:41:23","isFullCredit":false},{"lineNumber":12,"author":{"gitId":"abefqy"},"content":"","lastModifiedDate":"2025-09-05T15:41:23","isFullCredit":false},{"lineNumber":13,"author":{"gitId":"abefqy"},"content":"    @Override","lastModifiedDate":"2025-09-25T13:24:59","isFullCredit":false},{"lineNumber":14,"author":{"gitId":"abefqy"},"content":"    public String toStorage() {","lastModifiedDate":"2025-09-25T13:24:59","isFullCredit":false},{"lineNumber":15,"author":{"gitId":"abefqy"},"content":"        return \"E | \" + (isDone ? \"1\" : \"0\") + \" | \" + description + \" | \" + from + \" | \" + to;","lastModifiedDate":"2025-09-25T13:24:59","isFullCredit":false},{"lineNumber":16,"author":{"gitId":"abefqy"},"content":"    }","lastModifiedDate":"2025-09-25T13:24:59","isFullCredit":false},{"lineNumber":17,"author":{"gitId":"abefqy"},"content":"","lastModifiedDate":"2025-09-25T13:24:59","isFullCredit":false},{"lineNumber":18,"author":{"gitId":"abefqy"},"content":"    @Override","lastModifiedDate":"2025-09-05T15:41:23","isFullCredit":false},{"lineNumber":19,"author":{"gitId":"abefqy"},"content":"    public String toString() {","lastModifiedDate":"2025-09-05T15:41:23","isFullCredit":false},{"lineNumber":20,"author":{"gitId":"abefqy"},"content":"        return \"[E]\" + super.toString() + \" (from: \" + from + \" to: \" + to + \")\";","lastModifiedDate":"2025-09-05T15:41:23","isFullCredit":false},{"lineNumber":21,"author":{"gitId":"abefqy"},"content":"    }","lastModifiedDate":"2025-09-05T15:41:23","isFullCredit":false},{"lineNumber":22,"author":{"gitId":"abefqy"},"content":"}","lastModifiedDate":"2025-09-05T15:41:23","isFullCredit":false}],"authorContributionMap":{"abefqy":22}},{"path":"src/main/java/darren/task/Task.java","fileType":"java","lines":[{"lineNumber":1,"author":{"gitId":"abefqy"},"content":"package darren.task;","lastModifiedDate":"2025-09-13T16:40:16","isFullCredit":false},{"lineNumber":2,"author":{"gitId":"abefqy"},"content":"","lastModifiedDate":"2025-09-13T16:40:16","isFullCredit":false},{"lineNumber":3,"author":{"gitId":"abefqy"},"content":"public abstract class Task {","lastModifiedDate":"2025-09-25T13:24:59","isFullCredit":false},{"lineNumber":4,"author":{"gitId":"abefqy"},"content":"    public String description;","lastModifiedDate":"2025-09-25T13:24:59","isFullCredit":false},{"lineNumber":5,"author":{"gitId":"abefqy"},"content":"    protected boolean isDone;","lastModifiedDate":"2025-08-28T23:21:55","isFullCredit":false},{"lineNumber":6,"author":{"gitId":"abefqy"},"content":"","lastModifiedDate":"2025-08-28T23:21:55","isFullCredit":false},{"lineNumber":7,"author":{"gitId":"abefqy"},"content":"    public Task(String description) {","lastModifiedDate":"2025-08-28T23:21:55","isFullCredit":false},{"lineNumber":8,"author":{"gitId":"abefqy"},"content":"        this.description \u003d description;","lastModifiedDate":"2025-08-28T23:21:55","isFullCredit":false},{"lineNumber":9,"author":{"gitId":"abefqy"},"content":"        this.isDone \u003d false;","lastModifiedDate":"2025-08-28T23:21:55","isFullCredit":false},{"lineNumber":10,"author":{"gitId":"abefqy"},"content":"    }","lastModifiedDate":"2025-08-28T23:21:55","isFullCredit":false},{"lineNumber":11,"author":{"gitId":"abefqy"},"content":"","lastModifiedDate":"2025-08-28T23:21:55","isFullCredit":false},{"lineNumber":12,"author":{"gitId":"abefqy"},"content":"    public String getStatusIcon() {","lastModifiedDate":"2025-08-28T23:21:55","isFullCredit":false},{"lineNumber":13,"author":{"gitId":"abefqy"},"content":"        return (isDone ? \"X\" : \" \"); // mark done task with X","lastModifiedDate":"2025-08-28T23:21:55","isFullCredit":false},{"lineNumber":14,"author":{"gitId":"abefqy"},"content":"    }","lastModifiedDate":"2025-08-28T23:21:55","isFullCredit":false},{"lineNumber":15,"author":{"gitId":"abefqy"},"content":"","lastModifiedDate":"2025-08-28T23:21:55","isFullCredit":false},{"lineNumber":16,"author":{"gitId":"abefqy"},"content":"    public void markAsDone() {","lastModifiedDate":"2025-08-28T23:21:55","isFullCredit":false},{"lineNumber":17,"author":{"gitId":"abefqy"},"content":"        this.isDone \u003d true;","lastModifiedDate":"2025-08-28T23:21:55","isFullCredit":false},{"lineNumber":18,"author":{"gitId":"abefqy"},"content":"    }","lastModifiedDate":"2025-08-28T23:21:55","isFullCredit":false},{"lineNumber":19,"author":{"gitId":"abefqy"},"content":"","lastModifiedDate":"2025-08-28T23:21:55","isFullCredit":false},{"lineNumber":20,"author":{"gitId":"abefqy"},"content":"    public void markAsNotDone() {","lastModifiedDate":"2025-08-28T23:21:55","isFullCredit":false},{"lineNumber":21,"author":{"gitId":"abefqy"},"content":"        this.isDone \u003d false;","lastModifiedDate":"2025-08-28T23:21:55","isFullCredit":false},{"lineNumber":22,"author":{"gitId":"abefqy"},"content":"    }","lastModifiedDate":"2025-08-28T23:21:55","isFullCredit":false},{"lineNumber":23,"author":{"gitId":"abefqy"},"content":"","lastModifiedDate":"2025-08-28T23:21:55","isFullCredit":false},{"lineNumber":24,"author":{"gitId":"abefqy"},"content":"    public abstract String toStorage();","lastModifiedDate":"2025-09-25T13:24:59","isFullCredit":false},{"lineNumber":25,"author":{"gitId":"abefqy"},"content":"","lastModifiedDate":"2025-09-25T13:24:59","isFullCredit":false},{"lineNumber":26,"author":{"gitId":"abefqy"},"content":"    public static Task fromStorage(String line) {","lastModifiedDate":"2025-09-25T13:24:59","isFullCredit":false},{"lineNumber":27,"author":{"gitId":"abefqy"},"content":"        String[] parts \u003d line.split(\" \\\\| \");","lastModifiedDate":"2025-09-25T13:24:59","isFullCredit":false},{"lineNumber":28,"author":{"gitId":"abefqy"},"content":"        if (parts.length \u003c 3) return null;","lastModifiedDate":"2025-09-25T13:24:59","isFullCredit":false},{"lineNumber":29,"author":{"gitId":"abefqy"},"content":"","lastModifiedDate":"2025-09-25T13:24:59","isFullCredit":false},{"lineNumber":30,"author":{"gitId":"abefqy"},"content":"        String type \u003d parts[0].trim();","lastModifiedDate":"2025-09-25T13:24:59","isFullCredit":false},{"lineNumber":31,"author":{"gitId":"abefqy"},"content":"        boolean isDone \u003d parts[1].trim().equals(\"1\");","lastModifiedDate":"2025-09-25T13:24:59","isFullCredit":false},{"lineNumber":32,"author":{"gitId":"abefqy"},"content":"        String description \u003d parts[2].trim();","lastModifiedDate":"2025-09-25T13:24:59","isFullCredit":false},{"lineNumber":33,"author":{"gitId":"abefqy"},"content":"","lastModifiedDate":"2025-09-25T13:24:59","isFullCredit":false},{"lineNumber":34,"author":{"gitId":"abefqy"},"content":"        Task task;","lastModifiedDate":"2025-09-25T13:24:59","isFullCredit":false},{"lineNumber":35,"author":{"gitId":"abefqy"},"content":"        switch (type) {","lastModifiedDate":"2025-09-25T13:24:59","isFullCredit":false},{"lineNumber":36,"author":{"gitId":"abefqy"},"content":"            case \"T\":","lastModifiedDate":"2025-09-25T13:24:59","isFullCredit":false},{"lineNumber":37,"author":{"gitId":"abefqy"},"content":"                task \u003d new Todo(description);","lastModifiedDate":"2025-09-25T13:24:59","isFullCredit":false},{"lineNumber":38,"author":{"gitId":"abefqy"},"content":"                break;","lastModifiedDate":"2025-09-25T13:24:59","isFullCredit":false},{"lineNumber":39,"author":{"gitId":"abefqy"},"content":"            case \"D\":","lastModifiedDate":"2025-09-25T13:24:59","isFullCredit":false},{"lineNumber":40,"author":{"gitId":"abefqy"},"content":"                if (parts.length \u003e\u003d 4) {","lastModifiedDate":"2025-09-25T13:24:59","isFullCredit":false},{"lineNumber":41,"author":{"gitId":"abefqy"},"content":"                    task \u003d new Deadline(description, parts[3].trim());","lastModifiedDate":"2025-09-25T13:24:59","isFullCredit":false},{"lineNumber":42,"author":{"gitId":"abefqy"},"content":"                } else {","lastModifiedDate":"2025-09-25T13:24:59","isFullCredit":false},{"lineNumber":43,"author":{"gitId":"abefqy"},"content":"                    return null;","lastModifiedDate":"2025-09-25T13:24:59","isFullCredit":false},{"lineNumber":44,"author":{"gitId":"abefqy"},"content":"                }","lastModifiedDate":"2025-09-25T13:24:59","isFullCredit":false},{"lineNumber":45,"author":{"gitId":"abefqy"},"content":"                break;","lastModifiedDate":"2025-09-25T13:24:59","isFullCredit":false},{"lineNumber":46,"author":{"gitId":"abefqy"},"content":"            case \"E\":","lastModifiedDate":"2025-09-25T13:24:59","isFullCredit":false},{"lineNumber":47,"author":{"gitId":"abefqy"},"content":"                if (parts.length \u003e\u003d 5) {","lastModifiedDate":"2025-09-25T13:24:59","isFullCredit":false},{"lineNumber":48,"author":{"gitId":"abefqy"},"content":"                    task \u003d new Event(description, parts[3].trim(), parts[4].trim());","lastModifiedDate":"2025-09-25T13:24:59","isFullCredit":false},{"lineNumber":49,"author":{"gitId":"abefqy"},"content":"                } else {","lastModifiedDate":"2025-09-25T13:24:59","isFullCredit":false},{"lineNumber":50,"author":{"gitId":"abefqy"},"content":"                    return null;","lastModifiedDate":"2025-09-25T13:24:59","isFullCredit":false},{"lineNumber":51,"author":{"gitId":"abefqy"},"content":"                }","lastModifiedDate":"2025-09-25T13:24:59","isFullCredit":false},{"lineNumber":52,"author":{"gitId":"abefqy"},"content":"                break;","lastModifiedDate":"2025-09-25T13:24:59","isFullCredit":false},{"lineNumber":53,"author":{"gitId":"abefqy"},"content":"            default:","lastModifiedDate":"2025-09-25T13:24:59","isFullCredit":false},{"lineNumber":54,"author":{"gitId":"abefqy"},"content":"                return null;","lastModifiedDate":"2025-09-25T13:24:59","isFullCredit":false},{"lineNumber":55,"author":{"gitId":"abefqy"},"content":"        }","lastModifiedDate":"2025-09-25T13:24:59","isFullCredit":false},{"lineNumber":56,"author":{"gitId":"abefqy"},"content":"","lastModifiedDate":"2025-09-25T13:24:59","isFullCredit":false},{"lineNumber":57,"author":{"gitId":"abefqy"},"content":"        if (isDone) {","lastModifiedDate":"2025-09-25T13:24:59","isFullCredit":false},{"lineNumber":58,"author":{"gitId":"abefqy"},"content":"            task.markAsDone();","lastModifiedDate":"2025-09-25T13:24:59","isFullCredit":false},{"lineNumber":59,"author":{"gitId":"abefqy"},"content":"        }","lastModifiedDate":"2025-09-25T13:24:59","isFullCredit":false},{"lineNumber":60,"author":{"gitId":"abefqy"},"content":"        return task;","lastModifiedDate":"2025-09-25T13:24:59","isFullCredit":false},{"lineNumber":61,"author":{"gitId":"abefqy"},"content":"    }","lastModifiedDate":"2025-09-25T13:24:59","isFullCredit":false},{"lineNumber":62,"author":{"gitId":"abefqy"},"content":"","lastModifiedDate":"2025-09-25T13:24:59","isFullCredit":false},{"lineNumber":63,"author":{"gitId":"abefqy"},"content":"    @Override","lastModifiedDate":"2025-08-28T23:21:55","isFullCredit":false},{"lineNumber":64,"author":{"gitId":"abefqy"},"content":"    public String toString() {","lastModifiedDate":"2025-08-28T23:21:55","isFullCredit":false},{"lineNumber":65,"author":{"gitId":"abefqy"},"content":"        return \"[\" + getStatusIcon() + \"] \" + description;","lastModifiedDate":"2025-08-28T23:21:55","isFullCredit":false},{"lineNumber":66,"author":{"gitId":"abefqy"},"content":"    }","lastModifiedDate":"2025-08-28T23:21:55","isFullCredit":false},{"lineNumber":67,"author":{"gitId":"abefqy"},"content":"}","lastModifiedDate":"2025-08-28T23:21:55","isFullCredit":false}],"authorContributionMap":{"abefqy":67}},{"path":"src/main/java/darren/task/Todo.java","fileType":"java","lines":[{"lineNumber":1,"author":{"gitId":"abefqy"},"content":"package darren.task;","lastModifiedDate":"2025-09-13T16:40:16","isFullCredit":false},{"lineNumber":2,"author":{"gitId":"abefqy"},"content":"","lastModifiedDate":"2025-09-13T16:40:16","isFullCredit":false},{"lineNumber":3,"author":{"gitId":"abefqy"},"content":"public class Todo extends Task {","lastModifiedDate":"2025-09-05T15:41:23","isFullCredit":false},{"lineNumber":4,"author":{"gitId":"abefqy"},"content":"    public Todo(String description) {","lastModifiedDate":"2025-09-05T15:41:23","isFullCredit":false},{"lineNumber":5,"author":{"gitId":"abefqy"},"content":"        super(description);","lastModifiedDate":"2025-09-05T15:41:23","isFullCredit":false},{"lineNumber":6,"author":{"gitId":"abefqy"},"content":"    }","lastModifiedDate":"2025-09-05T15:41:23","isFullCredit":false},{"lineNumber":7,"author":{"gitId":"abefqy"},"content":"","lastModifiedDate":"2025-09-05T15:41:23","isFullCredit":false},{"lineNumber":8,"author":{"gitId":"abefqy"},"content":"    @Override","lastModifiedDate":"2025-09-05T15:41:23","isFullCredit":false},{"lineNumber":9,"author":{"gitId":"abefqy"},"content":"    public String toString() {","lastModifiedDate":"2025-09-05T15:41:23","isFullCredit":false},{"lineNumber":10,"author":{"gitId":"abefqy"},"content":"        return \"[T]\" + super.toString();","lastModifiedDate":"2025-09-05T15:41:23","isFullCredit":false},{"lineNumber":11,"author":{"gitId":"abefqy"},"content":"    }","lastModifiedDate":"2025-09-05T15:41:23","isFullCredit":false},{"lineNumber":12,"author":{"gitId":"abefqy"},"content":"","lastModifiedDate":"2025-09-25T13:24:59","isFullCredit":false},{"lineNumber":13,"author":{"gitId":"abefqy"},"content":"    @Override","lastModifiedDate":"2025-09-25T13:24:59","isFullCredit":false},{"lineNumber":14,"author":{"gitId":"abefqy"},"content":"    public String toStorage() {","lastModifiedDate":"2025-09-25T13:24:59","isFullCredit":false},{"lineNumber":15,"author":{"gitId":"abefqy"},"content":"        return \"T | \" + (isDone ? \"1\" : \"0\") + \" | \" + description;","lastModifiedDate":"2025-09-25T13:24:59","isFullCredit":false},{"lineNumber":16,"author":{"gitId":"abefqy"},"content":"    }","lastModifiedDate":"2025-09-25T13:24:59","isFullCredit":false},{"lineNumber":17,"author":{"gitId":"abefqy"},"content":"}","lastModifiedDate":"2025-09-05T15:41:23","isFullCredit":false}],"authorContributionMap":{"abefqy":17}},{"path":"text-ui-test/input.txt","fileType":"txt","lines":[{"lineNumber":1,"author":{"gitId":"abefqy"},"content":"todo breakfast","lastModifiedDate":"2025-09-13T16:40:16","isFullCredit":false},{"lineNumber":2,"author":{"gitId":"abefqy"},"content":"deadline lunch /by 12pm","lastModifiedDate":"2025-09-13T16:40:16","isFullCredit":false},{"lineNumber":3,"author":{"gitId":"abefqy"},"content":"event dinner /from 6pm /to 7pm","lastModifiedDate":"2025-09-13T16:40:16","isFullCredit":false},{"lineNumber":4,"author":{"gitId":"abefqy"},"content":"list","lastModifiedDate":"2025-09-13T16:40:16","isFullCredit":false},{"lineNumber":5,"author":{"gitId":"abefqy"},"content":"mark 1","lastModifiedDate":"2025-09-13T16:40:16","isFullCredit":false},{"lineNumber":6,"author":{"gitId":"abefqy"},"content":"list","lastModifiedDate":"2025-09-13T16:40:16","isFullCredit":false},{"lineNumber":7,"author":{"gitId":"abefqy"},"content":"unmark 1","lastModifiedDate":"2025-09-13T16:40:16","isFullCredit":false},{"lineNumber":8,"author":{"gitId":"abefqy"},"content":"list","lastModifiedDate":"2025-09-13T16:40:16","isFullCredit":false},{"lineNumber":9,"author":{"gitId":"abefqy"},"content":"todo","lastModifiedDate":"2025-09-13T16:40:16","isFullCredit":false},{"lineNumber":10,"author":{"gitId":"abefqy"},"content":"deadline","lastModifiedDate":"2025-09-13T16:40:16","isFullCredit":false},{"lineNumber":11,"author":{"gitId":"abefqy"},"content":"event supper","lastModifiedDate":"2025-09-13T16:40:16","isFullCredit":false},{"lineNumber":12,"author":{"gitId":"abefqy"},"content":"todo","lastModifiedDate":"2025-09-13T16:40:16","isFullCredit":false},{"lineNumber":13,"author":{"gitId":"abefqy"},"content":"random","lastModifiedDate":"2025-09-13T16:40:16","isFullCredit":false},{"lineNumber":14,"author":{"gitId":"abefqy"},"content":"mark number","lastModifiedDate":"2025-09-13T16:40:16","isFullCredit":false},{"lineNumber":15,"author":{"gitId":"abefqy"},"content":"delete 1","lastModifiedDate":"2025-09-18T23:06:41","isFullCredit":false},{"lineNumber":16,"author":{"gitId":"abefqy"},"content":"list","lastModifiedDate":"2025-09-18T23:06:41","isFullCredit":false},{"lineNumber":17,"author":{"gitId":"abefqy"},"content":"bye","lastModifiedDate":"2025-09-13T16:40:16","isFullCredit":false}],"authorContributionMap":{"abefqy":17}},{"path":"text-ui-test/runtest.bat","fileType":"bat","lines":[{"lineNumber":1,"author":{"gitId":"-"},"content":"@ECHO OFF","lastModifiedDate":"2020-05-25T00:03:55","isFullCredit":false},{"lineNumber":2,"author":{"gitId":"-"},"content":"","lastModifiedDate":"2020-05-25T00:03:55","isFullCredit":false},{"lineNumber":3,"author":{"gitId":"-"},"content":"REM create bin directory if it doesn\u0027t exist","lastModifiedDate":"2020-05-25T00:03:55","isFullCredit":false},{"lineNumber":4,"author":{"gitId":"-"},"content":"if not exist ..\\bin mkdir ..\\bin","lastModifiedDate":"2020-05-25T00:03:55","isFullCredit":false},{"lineNumber":5,"author":{"gitId":"-"},"content":"","lastModifiedDate":"2020-05-25T00:03:55","isFullCredit":false},{"lineNumber":6,"author":{"gitId":"-"},"content":"REM delete output from previous run","lastModifiedDate":"2020-05-25T00:03:55","isFullCredit":false},{"lineNumber":7,"author":{"gitId":"-"},"content":"if exist ACTUAL.TXT del ACTUAL.TXT","lastModifiedDate":"2020-08-25T17:23:26","isFullCredit":false},{"lineNumber":8,"author":{"gitId":"-"},"content":"","lastModifiedDate":"2020-05-25T00:03:55","isFullCredit":false},{"lineNumber":9,"author":{"gitId":"-"},"content":"REM compile the code into the bin folder","lastModifiedDate":"2020-05-25T00:03:55","isFullCredit":false},{"lineNumber":10,"author":{"gitId":"abefqy"},"content":"javac  -cp ..\\src\\main\\java -Xlint:none -d ..\\bin ..\\src\\main\\java\\darren\\*.java","lastModifiedDate":"2025-09-13T16:40:16","isFullCredit":false},{"lineNumber":11,"author":{"gitId":"-"},"content":"IF ERRORLEVEL 1 (","lastModifiedDate":"2020-05-25T00:03:55","isFullCredit":false},{"lineNumber":12,"author":{"gitId":"-"},"content":"    echo ********** BUILD FAILURE **********","lastModifiedDate":"2020-05-25T00:03:55","isFullCredit":false},{"lineNumber":13,"author":{"gitId":"-"},"content":"    exit /b 1","lastModifiedDate":"2020-05-25T00:03:55","isFullCredit":false},{"lineNumber":14,"author":{"gitId":"-"},"content":")","lastModifiedDate":"2020-05-25T00:03:55","isFullCredit":false},{"lineNumber":15,"author":{"gitId":"-"},"content":"REM no error here, errorlevel \u003d\u003d 0","lastModifiedDate":"2020-05-25T00:03:55","isFullCredit":false},{"lineNumber":16,"author":{"gitId":"-"},"content":"","lastModifiedDate":"2020-05-25T00:03:55","isFullCredit":false},{"lineNumber":17,"author":{"gitId":"-"},"content":"REM run the program, feed commands from input.txt file and redirect the output to the ACTUAL.TXT","lastModifiedDate":"2020-05-25T00:03:55","isFullCredit":false},{"lineNumber":18,"author":{"gitId":"abefqy"},"content":"java -classpath ..\\bin darren.Darren \u003c input.txt \u003e ACTUAL.TXT","lastModifiedDate":"2025-09-13T16:40:16","isFullCredit":false},{"lineNumber":19,"author":{"gitId":"-"},"content":"","lastModifiedDate":"2020-05-25T00:03:55","isFullCredit":false},{"lineNumber":20,"author":{"gitId":"-"},"content":"REM compare the output to the expected output","lastModifiedDate":"2020-05-25T00:03:55","isFullCredit":false},{"lineNumber":21,"author":{"gitId":"-"},"content":"FC ACTUAL.TXT EXPECTED.TXT","lastModifiedDate":"2020-05-25T00:03:55","isFullCredit":false}],"authorContributionMap":{"abefqy":2,"-":19}},{"path":"text-ui-test/runtest.sh","fileType":"sh","lines":[{"lineNumber":1,"author":{"gitId":"-"},"content":"#!/usr/bin/env bash","lastModifiedDate":"2020-05-25T00:03:55","isFullCredit":false},{"lineNumber":2,"author":{"gitId":"-"},"content":"","lastModifiedDate":"2020-05-25T00:03:55","isFullCredit":false},{"lineNumber":3,"author":{"gitId":"-"},"content":"# create bin directory if it doesn\u0027t exist","lastModifiedDate":"2020-05-25T00:03:55","isFullCredit":false},{"lineNumber":4,"author":{"gitId":"-"},"content":"if [ ! -d \"../bin\" ]","lastModifiedDate":"2020-05-25T00:03:55","isFullCredit":false},{"lineNumber":5,"author":{"gitId":"-"},"content":"then","lastModifiedDate":"2020-05-25T00:03:55","isFullCredit":false},{"lineNumber":6,"author":{"gitId":"-"},"content":"    mkdir ../bin","lastModifiedDate":"2020-05-25T00:03:55","isFullCredit":false},{"lineNumber":7,"author":{"gitId":"-"},"content":"fi","lastModifiedDate":"2020-05-25T00:03:55","isFullCredit":false},{"lineNumber":8,"author":{"gitId":"-"},"content":"","lastModifiedDate":"2020-05-25T00:03:55","isFullCredit":false},{"lineNumber":9,"author":{"gitId":"-"},"content":"# delete output from previous run","lastModifiedDate":"2020-05-25T00:03:55","isFullCredit":false},{"lineNumber":10,"author":{"gitId":"-"},"content":"if [ -e \"./ACTUAL.TXT\" ]","lastModifiedDate":"2020-05-25T00:03:55","isFullCredit":false},{"lineNumber":11,"author":{"gitId":"-"},"content":"then","lastModifiedDate":"2020-05-25T00:03:55","isFullCredit":false},{"lineNumber":12,"author":{"gitId":"-"},"content":"    rm ACTUAL.TXT","lastModifiedDate":"2020-05-25T00:03:55","isFullCredit":false},{"lineNumber":13,"author":{"gitId":"-"},"content":"fi","lastModifiedDate":"2020-05-25T00:03:55","isFullCredit":false},{"lineNumber":14,"author":{"gitId":"-"},"content":"","lastModifiedDate":"2020-05-25T00:03:55","isFullCredit":false},{"lineNumber":15,"author":{"gitId":"-"},"content":"# compile the code into the bin folder, terminates if error occurred","lastModifiedDate":"2020-05-25T00:03:55","isFullCredit":false},{"lineNumber":16,"author":{"gitId":"abefqy"},"content":"if ! javac -cp ../src/main/java -Xlint:none -d ../bin ../src/main/java/darren/*.java","lastModifiedDate":"2025-09-13T16:40:16","isFullCredit":false},{"lineNumber":17,"author":{"gitId":"-"},"content":"then","lastModifiedDate":"2020-05-25T00:03:55","isFullCredit":false},{"lineNumber":18,"author":{"gitId":"-"},"content":"    echo \"********** BUILD FAILURE **********\"","lastModifiedDate":"2020-05-25T00:03:55","isFullCredit":false},{"lineNumber":19,"author":{"gitId":"-"},"content":"    exit 1","lastModifiedDate":"2020-05-25T00:03:55","isFullCredit":false},{"lineNumber":20,"author":{"gitId":"-"},"content":"fi","lastModifiedDate":"2020-05-25T00:03:55","isFullCredit":false},{"lineNumber":21,"author":{"gitId":"-"},"content":"","lastModifiedDate":"2020-05-25T00:03:55","isFullCredit":false},{"lineNumber":22,"author":{"gitId":"-"},"content":"# run the program, feed commands from input.txt file and redirect the output to the ACTUAL.TXT","lastModifiedDate":"2020-05-25T00:03:55","isFullCredit":false},{"lineNumber":23,"author":{"gitId":"abefqy"},"content":"java -classpath ../bin darren.Darren \u003c input.txt \u003e ACTUAL.TXT","lastModifiedDate":"2025-09-18T23:06:41","isFullCredit":false},{"lineNumber":24,"author":{"gitId":"-"},"content":"","lastModifiedDate":"2020-05-25T00:03:55","isFullCredit":false},{"lineNumber":25,"author":{"gitId":"-"},"content":"# convert to UNIX format","lastModifiedDate":"2020-05-25T00:03:55","isFullCredit":false},{"lineNumber":26,"author":{"gitId":"-"},"content":"cp EXPECTED.TXT EXPECTED-UNIX.TXT","lastModifiedDate":"2020-05-25T00:03:55","isFullCredit":false},{"lineNumber":27,"author":{"gitId":"-"},"content":"dos2unix ACTUAL.TXT EXPECTED-UNIX.TXT","lastModifiedDate":"2020-05-25T00:03:55","isFullCredit":false},{"lineNumber":28,"author":{"gitId":"-"},"content":"","lastModifiedDate":"2020-05-25T00:03:55","isFullCredit":false},{"lineNumber":29,"author":{"gitId":"-"},"content":"# compare the output to the expected output","lastModifiedDate":"2020-05-25T00:03:55","isFullCredit":false},{"lineNumber":30,"author":{"gitId":"-"},"content":"diff ACTUAL.TXT EXPECTED-UNIX.TXT","lastModifiedDate":"2020-05-25T00:03:55","isFullCredit":false},{"lineNumber":31,"author":{"gitId":"-"},"content":"if [ $? -eq 0 ]","lastModifiedDate":"2020-05-25T00:03:55","isFullCredit":false},{"lineNumber":32,"author":{"gitId":"-"},"content":"then","lastModifiedDate":"2020-05-25T00:03:55","isFullCredit":false},{"lineNumber":33,"author":{"gitId":"-"},"content":"    echo \"Test result: PASSED\"","lastModifiedDate":"2020-05-25T00:03:55","isFullCredit":false},{"lineNumber":34,"author":{"gitId":"-"},"content":"    exit 0","lastModifiedDate":"2020-05-25T00:03:55","isFullCredit":false},{"lineNumber":35,"author":{"gitId":"-"},"content":"else","lastModifiedDate":"2020-05-25T00:03:55","isFullCredit":false},{"lineNumber":36,"author":{"gitId":"-"},"content":"    echo \"Test result: FAILED\"","lastModifiedDate":"2020-05-25T00:03:55","isFullCredit":false},{"lineNumber":37,"author":{"gitId":"-"},"content":"    exit 1","lastModifiedDate":"2020-05-25T00:03:55","isFullCredit":false},{"lineNumber":38,"author":{"gitId":"-"},"content":"fi","lastModifiedDate":"2020-05-25T00:03:55","isFullCredit":false}],"authorContributionMap":{"abefqy":2,"-":36}}]
