{"authorDailyContributionsMap":{"abefqy":[{"date":"2025-08-28T00:00:00","commitResults":[{"hash":"5ff9314cee57e8a170ed7d5209c491920ee8dca8","isMergeCommit":false,"messageTitle":"Rename chatbot and implemented skeletal behavior","messageBody":"","fileTypesAndContributionMap":{"java":{"insertions":13,"deletions":10},"md":{"insertions":1,"deletions":1}}},{"hash":"05aa2b17d0fad1447aef91f4376bda563d3318d0","isMergeCommit":false,"messageTitle":"Add echo feature and exit feature","messageBody":"","tags":["Level-1"],"fileTypesAndContributionMap":{"java":{"insertions":21,"deletions":7}}},{"hash":"093dcc510e8eeac4c379a4d1d9240b2b2c32e9ed","isMergeCommit":false,"messageTitle":"Add list feature","messageBody":"","tags":["Level-2"],"fileTypesAndContributionMap":{"java":{"insertions":18,"deletions":3}}},{"hash":"9c91f6d1ee6d03accc1ebb985571c54dbfe7d62d","isMergeCommit":false,"messageTitle":"Add mark and unmark feature with Task class","messageBody":"","tags":["Level-3"],"fileTypesAndContributionMap":{"java":{"insertions":63,"deletions":2}}}]},{"date":"2025-09-05T00:00:00","commitResults":[{"hash":"4948310343e240d5b0641ee2954a0c722e33d687","isMergeCommit":false,"messageTitle":"Implemented switch case for input commands","messageBody":"","tags":["Level-0"],"fileTypesAndContributionMap":{"java":{"insertions":30,"deletions":22},"bat":{"insertions":1,"deletions":1},"sh":{"insertions":1,"deletions":1}}},{"hash":"a2587d6afc2a313c53043f66f015b247f2590c01","isMergeCommit":false,"messageTitle":"Implemented todo, deadline and event","messageBody":"","tags":["Level-4"],"fileTypesAndContributionMap":{"java":{"insertions":132,"deletions":34}}}]},{"date":"2025-09-08T00:00:00","commitResults":[{"hash":"b7722047af505bda6e9ab7c79e571a46217ae0d4","isMergeCommit":false,"messageTitle":"Removed magic numbers","messageBody":"","tags":["A-CodeQuality"],"fileTypesAndContributionMap":{"java":{"insertions":5,"deletions":2}}}]},{"date":"2025-09-09T00:00:00","commitResults":[{"hash":"45373a1ef2890d88fa52f56e1580fd4473c6f122","isMergeCommit":false,"messageTitle":"Implemented error handling","messageBody":"","fileTypesAndContributionMap":{"java":{"insertions":112,"deletions":94}}},{"hash":"4eff50cf04095b7176ab47381771b5710b6df56f","isMergeCommit":true,"messageTitle":"Merge branch \u0027branch-Level-5\u0027","messageBody":"* branch-Level-5:\n  Implemented error handling\n","tags":["Level-5"],"fileTypesAndContributionMap":{}}]},{"date":"2025-09-13T00:00:00","commitResults":[{"hash":"bafe822df82470cfed9d2c42f1fac75278a30f9c","isMergeCommit":false,"messageTitle":"Organised packages and implemented auto text UI testing","messageBody":"","tags":["A-TextUiTesting","A-Packages"],"fileTypesAndContributionMap":{"txt":{"insertions":15,"deletions":0},"java":{"insertions":17,"deletions":0},"bat":{"insertions":2,"deletions":2},"sh":{"insertions":1,"deletions":1},"md":{"insertions":1,"deletions":1}}}]}]},"authorFileTypeContributionMap":{"abefqy":{"java":247,"md":1,"fxml":0,"sh":2,"bat":2,"gradle":0,"txt":15}},"authorContributionVariance":{"abefqy":2770.2952},"authorDisplayNameMap":{"abefqy":"CS2113-W12-2 ABE .. YIN"}}
