{"authorDailyContributionsMap":{"k1b1t0":[{"date":"2025-08-17T00:00:00","commitResults":[{"hash":"5f2b3c8d6a2df408cbe652c3e21b2c55c7887d64","isMergeCommit":false,"messageTitle":"Level-0","messageBody":"","fileTypesAndContributionMap":{"java":{"insertions":11,"deletions":6}}},{"hash":"fafaddfe8436176b70fb508aab1d83076a634ad0","isMergeCommit":false,"messageTitle":"Level-0","messageBody":"","tags":["Level-0"],"fileTypesAndContributionMap":{"java":{"insertions":1,"deletions":1}}}]},{"date":"2025-08-26T00:00:00","commitResults":[{"hash":"7550ca98746ae7c1e9451b8d3c09d3bfa16779b3","isMergeCommit":false,"messageTitle":"Add echo for chatbot","messageBody":"","tags":["Level-1"],"fileTypesAndContributionMap":{"java":{"insertions":19,"deletions":2}}},{"hash":"842115aef72cb1afb52f9519f94c3672d8f56717","isMergeCommit":false,"messageTitle":"Add to do list and function add to list","messageBody":"","tags":["Level-2"],"fileTypesAndContributionMap":{"java":{"insertions":22,"deletions":1}}},{"hash":"8e190be09663ceeb4257569de8c4744b4be37bb6","isMergeCommit":false,"messageTitle":"mark/unmark tasks","messageBody":"","tags":["Level-3"],"fileTypesAndContributionMap":{"java":{"insertions":65,"deletions":6}}},{"hash":"a1274890b910df6a861647413d1c61fb5a4a3547","isMergeCommit":false,"messageTitle":"Ensure Java Standards","messageBody":"","tags":["A-CodingStandard"],"fileTypesAndContributionMap":{"java":{"insertions":2,"deletions":3}}}]}]},"authorFileTypeContributionMap":{"k1b1t0":{"java":108,"md":0,"fxml":0,"sh":0,"bat":0,"gradle":0,"txt":0}},"authorContributionVariance":{"k1b1t0":723.37396},"authorDisplayNameMap":{"k1b1t0":"NGUY.. DUC"}}
