{"authorDailyContributionsMap":{"k1b1t0":[{"date":"2025-08-17T00:00:00","commitResults":[{"hash":"5f2b3c8d6a2df408cbe652c3e21b2c55c7887d64","isMergeCommit":false,"messageTitle":"Level-0","messageBody":"","fileTypesAndContributionMap":{"java":{"insertions":11,"deletions":6}}},{"hash":"fafaddfe8436176b70fb508aab1d83076a634ad0","isMergeCommit":false,"messageTitle":"Level-0","messageBody":"","tags":["Level-0"],"fileTypesAndContributionMap":{"java":{"insertions":1,"deletions":1}}}]},{"date":"2025-08-26T00:00:00","commitResults":[{"hash":"7550ca98746ae7c1e9451b8d3c09d3bfa16779b3","isMergeCommit":false,"messageTitle":"Add echo for chatbot","messageBody":"","tags":["Level-1"],"fileTypesAndContributionMap":{"java":{"insertions":19,"deletions":2}}},{"hash":"842115aef72cb1afb52f9519f94c3672d8f56717","isMergeCommit":false,"messageTitle":"Add to do list and function add to list","messageBody":"","tags":["Level-2"],"fileTypesAndContributionMap":{"java":{"insertions":22,"deletions":1}}},{"hash":"8e190be09663ceeb4257569de8c4744b4be37bb6","isMergeCommit":false,"messageTitle":"mark/unmark tasks","messageBody":"","tags":["Level-3"],"fileTypesAndContributionMap":{"java":{"insertions":65,"deletions":6}}},{"hash":"a1274890b910df6a861647413d1c61fb5a4a3547","isMergeCommit":false,"messageTitle":"Ensure Java Standards","messageBody":"","tags":["A-CodingStandard"],"fileTypesAndContributionMap":{"java":{"insertions":2,"deletions":3}}}]},{"date":"2025-08-31T00:00:00","commitResults":[{"hash":"1150cf6860961805789cab2ad7f1df2ae55f1a09","isMergeCommit":false,"messageTitle":"Add event, todo, task","messageBody":"","tags":["A-Inheritance"],"fileTypesAndContributionMap":{"java":{"insertions":119,"deletions":24}}},{"hash":"af810a3bd21158c3795655ce7fc02b4c6dc7fa92","isMergeCommit":false,"messageTitle":"Add semi-auto test","messageBody":"","tags":["A-TextUiTesting"],"fileTypesAndContributionMap":{"txt":{"insertions":5,"deletions":0},"bat":{"insertions":1,"deletions":1}}},{"hash":"1dcc9e03198ebc70381d78974c80f9fc3b99c444","isMergeCommit":false,"messageTitle":"refactor SuperIdol class for better readability","messageBody":"","tags":["A-CodeQuality"],"fileTypesAndContributionMap":{"java":{"insertions":25,"deletions":13}}}]},{"date":"2025-09-04T00:00:00","commitResults":[{"hash":"0b57438dcc2e909b10e85954e44300ff176fa0fd","isMergeCommit":false,"messageTitle":"Fix bug: add infinity task","messageBody":"","tags":["Level-4"],"fileTypesAndContributionMap":{"java":{"insertions":4,"deletions":2}}}]},{"date":"2025-09-05T00:00:00","commitResults":[{"hash":"61f0ebc01cf8e1940dbd5cb3d15c3dd7a662a182","isMergeCommit":false,"messageTitle":"Add error handling","messageBody":"todo, deadline, event without task\nmark, unmark without index\nadd some instructions for user\n","tags":["A-Exceptions"],"fileTypesAndContributionMap":{"txt":{"insertions":13,"deletions":0},"java":{"insertions":74,"deletions":64}}},{"hash":"5c5f0218e0bd4a5bd878f9aad82099acc4a3f49b","isMergeCommit":false,"messageTitle":"refactor code to packages","messageBody":"","fileTypesAndContributionMap":{"java":{"insertions":23,"deletions":8},"bat":{"insertions":1,"deletions":1}}}]},{"date":"2025-09-09T00:00:00","commitResults":[{"hash":"8ed875c84bfa3f451f144c9ea70f690a10de1aef","isMergeCommit":true,"messageTitle":"Merge branch \u0027branch-Level-5\u0027","messageBody":"that is the requirement\n","tags":["Level-5"],"fileTypesAndContributionMap":{}},{"hash":"cbadf5fd95336752a1e99f79de6bf813d67e4754","isMergeCommit":true,"messageTitle":"Merge all branch Level-5","messageBody":"","fileTypesAndContributionMap":{}},{"hash":"713c807dcd9511a6047efbb7adec083088cb047f","isMergeCommit":false,"messageTitle":"Merge all branch Level-5","messageBody":"","tags":["A-Packages"],"fileTypesAndContributionMap":{"java":{"insertions":0,"deletions":6}}}]},{"date":"2025-09-13T00:00:00","commitResults":[{"hash":"cd99a086e1751343b087dc9a8981903256e156ee","isMergeCommit":false,"messageTitle":"Add delete feature","messageBody":"","tags":["Level-6","A-Collections"],"fileTypesAndContributionMap":{"java":{"insertions":29,"deletions":12}}}]},{"date":"2025-09-14T00:00:00","commitResults":[{"hash":"5ba6f11b4a76d2d66b44da868dbde5d7e203c868","isMergeCommit":false,"messageTitle":"Add saving feature","messageBody":"","tags":["Level-7","A-Jar"],"fileTypesAndContributionMap":{"txt":{"insertions":2,"deletions":0},"java":{"insertions":164,"deletions":15}}}]},{"date":"2025-09-20T00:00:00","commitResults":[{"hash":"3f8353c1062cfd66ed0c2114293e74fd118f6115","isMergeCommit":false,"messageTitle":"Refactor code","messageBody":"","fileTypesAndContributionMap":{"txt":{"insertions":3,"deletions":1},"java":{"insertions":534,"deletions":298},"bat":{"insertions":1,"deletions":1}}},{"hash":"d8893de42272c7a7a64d1a9239864caf12c018b2","isMergeCommit":false,"messageTitle":"Refactor command pattern","messageBody":"","tags":["A-MoreOOP"],"fileTypesAndContributionMap":{"txt":{"insertions":1,"deletions":1},"java":{"insertions":280,"deletions":135}}},{"hash":"513c4a0b68d0ed28b7516e491871d687e3f4cde8","isMergeCommit":false,"messageTitle":"Add time feature","messageBody":"","tags":["Level-8"],"fileTypesAndContributionMap":{"txt":{"insertions":7,"deletions":4},"java":{"insertions":173,"deletions":27}}},{"hash":"7ed39a2c8e7c30e37cbb7c7a6c57009e28a2cacc","isMergeCommit":false,"messageTitle":"Level-9","messageBody":"","tags":["Level-9"],"fileTypesAndContributionMap":{"txt":{"insertions":2,"deletions":3},"java":{"insertions":67,"deletions":2}}}]}]},"authorFileTypeContributionMap":{"k1b1t0":{"java":1002,"md":0,"fxml":0,"sh":0,"bat":1,"gradle":0,"txt":24}},"authorContributionVariance":{"k1b1t0":53895.703},"authorDisplayNameMap":{"k1b1t0":"CS2113-T11-1 NGUY.. DUC"}}
