{"authorDailyContributionsMap":{"sivanshno":[{"date":"2025-08-28T00:00:00","commitResults":[{"hash":"f5e183389c2e8ba99df724b35231b66fa3d29ff0","isMergeCommit":false,"messageTitle":"Change chatbot name to Agus, Add new greeting message and by message","messageBody":"","fileTypesAndContributionMap":{"java":{"insertions":6,"deletions":10},"bat":{"insertions":1,"deletions":1},"md":{"insertions":3,"deletions":3}}}]},{"date":"2025-09-04T00:00:00","commitResults":[{"hash":"bd06e382ea099722759b347ca1dd4ebd3046260f","isMergeCommit":false,"messageTitle":"Add Echo function to echo user inputs","messageBody":"","tags":["level-1"],"fileTypesAndContributionMap":{"java":{"insertions":13,"deletions":0}}},{"hash":"427fadd85dc3264e3dca08b62a3f5c62f8d0ba8c","isMergeCommit":false,"messageTitle":"Add the \"add\" function to Agus","messageBody":"","tags":["level-2"],"fileTypesAndContributionMap":{"java":{"insertions":33,"deletions":1}}},{"hash":"eaabe262e01eb0c4ada72f021a611eb8557b3f6b","isMergeCommit":false,"messageTitle":"Add \"Task\" class and change list command and history to be managed in that class. Add functionality for mark as done and unmark","messageBody":"","tags":["level-3"],"fileTypesAndContributionMap":{"java":{"insertions":59,"deletions":10}}}]},{"date":"2025-09-08T00:00:00","commitResults":[{"hash":"05732840379aac5f74984d5481671cde81a0d0b2","isMergeCommit":false,"messageTitle":"Add Deadline, Event, Todo classes, Modify Task class to accomodate the new subclasses, Create parse command function to seperate Commands from descriptions","messageBody":"","tags":["Level-4"],"fileTypesAndContributionMap":{"java":{"insertions":118,"deletions":21}}}]},{"date":"2025-09-11T00:00:00","commitResults":[{"hash":"4be367869d5f73fd83a74e74836367d6e529de21","isMergeCommit":false,"messageTitle":"Add Illegal command exception, and catch exception in chatbot","messageBody":"","fileTypesAndContributionMap":{"java":{"insertions":41,"deletions":32}}},{"hash":"82bf9b0d6ea6188dafeca679ff6d0f1558635c7f","isMergeCommit":false,"messageTitle":"Add error handling for missing or bad numbers on what to mark","messageBody":"","fileTypesAndContributionMap":{"java":{"insertions":33,"deletions":6}}},{"hash":"017ef6cbb2711ab6b81735738fcba9a902521657","isMergeCommit":false,"messageTitle":"Add error handling for out of bounds mark and unmark requests","messageBody":"","fileTypesAndContributionMap":{"java":{"insertions":18,"deletions":4}}},{"hash":"97f574da28ad68976f91295d2d9cb0ce1650b2e6","isMergeCommit":true,"messageTitle":"Add error handling for invalid commands and invalid mark and unmark indexes or empty mark and unmark indexes Merge branch \u0027Level-5\u0027","messageBody":"","tags":["Level-5"],"fileTypesAndContributionMap":{}}]},{"date":"2025-09-18T00:00:00","commitResults":[{"hash":"96b82fa9c1fae0aaaa2b13681e1a0507797c2c4f","isMergeCommit":false,"messageTitle":"Add delete task feature","messageBody":"","fileTypesAndContributionMap":{"java":{"insertions":43,"deletions":4}}}]},{"date":"2025-09-19T00:00:00","commitResults":[{"hash":"c46f038720bb7ab624056db028ae2221fddbf947","isMergeCommit":false,"messageTitle":"Add local task data storage","messageBody":"","fileTypesAndContributionMap":{"java":{"insertions":169,"deletions":5}}},{"hash":"4d92865e5aa80e72446ef3647eec970d082c9bd3","isMergeCommit":true,"messageTitle":"Merge branch \u0027branch-Level-6\u0027 Add deletion feature to Agus","messageBody":"","tags":["Level-6"],"fileTypesAndContributionMap":{}},{"hash":"b2f72f713ea4e2dd37a86151c2b287a394382645","isMergeCommit":true,"messageTitle":"Merge level 6 and 7","messageBody":"","fileTypesAndContributionMap":{}},{"hash":"294664d928eef59c33b1b9823c7e92903f5c560f","isMergeCommit":false,"messageTitle":"Change file path to be a globally declared constant","messageBody":"","tags":["Level-7"],"fileTypesAndContributionMap":{"java":{"insertions":6,"deletions":0}}}]}]},"authorFileTypeContributionMap":{"sivanshno":{"java":456,"md":3,"fxml":0,"sh":0,"bat":1,"gradle":0,"txt":0}},"authorContributionVariance":{"sivanshno":1776.5677},"authorDisplayNameMap":{"sivanshno":"CS2113-T10-4 NOCH..ANSH"}}
