{"authorDailyContributionsMap":{"sivanshno":[{"date":"2025-08-28T00:00:00","commitResults":[{"hash":"f5e183389c2e8ba99df724b35231b66fa3d29ff0","isMergeCommit":false,"messageTitle":"Change chatbot name to Agus, Add new greeting message and by message","messageBody":"","fileTypesAndContributionMap":{"java":{"insertions":6,"deletions":10},"bat":{"insertions":1,"deletions":1},"md":{"insertions":3,"deletions":3}}}]},{"date":"2025-09-04T00:00:00","commitResults":[{"hash":"bd06e382ea099722759b347ca1dd4ebd3046260f","isMergeCommit":false,"messageTitle":"Add Echo function to echo user inputs","messageBody":"","tags":["level-1"],"fileTypesAndContributionMap":{"java":{"insertions":13,"deletions":0}}},{"hash":"427fadd85dc3264e3dca08b62a3f5c62f8d0ba8c","isMergeCommit":false,"messageTitle":"Add the \"add\" function to Agus","messageBody":"","tags":["level-2"],"fileTypesAndContributionMap":{"java":{"insertions":33,"deletions":1}}},{"hash":"eaabe262e01eb0c4ada72f021a611eb8557b3f6b","isMergeCommit":false,"messageTitle":"Add \"Task\" class and change list command and history to be managed in that class. Add functionality for mark as done and unmark","messageBody":"","tags":["level-3"],"fileTypesAndContributionMap":{"java":{"insertions":59,"deletions":10}}}]}]},"authorFileTypeContributionMap":{"sivanshno":{"java":100,"md":3,"fxml":0,"sh":0,"bat":1,"gradle":0,"txt":0}},"authorContributionVariance":{"sivanshno":476.14285},"authorDisplayNameMap":{"sivanshno":"CS2113-T10-4 NOCH..ANSH"}}
