[{"path":"src/main/java/Deadline.java","fileType":"java","lines":[{"lineNumber":1,"author":{"gitId":"mazh25"},"content":"public class Deadline extends Task {","lastModifiedDate":"2025-09-02T21:52:21","isFullCredit":false},{"lineNumber":2,"author":{"gitId":"mazh25"},"content":"","lastModifiedDate":"2025-09-02T21:52:21","isFullCredit":false},{"lineNumber":3,"author":{"gitId":"mazh25"},"content":"    protected String by;","lastModifiedDate":"2025-09-02T21:52:21","isFullCredit":false},{"lineNumber":4,"author":{"gitId":"mazh25"},"content":"","lastModifiedDate":"2025-09-02T21:52:21","isFullCredit":false},{"lineNumber":5,"author":{"gitId":"mazh25"},"content":"    public Deadline(String description, String by) {","lastModifiedDate":"2025-09-02T21:52:21","isFullCredit":false},{"lineNumber":6,"author":{"gitId":"mazh25"},"content":"        super(description);","lastModifiedDate":"2025-09-02T21:52:21","isFullCredit":false},{"lineNumber":7,"author":{"gitId":"mazh25"},"content":"        this.by \u003d by;","lastModifiedDate":"2025-09-02T21:52:21","isFullCredit":false},{"lineNumber":8,"author":{"gitId":"mazh25"},"content":"    }","lastModifiedDate":"2025-09-02T21:52:21","isFullCredit":false},{"lineNumber":9,"author":{"gitId":"mazh25"},"content":"","lastModifiedDate":"2025-09-02T21:52:21","isFullCredit":false},{"lineNumber":10,"author":{"gitId":"mazh25"},"content":"    @Override","lastModifiedDate":"2025-09-02T21:52:21","isFullCredit":false},{"lineNumber":11,"author":{"gitId":"mazh25"},"content":"    public String toString() {","lastModifiedDate":"2025-09-02T21:52:21","isFullCredit":false},{"lineNumber":12,"author":{"gitId":"mazh25"},"content":"        return \"[D]\" + super.toString() + \" (by: \" + by + \")\";","lastModifiedDate":"2025-09-02T21:52:21","isFullCredit":false},{"lineNumber":13,"author":{"gitId":"mazh25"},"content":"    }","lastModifiedDate":"2025-09-02T21:52:21","isFullCredit":false},{"lineNumber":14,"author":{"gitId":"mazh25"},"content":"}","lastModifiedDate":"2025-09-02T21:52:21","isFullCredit":false}],"authorContributionMap":{"mazh25":14}},{"path":"src/main/java/Events.java","fileType":"java","lines":[{"lineNumber":1,"author":{"gitId":"mazh25"},"content":"public class Events extends Task{","lastModifiedDate":"2025-09-02T21:52:21","isFullCredit":false},{"lineNumber":2,"author":{"gitId":"mazh25"},"content":"    protected String from;","lastModifiedDate":"2025-09-02T21:52:21","isFullCredit":false},{"lineNumber":3,"author":{"gitId":"mazh25"},"content":"    protected String to;","lastModifiedDate":"2025-09-02T21:52:21","isFullCredit":false},{"lineNumber":4,"author":{"gitId":"mazh25"},"content":"    public Events(String description, String from, String to) {","lastModifiedDate":"2025-09-02T21:52:21","isFullCredit":false},{"lineNumber":5,"author":{"gitId":"mazh25"},"content":"        super(description);","lastModifiedDate":"2025-09-02T21:52:21","isFullCredit":false},{"lineNumber":6,"author":{"gitId":"mazh25"},"content":"        this.from \u003d from;","lastModifiedDate":"2025-09-02T21:52:21","isFullCredit":false},{"lineNumber":7,"author":{"gitId":"mazh25"},"content":"        this.to \u003d to;","lastModifiedDate":"2025-09-02T21:52:21","isFullCredit":false},{"lineNumber":8,"author":{"gitId":"mazh25"},"content":"    }","lastModifiedDate":"2025-09-02T21:52:21","isFullCredit":false},{"lineNumber":9,"author":{"gitId":"mazh25"},"content":"    public String toString() {","lastModifiedDate":"2025-09-02T21:52:21","isFullCredit":false},{"lineNumber":10,"author":{"gitId":"mazh25"},"content":"        return \"[E]\" + super.toString() + \" (from: \" + from + \" to: \" + to + \")\";","lastModifiedDate":"2025-09-02T21:52:21","isFullCredit":false},{"lineNumber":11,"author":{"gitId":"mazh25"},"content":"    }","lastModifiedDate":"2025-09-02T21:52:21","isFullCredit":false},{"lineNumber":12,"author":{"gitId":"mazh25"},"content":"}","lastModifiedDate":"2025-09-02T21:52:21","isFullCredit":false}],"authorContributionMap":{"mazh25":12}},{"path":"src/main/java/Milo.java","fileType":"java","lines":[{"lineNumber":1,"author":{"gitId":"mazh25"},"content":"import java.util.Scanner;","lastModifiedDate":"2025-09-02T20:57:02","isFullCredit":false},{"lineNumber":2,"author":{"gitId":"mazh25"},"content":"","lastModifiedDate":"2025-09-02T20:57:02","isFullCredit":false},{"lineNumber":3,"author":{"gitId":"mazh25"},"content":"public class Milo {","lastModifiedDate":"2025-09-02T19:54:24","isFullCredit":false},{"lineNumber":4,"author":{"gitId":"mazh25"},"content":"    private static final int MAX_TASKS \u003d 100;","lastModifiedDate":"2025-09-02T20:57:02","isFullCredit":false},{"lineNumber":5,"author":{"gitId":"mazh25"},"content":"    private static Task[] tasks \u003d new Task[MAX_TASKS];","lastModifiedDate":"2025-09-02T20:57:02","isFullCredit":false},{"lineNumber":6,"author":{"gitId":"mazh25"},"content":"    private static int count \u003d 0;","lastModifiedDate":"2025-09-02T20:57:02","isFullCredit":false},{"lineNumber":7,"author":{"gitId":"mazh25"},"content":"","lastModifiedDate":"2025-09-02T20:57:02","isFullCredit":false},{"lineNumber":8,"author":{"gitId":"mazh25"},"content":"    public static void main(String[] args) {","lastModifiedDate":"2025-09-02T19:54:24","isFullCredit":false},{"lineNumber":9,"author":{"gitId":"mazh25"},"content":"        printLogo();","lastModifiedDate":"2025-09-02T20:57:02","isFullCredit":false},{"lineNumber":10,"author":{"gitId":"mazh25"},"content":"        run();","lastModifiedDate":"2025-09-02T20:57:02","isFullCredit":false},{"lineNumber":11,"author":{"gitId":"mazh25"},"content":"    }","lastModifiedDate":"2025-09-02T20:57:02","isFullCredit":false},{"lineNumber":12,"author":{"gitId":"mazh25"},"content":"","lastModifiedDate":"2025-09-02T20:57:02","isFullCredit":false},{"lineNumber":13,"author":{"gitId":"mazh25"},"content":"    private static void run() {","lastModifiedDate":"2025-09-02T20:57:02","isFullCredit":false},{"lineNumber":14,"author":{"gitId":"mazh25"},"content":"        Scanner sc \u003d new Scanner(System.in);","lastModifiedDate":"2025-09-02T20:57:02","isFullCredit":false},{"lineNumber":15,"author":{"gitId":"mazh25"},"content":"        String command \u003d sc.nextLine().trim().toLowerCase();","lastModifiedDate":"2025-09-02T20:57:02","isFullCredit":false},{"lineNumber":16,"author":{"gitId":"mazh25"},"content":"        while (!command.equals(\"bye\")) {","lastModifiedDate":"2025-09-02T20:57:02","isFullCredit":false},{"lineNumber":17,"author":{"gitId":"mazh25"},"content":"            if (command.equals(\"list\")) {","lastModifiedDate":"2025-09-02T20:57:02","isFullCredit":false},{"lineNumber":18,"author":{"gitId":"mazh25"},"content":"                printList();","lastModifiedDate":"2025-09-02T20:57:02","isFullCredit":false},{"lineNumber":19,"author":{"gitId":"mazh25"},"content":"            } else if (command.startsWith(\"mark\")) {","lastModifiedDate":"2025-09-02T20:57:02","isFullCredit":false},{"lineNumber":20,"author":{"gitId":"mazh25"},"content":"                markTask(command);","lastModifiedDate":"2025-09-02T20:57:02","isFullCredit":false},{"lineNumber":21,"author":{"gitId":"mazh25"},"content":"            } else if (command.startsWith(\"unmark\")) {","lastModifiedDate":"2025-09-02T20:57:02","isFullCredit":false},{"lineNumber":22,"author":{"gitId":"mazh25"},"content":"                unmarkTask(command);","lastModifiedDate":"2025-09-02T20:57:02","isFullCredit":false},{"lineNumber":23,"author":{"gitId":"mazh25"},"content":"            } else if (command.startsWith(\"todo\")) {","lastModifiedDate":"2025-09-02T21:52:21","isFullCredit":false},{"lineNumber":24,"author":{"gitId":"mazh25"},"content":"                todoTask(command);","lastModifiedDate":"2025-09-02T21:52:21","isFullCredit":false},{"lineNumber":25,"author":{"gitId":"mazh25"},"content":"            } else if (command.startsWith(\"deadline\")) {","lastModifiedDate":"2025-09-02T21:52:21","isFullCredit":false},{"lineNumber":26,"author":{"gitId":"mazh25"},"content":"                deadlineTask(command);","lastModifiedDate":"2025-09-02T21:52:21","isFullCredit":false},{"lineNumber":27,"author":{"gitId":"mazh25"},"content":"            } else if (command.startsWith(\"event\")) {","lastModifiedDate":"2025-09-02T21:52:21","isFullCredit":false},{"lineNumber":28,"author":{"gitId":"mazh25"},"content":"                eventTask(command);","lastModifiedDate":"2025-09-02T21:52:21","isFullCredit":false},{"lineNumber":29,"author":{"gitId":"mazh25"},"content":"            } else {","lastModifiedDate":"2025-09-02T20:57:02","isFullCredit":false},{"lineNumber":30,"author":{"gitId":"mazh25"},"content":"                addTask(command);","lastModifiedDate":"2025-09-02T20:57:02","isFullCredit":false},{"lineNumber":31,"author":{"gitId":"mazh25"},"content":"            }","lastModifiedDate":"2025-09-02T20:57:02","isFullCredit":false},{"lineNumber":32,"author":{"gitId":"mazh25"},"content":"            command \u003d sc.nextLine();","lastModifiedDate":"2025-09-02T20:57:02","isFullCredit":false},{"lineNumber":33,"author":{"gitId":"mazh25"},"content":"        }","lastModifiedDate":"2025-09-02T20:57:02","isFullCredit":false},{"lineNumber":34,"author":{"gitId":"mazh25"},"content":"","lastModifiedDate":"2025-09-02T20:57:02","isFullCredit":false},{"lineNumber":35,"author":{"gitId":"mazh25"},"content":"        System.out.println(\"Bye. Hope to see you again soon!\");","lastModifiedDate":"2025-09-02T20:57:02","isFullCredit":false},{"lineNumber":36,"author":{"gitId":"mazh25"},"content":"    }","lastModifiedDate":"2025-09-02T20:57:02","isFullCredit":false},{"lineNumber":37,"author":{"gitId":"mazh25"},"content":"","lastModifiedDate":"2025-09-02T20:57:02","isFullCredit":false},{"lineNumber":38,"author":{"gitId":"mazh25"},"content":"    private static void printLogo() {","lastModifiedDate":"2025-09-02T20:57:02","isFullCredit":false},{"lineNumber":39,"author":{"gitId":"mazh25"},"content":"        String logo \u003d \" __  __ _ _       \\n\"","lastModifiedDate":"2025-09-02T19:54:24","isFullCredit":false},{"lineNumber":40,"author":{"gitId":"mazh25"},"content":"                + \"|  \\\\/  (_) | ___  \\n\"","lastModifiedDate":"2025-09-02T19:54:24","isFullCredit":false},{"lineNumber":41,"author":{"gitId":"mazh25"},"content":"                + \"| |\\\\/| | | |/ _ \\\\ \\n\"","lastModifiedDate":"2025-09-02T19:54:24","isFullCredit":false},{"lineNumber":42,"author":{"gitId":"mazh25"},"content":"                + \"| |  | | | |  __/ \\n\"","lastModifiedDate":"2025-09-02T19:54:24","isFullCredit":false},{"lineNumber":43,"author":{"gitId":"mazh25"},"content":"                + \"|_|  |_|_|_|\\\\___| \\n\";","lastModifiedDate":"2025-09-02T19:54:24","isFullCredit":false},{"lineNumber":44,"author":{"gitId":"mazh25"},"content":"        System.out.println(\"Hello from\\n\" + logo);","lastModifiedDate":"2025-09-02T19:54:24","isFullCredit":false},{"lineNumber":45,"author":{"gitId":"mazh25"},"content":"        System.out.println(\"What can I do for you?\\n\");","lastModifiedDate":"2025-09-02T20:57:02","isFullCredit":false},{"lineNumber":46,"author":{"gitId":"mazh25"},"content":"    }","lastModifiedDate":"2025-09-02T20:57:02","isFullCredit":false},{"lineNumber":47,"author":{"gitId":"mazh25"},"content":"","lastModifiedDate":"2025-09-02T20:57:02","isFullCredit":false},{"lineNumber":48,"author":{"gitId":"mazh25"},"content":"    private static void printList() {","lastModifiedDate":"2025-09-02T20:57:02","isFullCredit":false},{"lineNumber":49,"author":{"gitId":"mazh25"},"content":"        System.out.println(\"  ____________________________________________________________\");","lastModifiedDate":"2025-09-02T20:57:02","isFullCredit":false},{"lineNumber":50,"author":{"gitId":"mazh25"},"content":"        System.out.println(\"Here are the tasks in your list:\");","lastModifiedDate":"2025-09-02T20:57:02","isFullCredit":false},{"lineNumber":51,"author":{"gitId":"mazh25"},"content":"        for (int i \u003d 0; i \u003c count; i++) {","lastModifiedDate":"2025-09-02T20:57:02","isFullCredit":false},{"lineNumber":52,"author":{"gitId":"mazh25"},"content":"            String status \u003d tasks[i].isDone ? \"X\" : \" \";","lastModifiedDate":"2025-09-02T20:57:02","isFullCredit":false},{"lineNumber":53,"author":{"gitId":"mazh25"},"content":"            System.out.println(\"  \" + (i + 1) + \".\" + tasks[i].toString());","lastModifiedDate":"2025-09-02T21:52:21","isFullCredit":false},{"lineNumber":54,"author":{"gitId":"mazh25"},"content":"        }","lastModifiedDate":"2025-09-02T20:57:02","isFullCredit":false},{"lineNumber":55,"author":{"gitId":"mazh25"},"content":"        System.out.println(\"  ____________________________________________________________\");","lastModifiedDate":"2025-09-02T20:57:02","isFullCredit":false},{"lineNumber":56,"author":{"gitId":"mazh25"},"content":"    }","lastModifiedDate":"2025-09-02T20:57:02","isFullCredit":false},{"lineNumber":57,"author":{"gitId":"mazh25"},"content":"","lastModifiedDate":"2025-09-02T20:57:02","isFullCredit":false},{"lineNumber":58,"author":{"gitId":"mazh25"},"content":"    private static void markTask(String command) {","lastModifiedDate":"2025-09-02T20:57:02","isFullCredit":false},{"lineNumber":59,"author":{"gitId":"mazh25"},"content":"        String[] parts \u003d command.split(\" \");","lastModifiedDate":"2025-09-02T20:57:02","isFullCredit":false},{"lineNumber":60,"author":{"gitId":"mazh25"},"content":"        int index \u003d Integer.parseInt(parts[1]) - 1;","lastModifiedDate":"2025-09-02T20:57:02","isFullCredit":false},{"lineNumber":61,"author":{"gitId":"mazh25"},"content":"        tasks[index].isDone \u003d true;","lastModifiedDate":"2025-09-02T20:57:02","isFullCredit":false},{"lineNumber":62,"author":{"gitId":"mazh25"},"content":"        System.out.println(\"  ____________________________________________________________\");","lastModifiedDate":"2025-09-02T20:57:02","isFullCredit":false},{"lineNumber":63,"author":{"gitId":"mazh25"},"content":"        System.out.println(\"  Nice! I\u0027ve marked this task as done:\");","lastModifiedDate":"2025-09-02T20:57:02","isFullCredit":false},{"lineNumber":64,"author":{"gitId":"mazh25"},"content":"        System.out.println(\"    [X] \" + tasks[index].taskDescription);","lastModifiedDate":"2025-09-02T20:57:02","isFullCredit":false},{"lineNumber":65,"author":{"gitId":"mazh25"},"content":"        System.out.println(\"  ____________________________________________________________\");","lastModifiedDate":"2025-09-02T20:57:02","isFullCredit":false},{"lineNumber":66,"author":{"gitId":"mazh25"},"content":"    }","lastModifiedDate":"2025-09-02T20:57:02","isFullCredit":false},{"lineNumber":67,"author":{"gitId":"mazh25"},"content":"","lastModifiedDate":"2025-09-02T20:57:02","isFullCredit":false},{"lineNumber":68,"author":{"gitId":"mazh25"},"content":"    private static void unmarkTask(String command) {","lastModifiedDate":"2025-09-02T20:57:02","isFullCredit":false},{"lineNumber":69,"author":{"gitId":"mazh25"},"content":"        String[] parts \u003d command.split(\" \");","lastModifiedDate":"2025-09-02T20:57:02","isFullCredit":false},{"lineNumber":70,"author":{"gitId":"mazh25"},"content":"        int index \u003d Integer.parseInt(parts[1]) - 1;","lastModifiedDate":"2025-09-02T20:57:02","isFullCredit":false},{"lineNumber":71,"author":{"gitId":"mazh25"},"content":"        tasks[index].isDone \u003d false;","lastModifiedDate":"2025-09-02T20:57:02","isFullCredit":false},{"lineNumber":72,"author":{"gitId":"mazh25"},"content":"        System.out.println(\"  ____________________________________________________________\");","lastModifiedDate":"2025-09-02T20:57:02","isFullCredit":false},{"lineNumber":73,"author":{"gitId":"mazh25"},"content":"        System.out.println(\"  OK, I\u0027ve marked this task as not done yet:\");","lastModifiedDate":"2025-09-02T20:57:02","isFullCredit":false},{"lineNumber":74,"author":{"gitId":"mazh25"},"content":"        System.out.println(\"    [ ] \" + tasks[index].taskDescription);","lastModifiedDate":"2025-09-02T20:57:02","isFullCredit":false},{"lineNumber":75,"author":{"gitId":"mazh25"},"content":"        System.out.println(\"  ____________________________________________________________\");","lastModifiedDate":"2025-09-02T20:57:02","isFullCredit":false},{"lineNumber":76,"author":{"gitId":"mazh25"},"content":"    }","lastModifiedDate":"2025-09-02T20:57:02","isFullCredit":false},{"lineNumber":77,"author":{"gitId":"mazh25"},"content":"","lastModifiedDate":"2025-09-02T20:57:02","isFullCredit":false},{"lineNumber":78,"author":{"gitId":"mazh25"},"content":"    private static void addTask(String command) {","lastModifiedDate":"2025-09-02T20:57:02","isFullCredit":false},{"lineNumber":79,"author":{"gitId":"mazh25"},"content":"        tasks[count++] \u003d new Task(command);","lastModifiedDate":"2025-09-02T20:57:02","isFullCredit":false},{"lineNumber":80,"author":{"gitId":"mazh25"},"content":"        System.out.println(\"  ____________________________________________________________\");","lastModifiedDate":"2025-09-02T20:57:02","isFullCredit":false},{"lineNumber":81,"author":{"gitId":"mazh25"},"content":"        System.out.println(\"  added: \" + command);","lastModifiedDate":"2025-09-02T20:57:02","isFullCredit":false},{"lineNumber":82,"author":{"gitId":"mazh25"},"content":"        System.out.println(\"  ____________________________________________________________\");","lastModifiedDate":"2025-09-02T20:57:02","isFullCredit":false},{"lineNumber":83,"author":{"gitId":"mazh25"},"content":"    }","lastModifiedDate":"2025-09-02T19:54:24","isFullCredit":false},{"lineNumber":84,"author":{"gitId":"mazh25"},"content":"","lastModifiedDate":"2025-09-02T21:52:21","isFullCredit":false},{"lineNumber":85,"author":{"gitId":"mazh25"},"content":"    private static void todoTask(String command) {","lastModifiedDate":"2025-09-02T21:52:21","isFullCredit":false},{"lineNumber":86,"author":{"gitId":"mazh25"},"content":"        String content \u003d command.substring(5).trim();","lastModifiedDate":"2025-09-02T21:52:21","isFullCredit":false},{"lineNumber":87,"author":{"gitId":"mazh25"},"content":"        tasks[count++] \u003d new ToDos(content);","lastModifiedDate":"2025-09-02T21:52:21","isFullCredit":false},{"lineNumber":88,"author":{"gitId":"mazh25"},"content":"        System.out.println(\"  ____________________________________________________________\");","lastModifiedDate":"2025-09-02T21:52:21","isFullCredit":false},{"lineNumber":89,"author":{"gitId":"mazh25"},"content":"        System.out.println(\" Got it. I\u0027ve added this task:\");","lastModifiedDate":"2025-09-02T21:52:21","isFullCredit":false},{"lineNumber":90,"author":{"gitId":"mazh25"},"content":"        System.out.println(\"   \" + tasks[count-1].toString());","lastModifiedDate":"2025-09-02T21:52:21","isFullCredit":false},{"lineNumber":91,"author":{"gitId":"mazh25"},"content":"        System.out.println(\" Now you have \"  + count + \" tasks in the list.\");","lastModifiedDate":"2025-09-02T21:52:21","isFullCredit":false},{"lineNumber":92,"author":{"gitId":"mazh25"},"content":"        System.out.println(\"  ____________________________________________________________\");","lastModifiedDate":"2025-09-02T21:52:21","isFullCredit":false},{"lineNumber":93,"author":{"gitId":"mazh25"},"content":"    }","lastModifiedDate":"2025-09-02T21:52:21","isFullCredit":false},{"lineNumber":94,"author":{"gitId":"mazh25"},"content":"","lastModifiedDate":"2025-09-02T21:52:21","isFullCredit":false},{"lineNumber":95,"author":{"gitId":"mazh25"},"content":"    private static void deadlineTask(String command) {","lastModifiedDate":"2025-09-02T21:52:21","isFullCredit":false},{"lineNumber":96,"author":{"gitId":"mazh25"},"content":"        String content \u003d command.substring(9).trim();","lastModifiedDate":"2025-09-02T21:52:21","isFullCredit":false},{"lineNumber":97,"author":{"gitId":"mazh25"},"content":"        String[] parts \u003d content.split(\"/by\", 2);","lastModifiedDate":"2025-09-02T21:52:21","isFullCredit":false},{"lineNumber":98,"author":{"gitId":"mazh25"},"content":"        if (parts.length \u003c 2) {","lastModifiedDate":"2025-09-02T21:52:21","isFullCredit":false},{"lineNumber":99,"author":{"gitId":"mazh25"},"content":"            System.out.println(\"  Please provide a /by date for the deadline!\");","lastModifiedDate":"2025-09-02T21:52:21","isFullCredit":false},{"lineNumber":100,"author":{"gitId":"mazh25"},"content":"            return;","lastModifiedDate":"2025-09-02T21:52:21","isFullCredit":false},{"lineNumber":101,"author":{"gitId":"mazh25"},"content":"        }","lastModifiedDate":"2025-09-02T21:52:21","isFullCredit":false},{"lineNumber":102,"author":{"gitId":"mazh25"},"content":"        String description \u003d parts[0].trim();","lastModifiedDate":"2025-09-02T21:52:21","isFullCredit":false},{"lineNumber":103,"author":{"gitId":"mazh25"},"content":"        String by \u003d parts[1].trim();","lastModifiedDate":"2025-09-02T21:52:21","isFullCredit":false},{"lineNumber":104,"author":{"gitId":"mazh25"},"content":"        tasks[count++] \u003d new Deadline(description, by);","lastModifiedDate":"2025-09-02T21:52:21","isFullCredit":false},{"lineNumber":105,"author":{"gitId":"mazh25"},"content":"        System.out.println(\"  ____________________________________________________________\");","lastModifiedDate":"2025-09-02T21:52:21","isFullCredit":false},{"lineNumber":106,"author":{"gitId":"mazh25"},"content":"        System.out.println(\" Got it. I\u0027ve added this task:\");","lastModifiedDate":"2025-09-02T21:52:21","isFullCredit":false},{"lineNumber":107,"author":{"gitId":"mazh25"},"content":"        System.out.println(\"   \" + tasks[count - 1].toString());","lastModifiedDate":"2025-09-02T21:52:21","isFullCredit":false},{"lineNumber":108,"author":{"gitId":"mazh25"},"content":"        System.out.println(\" Now you have \" + count + \" tasks in the list.\");","lastModifiedDate":"2025-09-02T21:52:21","isFullCredit":false},{"lineNumber":109,"author":{"gitId":"mazh25"},"content":"        System.out.println(\"  ____________________________________________________________\");","lastModifiedDate":"2025-09-02T21:52:21","isFullCredit":false},{"lineNumber":110,"author":{"gitId":"mazh25"},"content":"    }","lastModifiedDate":"2025-09-02T21:52:21","isFullCredit":false},{"lineNumber":111,"author":{"gitId":"mazh25"},"content":"","lastModifiedDate":"2025-09-02T21:52:21","isFullCredit":false},{"lineNumber":112,"author":{"gitId":"mazh25"},"content":"    private static void eventTask(String command) {","lastModifiedDate":"2025-09-02T21:52:21","isFullCredit":false},{"lineNumber":113,"author":{"gitId":"mazh25"},"content":"        String content \u003d command.substring(6).trim();","lastModifiedDate":"2025-09-02T21:52:21","isFullCredit":false},{"lineNumber":114,"author":{"gitId":"mazh25"},"content":"        String[] parts \u003d content.split(\"/from\", 2);","lastModifiedDate":"2025-09-02T21:52:21","isFullCredit":false},{"lineNumber":115,"author":{"gitId":"mazh25"},"content":"        if(parts.length \u003c 2) {","lastModifiedDate":"2025-09-02T21:52:21","isFullCredit":false},{"lineNumber":116,"author":{"gitId":"mazh25"},"content":"            System.out.println(\"  Please provide a /from time for the event!\");","lastModifiedDate":"2025-09-02T21:52:21","isFullCredit":false},{"lineNumber":117,"author":{"gitId":"mazh25"},"content":"            return;","lastModifiedDate":"2025-09-02T21:52:21","isFullCredit":false},{"lineNumber":118,"author":{"gitId":"mazh25"},"content":"        }","lastModifiedDate":"2025-09-02T21:52:21","isFullCredit":false},{"lineNumber":119,"author":{"gitId":"mazh25"},"content":"        String description \u003d parts[0].trim();","lastModifiedDate":"2025-09-02T21:52:21","isFullCredit":false},{"lineNumber":120,"author":{"gitId":"mazh25"},"content":"        String[] timeParts \u003d parts[1].split(\"/to\", 2);","lastModifiedDate":"2025-09-02T21:52:21","isFullCredit":false},{"lineNumber":121,"author":{"gitId":"mazh25"},"content":"        if(timeParts.length \u003c 2) {","lastModifiedDate":"2025-09-02T21:52:21","isFullCredit":false},{"lineNumber":122,"author":{"gitId":"mazh25"},"content":"            System.out.println(\"  Please provide a /to time for the event!\");","lastModifiedDate":"2025-09-02T21:52:21","isFullCredit":false},{"lineNumber":123,"author":{"gitId":"mazh25"},"content":"            return;","lastModifiedDate":"2025-09-02T21:52:21","isFullCredit":false},{"lineNumber":124,"author":{"gitId":"mazh25"},"content":"        }","lastModifiedDate":"2025-09-02T21:52:21","isFullCredit":false},{"lineNumber":125,"author":{"gitId":"mazh25"},"content":"        String from \u003d timeParts[0].trim();","lastModifiedDate":"2025-09-02T21:52:21","isFullCredit":false},{"lineNumber":126,"author":{"gitId":"mazh25"},"content":"        String to \u003d timeParts[1].trim();","lastModifiedDate":"2025-09-02T21:52:21","isFullCredit":false},{"lineNumber":127,"author":{"gitId":"mazh25"},"content":"        tasks[count++] \u003d new Events(description, from, to);","lastModifiedDate":"2025-09-02T21:52:21","isFullCredit":false},{"lineNumber":128,"author":{"gitId":"mazh25"},"content":"        System.out.println(\"  ____________________________________________________________\");","lastModifiedDate":"2025-09-02T21:52:21","isFullCredit":false},{"lineNumber":129,"author":{"gitId":"mazh25"},"content":"        System.out.println(\" Got it. I\u0027ve added this task:\");","lastModifiedDate":"2025-09-02T21:52:21","isFullCredit":false},{"lineNumber":130,"author":{"gitId":"mazh25"},"content":"        System.out.println(\"   \" + tasks[count - 1].toString());","lastModifiedDate":"2025-09-02T21:52:21","isFullCredit":false},{"lineNumber":131,"author":{"gitId":"mazh25"},"content":"        System.out.println(\" Now you have \" + count + \" tasks in the list.\");","lastModifiedDate":"2025-09-02T21:52:21","isFullCredit":false},{"lineNumber":132,"author":{"gitId":"mazh25"},"content":"        System.out.println(\"  ____________________________________________________________\");","lastModifiedDate":"2025-09-02T21:52:21","isFullCredit":false},{"lineNumber":133,"author":{"gitId":"mazh25"},"content":"    }","lastModifiedDate":"2025-09-02T21:52:21","isFullCredit":false},{"lineNumber":134,"author":{"gitId":"mazh25"},"content":"}","lastModifiedDate":"2025-09-02T19:54:24","isFullCredit":false},{"lineNumber":135,"author":{"gitId":"mazh25"},"content":"","lastModifiedDate":"2025-09-02T20:57:02","isFullCredit":false}],"authorContributionMap":{"mazh25":135}},{"path":"src/main/java/Task.java","fileType":"java","lines":[{"lineNumber":1,"author":{"gitId":"mazh25"},"content":"public class Task {","lastModifiedDate":"2025-09-02T20:57:02","isFullCredit":false},{"lineNumber":2,"author":{"gitId":"mazh25"},"content":"    public String taskDescription;","lastModifiedDate":"2025-09-02T20:57:02","isFullCredit":false},{"lineNumber":3,"author":{"gitId":"mazh25"},"content":"    public boolean isDone;","lastModifiedDate":"2025-09-02T20:57:02","isFullCredit":false},{"lineNumber":4,"author":{"gitId":"mazh25"},"content":"    public Task(String command) {","lastModifiedDate":"2025-09-02T20:57:02","isFullCredit":false},{"lineNumber":5,"author":{"gitId":"mazh25"},"content":"        this.taskDescription \u003d command;","lastModifiedDate":"2025-09-02T20:57:02","isFullCredit":false},{"lineNumber":6,"author":{"gitId":"mazh25"},"content":"        isDone \u003d false;","lastModifiedDate":"2025-09-02T20:57:02","isFullCredit":false},{"lineNumber":7,"author":{"gitId":"mazh25"},"content":"    }","lastModifiedDate":"2025-09-02T20:57:02","isFullCredit":false},{"lineNumber":8,"author":{"gitId":"mazh25"},"content":"    public String getStatusIcon() {","lastModifiedDate":"2025-09-02T20:57:02","isFullCredit":false},{"lineNumber":9,"author":{"gitId":"mazh25"},"content":"        return (this.isDone ? \"X\" : \" \"); // mark done task with X","lastModifiedDate":"2025-09-02T20:57:02","isFullCredit":false},{"lineNumber":10,"author":{"gitId":"mazh25"},"content":"    }","lastModifiedDate":"2025-09-02T20:57:02","isFullCredit":false},{"lineNumber":11,"author":{"gitId":"mazh25"},"content":"    public void setIsDone() {","lastModifiedDate":"2025-09-02T20:57:02","isFullCredit":false},{"lineNumber":12,"author":{"gitId":"mazh25"},"content":"        this.isDone \u003d true;","lastModifiedDate":"2025-09-02T20:57:02","isFullCredit":false},{"lineNumber":13,"author":{"gitId":"mazh25"},"content":"    }","lastModifiedDate":"2025-09-02T20:57:02","isFullCredit":false},{"lineNumber":14,"author":{"gitId":"mazh25"},"content":"    public String toString() {","lastModifiedDate":"2025-09-02T21:52:21","isFullCredit":false},{"lineNumber":15,"author":{"gitId":"mazh25"},"content":"        String status \u003d this.isDone ? \"X\" : \" \";","lastModifiedDate":"2025-09-02T21:52:21","isFullCredit":false},{"lineNumber":16,"author":{"gitId":"mazh25"},"content":"        return \"[\" + status + \"] \" + this.taskDescription;","lastModifiedDate":"2025-09-02T21:52:21","isFullCredit":false},{"lineNumber":17,"author":{"gitId":"mazh25"},"content":"    }","lastModifiedDate":"2025-09-02T20:57:02","isFullCredit":false},{"lineNumber":18,"author":{"gitId":"mazh25"},"content":"}","lastModifiedDate":"2025-09-02T21:52:21","isFullCredit":false},{"lineNumber":19,"author":{"gitId":"mazh25"},"content":"","lastModifiedDate":"2025-09-02T21:52:21","isFullCredit":false}],"authorContributionMap":{"mazh25":19}},{"path":"src/main/java/ToDos.java","fileType":"java","lines":[{"lineNumber":1,"author":{"gitId":"mazh25"},"content":"public class ToDos extends Task {","lastModifiedDate":"2025-09-02T21:52:21","isFullCredit":false},{"lineNumber":2,"author":{"gitId":"mazh25"},"content":"    public ToDos(String command) {","lastModifiedDate":"2025-09-02T21:52:21","isFullCredit":false},{"lineNumber":3,"author":{"gitId":"mazh25"},"content":"        super(command);","lastModifiedDate":"2025-09-02T21:52:21","isFullCredit":false},{"lineNumber":4,"author":{"gitId":"mazh25"},"content":"    }","lastModifiedDate":"2025-09-02T21:52:21","isFullCredit":false},{"lineNumber":5,"author":{"gitId":"mazh25"},"content":"    public String toString() {","lastModifiedDate":"2025-09-02T21:52:21","isFullCredit":false},{"lineNumber":6,"author":{"gitId":"mazh25"},"content":"        return \"[T]\" + super.toString();","lastModifiedDate":"2025-09-02T21:52:21","isFullCredit":false},{"lineNumber":7,"author":{"gitId":"mazh25"},"content":"    }","lastModifiedDate":"2025-09-02T21:52:21","isFullCredit":false},{"lineNumber":8,"author":{"gitId":"mazh25"},"content":"}","lastModifiedDate":"2025-09-02T21:52:21","isFullCredit":false}],"authorContributionMap":{"mazh25":8}},{"path":"text-ui-test/runtest.bat","fileType":"bat","lines":[{"lineNumber":1,"author":{"gitId":"-"},"content":"@ECHO OFF","lastModifiedDate":"2020-05-25T00:03:55","isFullCredit":false},{"lineNumber":2,"author":{"gitId":"-"},"content":"","lastModifiedDate":"2020-05-25T00:03:55","isFullCredit":false},{"lineNumber":3,"author":{"gitId":"-"},"content":"REM create bin directory if it doesn\u0027t exist","lastModifiedDate":"2020-05-25T00:03:55","isFullCredit":false},{"lineNumber":4,"author":{"gitId":"-"},"content":"if not exist ..\\bin mkdir ..\\bin","lastModifiedDate":"2020-05-25T00:03:55","isFullCredit":false},{"lineNumber":5,"author":{"gitId":"-"},"content":"","lastModifiedDate":"2020-05-25T00:03:55","isFullCredit":false},{"lineNumber":6,"author":{"gitId":"-"},"content":"REM delete output from previous run","lastModifiedDate":"2020-05-25T00:03:55","isFullCredit":false},{"lineNumber":7,"author":{"gitId":"-"},"content":"if exist ACTUAL.TXT del ACTUAL.TXT","lastModifiedDate":"2020-08-25T17:23:26","isFullCredit":false},{"lineNumber":8,"author":{"gitId":"-"},"content":"","lastModifiedDate":"2020-05-25T00:03:55","isFullCredit":false},{"lineNumber":9,"author":{"gitId":"-"},"content":"REM compile the code into the bin folder","lastModifiedDate":"2020-05-25T00:03:55","isFullCredit":false},{"lineNumber":10,"author":{"gitId":"-"},"content":"javac  -cp ..\\src\\main\\java -Xlint:none -d ..\\bin ..\\src\\main\\java\\*.java","lastModifiedDate":"2020-08-25T17:23:26","isFullCredit":false},{"lineNumber":11,"author":{"gitId":"-"},"content":"IF ERRORLEVEL 1 (","lastModifiedDate":"2020-05-25T00:03:55","isFullCredit":false},{"lineNumber":12,"author":{"gitId":"-"},"content":"    echo ********** BUILD FAILURE **********","lastModifiedDate":"2020-05-25T00:03:55","isFullCredit":false},{"lineNumber":13,"author":{"gitId":"-"},"content":"    exit /b 1","lastModifiedDate":"2020-05-25T00:03:55","isFullCredit":false},{"lineNumber":14,"author":{"gitId":"-"},"content":")","lastModifiedDate":"2020-05-25T00:03:55","isFullCredit":false},{"lineNumber":15,"author":{"gitId":"-"},"content":"REM no error here, errorlevel \u003d\u003d 0","lastModifiedDate":"2020-05-25T00:03:55","isFullCredit":false},{"lineNumber":16,"author":{"gitId":"-"},"content":"","lastModifiedDate":"2020-05-25T00:03:55","isFullCredit":false},{"lineNumber":17,"author":{"gitId":"-"},"content":"REM run the program, feed commands from input.txt file and redirect the output to the ACTUAL.TXT","lastModifiedDate":"2020-05-25T00:03:55","isFullCredit":false},{"lineNumber":18,"author":{"gitId":"mazh25"},"content":"java -classpath ..\\bin Milo \u003c input.txt \u003e ACTUAL.TXT","lastModifiedDate":"2025-09-02T19:54:24","isFullCredit":false},{"lineNumber":19,"author":{"gitId":"-"},"content":"","lastModifiedDate":"2020-05-25T00:03:55","isFullCredit":false},{"lineNumber":20,"author":{"gitId":"-"},"content":"REM compare the output to the expected output","lastModifiedDate":"2020-05-25T00:03:55","isFullCredit":false},{"lineNumber":21,"author":{"gitId":"-"},"content":"FC ACTUAL.TXT EXPECTED.TXT","lastModifiedDate":"2020-05-25T00:03:55","isFullCredit":false}],"authorContributionMap":{"mazh25":1,"-":20}},{"path":"text-ui-test/runtest.sh","fileType":"sh","lines":[{"lineNumber":1,"author":{"gitId":"-"},"content":"#!/usr/bin/env bash","lastModifiedDate":"2020-05-25T00:03:55","isFullCredit":false},{"lineNumber":2,"author":{"gitId":"-"},"content":"","lastModifiedDate":"2020-05-25T00:03:55","isFullCredit":false},{"lineNumber":3,"author":{"gitId":"-"},"content":"# create bin directory if it doesn\u0027t exist","lastModifiedDate":"2020-05-25T00:03:55","isFullCredit":false},{"lineNumber":4,"author":{"gitId":"-"},"content":"if [ ! -d \"../bin\" ]","lastModifiedDate":"2020-05-25T00:03:55","isFullCredit":false},{"lineNumber":5,"author":{"gitId":"-"},"content":"then","lastModifiedDate":"2020-05-25T00:03:55","isFullCredit":false},{"lineNumber":6,"author":{"gitId":"-"},"content":"    mkdir ../bin","lastModifiedDate":"2020-05-25T00:03:55","isFullCredit":false},{"lineNumber":7,"author":{"gitId":"-"},"content":"fi","lastModifiedDate":"2020-05-25T00:03:55","isFullCredit":false},{"lineNumber":8,"author":{"gitId":"-"},"content":"","lastModifiedDate":"2020-05-25T00:03:55","isFullCredit":false},{"lineNumber":9,"author":{"gitId":"-"},"content":"# delete output from previous run","lastModifiedDate":"2020-05-25T00:03:55","isFullCredit":false},{"lineNumber":10,"author":{"gitId":"-"},"content":"if [ -e \"./ACTUAL.TXT\" ]","lastModifiedDate":"2020-05-25T00:03:55","isFullCredit":false},{"lineNumber":11,"author":{"gitId":"-"},"content":"then","lastModifiedDate":"2020-05-25T00:03:55","isFullCredit":false},{"lineNumber":12,"author":{"gitId":"-"},"content":"    rm ACTUAL.TXT","lastModifiedDate":"2020-05-25T00:03:55","isFullCredit":false},{"lineNumber":13,"author":{"gitId":"-"},"content":"fi","lastModifiedDate":"2020-05-25T00:03:55","isFullCredit":false},{"lineNumber":14,"author":{"gitId":"-"},"content":"","lastModifiedDate":"2020-05-25T00:03:55","isFullCredit":false},{"lineNumber":15,"author":{"gitId":"-"},"content":"# compile the code into the bin folder, terminates if error occurred","lastModifiedDate":"2020-05-25T00:03:55","isFullCredit":false},{"lineNumber":16,"author":{"gitId":"-"},"content":"if ! javac -cp ../src/main/java -Xlint:none -d ../bin ../src/main/java/*.java","lastModifiedDate":"2020-08-25T17:23:26","isFullCredit":false},{"lineNumber":17,"author":{"gitId":"-"},"content":"then","lastModifiedDate":"2020-05-25T00:03:55","isFullCredit":false},{"lineNumber":18,"author":{"gitId":"-"},"content":"    echo \"********** BUILD FAILURE **********\"","lastModifiedDate":"2020-05-25T00:03:55","isFullCredit":false},{"lineNumber":19,"author":{"gitId":"-"},"content":"    exit 1","lastModifiedDate":"2020-05-25T00:03:55","isFullCredit":false},{"lineNumber":20,"author":{"gitId":"-"},"content":"fi","lastModifiedDate":"2020-05-25T00:03:55","isFullCredit":false},{"lineNumber":21,"author":{"gitId":"-"},"content":"","lastModifiedDate":"2020-05-25T00:03:55","isFullCredit":false},{"lineNumber":22,"author":{"gitId":"-"},"content":"# run the program, feed commands from input.txt file and redirect the output to the ACTUAL.TXT","lastModifiedDate":"2020-05-25T00:03:55","isFullCredit":false},{"lineNumber":23,"author":{"gitId":"mazh25"},"content":"java -classpath ../bin Milo \u003c input.txt \u003e ACTUAL.TXT","lastModifiedDate":"2025-09-02T19:54:24","isFullCredit":false},{"lineNumber":24,"author":{"gitId":"-"},"content":"","lastModifiedDate":"2020-05-25T00:03:55","isFullCredit":false},{"lineNumber":25,"author":{"gitId":"-"},"content":"# convert to UNIX format","lastModifiedDate":"2020-05-25T00:03:55","isFullCredit":false},{"lineNumber":26,"author":{"gitId":"-"},"content":"cp EXPECTED.TXT EXPECTED-UNIX.TXT","lastModifiedDate":"2020-05-25T00:03:55","isFullCredit":false},{"lineNumber":27,"author":{"gitId":"-"},"content":"dos2unix ACTUAL.TXT EXPECTED-UNIX.TXT","lastModifiedDate":"2020-05-25T00:03:55","isFullCredit":false},{"lineNumber":28,"author":{"gitId":"-"},"content":"","lastModifiedDate":"2020-05-25T00:03:55","isFullCredit":false},{"lineNumber":29,"author":{"gitId":"-"},"content":"# compare the output to the expected output","lastModifiedDate":"2020-05-25T00:03:55","isFullCredit":false},{"lineNumber":30,"author":{"gitId":"-"},"content":"diff ACTUAL.TXT EXPECTED-UNIX.TXT","lastModifiedDate":"2020-05-25T00:03:55","isFullCredit":false},{"lineNumber":31,"author":{"gitId":"-"},"content":"if [ $? -eq 0 ]","lastModifiedDate":"2020-05-25T00:03:55","isFullCredit":false},{"lineNumber":32,"author":{"gitId":"-"},"content":"then","lastModifiedDate":"2020-05-25T00:03:55","isFullCredit":false},{"lineNumber":33,"author":{"gitId":"-"},"content":"    echo \"Test result: PASSED\"","lastModifiedDate":"2020-05-25T00:03:55","isFullCredit":false},{"lineNumber":34,"author":{"gitId":"-"},"content":"    exit 0","lastModifiedDate":"2020-05-25T00:03:55","isFullCredit":false},{"lineNumber":35,"author":{"gitId":"-"},"content":"else","lastModifiedDate":"2020-05-25T00:03:55","isFullCredit":false},{"lineNumber":36,"author":{"gitId":"-"},"content":"    echo \"Test result: FAILED\"","lastModifiedDate":"2020-05-25T00:03:55","isFullCredit":false},{"lineNumber":37,"author":{"gitId":"-"},"content":"    exit 1","lastModifiedDate":"2020-05-25T00:03:55","isFullCredit":false},{"lineNumber":38,"author":{"gitId":"-"},"content":"fi","lastModifiedDate":"2020-05-25T00:03:55","isFullCredit":false}],"authorContributionMap":{"mazh25":1,"-":37}}]
