[{"path":"src/main/java/Jojo.java","fileType":"java","lines":[{"lineNumber":1,"author":{"gitId":"Joannaj00"},"content":"import java.util.ArrayList;","lastModifiedDate":"2025-08-28T20:46:55","isFullCredit":false},{"lineNumber":2,"author":{"gitId":"Joannaj00"},"content":"import java.util.Scanner;","lastModifiedDate":"2025-08-28T20:39:28","isFullCredit":false},{"lineNumber":3,"author":{"gitId":"Joannaj00"},"content":"public class Jojo {","lastModifiedDate":"2025-08-27T18:48:46","isFullCredit":false},{"lineNumber":4,"author":{"gitId":"Joannaj00"},"content":"    private static final String LINE \u003d \"____________________________________________________________\";","lastModifiedDate":"2025-08-28T20:39:28","isFullCredit":false},{"lineNumber":5,"author":{"gitId":"Joannaj00"},"content":"    public static void main(String[] args) {","lastModifiedDate":"2025-08-27T18:48:46","isFullCredit":false},{"lineNumber":6,"author":{"gitId":"Joannaj00"},"content":"        Scanner sc \u003d new Scanner(System.in);","lastModifiedDate":"2025-08-28T20:39:28","isFullCredit":false},{"lineNumber":7,"author":{"gitId":"Joannaj00"},"content":"        ArrayList\u003cTask\u003e tasks \u003d new ArrayList\u003c\u003e();","lastModifiedDate":"2025-08-28T21:11:56","isFullCredit":false},{"lineNumber":8,"author":{"gitId":"Joannaj00"},"content":"","lastModifiedDate":"2025-08-28T20:39:28","isFullCredit":false},{"lineNumber":9,"author":{"gitId":"Joannaj00"},"content":"        System.out.println(LINE);","lastModifiedDate":"2025-08-28T20:39:28","isFullCredit":false},{"lineNumber":10,"author":{"gitId":"Joannaj00"},"content":"        System.out.println(\"Hello! I\u0027m Jojo\\nWhat can I do for you?\");","lastModifiedDate":"2025-08-28T20:46:55","isFullCredit":false},{"lineNumber":11,"author":{"gitId":"Joannaj00"},"content":"        System.out.println(LINE);","lastModifiedDate":"2025-08-28T20:39:28","isFullCredit":false},{"lineNumber":12,"author":{"gitId":"Joannaj00"},"content":"","lastModifiedDate":"2025-08-28T20:39:28","isFullCredit":false},{"lineNumber":13,"author":{"gitId":"Joannaj00"},"content":"        while(true) {","lastModifiedDate":"2025-08-28T20:39:28","isFullCredit":false},{"lineNumber":14,"author":{"gitId":"Joannaj00"},"content":"            String input \u003d sc.nextLine();","lastModifiedDate":"2025-08-28T20:39:28","isFullCredit":false},{"lineNumber":15,"author":{"gitId":"Joannaj00"},"content":"","lastModifiedDate":"2025-08-28T20:46:55","isFullCredit":false},{"lineNumber":16,"author":{"gitId":"Joannaj00"},"content":"            if (input.equals(\"bye\")) {","lastModifiedDate":"2025-08-28T20:39:28","isFullCredit":false},{"lineNumber":17,"author":{"gitId":"Joannaj00"},"content":"                System.out.println(LINE);","lastModifiedDate":"2025-08-28T20:39:28","isFullCredit":false},{"lineNumber":18,"author":{"gitId":"Joannaj00"},"content":"                System.out.println(\"Bye. Hope to see you again soon!\");","lastModifiedDate":"2025-08-27T18:48:46","isFullCredit":false},{"lineNumber":19,"author":{"gitId":"Joannaj00"},"content":"                System.out.println(LINE);","lastModifiedDate":"2025-08-28T20:39:28","isFullCredit":false},{"lineNumber":20,"author":{"gitId":"Joannaj00"},"content":"                break;","lastModifiedDate":"2025-08-28T20:39:28","isFullCredit":false},{"lineNumber":21,"author":{"gitId":"Joannaj00"},"content":"            } else if (input.equals(\"list\")) {","lastModifiedDate":"2025-08-28T20:46:55","isFullCredit":false},{"lineNumber":22,"author":{"gitId":"Joannaj00"},"content":"                System.out.println(LINE);","lastModifiedDate":"2025-08-28T20:46:55","isFullCredit":false},{"lineNumber":23,"author":{"gitId":"Joannaj00"},"content":"                System.out.println(\"Here are the tasks in your list:\");","lastModifiedDate":"2025-08-28T21:11:56","isFullCredit":false},{"lineNumber":24,"author":{"gitId":"Joannaj00"},"content":"                for (int i \u003d 0; i \u003c tasks.size(); i++) {","lastModifiedDate":"2025-08-28T20:46:55","isFullCredit":false},{"lineNumber":25,"author":{"gitId":"Joannaj00"},"content":"                    System.out.println((i + 1) + \".\" + tasks.get(i));","lastModifiedDate":"2025-08-28T20:46:55","isFullCredit":false},{"lineNumber":26,"author":{"gitId":"Joannaj00"},"content":"                }","lastModifiedDate":"2025-08-28T20:39:28","isFullCredit":false},{"lineNumber":27,"author":{"gitId":"Joannaj00"},"content":"                System.out.println(LINE);","lastModifiedDate":"2025-08-28T20:39:28","isFullCredit":false},{"lineNumber":28,"author":{"gitId":"Joannaj00"},"content":"            } else if (input.startsWith(\"mark\")) {","lastModifiedDate":"2025-08-28T21:11:56","isFullCredit":false},{"lineNumber":29,"author":{"gitId":"Joannaj00"},"content":"                int index \u003d Integer.parseInt(input.split(\" \")[1]) - 1;","lastModifiedDate":"2025-08-28T21:11:56","isFullCredit":false},{"lineNumber":30,"author":{"gitId":"Joannaj00"},"content":"                Task t \u003d tasks.get(index);","lastModifiedDate":"2025-08-28T21:11:56","isFullCredit":false},{"lineNumber":31,"author":{"gitId":"Joannaj00"},"content":"                t.markAsDone();","lastModifiedDate":"2025-08-28T21:11:56","isFullCredit":false},{"lineNumber":32,"author":{"gitId":"Joannaj00"},"content":"                System.out.println(LINE);","lastModifiedDate":"2025-08-28T21:11:56","isFullCredit":false},{"lineNumber":33,"author":{"gitId":"Joannaj00"},"content":"                System.out.println(\"Nice! I\u0027ve marked this task as done:\");","lastModifiedDate":"2025-08-28T21:11:56","isFullCredit":false},{"lineNumber":34,"author":{"gitId":"Joannaj00"},"content":"                System.out.println(\"  \" + t);","lastModifiedDate":"2025-08-28T21:11:56","isFullCredit":false},{"lineNumber":35,"author":{"gitId":"Joannaj00"},"content":"                System.out.println(LINE);","lastModifiedDate":"2025-08-28T21:11:56","isFullCredit":false},{"lineNumber":36,"author":{"gitId":"Joannaj00"},"content":"            } else if (input.startsWith(\"unmark\")) {","lastModifiedDate":"2025-08-28T21:11:56","isFullCredit":false},{"lineNumber":37,"author":{"gitId":"Joannaj00"},"content":"                int index \u003d Integer.parseInt(input.split(\" \")[1]) - 1;","lastModifiedDate":"2025-08-28T21:11:56","isFullCredit":false},{"lineNumber":38,"author":{"gitId":"Joannaj00"},"content":"                Task t \u003d tasks.get(index);","lastModifiedDate":"2025-08-28T21:11:56","isFullCredit":false},{"lineNumber":39,"author":{"gitId":"Joannaj00"},"content":"                t.markAsNotDone();","lastModifiedDate":"2025-08-28T21:11:56","isFullCredit":false},{"lineNumber":40,"author":{"gitId":"Joannaj00"},"content":"                System.out.println(LINE);","lastModifiedDate":"2025-08-28T21:11:56","isFullCredit":false},{"lineNumber":41,"author":{"gitId":"Joannaj00"},"content":"                System.out.println(\"OK, I\u0027ve marked this task as not done yet:\");","lastModifiedDate":"2025-08-28T21:11:56","isFullCredit":false},{"lineNumber":42,"author":{"gitId":"Joannaj00"},"content":"                System.out.println(\"  \" + t);","lastModifiedDate":"2025-08-28T21:11:56","isFullCredit":false},{"lineNumber":43,"author":{"gitId":"Joannaj00"},"content":"                System.out.println(LINE);","lastModifiedDate":"2025-08-28T21:11:56","isFullCredit":false},{"lineNumber":44,"author":{"gitId":"Joannaj00"},"content":"            } else {","lastModifiedDate":"2025-08-28T20:46:55","isFullCredit":false},{"lineNumber":45,"author":{"gitId":"Joannaj00"},"content":"                Task t \u003d new Task(input);","lastModifiedDate":"2025-08-28T21:11:56","isFullCredit":false},{"lineNumber":46,"author":{"gitId":"Joannaj00"},"content":"                tasks.add(t);","lastModifiedDate":"2025-08-28T21:11:56","isFullCredit":false},{"lineNumber":47,"author":{"gitId":"Joannaj00"},"content":"                System.out.println(LINE);","lastModifiedDate":"2025-08-28T20:39:28","isFullCredit":false},{"lineNumber":48,"author":{"gitId":"Joannaj00"},"content":"                System.out.println(\"added: \" + input);","lastModifiedDate":"2025-08-28T20:46:55","isFullCredit":false},{"lineNumber":49,"author":{"gitId":"Joannaj00"},"content":"                System.out.println(LINE);","lastModifiedDate":"2025-08-28T20:46:55","isFullCredit":false},{"lineNumber":50,"author":{"gitId":"Joannaj00"},"content":"            }","lastModifiedDate":"2025-08-28T20:46:55","isFullCredit":false},{"lineNumber":51,"author":{"gitId":"Joannaj00"},"content":"        }","lastModifiedDate":"2025-08-28T20:39:28","isFullCredit":false},{"lineNumber":52,"author":{"gitId":"Joannaj00"},"content":"        sc.close();","lastModifiedDate":"2025-08-28T20:39:28","isFullCredit":false},{"lineNumber":53,"author":{"gitId":"Joannaj00"},"content":"    }","lastModifiedDate":"2025-08-27T18:48:46","isFullCredit":false},{"lineNumber":54,"author":{"gitId":"Joannaj00"},"content":"}","lastModifiedDate":"2025-08-27T18:48:46","isFullCredit":false}],"authorContributionMap":{"Joannaj00":54}},{"path":"src/main/java/Task.java","fileType":"java","lines":[{"lineNumber":1,"author":{"gitId":"Joannaj00"},"content":"public class Task {","lastModifiedDate":"2025-08-28T21:11:56","isFullCredit":false},{"lineNumber":2,"author":{"gitId":"Joannaj00"},"content":"    protected String description;","lastModifiedDate":"2025-08-28T21:11:56","isFullCredit":false},{"lineNumber":3,"author":{"gitId":"Joannaj00"},"content":"    protected boolean isDone;","lastModifiedDate":"2025-08-28T21:11:56","isFullCredit":false},{"lineNumber":4,"author":{"gitId":"Joannaj00"},"content":"","lastModifiedDate":"2025-08-28T21:11:56","isFullCredit":false},{"lineNumber":5,"author":{"gitId":"Joannaj00"},"content":"    public Task(String description) {","lastModifiedDate":"2025-08-28T21:11:56","isFullCredit":false},{"lineNumber":6,"author":{"gitId":"Joannaj00"},"content":"        this.description \u003d description;","lastModifiedDate":"2025-08-28T21:11:56","isFullCredit":false},{"lineNumber":7,"author":{"gitId":"Joannaj00"},"content":"        this.isDone \u003d false;","lastModifiedDate":"2025-08-28T21:11:56","isFullCredit":false},{"lineNumber":8,"author":{"gitId":"Joannaj00"},"content":"    }","lastModifiedDate":"2025-08-28T21:11:56","isFullCredit":false},{"lineNumber":9,"author":{"gitId":"Joannaj00"},"content":"","lastModifiedDate":"2025-08-28T21:11:56","isFullCredit":false},{"lineNumber":10,"author":{"gitId":"Joannaj00"},"content":"    public String getStatusIcon() {","lastModifiedDate":"2025-08-28T21:11:56","isFullCredit":false},{"lineNumber":11,"author":{"gitId":"Joannaj00"},"content":"        return (isDone ? \"X\" : \" \"); // mark done task with X","lastModifiedDate":"2025-08-28T21:11:56","isFullCredit":false},{"lineNumber":12,"author":{"gitId":"Joannaj00"},"content":"    }","lastModifiedDate":"2025-08-28T21:11:56","isFullCredit":false},{"lineNumber":13,"author":{"gitId":"Joannaj00"},"content":"","lastModifiedDate":"2025-08-28T21:11:56","isFullCredit":false},{"lineNumber":14,"author":{"gitId":"Joannaj00"},"content":"    public void markAsDone() {","lastModifiedDate":"2025-08-28T21:11:56","isFullCredit":false},{"lineNumber":15,"author":{"gitId":"Joannaj00"},"content":"        this.isDone \u003d true;","lastModifiedDate":"2025-08-28T21:11:56","isFullCredit":false},{"lineNumber":16,"author":{"gitId":"Joannaj00"},"content":"    }","lastModifiedDate":"2025-08-28T21:11:56","isFullCredit":false},{"lineNumber":17,"author":{"gitId":"Joannaj00"},"content":"","lastModifiedDate":"2025-08-28T21:11:56","isFullCredit":false},{"lineNumber":18,"author":{"gitId":"Joannaj00"},"content":"    public void markAsNotDone() {","lastModifiedDate":"2025-08-28T21:11:56","isFullCredit":false},{"lineNumber":19,"author":{"gitId":"Joannaj00"},"content":"        this.isDone \u003d false;","lastModifiedDate":"2025-08-28T21:11:56","isFullCredit":false},{"lineNumber":20,"author":{"gitId":"Joannaj00"},"content":"    }","lastModifiedDate":"2025-08-28T21:11:56","isFullCredit":false},{"lineNumber":21,"author":{"gitId":"Joannaj00"},"content":"","lastModifiedDate":"2025-08-28T21:11:56","isFullCredit":false},{"lineNumber":22,"author":{"gitId":"Joannaj00"},"content":"    @Override","lastModifiedDate":"2025-08-28T21:11:56","isFullCredit":false},{"lineNumber":23,"author":{"gitId":"Joannaj00"},"content":"    public String toString() {","lastModifiedDate":"2025-08-28T21:11:56","isFullCredit":false},{"lineNumber":24,"author":{"gitId":"Joannaj00"},"content":"        return \"[\" + getStatusIcon() + \"] \" + description;","lastModifiedDate":"2025-08-28T21:11:56","isFullCredit":false},{"lineNumber":25,"author":{"gitId":"Joannaj00"},"content":"    }","lastModifiedDate":"2025-08-28T21:11:56","isFullCredit":false},{"lineNumber":26,"author":{"gitId":"Joannaj00"},"content":"}","lastModifiedDate":"2025-08-28T21:11:56","isFullCredit":false}],"authorContributionMap":{"Joannaj00":26}}]
