[{"path":"data/duke.txt","fileType":"txt","lines":[{"lineNumber":1,"author":{"gitId":"hyeungac"},"content":"D| false |  | tue","lastModifiedDate":"2025-09-13T10:50:18","isFullCredit":false},{"lineNumber":2,"author":{"gitId":"hyeungac"},"content":"D| false | mini  | sun","lastModifiedDate":"2025-09-13T10:50:18","isFullCredit":false}],"authorContributionMap":{"hyeungac":2}},{"path":"src/main/java/duke/Duke.java","fileType":"java","lines":[{"lineNumber":1,"author":{"gitId":"hyeungac"},"content":"package duke;","lastModifiedDate":"2025-09-07T11:12:57","isFullCredit":false},{"lineNumber":2,"author":{"gitId":"hyeungac"},"content":"","lastModifiedDate":"2025-09-07T11:12:57","isFullCredit":false},{"lineNumber":3,"author":{"gitId":"hyeungac"},"content":"import duke.task.Deadline;","lastModifiedDate":"2025-09-07T11:12:57","isFullCredit":false},{"lineNumber":4,"author":{"gitId":"hyeungac"},"content":"import duke.task.Event;","lastModifiedDate":"2025-09-07T11:12:57","isFullCredit":false},{"lineNumber":5,"author":{"gitId":"hyeungac"},"content":"import duke.task.Task;","lastModifiedDate":"2025-09-07T11:12:57","isFullCredit":false},{"lineNumber":6,"author":{"gitId":"hyeungac"},"content":"import duke.task.Todo;","lastModifiedDate":"2025-09-07T11:12:57","isFullCredit":false},{"lineNumber":7,"author":{"gitId":"hyeungac"},"content":"","lastModifiedDate":"2025-09-07T11:12:57","isFullCredit":false},{"lineNumber":8,"author":{"gitId":"hyeungac"},"content":"","lastModifiedDate":"2025-09-12T21:37:06","isFullCredit":false},{"lineNumber":9,"author":{"gitId":"hyeungac"},"content":"import java.util.ArrayList;","lastModifiedDate":"2025-09-12T11:39:32","isFullCredit":false},{"lineNumber":10,"author":{"gitId":"hyeungac"},"content":"","lastModifiedDate":"2025-09-12T11:39:32","isFullCredit":false},{"lineNumber":11,"author":{"gitId":"hyeungac"},"content":"","lastModifiedDate":"2025-09-12T21:37:06","isFullCredit":false},{"lineNumber":12,"author":{"gitId":"hyeungac"},"content":"import java.io.File;","lastModifiedDate":"2025-09-12T20:16:14","isFullCredit":false},{"lineNumber":13,"author":{"gitId":"hyeungac"},"content":"import java.io.FileWriter;","lastModifiedDate":"2025-09-12T20:16:14","isFullCredit":false},{"lineNumber":14,"author":{"gitId":"hyeungac"},"content":"import java.io.FileNotFoundException;","lastModifiedDate":"2025-09-12T20:16:14","isFullCredit":false},{"lineNumber":15,"author":{"gitId":"hyeungac"},"content":"import java.io.IOException;","lastModifiedDate":"2025-09-12T20:16:14","isFullCredit":false},{"lineNumber":16,"author":{"gitId":"hyeungac"},"content":"import java.nio.file.Files;","lastModifiedDate":"2025-09-12T20:16:14","isFullCredit":false},{"lineNumber":17,"author":{"gitId":"hyeungac"},"content":"import java.nio.file.Paths;","lastModifiedDate":"2025-09-12T20:16:14","isFullCredit":false},{"lineNumber":18,"author":{"gitId":"hyeungac"},"content":"import java.util.Scanner;","lastModifiedDate":"2025-08-25T19:34:18","isFullCredit":false},{"lineNumber":19,"author":{"gitId":"hyeungac"},"content":"","lastModifiedDate":"2025-08-25T19:34:18","isFullCredit":false},{"lineNumber":20,"author":{"gitId":"hyeungac"},"content":"","lastModifiedDate":"2025-09-12T20:16:14","isFullCredit":false},{"lineNumber":21,"author":{"gitId":"hyeungac"},"content":"","lastModifiedDate":"2025-09-12T20:16:14","isFullCredit":false},{"lineNumber":22,"author":{"gitId":"-"},"content":"public class Duke {","lastModifiedDate":"2019-07-29T17:14:46","isFullCredit":false},{"lineNumber":23,"author":{"gitId":"hyeungac"},"content":"","lastModifiedDate":"2025-09-12T21:37:06","isFullCredit":false},{"lineNumber":24,"author":{"gitId":"hyeungac"},"content":"    private static ArrayList\u003cTask\u003e list \u003d new ArrayList\u003c\u003e();","lastModifiedDate":"2025-09-12T11:39:32","isFullCredit":false},{"lineNumber":25,"author":{"gitId":"hyeungac"},"content":"","lastModifiedDate":"2025-09-12T11:39:32","isFullCredit":false},{"lineNumber":26,"author":{"gitId":"hyeungac"},"content":"    private static void addTask(Task task) {","lastModifiedDate":"2025-09-12T11:39:32","isFullCredit":false},{"lineNumber":27,"author":{"gitId":"hyeungac"},"content":"        list.add(task);","lastModifiedDate":"2025-09-12T11:39:32","isFullCredit":false},{"lineNumber":28,"author":{"gitId":"hyeungac"},"content":"    }","lastModifiedDate":"2025-09-12T11:39:32","isFullCredit":false},{"lineNumber":29,"author":{"gitId":"hyeungac"},"content":"    private static void removeTask(int index) {","lastModifiedDate":"2025-09-12T11:39:32","isFullCredit":false},{"lineNumber":30,"author":{"gitId":"hyeungac"},"content":"        list.remove(index);","lastModifiedDate":"2025-09-12T11:39:32","isFullCredit":false},{"lineNumber":31,"author":{"gitId":"hyeungac"},"content":"    }","lastModifiedDate":"2025-09-12T11:39:32","isFullCredit":false},{"lineNumber":32,"author":{"gitId":"hyeungac"},"content":"    private static Task getTask(int index) {","lastModifiedDate":"2025-09-12T11:39:32","isFullCredit":false},{"lineNumber":33,"author":{"gitId":"hyeungac"},"content":"        return list.get(index); // is this return by value or by reference?","lastModifiedDate":"2025-09-12T11:39:32","isFullCredit":false},{"lineNumber":34,"author":{"gitId":"hyeungac"},"content":"    }","lastModifiedDate":"2025-09-12T11:39:32","isFullCredit":false},{"lineNumber":35,"author":{"gitId":"hyeungac"},"content":"    private static void printAllTasks() {","lastModifiedDate":"2025-09-12T11:39:32","isFullCredit":false},{"lineNumber":36,"author":{"gitId":"hyeungac"},"content":"        int index \u003d 0;","lastModifiedDate":"2025-09-12T11:39:32","isFullCredit":false},{"lineNumber":37,"author":{"gitId":"hyeungac"},"content":"        for (Task task : list) {","lastModifiedDate":"2025-09-12T11:39:32","isFullCredit":false},{"lineNumber":38,"author":{"gitId":"hyeungac"},"content":"            int num \u003d index+1;","lastModifiedDate":"2025-09-12T11:39:32","isFullCredit":false},{"lineNumber":39,"author":{"gitId":"hyeungac"},"content":"            System.out.print(num + \". \" );","lastModifiedDate":"2025-09-12T11:39:32","isFullCredit":false},{"lineNumber":40,"author":{"gitId":"hyeungac"},"content":"            task.printinfo();","lastModifiedDate":"2025-09-12T11:39:32","isFullCredit":false},{"lineNumber":41,"author":{"gitId":"hyeungac"},"content":"            index++;","lastModifiedDate":"2025-09-12T11:39:32","isFullCredit":false},{"lineNumber":42,"author":{"gitId":"hyeungac"},"content":"        }","lastModifiedDate":"2025-09-12T11:39:32","isFullCredit":false},{"lineNumber":43,"author":{"gitId":"hyeungac"},"content":"        if (index \u003d\u003d 0){","lastModifiedDate":"2025-09-12T11:39:32","isFullCredit":false},{"lineNumber":44,"author":{"gitId":"hyeungac"},"content":"            System.out.println(\"oops, is there anything in the list?\");","lastModifiedDate":"2025-09-12T11:39:32","isFullCredit":false},{"lineNumber":45,"author":{"gitId":"hyeungac"},"content":"        }","lastModifiedDate":"2025-09-12T11:39:32","isFullCredit":false},{"lineNumber":46,"author":{"gitId":"hyeungac"},"content":"    }","lastModifiedDate":"2025-09-12T11:39:32","isFullCredit":false},{"lineNumber":47,"author":{"gitId":"hyeungac"},"content":"    private static void printlastTask() {","lastModifiedDate":"2025-09-12T11:39:32","isFullCredit":false},{"lineNumber":48,"author":{"gitId":"hyeungac"},"content":"        if (list.isEmpty()) {","lastModifiedDate":"2025-09-12T11:39:32","isFullCredit":false},{"lineNumber":49,"author":{"gitId":"hyeungac"},"content":"            System.out.println(\"oops, is there anything in the list?\");","lastModifiedDate":"2025-09-12T11:39:32","isFullCredit":false},{"lineNumber":50,"author":{"gitId":"hyeungac"},"content":"        } else {","lastModifiedDate":"2025-09-12T21:37:06","isFullCredit":false},{"lineNumber":51,"author":{"gitId":"hyeungac"},"content":"            list.getLast().printinfo();","lastModifiedDate":"2025-09-12T11:39:32","isFullCredit":false},{"lineNumber":52,"author":{"gitId":"hyeungac"},"content":"        }","lastModifiedDate":"2025-09-12T11:39:32","isFullCredit":false},{"lineNumber":53,"author":{"gitId":"hyeungac"},"content":"    }","lastModifiedDate":"2025-09-12T11:39:32","isFullCredit":false},{"lineNumber":54,"author":{"gitId":"hyeungac"},"content":"","lastModifiedDate":"2025-09-12T11:39:32","isFullCredit":false},{"lineNumber":55,"author":{"gitId":"hyeungac"},"content":"    private static void checkAndWrite(ArrayList\u003cTask\u003e list) {","lastModifiedDate":"2025-09-12T21:37:06","isFullCredit":false},{"lineNumber":56,"author":{"gitId":"hyeungac"},"content":"        String folder_path \u003d \"./data/\";","lastModifiedDate":"2025-09-12T20:16:14","isFullCredit":false},{"lineNumber":57,"author":{"gitId":"hyeungac"},"content":"        File folder \u003d new File(folder_path);","lastModifiedDate":"2025-09-12T20:16:14","isFullCredit":false},{"lineNumber":58,"author":{"gitId":"hyeungac"},"content":"        if (!folder.exists()){","lastModifiedDate":"2025-09-12T20:16:14","isFullCredit":false},{"lineNumber":59,"author":{"gitId":"hyeungac"},"content":"            if (folder.mkdirs()){","lastModifiedDate":"2025-09-12T20:16:14","isFullCredit":false},{"lineNumber":60,"author":{"gitId":"hyeungac"},"content":"                System.out.println(\"____________________________________________________________\");","lastModifiedDate":"2025-09-12T20:16:14","isFullCredit":false},{"lineNumber":61,"author":{"gitId":"hyeungac"},"content":"                System.out.println(\"new Folder created\");","lastModifiedDate":"2025-09-12T20:16:14","isFullCredit":false},{"lineNumber":62,"author":{"gitId":"hyeungac"},"content":"","lastModifiedDate":"2025-09-13T10:50:18","isFullCredit":false},{"lineNumber":63,"author":{"gitId":"hyeungac"},"content":"            }else{","lastModifiedDate":"2025-09-12T20:16:14","isFullCredit":false},{"lineNumber":64,"author":{"gitId":"hyeungac"},"content":"                System.out.println(\"____________________________________________________________\");","lastModifiedDate":"2025-09-12T20:16:14","isFullCredit":false},{"lineNumber":65,"author":{"gitId":"hyeungac"},"content":"                System.out.println(\"Failed to create new Folder\");","lastModifiedDate":"2025-09-12T20:16:14","isFullCredit":false},{"lineNumber":66,"author":{"gitId":"hyeungac"},"content":"                System.out.println(\"____________________________________________________________\");","lastModifiedDate":"2025-09-12T20:16:14","isFullCredit":false},{"lineNumber":67,"author":{"gitId":"hyeungac"},"content":"            }","lastModifiedDate":"2025-09-12T20:16:14","isFullCredit":false},{"lineNumber":68,"author":{"gitId":"hyeungac"},"content":"        } else{","lastModifiedDate":"2025-09-12T20:16:14","isFullCredit":false},{"lineNumber":69,"author":{"gitId":"hyeungac"},"content":"            System.out.println(\"____________________________________________________________\");","lastModifiedDate":"2025-09-12T20:16:14","isFullCredit":false},{"lineNumber":70,"author":{"gitId":"hyeungac"},"content":"            System.out.println(\"Folder exists! let\u0027s modify it now!\");","lastModifiedDate":"2025-09-12T20:16:14","isFullCredit":false},{"lineNumber":71,"author":{"gitId":"hyeungac"},"content":"        }","lastModifiedDate":"2025-09-12T20:16:14","isFullCredit":false},{"lineNumber":72,"author":{"gitId":"hyeungac"},"content":"","lastModifiedDate":"2025-09-12T20:16:14","isFullCredit":false},{"lineNumber":73,"author":{"gitId":"hyeungac"},"content":"        try {","lastModifiedDate":"2025-09-12T20:16:14","isFullCredit":false},{"lineNumber":74,"author":{"gitId":"hyeungac"},"content":"            FileWriter fw \u003d new FileWriter(\"./data/duke.txt\");","lastModifiedDate":"2025-09-12T20:16:14","isFullCredit":false},{"lineNumber":75,"author":{"gitId":"hyeungac"},"content":"            String txtToAdd \u003d \"\";","lastModifiedDate":"2025-09-12T20:16:14","isFullCredit":false},{"lineNumber":76,"author":{"gitId":"hyeungac"},"content":"","lastModifiedDate":"2025-09-12T21:37:06","isFullCredit":false},{"lineNumber":77,"author":{"gitId":"hyeungac"},"content":"            for (Task task : list) {","lastModifiedDate":"2025-09-12T20:16:14","isFullCredit":false},{"lineNumber":78,"author":{"gitId":"hyeungac"},"content":"                String new_line \u003d task.toString();","lastModifiedDate":"2025-09-12T20:16:14","isFullCredit":false},{"lineNumber":79,"author":{"gitId":"hyeungac"},"content":"                txtToAdd +\u003d new_line + \"\\n\";","lastModifiedDate":"2025-09-12T20:16:14","isFullCredit":false},{"lineNumber":80,"author":{"gitId":"hyeungac"},"content":"            }","lastModifiedDate":"2025-09-12T20:16:14","isFullCredit":false},{"lineNumber":81,"author":{"gitId":"hyeungac"},"content":"            fw.write(txtToAdd);","lastModifiedDate":"2025-09-12T20:16:14","isFullCredit":false},{"lineNumber":82,"author":{"gitId":"hyeungac"},"content":"","lastModifiedDate":"2025-09-13T10:50:18","isFullCredit":false},{"lineNumber":83,"author":{"gitId":"hyeungac"},"content":"            System.out.println(\"txt file has been updated\");","lastModifiedDate":"2025-09-12T20:16:14","isFullCredit":false},{"lineNumber":84,"author":{"gitId":"hyeungac"},"content":"            System.out.println(\"____________________________________________________________\");","lastModifiedDate":"2025-09-12T20:16:14","isFullCredit":false},{"lineNumber":85,"author":{"gitId":"hyeungac"},"content":"            fw.close();","lastModifiedDate":"2025-09-12T20:16:14","isFullCredit":false},{"lineNumber":86,"author":{"gitId":"hyeungac"},"content":"        } catch (IOException e) {","lastModifiedDate":"2025-09-12T20:16:14","isFullCredit":false},{"lineNumber":87,"author":{"gitId":"hyeungac"},"content":"            System.out.println(\"Failed to write to file\");","lastModifiedDate":"2025-09-12T20:16:14","isFullCredit":false},{"lineNumber":88,"author":{"gitId":"hyeungac"},"content":"            System.out.println(\"____________________________________________________________\");","lastModifiedDate":"2025-09-13T10:50:18","isFullCredit":false},{"lineNumber":89,"author":{"gitId":"hyeungac"},"content":"        }","lastModifiedDate":"2025-09-12T20:16:14","isFullCredit":false},{"lineNumber":90,"author":{"gitId":"hyeungac"},"content":"    }","lastModifiedDate":"2025-09-12T20:16:14","isFullCredit":false},{"lineNumber":91,"author":{"gitId":"hyeungac"},"content":"","lastModifiedDate":"2025-09-12T20:16:14","isFullCredit":false},{"lineNumber":92,"author":{"gitId":"-"},"content":"    public static void main(String[] args) {","lastModifiedDate":"2019-07-29T17:14:46","isFullCredit":false},{"lineNumber":93,"author":{"gitId":"hyeungac"},"content":"        //Task[] list \u003d new Task[100];","lastModifiedDate":"2025-09-12T11:39:32","isFullCredit":false},{"lineNumber":94,"author":{"gitId":"hyeungac"},"content":"        int task_count \u003d 0;","lastModifiedDate":"2025-08-25T19:49:30","isFullCredit":false},{"lineNumber":95,"author":{"gitId":"-"},"content":"        String logo \u003d \" ____        _        \\n\"","lastModifiedDate":"2019-07-29T17:14:46","isFullCredit":false},{"lineNumber":96,"author":{"gitId":"-"},"content":"                + \"|  _ \\\\ _   _| | _____ \\n\"","lastModifiedDate":"2019-07-29T17:14:46","isFullCredit":false},{"lineNumber":97,"author":{"gitId":"-"},"content":"                + \"| | | | | | | |/ / _ \\\\\\n\"","lastModifiedDate":"2019-07-29T17:14:46","isFullCredit":false},{"lineNumber":98,"author":{"gitId":"-"},"content":"                + \"| |_| | |_| |   \u003c  __/\\n\"","lastModifiedDate":"2019-07-29T17:14:46","isFullCredit":false},{"lineNumber":99,"author":{"gitId":"-"},"content":"                + \"|____/ \\\\__,_|_|\\\\_\\\\___|\\n\";","lastModifiedDate":"2019-07-29T17:14:46","isFullCredit":false},{"lineNumber":100,"author":{"gitId":"-"},"content":"        System.out.println(\"Hello from\\n\" + logo);","lastModifiedDate":"2019-07-29T17:14:46","isFullCredit":false},{"lineNumber":101,"author":{"gitId":"hyeungac"},"content":"        System.out.println(\"____________________________________________________________\\n\" +","lastModifiedDate":"2025-08-24T09:37:36","isFullCredit":false},{"lineNumber":102,"author":{"gitId":"hyeungac"},"content":"                \" Hello! I\u0027m Gordon_Duke\\n\" +","lastModifiedDate":"2025-08-24T09:37:36","isFullCredit":false},{"lineNumber":103,"author":{"gitId":"hyeungac"},"content":"                \" What can I do for you?\\n\" +","lastModifiedDate":"2025-08-24T09:37:36","isFullCredit":false},{"lineNumber":104,"author":{"gitId":"hyeungac"},"content":"                \"____________________________________________________________\\n\");","lastModifiedDate":"2025-08-25T19:34:18","isFullCredit":false},{"lineNumber":105,"author":{"gitId":"hyeungac"},"content":"","lastModifiedDate":"2025-08-25T19:34:18","isFullCredit":false},{"lineNumber":106,"author":{"gitId":"hyeungac"},"content":"        while (true) {","lastModifiedDate":"2025-08-25T19:34:18","isFullCredit":false},{"lineNumber":107,"author":{"gitId":"hyeungac"},"content":"            String line;","lastModifiedDate":"2025-08-25T19:34:18","isFullCredit":false},{"lineNumber":108,"author":{"gitId":"hyeungac"},"content":"            Scanner in \u003d new Scanner(System.in);","lastModifiedDate":"2025-08-25T19:34:18","isFullCredit":false},{"lineNumber":109,"author":{"gitId":"hyeungac"},"content":"            line \u003d in.nextLine();","lastModifiedDate":"2025-08-25T19:34:18","isFullCredit":false},{"lineNumber":110,"author":{"gitId":"hyeungac"},"content":"            if(line.equalsIgnoreCase(\"bye\")){","lastModifiedDate":"2025-08-25T19:34:18","isFullCredit":false},{"lineNumber":111,"author":{"gitId":"hyeungac"},"content":"                System.out.println(\"____________________________________________________________\\n\" +","lastModifiedDate":"2025-08-25T19:34:18","isFullCredit":false},{"lineNumber":112,"author":{"gitId":"hyeungac"},"content":"                        \" Bye. Hope to see you again soon!\\n\" +","lastModifiedDate":"2025-08-24T09:37:36","isFullCredit":false},{"lineNumber":113,"author":{"gitId":"hyeungac"},"content":"                        \"____________________________________________________________\\n\");","lastModifiedDate":"2025-08-24T09:37:36","isFullCredit":false},{"lineNumber":114,"author":{"gitId":"hyeungac"},"content":"                break;","lastModifiedDate":"2025-08-25T19:34:18","isFullCredit":false},{"lineNumber":115,"author":{"gitId":"hyeungac"},"content":"            } else if(line.equalsIgnoreCase(\"list\")){","lastModifiedDate":"2025-09-07T10:41:21","isFullCredit":false},{"lineNumber":116,"author":{"gitId":"hyeungac"},"content":"                System.out.println(\"____________________________________________________________\");","lastModifiedDate":"2025-08-25T19:49:30","isFullCredit":false},{"lineNumber":117,"author":{"gitId":"hyeungac"},"content":"                printAllTasks();","lastModifiedDate":"2025-09-12T11:39:32","isFullCredit":false},{"lineNumber":118,"author":{"gitId":"hyeungac"},"content":"                System.out.println(\"____________________________________________________________\");","lastModifiedDate":"2025-08-25T19:49:30","isFullCredit":false},{"lineNumber":119,"author":{"gitId":"hyeungac"},"content":"            } else if(line.contains(\"unmark\")){","lastModifiedDate":"2025-09-07T10:41:21","isFullCredit":false},{"lineNumber":120,"author":{"gitId":"hyeungac"},"content":"                try{","lastModifiedDate":"2025-09-07T10:41:21","isFullCredit":false},{"lineNumber":121,"author":{"gitId":"hyeungac"},"content":"                    String index \u003d line.substring(line.indexOf(\" \")+1);","lastModifiedDate":"2025-08-25T20:20:42","isFullCredit":false},{"lineNumber":122,"author":{"gitId":"hyeungac"},"content":"                    int ind \u003d  Integer.parseInt(index);","lastModifiedDate":"2025-08-25T20:20:42","isFullCredit":false},{"lineNumber":123,"author":{"gitId":"hyeungac"},"content":"                    ind--;","lastModifiedDate":"2025-08-25T20:20:42","isFullCredit":false},{"lineNumber":124,"author":{"gitId":"hyeungac"},"content":"","lastModifiedDate":"2025-09-12T21:37:06","isFullCredit":false},{"lineNumber":125,"author":{"gitId":"hyeungac"},"content":"                    getTask(ind).setDone(false);","lastModifiedDate":"2025-09-12T11:39:32","isFullCredit":false},{"lineNumber":126,"author":{"gitId":"hyeungac"},"content":"                    checkAndWrite(list);","lastModifiedDate":"2025-09-12T21:37:06","isFullCredit":false},{"lineNumber":127,"author":{"gitId":"hyeungac"},"content":"                    System.out.println(\"____________________________________________________________\");","lastModifiedDate":"2025-08-25T20:20:42","isFullCredit":false},{"lineNumber":128,"author":{"gitId":"hyeungac"},"content":"                    System.out.println(\"OK, I\u0027ve marked this task as not done yet:\");","lastModifiedDate":"2025-08-25T20:20:42","isFullCredit":false},{"lineNumber":129,"author":{"gitId":"hyeungac"},"content":"                    getTask(ind).printinfo();","lastModifiedDate":"2025-09-12T11:39:32","isFullCredit":false},{"lineNumber":130,"author":{"gitId":"hyeungac"},"content":"                    System.out.println(\"____________________________________________________________\");","lastModifiedDate":"2025-08-25T20:20:42","isFullCredit":false},{"lineNumber":131,"author":{"gitId":"hyeungac"},"content":"                } catch(NumberFormatException e){","lastModifiedDate":"2025-09-07T10:41:21","isFullCredit":false},{"lineNumber":132,"author":{"gitId":"hyeungac"},"content":"                    System.out.println(\"______________________________________________________________\");","lastModifiedDate":"2025-09-07T10:41:21","isFullCredit":false},{"lineNumber":133,"author":{"gitId":"hyeungac"},"content":"                    System.out.println(\"emmmm, seems like you didn\u0027t enter a number?\");","lastModifiedDate":"2025-09-07T10:41:21","isFullCredit":false},{"lineNumber":134,"author":{"gitId":"hyeungac"},"content":"                    System.out.println(\"______________________________________________________________\");","lastModifiedDate":"2025-09-07T10:41:21","isFullCredit":false},{"lineNumber":135,"author":{"gitId":"hyeungac"},"content":"                } catch(IndexOutOfBoundsException e){","lastModifiedDate":"2025-09-07T10:41:21","isFullCredit":false},{"lineNumber":136,"author":{"gitId":"hyeungac"},"content":"                    System.out.println(\"______________________________________________________________\");","lastModifiedDate":"2025-09-07T10:41:21","isFullCredit":false},{"lineNumber":137,"author":{"gitId":"hyeungac"},"content":"                    System.out.println(\"emmmm, seems like you forgot to enter something?\");","lastModifiedDate":"2025-09-07T10:41:21","isFullCredit":false},{"lineNumber":138,"author":{"gitId":"hyeungac"},"content":"                    System.out.println(\"______________________________________________________________\");","lastModifiedDate":"2025-09-07T10:41:21","isFullCredit":false},{"lineNumber":139,"author":{"gitId":"hyeungac"},"content":"                } catch(NullPointerException e){","lastModifiedDate":"2025-09-07T10:41:21","isFullCredit":false},{"lineNumber":140,"author":{"gitId":"hyeungac"},"content":"                    System.out.println(\"______________________________________________________________\");","lastModifiedDate":"2025-09-07T10:41:21","isFullCredit":false},{"lineNumber":141,"author":{"gitId":"hyeungac"},"content":"                    System.out.println(\"emmm, does this task exist?\");","lastModifiedDate":"2025-09-07T10:41:21","isFullCredit":false},{"lineNumber":142,"author":{"gitId":"hyeungac"},"content":"                    System.out.println(\"______________________________________________________________\");","lastModifiedDate":"2025-09-07T10:41:21","isFullCredit":false},{"lineNumber":143,"author":{"gitId":"hyeungac"},"content":"                }","lastModifiedDate":"2025-08-25T20:20:42","isFullCredit":false},{"lineNumber":144,"author":{"gitId":"hyeungac"},"content":"","lastModifiedDate":"2025-09-07T10:41:21","isFullCredit":false},{"lineNumber":145,"author":{"gitId":"hyeungac"},"content":"","lastModifiedDate":"2025-09-07T10:41:21","isFullCredit":false},{"lineNumber":146,"author":{"gitId":"hyeungac"},"content":"            } else if(line.contains(\"mark\")){","lastModifiedDate":"2025-09-07T10:41:21","isFullCredit":false},{"lineNumber":147,"author":{"gitId":"hyeungac"},"content":"                try{","lastModifiedDate":"2025-09-07T10:41:21","isFullCredit":false},{"lineNumber":148,"author":{"gitId":"hyeungac"},"content":"                    String index \u003d line.substring(line.indexOf(\" \")+1);","lastModifiedDate":"2025-08-25T20:20:42","isFullCredit":false},{"lineNumber":149,"author":{"gitId":"hyeungac"},"content":"                    int ind \u003d  Integer.parseInt(index);","lastModifiedDate":"2025-08-25T20:20:42","isFullCredit":false},{"lineNumber":150,"author":{"gitId":"hyeungac"},"content":"                    ind--;","lastModifiedDate":"2025-08-25T20:20:42","isFullCredit":false},{"lineNumber":151,"author":{"gitId":"hyeungac"},"content":"","lastModifiedDate":"2025-09-12T21:37:06","isFullCredit":false},{"lineNumber":152,"author":{"gitId":"hyeungac"},"content":"                    getTask(ind).setDone(true);","lastModifiedDate":"2025-09-12T11:39:32","isFullCredit":false},{"lineNumber":153,"author":{"gitId":"hyeungac"},"content":"","lastModifiedDate":"2025-09-12T21:37:06","isFullCredit":false},{"lineNumber":154,"author":{"gitId":"hyeungac"},"content":"","lastModifiedDate":"2025-09-12T21:37:06","isFullCredit":false},{"lineNumber":155,"author":{"gitId":"hyeungac"},"content":"                    checkAndWrite(list);","lastModifiedDate":"2025-09-12T21:37:06","isFullCredit":false},{"lineNumber":156,"author":{"gitId":"hyeungac"},"content":"","lastModifiedDate":"2025-09-12T21:37:06","isFullCredit":false},{"lineNumber":157,"author":{"gitId":"hyeungac"},"content":"                    System.out.println(\"____________________________________________________________\");","lastModifiedDate":"2025-08-25T20:20:42","isFullCredit":false},{"lineNumber":158,"author":{"gitId":"hyeungac"},"content":"                    System.out.println(\"Nice! I\u0027ve marked this task as done:\");","lastModifiedDate":"2025-08-25T20:20:42","isFullCredit":false},{"lineNumber":159,"author":{"gitId":"hyeungac"},"content":"                    getTask(ind).printinfo();","lastModifiedDate":"2025-09-12T11:39:32","isFullCredit":false},{"lineNumber":160,"author":{"gitId":"hyeungac"},"content":"                    System.out.println(\"____________________________________________________________\");","lastModifiedDate":"2025-08-25T20:20:42","isFullCredit":false},{"lineNumber":161,"author":{"gitId":"hyeungac"},"content":"                } catch(NumberFormatException e){","lastModifiedDate":"2025-09-07T10:41:21","isFullCredit":false},{"lineNumber":162,"author":{"gitId":"hyeungac"},"content":"                    System.out.println(\"______________________________________________________________\");","lastModifiedDate":"2025-09-07T10:41:21","isFullCredit":false},{"lineNumber":163,"author":{"gitId":"hyeungac"},"content":"                    System.out.println(\"emmmm, seems like you didn\u0027t enter a number?\");","lastModifiedDate":"2025-09-07T10:41:21","isFullCredit":false},{"lineNumber":164,"author":{"gitId":"hyeungac"},"content":"                    System.out.println(\"______________________________________________________________\");","lastModifiedDate":"2025-09-07T10:41:21","isFullCredit":false},{"lineNumber":165,"author":{"gitId":"hyeungac"},"content":"                } catch(IndexOutOfBoundsException e) {","lastModifiedDate":"2025-09-07T10:41:21","isFullCredit":false},{"lineNumber":166,"author":{"gitId":"hyeungac"},"content":"                    System.out.println(\"______________________________________________________________\");","lastModifiedDate":"2025-09-07T10:41:21","isFullCredit":false},{"lineNumber":167,"author":{"gitId":"hyeungac"},"content":"                    System.out.println(\"emmmm, seems like you forgot to enter something?\");","lastModifiedDate":"2025-09-07T10:41:21","isFullCredit":false},{"lineNumber":168,"author":{"gitId":"hyeungac"},"content":"                    System.out.println(\"______________________________________________________________\");","lastModifiedDate":"2025-09-07T10:41:21","isFullCredit":false},{"lineNumber":169,"author":{"gitId":"hyeungac"},"content":"                } catch(NullPointerException e){","lastModifiedDate":"2025-09-07T10:41:21","isFullCredit":false},{"lineNumber":170,"author":{"gitId":"hyeungac"},"content":"                    System.out.println(\"______________________________________________________________\");","lastModifiedDate":"2025-09-07T10:41:21","isFullCredit":false},{"lineNumber":171,"author":{"gitId":"hyeungac"},"content":"                    System.out.println(\"emmm, does this task exist?\");","lastModifiedDate":"2025-09-07T10:41:21","isFullCredit":false},{"lineNumber":172,"author":{"gitId":"hyeungac"},"content":"                    System.out.println(\"______________________________________________________________\");","lastModifiedDate":"2025-09-07T10:41:21","isFullCredit":false},{"lineNumber":173,"author":{"gitId":"hyeungac"},"content":"                }","lastModifiedDate":"2025-08-25T20:20:42","isFullCredit":false},{"lineNumber":174,"author":{"gitId":"hyeungac"},"content":"            } else{","lastModifiedDate":"2025-09-07T10:41:21","isFullCredit":false},{"lineNumber":175,"author":{"gitId":"hyeungac"},"content":"                if(line.contains(\"todo\")){","lastModifiedDate":"2025-09-01T18:35:19","isFullCredit":false},{"lineNumber":176,"author":{"gitId":"hyeungac"},"content":"                    try{","lastModifiedDate":"2025-09-07T10:41:21","isFullCredit":false},{"lineNumber":177,"author":{"gitId":"hyeungac"},"content":"                        int firstspace \u003d line.indexOf(\" \");","lastModifiedDate":"2025-09-01T18:35:19","isFullCredit":false},{"lineNumber":178,"author":{"gitId":"hyeungac"},"content":"                        if (firstspace \u003d\u003d -1 || firstspace + 1 \u003e\u003d line.length()) {","lastModifiedDate":"2025-09-07T10:41:21","isFullCredit":false},{"lineNumber":179,"author":{"gitId":"hyeungac"},"content":"                            throw new IndexOutOfBoundsException();","lastModifiedDate":"2025-09-07T10:41:21","isFullCredit":false},{"lineNumber":180,"author":{"gitId":"hyeungac"},"content":"                        }","lastModifiedDate":"2025-09-07T10:41:21","isFullCredit":false},{"lineNumber":181,"author":{"gitId":"hyeungac"},"content":"                        String TaskName \u003d line.substring(firstspace + 1);","lastModifiedDate":"2025-09-01T18:35:19","isFullCredit":false},{"lineNumber":182,"author":{"gitId":"hyeungac"},"content":"","lastModifiedDate":"2025-09-12T21:37:06","isFullCredit":false},{"lineNumber":183,"author":{"gitId":"hyeungac"},"content":"                        addTask(new Todo(TaskName));","lastModifiedDate":"2025-09-12T11:39:32","isFullCredit":false},{"lineNumber":184,"author":{"gitId":"hyeungac"},"content":"","lastModifiedDate":"2025-09-12T21:37:06","isFullCredit":false},{"lineNumber":185,"author":{"gitId":"hyeungac"},"content":"                        checkAndWrite(list);","lastModifiedDate":"2025-09-12T21:37:06","isFullCredit":false},{"lineNumber":186,"author":{"gitId":"hyeungac"},"content":"","lastModifiedDate":"2025-09-12T21:37:06","isFullCredit":false},{"lineNumber":187,"author":{"gitId":"hyeungac"},"content":"                    } catch(IndexOutOfBoundsException e){","lastModifiedDate":"2025-09-07T10:41:21","isFullCredit":false},{"lineNumber":188,"author":{"gitId":"hyeungac"},"content":"                        System.out.println(\"______________________________________________________________\");","lastModifiedDate":"2025-09-07T10:41:21","isFullCredit":false},{"lineNumber":189,"author":{"gitId":"hyeungac"},"content":"                        System.out.println(\"emmmm, seems like you forgot to enter your todo name?\");","lastModifiedDate":"2025-09-07T10:41:21","isFullCredit":false},{"lineNumber":190,"author":{"gitId":"hyeungac"},"content":"                        System.out.println(\"______________________________________________________________\");","lastModifiedDate":"2025-09-07T10:41:21","isFullCredit":false},{"lineNumber":191,"author":{"gitId":"hyeungac"},"content":"                        continue;","lastModifiedDate":"2025-09-07T10:41:21","isFullCredit":false},{"lineNumber":192,"author":{"gitId":"hyeungac"},"content":"                    }","lastModifiedDate":"2025-09-01T18:35:19","isFullCredit":false},{"lineNumber":193,"author":{"gitId":"hyeungac"},"content":"","lastModifiedDate":"2025-09-07T10:41:21","isFullCredit":false},{"lineNumber":194,"author":{"gitId":"hyeungac"},"content":"                } else if(line.contains(\"deadline\")){","lastModifiedDate":"2025-09-07T10:41:21","isFullCredit":false},{"lineNumber":195,"author":{"gitId":"hyeungac"},"content":"                    try{","lastModifiedDate":"2025-09-07T10:41:21","isFullCredit":false},{"lineNumber":196,"author":{"gitId":"hyeungac"},"content":"                        String[] parts \u003d line.split(\"/\");","lastModifiedDate":"2025-09-01T18:35:19","isFullCredit":false},{"lineNumber":197,"author":{"gitId":"hyeungac"},"content":"                        int firstspace \u003d parts[0].indexOf(\" \");","lastModifiedDate":"2025-09-01T18:35:19","isFullCredit":false},{"lineNumber":198,"author":{"gitId":"hyeungac"},"content":"                        if (firstspace \u003d\u003d -1) {","lastModifiedDate":"2025-09-07T10:41:21","isFullCredit":false},{"lineNumber":199,"author":{"gitId":"hyeungac"},"content":"                            throw new StringIndexOutOfBoundsException();","lastModifiedDate":"2025-09-07T10:41:21","isFullCredit":false},{"lineNumber":200,"author":{"gitId":"hyeungac"},"content":"                        }","lastModifiedDate":"2025-09-07T10:41:21","isFullCredit":false},{"lineNumber":201,"author":{"gitId":"hyeungac"},"content":"                        String TaskName \u003d parts[0].substring(firstspace + 1);","lastModifiedDate":"2025-09-01T18:35:19","isFullCredit":false},{"lineNumber":202,"author":{"gitId":"hyeungac"},"content":"","lastModifiedDate":"2025-09-12T21:37:06","isFullCredit":false},{"lineNumber":203,"author":{"gitId":"hyeungac"},"content":"                        addTask(new Deadline(TaskName, parts[1]));","lastModifiedDate":"2025-09-12T11:39:32","isFullCredit":false},{"lineNumber":204,"author":{"gitId":"hyeungac"},"content":"","lastModifiedDate":"2025-09-12T21:37:06","isFullCredit":false},{"lineNumber":205,"author":{"gitId":"hyeungac"},"content":"                        checkAndWrite(list);","lastModifiedDate":"2025-09-12T21:37:06","isFullCredit":false},{"lineNumber":206,"author":{"gitId":"hyeungac"},"content":"","lastModifiedDate":"2025-09-12T21:37:06","isFullCredit":false},{"lineNumber":207,"author":{"gitId":"hyeungac"},"content":"                    } catch(StringIndexOutOfBoundsException e){","lastModifiedDate":"2025-09-07T10:41:21","isFullCredit":false},{"lineNumber":208,"author":{"gitId":"hyeungac"},"content":"                        System.out.println(\"______________________________________________________________\");","lastModifiedDate":"2025-09-07T10:41:21","isFullCredit":false},{"lineNumber":209,"author":{"gitId":"hyeungac"},"content":"                        System.out.println(\"emmmm, seems like you forgot to enter your deadline name?\");","lastModifiedDate":"2025-09-07T10:41:21","isFullCredit":false},{"lineNumber":210,"author":{"gitId":"hyeungac"},"content":"                        System.out.println(\"______________________________________________________________\");","lastModifiedDate":"2025-09-07T10:41:21","isFullCredit":false},{"lineNumber":211,"author":{"gitId":"hyeungac"},"content":"                        continue;","lastModifiedDate":"2025-09-07T10:41:21","isFullCredit":false},{"lineNumber":212,"author":{"gitId":"hyeungac"},"content":"                    } catch (ArrayIndexOutOfBoundsException e){","lastModifiedDate":"2025-09-07T10:41:21","isFullCredit":false},{"lineNumber":213,"author":{"gitId":"hyeungac"},"content":"                        System.out.println(\"______________________________________________________________\");","lastModifiedDate":"2025-09-07T10:41:21","isFullCredit":false},{"lineNumber":214,"author":{"gitId":"hyeungac"},"content":"                        System.out.println(\"emmm, seemslike you forgot to enter your deadline date?\");","lastModifiedDate":"2025-09-07T10:41:21","isFullCredit":false},{"lineNumber":215,"author":{"gitId":"hyeungac"},"content":"                        System.out.println(\"______________________________________________________________\");","lastModifiedDate":"2025-09-07T10:41:21","isFullCredit":false},{"lineNumber":216,"author":{"gitId":"hyeungac"},"content":"                        continue;","lastModifiedDate":"2025-09-07T10:41:21","isFullCredit":false},{"lineNumber":217,"author":{"gitId":"hyeungac"},"content":"                    }","lastModifiedDate":"2025-09-01T18:35:19","isFullCredit":false},{"lineNumber":218,"author":{"gitId":"hyeungac"},"content":"","lastModifiedDate":"2025-09-07T10:41:21","isFullCredit":false},{"lineNumber":219,"author":{"gitId":"hyeungac"},"content":"                } else if (line.contains(\"event\")){","lastModifiedDate":"2025-09-07T10:41:21","isFullCredit":false},{"lineNumber":220,"author":{"gitId":"hyeungac"},"content":"                    try {","lastModifiedDate":"2025-09-07T10:41:21","isFullCredit":false},{"lineNumber":221,"author":{"gitId":"hyeungac"},"content":"                        String[] parts \u003d line.split(\"/\");","lastModifiedDate":"2025-09-01T18:35:19","isFullCredit":false},{"lineNumber":222,"author":{"gitId":"hyeungac"},"content":"                        int firstspace \u003d parts[0].indexOf(\" \");","lastModifiedDate":"2025-09-01T18:35:19","isFullCredit":false},{"lineNumber":223,"author":{"gitId":"hyeungac"},"content":"                        if (firstspace \u003d\u003d -1) {","lastModifiedDate":"2025-09-07T10:41:21","isFullCredit":false},{"lineNumber":224,"author":{"gitId":"hyeungac"},"content":"                            throw new StringIndexOutOfBoundsException();","lastModifiedDate":"2025-09-07T10:41:21","isFullCredit":false},{"lineNumber":225,"author":{"gitId":"hyeungac"},"content":"                        }","lastModifiedDate":"2025-09-07T10:41:21","isFullCredit":false},{"lineNumber":226,"author":{"gitId":"hyeungac"},"content":"                        String TaskName \u003d parts[0].substring(firstspace + 1);","lastModifiedDate":"2025-09-01T18:35:19","isFullCredit":false},{"lineNumber":227,"author":{"gitId":"hyeungac"},"content":"","lastModifiedDate":"2025-09-12T21:37:06","isFullCredit":false},{"lineNumber":228,"author":{"gitId":"hyeungac"},"content":"                        addTask(new Event(TaskName, parts[1], parts[2]));","lastModifiedDate":"2025-09-12T11:39:32","isFullCredit":false},{"lineNumber":229,"author":{"gitId":"hyeungac"},"content":"","lastModifiedDate":"2025-09-12T21:37:06","isFullCredit":false},{"lineNumber":230,"author":{"gitId":"hyeungac"},"content":"                        checkAndWrite(list);","lastModifiedDate":"2025-09-12T21:37:06","isFullCredit":false},{"lineNumber":231,"author":{"gitId":"hyeungac"},"content":"","lastModifiedDate":"2025-09-12T21:37:06","isFullCredit":false},{"lineNumber":232,"author":{"gitId":"hyeungac"},"content":"                    }  catch(StringIndexOutOfBoundsException e){","lastModifiedDate":"2025-09-07T10:41:21","isFullCredit":false},{"lineNumber":233,"author":{"gitId":"hyeungac"},"content":"                        System.out.println(\"______________________________________________________________\");","lastModifiedDate":"2025-09-07T10:41:21","isFullCredit":false},{"lineNumber":234,"author":{"gitId":"hyeungac"},"content":"                        System.out.println(\"emmmm, seems like you forgot to enter your event name?\");","lastModifiedDate":"2025-09-07T10:41:21","isFullCredit":false},{"lineNumber":235,"author":{"gitId":"hyeungac"},"content":"                        System.out.println(\"______________________________________________________________\");","lastModifiedDate":"2025-09-07T10:41:21","isFullCredit":false},{"lineNumber":236,"author":{"gitId":"hyeungac"},"content":"                        continue;","lastModifiedDate":"2025-09-07T10:41:21","isFullCredit":false},{"lineNumber":237,"author":{"gitId":"hyeungac"},"content":"                    } catch (ArrayIndexOutOfBoundsException e){","lastModifiedDate":"2025-09-07T10:41:21","isFullCredit":false},{"lineNumber":238,"author":{"gitId":"hyeungac"},"content":"                        System.out.println(\"______________________________________________________________\");","lastModifiedDate":"2025-09-07T10:41:21","isFullCredit":false},{"lineNumber":239,"author":{"gitId":"hyeungac"},"content":"                        System.out.println(\"emmmm, seems like you forgot to enter your event time?\");","lastModifiedDate":"2025-09-07T10:41:21","isFullCredit":false},{"lineNumber":240,"author":{"gitId":"hyeungac"},"content":"                        System.out.println(\"______________________________________________________________\");","lastModifiedDate":"2025-09-07T10:41:21","isFullCredit":false},{"lineNumber":241,"author":{"gitId":"hyeungac"},"content":"                        continue;","lastModifiedDate":"2025-09-07T10:41:21","isFullCredit":false},{"lineNumber":242,"author":{"gitId":"hyeungac"},"content":"                    }","lastModifiedDate":"2025-09-07T10:41:21","isFullCredit":false},{"lineNumber":243,"author":{"gitId":"hyeungac"},"content":"                } else if (line.contains(\"delete\")){","lastModifiedDate":"2025-09-12T11:39:32","isFullCredit":false},{"lineNumber":244,"author":{"gitId":"hyeungac"},"content":"                    try {","lastModifiedDate":"2025-09-12T11:39:32","isFullCredit":false},{"lineNumber":245,"author":{"gitId":"hyeungac"},"content":"                        String index \u003d line.substring(line.indexOf(\" \")+1);","lastModifiedDate":"2025-09-12T11:39:32","isFullCredit":false},{"lineNumber":246,"author":{"gitId":"hyeungac"},"content":"                        int ind \u003d  Integer.parseInt(index);","lastModifiedDate":"2025-09-12T11:39:32","isFullCredit":false},{"lineNumber":247,"author":{"gitId":"hyeungac"},"content":"                        ind--;","lastModifiedDate":"2025-09-12T11:39:32","isFullCredit":false},{"lineNumber":248,"author":{"gitId":"hyeungac"},"content":"                        System.out.println(\"____________________________________________________________\\n\" +","lastModifiedDate":"2025-09-12T11:39:32","isFullCredit":false},{"lineNumber":249,"author":{"gitId":"hyeungac"},"content":"                                \"well! ive deleted: \");","lastModifiedDate":"2025-09-12T11:39:32","isFullCredit":false},{"lineNumber":250,"author":{"gitId":"hyeungac"},"content":"                        getTask(ind).printinfo();","lastModifiedDate":"2025-09-12T11:39:32","isFullCredit":false},{"lineNumber":251,"author":{"gitId":"hyeungac"},"content":"                        System.out.print(","lastModifiedDate":"2025-09-12T11:39:32","isFullCredit":false},{"lineNumber":252,"author":{"gitId":"hyeungac"},"content":"                                \"____________________________________________________________\\n\");","lastModifiedDate":"2025-09-12T11:39:32","isFullCredit":false},{"lineNumber":253,"author":{"gitId":"hyeungac"},"content":"                        removeTask(ind);","lastModifiedDate":"2025-09-12T11:39:32","isFullCredit":false},{"lineNumber":254,"author":{"gitId":"hyeungac"},"content":"                        continue;","lastModifiedDate":"2025-09-12T11:39:32","isFullCredit":false},{"lineNumber":255,"author":{"gitId":"hyeungac"},"content":"                    } catch(StringIndexOutOfBoundsException e){","lastModifiedDate":"2025-09-12T11:39:32","isFullCredit":false},{"lineNumber":256,"author":{"gitId":"hyeungac"},"content":"                        System.out.println(\"______________________________________________________________\");","lastModifiedDate":"2025-09-12T11:39:32","isFullCredit":false},{"lineNumber":257,"author":{"gitId":"hyeungac"},"content":"                        System.out.println(\"emmmm, seems like you forgot to enter something?\");","lastModifiedDate":"2025-09-12T11:39:32","isFullCredit":false},{"lineNumber":258,"author":{"gitId":"hyeungac"},"content":"                        System.out.println(\"______________________________________________________________\");","lastModifiedDate":"2025-09-12T11:39:32","isFullCredit":false},{"lineNumber":259,"author":{"gitId":"hyeungac"},"content":"                        continue;","lastModifiedDate":"2025-09-12T11:39:32","isFullCredit":false},{"lineNumber":260,"author":{"gitId":"hyeungac"},"content":"                    } catch(NullPointerException e){","lastModifiedDate":"2025-09-12T11:39:32","isFullCredit":false},{"lineNumber":261,"author":{"gitId":"hyeungac"},"content":"                        System.out.println(\"______________________________________________________________\");","lastModifiedDate":"2025-09-12T11:39:32","isFullCredit":false},{"lineNumber":262,"author":{"gitId":"hyeungac"},"content":"                        System.out.println(\"emmm, does this task exist?\");","lastModifiedDate":"2025-09-12T11:39:32","isFullCredit":false},{"lineNumber":263,"author":{"gitId":"hyeungac"},"content":"                        System.out.println(\"______________________________________________________________\");","lastModifiedDate":"2025-09-12T11:39:32","isFullCredit":false},{"lineNumber":264,"author":{"gitId":"hyeungac"},"content":"                        continue;","lastModifiedDate":"2025-09-12T11:39:32","isFullCredit":false},{"lineNumber":265,"author":{"gitId":"hyeungac"},"content":"                    } catch(NumberFormatException e){","lastModifiedDate":"2025-09-12T11:39:32","isFullCredit":false},{"lineNumber":266,"author":{"gitId":"hyeungac"},"content":"                        System.out.println(\"______________________________________________________________\");","lastModifiedDate":"2025-09-12T11:39:32","isFullCredit":false},{"lineNumber":267,"author":{"gitId":"hyeungac"},"content":"                        System.out.println(\"emmmm, seems like you didn\u0027t enter a number?\");","lastModifiedDate":"2025-09-12T11:39:32","isFullCredit":false},{"lineNumber":268,"author":{"gitId":"hyeungac"},"content":"                        System.out.println(\"______________________________________________________________\");","lastModifiedDate":"2025-09-12T11:39:32","isFullCredit":false},{"lineNumber":269,"author":{"gitId":"hyeungac"},"content":"                        continue;","lastModifiedDate":"2025-09-12T11:39:32","isFullCredit":false},{"lineNumber":270,"author":{"gitId":"hyeungac"},"content":"                    }","lastModifiedDate":"2025-09-12T11:39:32","isFullCredit":false},{"lineNumber":271,"author":{"gitId":"hyeungac"},"content":"                } else{","lastModifiedDate":"2025-09-07T10:41:21","isFullCredit":false},{"lineNumber":272,"author":{"gitId":"hyeungac"},"content":"                    System.out.println(\"______________________________________________________________\");","lastModifiedDate":"2025-09-07T10:41:21","isFullCredit":false},{"lineNumber":273,"author":{"gitId":"hyeungac"},"content":"                    System.out.println(\"sorry, gordon is too dumb to understand you command :((\");","lastModifiedDate":"2025-09-07T10:41:21","isFullCredit":false},{"lineNumber":274,"author":{"gitId":"hyeungac"},"content":"                    System.out.println(\"______________________________________________________________\");","lastModifiedDate":"2025-09-07T10:41:21","isFullCredit":false},{"lineNumber":275,"author":{"gitId":"hyeungac"},"content":"                    continue;","lastModifiedDate":"2025-09-07T10:41:21","isFullCredit":false},{"lineNumber":276,"author":{"gitId":"hyeungac"},"content":"                }","lastModifiedDate":"2025-09-01T18:35:19","isFullCredit":false},{"lineNumber":277,"author":{"gitId":"hyeungac"},"content":"                System.out.println(\"____________________________________________________________\\n\" +","lastModifiedDate":"2025-08-25T19:34:18","isFullCredit":false},{"lineNumber":278,"author":{"gitId":"hyeungac"},"content":"                        \"well! ive added: \");","lastModifiedDate":"2025-09-01T18:35:19","isFullCredit":false},{"lineNumber":279,"author":{"gitId":"hyeungac"},"content":"","lastModifiedDate":"2025-09-12T21:37:06","isFullCredit":false},{"lineNumber":280,"author":{"gitId":"hyeungac"},"content":"                printlastTask();","lastModifiedDate":"2025-09-12T11:39:32","isFullCredit":false},{"lineNumber":281,"author":{"gitId":"hyeungac"},"content":"                System.out.print(","lastModifiedDate":"2025-09-12T11:39:32","isFullCredit":false},{"lineNumber":282,"author":{"gitId":"hyeungac"},"content":"                        \"____________________________________________________________\\n\");","lastModifiedDate":"2025-08-25T19:34:18","isFullCredit":false},{"lineNumber":283,"author":{"gitId":"hyeungac"},"content":"","lastModifiedDate":"2025-09-01T18:35:19","isFullCredit":false},{"lineNumber":284,"author":{"gitId":"hyeungac"},"content":"","lastModifiedDate":"2025-09-01T18:35:19","isFullCredit":false},{"lineNumber":285,"author":{"gitId":"hyeungac"},"content":"            }","lastModifiedDate":"2025-08-25T19:34:18","isFullCredit":false},{"lineNumber":286,"author":{"gitId":"hyeungac"},"content":"        }","lastModifiedDate":"2025-08-25T19:34:18","isFullCredit":false},{"lineNumber":287,"author":{"gitId":"hyeungac"},"content":"","lastModifiedDate":"2025-08-25T19:34:18","isFullCredit":false},{"lineNumber":288,"author":{"gitId":"-"},"content":"    }","lastModifiedDate":"2019-07-29T17:14:46","isFullCredit":false},{"lineNumber":289,"author":{"gitId":"-"},"content":"}","lastModifiedDate":"2019-07-29T17:14:46","isFullCredit":false}],"authorContributionMap":{"hyeungac":279,"-":10}},{"path":"src/main/java/duke/task/Deadline.java","fileType":"java","lines":[{"lineNumber":1,"author":{"gitId":"hyeungac"},"content":"package duke.task;","lastModifiedDate":"2025-09-07T11:12:57","isFullCredit":false},{"lineNumber":2,"author":{"gitId":"hyeungac"},"content":"","lastModifiedDate":"2025-09-07T11:12:57","isFullCredit":false},{"lineNumber":3,"author":{"gitId":"hyeungac"},"content":"public class Deadline extends Task{","lastModifiedDate":"2025-09-01T18:35:19","isFullCredit":false},{"lineNumber":4,"author":{"gitId":"hyeungac"},"content":"    private String by;","lastModifiedDate":"2025-09-01T18:35:19","isFullCredit":false},{"lineNumber":5,"author":{"gitId":"hyeungac"},"content":"    public Deadline(String name, String by){","lastModifiedDate":"2025-09-01T18:35:19","isFullCredit":false},{"lineNumber":6,"author":{"gitId":"hyeungac"},"content":"        super(name);","lastModifiedDate":"2025-09-01T18:35:19","isFullCredit":false},{"lineNumber":7,"author":{"gitId":"hyeungac"},"content":"        this.by \u003d by;","lastModifiedDate":"2025-09-01T18:35:19","isFullCredit":false},{"lineNumber":8,"author":{"gitId":"hyeungac"},"content":"    }","lastModifiedDate":"2025-09-01T18:35:19","isFullCredit":false},{"lineNumber":9,"author":{"gitId":"hyeungac"},"content":"    public String getBy() {","lastModifiedDate":"2025-09-01T18:35:19","isFullCredit":false},{"lineNumber":10,"author":{"gitId":"hyeungac"},"content":"        return by;","lastModifiedDate":"2025-09-01T18:35:19","isFullCredit":false},{"lineNumber":11,"author":{"gitId":"hyeungac"},"content":"    }","lastModifiedDate":"2025-09-01T18:35:19","isFullCredit":false},{"lineNumber":12,"author":{"gitId":"hyeungac"},"content":"","lastModifiedDate":"2025-09-01T18:35:19","isFullCredit":false},{"lineNumber":13,"author":{"gitId":"hyeungac"},"content":"    @Override","lastModifiedDate":"2025-09-01T18:35:19","isFullCredit":false},{"lineNumber":14,"author":{"gitId":"hyeungac"},"content":"    public void printinfo() {","lastModifiedDate":"2025-09-01T18:35:19","isFullCredit":false},{"lineNumber":15,"author":{"gitId":"hyeungac"},"content":"        System.out.print(\"[D]\");","lastModifiedDate":"2025-09-01T18:35:19","isFullCredit":false},{"lineNumber":16,"author":{"gitId":"hyeungac"},"content":"        super.printinfo();","lastModifiedDate":"2025-09-01T18:35:19","isFullCredit":false},{"lineNumber":17,"author":{"gitId":"hyeungac"},"content":"        System.out.println(\" by: \" + this.by);","lastModifiedDate":"2025-09-01T18:35:19","isFullCredit":false},{"lineNumber":18,"author":{"gitId":"hyeungac"},"content":"    }","lastModifiedDate":"2025-09-01T18:35:19","isFullCredit":false},{"lineNumber":19,"author":{"gitId":"hyeungac"},"content":"    @Override","lastModifiedDate":"2025-09-12T20:16:14","isFullCredit":false},{"lineNumber":20,"author":{"gitId":"hyeungac"},"content":"    public String toString(){","lastModifiedDate":"2025-09-12T20:16:14","isFullCredit":false},{"lineNumber":21,"author":{"gitId":"hyeungac"},"content":"        return (\"D| \" + isDone()+ \" | \" + getName() + \" | \" + by);","lastModifiedDate":"2025-09-12T20:16:14","isFullCredit":false},{"lineNumber":22,"author":{"gitId":"hyeungac"},"content":"    }","lastModifiedDate":"2025-09-12T20:16:14","isFullCredit":false},{"lineNumber":23,"author":{"gitId":"hyeungac"},"content":"}","lastModifiedDate":"2025-09-01T18:35:19","isFullCredit":false}],"authorContributionMap":{"hyeungac":23}},{"path":"src/main/java/duke/task/Event.java","fileType":"java","lines":[{"lineNumber":1,"author":{"gitId":"hyeungac"},"content":"package duke.task;","lastModifiedDate":"2025-09-07T11:12:57","isFullCredit":false},{"lineNumber":2,"author":{"gitId":"hyeungac"},"content":"","lastModifiedDate":"2025-09-07T11:12:57","isFullCredit":false},{"lineNumber":3,"author":{"gitId":"hyeungac"},"content":"public class Event extends Task{","lastModifiedDate":"2025-09-01T18:35:19","isFullCredit":false},{"lineNumber":4,"author":{"gitId":"hyeungac"},"content":"    private String from;","lastModifiedDate":"2025-09-01T18:35:19","isFullCredit":false},{"lineNumber":5,"author":{"gitId":"hyeungac"},"content":"    private String to;","lastModifiedDate":"2025-09-01T18:35:19","isFullCredit":false},{"lineNumber":6,"author":{"gitId":"hyeungac"},"content":"    public Event(String name, String from, String to){","lastModifiedDate":"2025-09-01T18:35:19","isFullCredit":false},{"lineNumber":7,"author":{"gitId":"hyeungac"},"content":"        super(name);","lastModifiedDate":"2025-09-01T18:35:19","isFullCredit":false},{"lineNumber":8,"author":{"gitId":"hyeungac"},"content":"        this.from \u003d from;","lastModifiedDate":"2025-09-01T18:35:19","isFullCredit":false},{"lineNumber":9,"author":{"gitId":"hyeungac"},"content":"        this.to \u003d to;","lastModifiedDate":"2025-09-01T18:35:19","isFullCredit":false},{"lineNumber":10,"author":{"gitId":"hyeungac"},"content":"    }","lastModifiedDate":"2025-09-01T18:35:19","isFullCredit":false},{"lineNumber":11,"author":{"gitId":"hyeungac"},"content":"    public String getFrom() {","lastModifiedDate":"2025-09-01T18:35:19","isFullCredit":false},{"lineNumber":12,"author":{"gitId":"hyeungac"},"content":"        return from;","lastModifiedDate":"2025-09-01T18:35:19","isFullCredit":false},{"lineNumber":13,"author":{"gitId":"hyeungac"},"content":"    }","lastModifiedDate":"2025-09-01T18:35:19","isFullCredit":false},{"lineNumber":14,"author":{"gitId":"hyeungac"},"content":"    public String getTo() {","lastModifiedDate":"2025-09-01T18:35:19","isFullCredit":false},{"lineNumber":15,"author":{"gitId":"hyeungac"},"content":"        return to;","lastModifiedDate":"2025-09-01T18:35:19","isFullCredit":false},{"lineNumber":16,"author":{"gitId":"hyeungac"},"content":"    }","lastModifiedDate":"2025-09-01T18:35:19","isFullCredit":false},{"lineNumber":17,"author":{"gitId":"hyeungac"},"content":"","lastModifiedDate":"2025-09-01T18:35:19","isFullCredit":false},{"lineNumber":18,"author":{"gitId":"hyeungac"},"content":"    @Override","lastModifiedDate":"2025-09-01T18:35:19","isFullCredit":false},{"lineNumber":19,"author":{"gitId":"hyeungac"},"content":"    public void printinfo() {","lastModifiedDate":"2025-09-01T18:35:19","isFullCredit":false},{"lineNumber":20,"author":{"gitId":"hyeungac"},"content":"        System.out.print(\"[E]\");","lastModifiedDate":"2025-09-01T18:35:19","isFullCredit":false},{"lineNumber":21,"author":{"gitId":"hyeungac"},"content":"        super.printinfo();","lastModifiedDate":"2025-09-01T18:35:19","isFullCredit":false},{"lineNumber":22,"author":{"gitId":"hyeungac"},"content":"        System.out.println(\"(from: \" + this.from + \"to: \" + this.to + \")\");","lastModifiedDate":"2025-09-01T18:35:19","isFullCredit":false},{"lineNumber":23,"author":{"gitId":"hyeungac"},"content":"    }","lastModifiedDate":"2025-09-01T18:35:19","isFullCredit":false},{"lineNumber":24,"author":{"gitId":"hyeungac"},"content":"    @Override","lastModifiedDate":"2025-09-12T20:16:14","isFullCredit":false},{"lineNumber":25,"author":{"gitId":"hyeungac"},"content":"    public String toString(){","lastModifiedDate":"2025-09-12T20:16:14","isFullCredit":false},{"lineNumber":26,"author":{"gitId":"hyeungac"},"content":"        return (\"E| \" + isDone() + \" | \" + getName() + \" | \" + from + \" | \" + to);","lastModifiedDate":"2025-09-12T20:16:14","isFullCredit":false},{"lineNumber":27,"author":{"gitId":"hyeungac"},"content":"","lastModifiedDate":"2025-09-12T20:16:14","isFullCredit":false},{"lineNumber":28,"author":{"gitId":"hyeungac"},"content":"    }","lastModifiedDate":"2025-09-12T20:16:14","isFullCredit":false},{"lineNumber":29,"author":{"gitId":"hyeungac"},"content":"}","lastModifiedDate":"2025-09-01T18:35:19","isFullCredit":false}],"authorContributionMap":{"hyeungac":29}},{"path":"src/main/java/duke/task/Task.java","fileType":"java","lines":[{"lineNumber":1,"author":{"gitId":"hyeungac"},"content":"package duke.task;","lastModifiedDate":"2025-09-07T11:12:57","isFullCredit":false},{"lineNumber":2,"author":{"gitId":"hyeungac"},"content":"","lastModifiedDate":"2025-09-07T11:12:57","isFullCredit":false},{"lineNumber":3,"author":{"gitId":"hyeungac"},"content":"public class Task {","lastModifiedDate":"2025-08-25T20:20:42","isFullCredit":false},{"lineNumber":4,"author":{"gitId":"hyeungac"},"content":"    private String name;","lastModifiedDate":"2025-08-25T20:20:42","isFullCredit":false},{"lineNumber":5,"author":{"gitId":"hyeungac"},"content":"    private boolean done;","lastModifiedDate":"2025-08-25T20:20:42","isFullCredit":false},{"lineNumber":6,"author":{"gitId":"hyeungac"},"content":"    public Task(String name) {","lastModifiedDate":"2025-08-25T20:20:42","isFullCredit":false},{"lineNumber":7,"author":{"gitId":"hyeungac"},"content":"        this.name \u003d name;","lastModifiedDate":"2025-08-25T20:20:42","isFullCredit":false},{"lineNumber":8,"author":{"gitId":"hyeungac"},"content":"        done \u003d false;","lastModifiedDate":"2025-08-25T20:20:42","isFullCredit":false},{"lineNumber":9,"author":{"gitId":"hyeungac"},"content":"    }","lastModifiedDate":"2025-08-25T20:20:42","isFullCredit":false},{"lineNumber":10,"author":{"gitId":"hyeungac"},"content":"    public String getName() {","lastModifiedDate":"2025-08-25T20:20:42","isFullCredit":false},{"lineNumber":11,"author":{"gitId":"hyeungac"},"content":"        return name;","lastModifiedDate":"2025-08-25T20:20:42","isFullCredit":false},{"lineNumber":12,"author":{"gitId":"hyeungac"},"content":"    }","lastModifiedDate":"2025-08-25T20:20:42","isFullCredit":false},{"lineNumber":13,"author":{"gitId":"hyeungac"},"content":"    public void setName(String name) {","lastModifiedDate":"2025-08-25T20:20:42","isFullCredit":false},{"lineNumber":14,"author":{"gitId":"hyeungac"},"content":"        this.name \u003d name;","lastModifiedDate":"2025-08-25T20:20:42","isFullCredit":false},{"lineNumber":15,"author":{"gitId":"hyeungac"},"content":"    }","lastModifiedDate":"2025-08-25T20:20:42","isFullCredit":false},{"lineNumber":16,"author":{"gitId":"hyeungac"},"content":"    public boolean isDone() {","lastModifiedDate":"2025-08-25T20:20:42","isFullCredit":false},{"lineNumber":17,"author":{"gitId":"hyeungac"},"content":"        return done;","lastModifiedDate":"2025-08-25T20:20:42","isFullCredit":false},{"lineNumber":18,"author":{"gitId":"hyeungac"},"content":"    }","lastModifiedDate":"2025-08-25T20:20:42","isFullCredit":false},{"lineNumber":19,"author":{"gitId":"hyeungac"},"content":"    public void setDone(boolean done) {","lastModifiedDate":"2025-08-25T20:20:42","isFullCredit":false},{"lineNumber":20,"author":{"gitId":"hyeungac"},"content":"        this.done \u003d done;","lastModifiedDate":"2025-08-25T20:20:42","isFullCredit":false},{"lineNumber":21,"author":{"gitId":"hyeungac"},"content":"    }","lastModifiedDate":"2025-08-25T20:20:42","isFullCredit":false},{"lineNumber":22,"author":{"gitId":"hyeungac"},"content":"    public void printinfo(){","lastModifiedDate":"2025-08-25T20:20:42","isFullCredit":false},{"lineNumber":23,"author":{"gitId":"hyeungac"},"content":"        System.out.print(\"[\" );","lastModifiedDate":"2025-08-25T20:20:42","isFullCredit":false},{"lineNumber":24,"author":{"gitId":"hyeungac"},"content":"        if (this.done){","lastModifiedDate":"2025-08-25T20:20:42","isFullCredit":false},{"lineNumber":25,"author":{"gitId":"hyeungac"},"content":"            System.out.print(\"X\");","lastModifiedDate":"2025-08-25T20:20:42","isFullCredit":false},{"lineNumber":26,"author":{"gitId":"hyeungac"},"content":"        }","lastModifiedDate":"2025-08-25T20:20:42","isFullCredit":false},{"lineNumber":27,"author":{"gitId":"hyeungac"},"content":"        else{","lastModifiedDate":"2025-08-25T20:20:42","isFullCredit":false},{"lineNumber":28,"author":{"gitId":"hyeungac"},"content":"            System.out.print(\" \");","lastModifiedDate":"2025-08-25T20:20:42","isFullCredit":false},{"lineNumber":29,"author":{"gitId":"hyeungac"},"content":"        }","lastModifiedDate":"2025-08-25T20:20:42","isFullCredit":false},{"lineNumber":30,"author":{"gitId":"hyeungac"},"content":"        System.out.print(\"] \" + this.name);","lastModifiedDate":"2025-09-01T18:35:19","isFullCredit":false},{"lineNumber":31,"author":{"gitId":"hyeungac"},"content":"    }","lastModifiedDate":"2025-08-25T20:20:42","isFullCredit":false},{"lineNumber":32,"author":{"gitId":"hyeungac"},"content":"    public String toString(){","lastModifiedDate":"2025-09-12T20:16:14","isFullCredit":false},{"lineNumber":33,"author":{"gitId":"hyeungac"},"content":"        return this.name;","lastModifiedDate":"2025-09-12T20:16:14","isFullCredit":false},{"lineNumber":34,"author":{"gitId":"hyeungac"},"content":"    }","lastModifiedDate":"2025-09-12T20:16:14","isFullCredit":false},{"lineNumber":35,"author":{"gitId":"hyeungac"},"content":"}","lastModifiedDate":"2025-08-25T20:20:42","isFullCredit":false}],"authorContributionMap":{"hyeungac":35}},{"path":"src/main/java/duke/task/Todo.java","fileType":"java","lines":[{"lineNumber":1,"author":{"gitId":"hyeungac"},"content":"package duke.task;","lastModifiedDate":"2025-09-07T11:12:57","isFullCredit":false},{"lineNumber":2,"author":{"gitId":"hyeungac"},"content":"","lastModifiedDate":"2025-09-07T11:12:57","isFullCredit":false},{"lineNumber":3,"author":{"gitId":"hyeungac"},"content":"public class Todo extends Task{","lastModifiedDate":"2025-09-01T18:35:19","isFullCredit":false},{"lineNumber":4,"author":{"gitId":"hyeungac"},"content":"    public Todo(String name){","lastModifiedDate":"2025-09-01T18:35:19","isFullCredit":false},{"lineNumber":5,"author":{"gitId":"hyeungac"},"content":"        super(name);","lastModifiedDate":"2025-09-01T18:35:19","isFullCredit":false},{"lineNumber":6,"author":{"gitId":"hyeungac"},"content":"    }","lastModifiedDate":"2025-09-01T18:35:19","isFullCredit":false},{"lineNumber":7,"author":{"gitId":"hyeungac"},"content":"","lastModifiedDate":"2025-09-01T18:35:19","isFullCredit":false},{"lineNumber":8,"author":{"gitId":"hyeungac"},"content":"    @Override","lastModifiedDate":"2025-09-01T18:35:19","isFullCredit":false},{"lineNumber":9,"author":{"gitId":"hyeungac"},"content":"    public void printinfo() {","lastModifiedDate":"2025-09-01T18:35:19","isFullCredit":false},{"lineNumber":10,"author":{"gitId":"hyeungac"},"content":"        System.out.print(\"[T]\");","lastModifiedDate":"2025-09-01T18:35:19","isFullCredit":false},{"lineNumber":11,"author":{"gitId":"hyeungac"},"content":"        super.printinfo();","lastModifiedDate":"2025-09-01T18:35:19","isFullCredit":false},{"lineNumber":12,"author":{"gitId":"hyeungac"},"content":"        System.out.println();","lastModifiedDate":"2025-09-01T18:35:19","isFullCredit":false},{"lineNumber":13,"author":{"gitId":"hyeungac"},"content":"    }","lastModifiedDate":"2025-09-01T18:35:19","isFullCredit":false},{"lineNumber":14,"author":{"gitId":"hyeungac"},"content":"","lastModifiedDate":"2025-09-12T20:16:14","isFullCredit":false},{"lineNumber":15,"author":{"gitId":"hyeungac"},"content":"    @Override","lastModifiedDate":"2025-09-12T20:16:14","isFullCredit":false},{"lineNumber":16,"author":{"gitId":"hyeungac"},"content":"    public String toString(){","lastModifiedDate":"2025-09-12T20:16:14","isFullCredit":false},{"lineNumber":17,"author":{"gitId":"hyeungac"},"content":"        return (\"T| \" + isDone() +\" | \"+ getName());","lastModifiedDate":"2025-09-12T20:16:14","isFullCredit":false},{"lineNumber":18,"author":{"gitId":"hyeungac"},"content":"    }","lastModifiedDate":"2025-09-12T20:16:14","isFullCredit":false},{"lineNumber":19,"author":{"gitId":"hyeungac"},"content":"}","lastModifiedDate":"2025-09-01T18:35:19","isFullCredit":false}],"authorContributionMap":{"hyeungac":19}}]
