{"authorDailyContributionsMap":{"hyeungac":[{"date":"2025-08-24T00:00:00","commitResults":[{"hash":"a4e4e53cb179f47f410bd6867893d3da4b3322e7","isMergeCommit":false,"messageTitle":"Add Level-0 increment: Greeting and exit","messageBody":"","fileTypesAndContributionMap":{"java":{"insertions":6,"deletions":0}}}]},{"date":"2025-08-25T00:00:00","commitResults":[{"hash":"af9059faf25a3a2702137773ae669510b6794edd","isMergeCommit":false,"messageTitle":"level-1","messageBody":"","fileTypesAndContributionMap":{"java":{"insertions":20,"deletions":2}}},{"hash":"32cf96b2fe7fd88aa32a6198403af6d33169fba2","isMergeCommit":false,"messageTitle":"level-2","messageBody":"","fileTypesAndContributionMap":{"java":{"insertions":17,"deletions":1}}},{"hash":"273433a31af811c5238edda6daf1ba09e944a132","isMergeCommit":false,"messageTitle":"level-3","messageBody":"","fileTypesAndContributionMap":{"java":{"insertions":58,"deletions":5}}}]},{"date":"2025-09-01T00:00:00","commitResults":[{"hash":"863a7b2a256a214a3ecb34c25deb3da337bea47b","isMergeCommit":false,"messageTitle":"increment 4","messageBody":"","fileTypesAndContributionMap":{"java":{"insertions":73,"deletions":3}}}]},{"date":"2025-09-07T00:00:00","commitResults":[{"hash":"478b6d3fec28d2712e205b6150866726405d1eb3","isMergeCommit":false,"messageTitle":"add increment 4, handling errors","messageBody":"","fileTypesAndContributionMap":{"java":{"insertions":109,"deletions":40}}},{"hash":"2d617333f0465c1c29a47cfca9a4aa425bcc0cf6","isMergeCommit":false,"messageTitle":"adding packages","messageBody":"","fileTypesAndContributionMap":{"java":{"insertions":15,"deletions":0}}}]},{"date":"2025-09-12T00:00:00","commitResults":[{"hash":"7b3569af4f768c673f408e09d7a06d32504cdb0a","isMergeCommit":false,"messageTitle":"level 6 arrayList added","messageBody":"","fileTypesAndContributionMap":{"java":{"insertions":73,"deletions":20}}},{"hash":"871845043edb61c07051f56613c518a51a2a4c16","isMergeCommit":false,"messageTitle":"level-7 done with writting files","messageBody":"","fileTypesAndContributionMap":{"txt":{"insertions":3,"deletions":0},"java":{"insertions":73,"deletions":2}}},{"hash":"5ad9654363f925d9de984e97c31330aa3ecebf7a","isMergeCommit":true,"messageTitle":"Merge branch \u0027branch-Level-7\u0027","messageBody":"# Conflicts:\n#\tsrc/main/java/duke/Duke.java\n","tags":["merging"],"fileTypesAndContributionMap":{}}]},{"date":"2025-09-13T00:00:00","commitResults":[{"hash":"9e68a474243b23e981a110b9a2df953a6b21fb2c","isMergeCommit":false,"messageTitle":"minor fix on outputs","messageBody":"","fileTypesAndContributionMap":{"txt":{"insertions":2,"deletions":3},"java":{"insertions":4,"deletions":6}}}]},{"date":"2025-09-19T00:00:00","commitResults":[{"hash":"92e375812ef09a743e683bd0f5d4de436105f4aa","isMergeCommit":false,"messageTitle":"modify the delete function, fix out of bound error, search if txt file exist before running the program","messageBody":"","fileTypesAndContributionMap":{"txt":{"insertions":1,"deletions":2},"java":{"insertions":69,"deletions":13}}}]},{"date":"2025-09-25T00:00:00","commitResults":[{"hash":"966778cee1784665c699afe36b0856bccadab82b","isMergeCommit":false,"messageTitle":"increment-more-oop","messageBody":"","fileTypesAndContributionMap":{"txt":{"insertions":8,"deletions":0},"java":{"insertions":540,"deletions":20}}},{"hash":"b65c946cb5076fed37007b5c0ecd74c1f4497be2","isMergeCommit":false,"messageTitle":"increment lv-9 Find \u0026 bugs fixed","messageBody":"","fileTypesAndContributionMap":{"txt":{"insertions":8,"deletions":8},"java":{"insertions":13,"deletions":8}}},{"hash":"4377e5c86bde10abccd876e02bbfc189201656d8","isMergeCommit":false,"messageTitle":"A-JavaDoc","messageBody":"","fileTypesAndContributionMap":{"java":{"insertions":120,"deletions":330}}}]}]},"authorFileTypeContributionMap":{"hyeungac":{"java":764,"md":0,"fxml":0,"sh":0,"bat":0,"gradle":0,"txt":9}},"authorContributionVariance":{"hyeungac":23179.09},"authorDisplayNameMap":{"hyeungac":"CS2113-W14-1 YEUN..G HO"}}
