[{"path":"src/main/java/Chara.java","fileType":"java","lines":[{"lineNumber":1,"author":{"gitId":"sanjay-shiva-kumar"},"content":"import java.util.Scanner;","lastModifiedDate":"2025-08-27T12:51:37","isFullCredit":false},{"lineNumber":2,"author":{"gitId":"sanjay-shiva-kumar"},"content":"","lastModifiedDate":"2025-08-27T12:51:37","isFullCredit":false},{"lineNumber":3,"author":{"gitId":"sanjay-shiva-kumar"},"content":"public class Chara {","lastModifiedDate":"2025-08-22T00:05:38","isFullCredit":false},{"lineNumber":4,"author":{"gitId":"sanjay-shiva-kumar"},"content":"    public static long lineLen \u003d 80;","lastModifiedDate":"2025-08-27T23:23:56","isFullCredit":false},{"lineNumber":5,"author":{"gitId":"sanjay-shiva-kumar"},"content":"","lastModifiedDate":"2025-08-27T12:51:37","isFullCredit":false},{"lineNumber":6,"author":{"gitId":"sanjay-shiva-kumar"},"content":"    /**","lastModifiedDate":"2025-09-02T23:21:36","isFullCredit":false},{"lineNumber":7,"author":{"gitId":"sanjay-shiva-kumar"},"content":"     * Prints a horizontal line of underscores with the given length.","lastModifiedDate":"2025-09-02T23:21:36","isFullCredit":false},{"lineNumber":8,"author":{"gitId":"sanjay-shiva-kumar"},"content":"     *","lastModifiedDate":"2025-09-02T23:21:36","isFullCredit":false},{"lineNumber":9,"author":{"gitId":"sanjay-shiva-kumar"},"content":"     * @param length number of underscores to print","lastModifiedDate":"2025-09-02T23:21:36","isFullCredit":false},{"lineNumber":10,"author":{"gitId":"sanjay-shiva-kumar"},"content":"     */","lastModifiedDate":"2025-09-02T23:21:36","isFullCredit":false},{"lineNumber":11,"author":{"gitId":"sanjay-shiva-kumar"},"content":"    public static void printLine(long length) {","lastModifiedDate":"2025-08-22T00:05:38","isFullCredit":false},{"lineNumber":12,"author":{"gitId":"sanjay-shiva-kumar"},"content":"        for (long i \u003d 0; i \u003c length; i +\u003d 1) {","lastModifiedDate":"2025-08-22T00:05:38","isFullCredit":false},{"lineNumber":13,"author":{"gitId":"sanjay-shiva-kumar"},"content":"            System.out.print(\u0027_\u0027);","lastModifiedDate":"2025-08-22T00:05:38","isFullCredit":false},{"lineNumber":14,"author":{"gitId":"sanjay-shiva-kumar"},"content":"        }","lastModifiedDate":"2025-08-22T00:05:38","isFullCredit":false},{"lineNumber":15,"author":{"gitId":"sanjay-shiva-kumar"},"content":"        System.out.println();","lastModifiedDate":"2025-08-22T00:05:38","isFullCredit":false},{"lineNumber":16,"author":{"gitId":"sanjay-shiva-kumar"},"content":"    }","lastModifiedDate":"2025-08-22T00:05:38","isFullCredit":false},{"lineNumber":17,"author":{"gitId":"sanjay-shiva-kumar"},"content":"","lastModifiedDate":"2025-08-22T00:05:38","isFullCredit":false},{"lineNumber":18,"author":{"gitId":"sanjay-shiva-kumar"},"content":"    /**","lastModifiedDate":"2025-09-02T23:21:36","isFullCredit":false},{"lineNumber":19,"author":{"gitId":"sanjay-shiva-kumar"},"content":"     * Prints the introduction message and character greeting at program start.","lastModifiedDate":"2025-09-02T23:21:36","isFullCredit":false},{"lineNumber":20,"author":{"gitId":"sanjay-shiva-kumar"},"content":"     */","lastModifiedDate":"2025-09-02T23:21:36","isFullCredit":false},{"lineNumber":21,"author":{"gitId":"sanjay-shiva-kumar"},"content":"    public static void printIntro() {","lastModifiedDate":"2025-09-02T23:21:36","isFullCredit":false},{"lineNumber":22,"author":{"gitId":"sanjay-shiva-kumar"},"content":"        printLine(lineLen);","lastModifiedDate":"2025-08-27T12:51:37","isFullCredit":false},{"lineNumber":23,"author":{"gitId":"sanjay-shiva-kumar"},"content":"        String logo \u003d \"\"\"","lastModifiedDate":"2025-08-27T12:51:37","isFullCredit":false},{"lineNumber":24,"author":{"gitId":"sanjay-shiva-kumar"},"content":"                  ____ _   _    _    ____   _   \\s","lastModifiedDate":"2025-08-27T12:51:37","isFullCredit":false},{"lineNumber":25,"author":{"gitId":"sanjay-shiva-kumar"},"content":"                 / ___| | | |  / \\\\  |  _ \\\\ / \\\\  \\s","lastModifiedDate":"2025-08-27T12:51:37","isFullCredit":false},{"lineNumber":26,"author":{"gitId":"sanjay-shiva-kumar"},"content":"                | |   | |_| | / _ \\\\ | |_) / _ \\\\ \\s","lastModifiedDate":"2025-08-27T12:51:37","isFullCredit":false},{"lineNumber":27,"author":{"gitId":"sanjay-shiva-kumar"},"content":"                | |___|  _  |/ ___ \\\\|  _ \u003c ___ \\\\\\s","lastModifiedDate":"2025-08-27T12:51:37","isFullCredit":false},{"lineNumber":28,"author":{"gitId":"sanjay-shiva-kumar"},"content":"                 \\\\____|_| |_/_/   \\\\_\\\\_| \\\\_\\\\_/ \\\\_\\\\","lastModifiedDate":"2025-08-27T12:51:37","isFullCredit":false},{"lineNumber":29,"author":{"gitId":"sanjay-shiva-kumar"},"content":"                \"\"\";","lastModifiedDate":"2025-08-27T12:51:37","isFullCredit":false},{"lineNumber":30,"author":{"gitId":"sanjay-shiva-kumar"},"content":"        String charaSprite \u003d \"\"\"","lastModifiedDate":"2025-08-27T23:23:56","isFullCredit":false},{"lineNumber":31,"author":{"gitId":"sanjay-shiva-kumar"},"content":"                ⣿⣿⡿⠛⠉⠉⠉⠉⠉⠉⠉⠛⣿⣿⣿","lastModifiedDate":"2025-08-27T23:23:56","isFullCredit":false},{"lineNumber":32,"author":{"gitId":"sanjay-shiva-kumar"},"content":"                ⣿⡏⠀⠀⠀⠀⠀⠀⠀⠀⠀⠀⠈⠹⣿","lastModifiedDate":"2025-08-27T23:23:56","isFullCredit":false},{"lineNumber":33,"author":{"gitId":"sanjay-shiva-kumar"},"content":"                ⡏⠁⠀⣤⣶⣦⠀⣤⣤⣤⡀⠀⠀⠀⢿","lastModifiedDate":"2025-08-27T23:23:56","isFullCredit":false},{"lineNumber":34,"author":{"gitId":"sanjay-shiva-kumar"},"content":"                ⠁⠀⣶⣿⡇⢸⣿⣿⡇⢸⣿⠀⣀⡆⠀","lastModifiedDate":"2025-08-27T23:23:56","isFullCredit":false},{"lineNumber":35,"author":{"gitId":"sanjay-shiva-kumar"},"content":"                ⠀⠀⣿⣿⣷⡞⢿⠿⠓⣾⣿⡶⠋⠁⠀","lastModifiedDate":"2025-08-27T23:23:56","isFullCredit":false},{"lineNumber":36,"author":{"gitId":"sanjay-shiva-kumar"},"content":"                ⡀⢀⠀⠉⠩⠿⠶⣶⣿⠏⠉⠀⢀⡀⣀","lastModifiedDate":"2025-08-27T23:23:56","isFullCredit":false},{"lineNumber":37,"author":{"gitId":"sanjay-shiva-kumar"},"content":"                ⣧⣼⣦⣤⣤⡤⠐⠿⠿⠠⢤⣤⣸⣧⣿","lastModifiedDate":"2025-08-27T23:23:56","isFullCredit":false},{"lineNumber":38,"author":{"gitId":"sanjay-shiva-kumar"},"content":"                ⣿⣿⠛⣭⠉⡵⠤⡤⠤⡴⣤⠉⡝⢻⣿","lastModifiedDate":"2025-08-27T23:23:56","isFullCredit":false},{"lineNumber":39,"author":{"gitId":"sanjay-shiva-kumar"},"content":"                ⣿⡇⠇⠀⣿⣿⣿⣿⣿⣿⣿⡄⠸⠇⣿","lastModifiedDate":"2025-08-27T23:23:56","isFullCredit":false},{"lineNumber":40,"author":{"gitId":"sanjay-shiva-kumar"},"content":"                ⣿⡇⠒⠀⠁⠈⠀⠁⠈⠀⠀⠁⠐⠂⣿","lastModifiedDate":"2025-08-27T23:23:56","isFullCredit":false},{"lineNumber":41,"author":{"gitId":"sanjay-shiva-kumar"},"content":"                ⣿⣿⣿⠀⠀⠀⢠⣤⠀⠀⠀⠀⢸⣿⣿","lastModifiedDate":"2025-08-27T23:23:56","isFullCredit":false},{"lineNumber":42,"author":{"gitId":"sanjay-shiva-kumar"},"content":"                ⣿⣿⣿⣶⠒⠀⠰⣿⠀⠀⠀⠒⣾⣿⣿\"\"\";","lastModifiedDate":"2025-08-27T23:23:56","isFullCredit":false},{"lineNumber":43,"author":{"gitId":"sanjay-shiva-kumar"},"content":"        System.out.println(logo);","lastModifiedDate":"2025-08-27T23:23:56","isFullCredit":false},{"lineNumber":44,"author":{"gitId":"sanjay-shiva-kumar"},"content":"        System.out.println(charaSprite);","lastModifiedDate":"2025-08-27T23:23:56","isFullCredit":false},{"lineNumber":45,"author":{"gitId":"sanjay-shiva-kumar"},"content":"        System.out.println(\"Chara: Greetings.\");","lastModifiedDate":"2025-08-27T23:23:56","isFullCredit":false},{"lineNumber":46,"author":{"gitId":"sanjay-shiva-kumar"},"content":"        System.out.println(\"Chara: I am Chara! \u003d)\");","lastModifiedDate":"2025-08-27T23:27:03","isFullCredit":false},{"lineNumber":47,"author":{"gitId":"sanjay-shiva-kumar"},"content":"        printLine(lineLen);","lastModifiedDate":"2025-08-22T00:05:38","isFullCredit":false},{"lineNumber":48,"author":{"gitId":"sanjay-shiva-kumar"},"content":"    }","lastModifiedDate":"2025-08-27T12:51:37","isFullCredit":false},{"lineNumber":49,"author":{"gitId":"sanjay-shiva-kumar"},"content":"","lastModifiedDate":"2025-08-28T00:02:11","isFullCredit":false},{"lineNumber":50,"author":{"gitId":"sanjay-shiva-kumar"},"content":"    /**","lastModifiedDate":"2025-09-02T23:21:36","isFullCredit":false},{"lineNumber":51,"author":{"gitId":"sanjay-shiva-kumar"},"content":"     * Prints the outro message and character farewell at program end.","lastModifiedDate":"2025-09-02T23:21:36","isFullCredit":false},{"lineNumber":52,"author":{"gitId":"sanjay-shiva-kumar"},"content":"     */","lastModifiedDate":"2025-09-02T23:21:36","isFullCredit":false},{"lineNumber":53,"author":{"gitId":"sanjay-shiva-kumar"},"content":"    public static void printOutro() {","lastModifiedDate":"2025-09-02T23:21:36","isFullCredit":false},{"lineNumber":54,"author":{"gitId":"sanjay-shiva-kumar"},"content":"        System.out.println(\"Chara: Let us erase this chat, and move on to the next \u003d)\");","lastModifiedDate":"2025-09-02T23:21:36","isFullCredit":false},{"lineNumber":55,"author":{"gitId":"sanjay-shiva-kumar"},"content":"        String dogSprite \u003d \"\"\"","lastModifiedDate":"2025-09-02T23:21:36","isFullCredit":false},{"lineNumber":56,"author":{"gitId":"sanjay-shiva-kumar"},"content":"                ⠀⠀⠀⠀⠀⠀⠀⠀⠀⠀⠀⠀⠀⠀⠀⠀⠀⠀⠀⠀⠀⠀⠀⠀⠀⠀⠀⠀⠀⠀⠀⠀⠀⠀⠀⠀⠀⠀⠀⠀⠀⠀⠀⠀⠀⠀⠀⠀⠀⠀⠀⠀⠀⠀⠀⠀⠀⠀⠀⠀⠀⠀⠀⠀⠀","lastModifiedDate":"2025-09-02T23:21:36","isFullCredit":false},{"lineNumber":57,"author":{"gitId":"sanjay-shiva-kumar"},"content":"                ⠀⠀⠀⠀⠀⠀⠀⠀⠀⠀⠀⠀⠀⢸⣿⡇⠀⠀⢸⣿⣿⣿⣿⣿⣿⣿⣿⣿⣏⠀⠀⢸⣿⣿⠀⠀⠀⠀⠀⠀⠀⠀⠀⠀⠀⠀⠀⠀⠀⠀⠀⠀⠀⠀⠀⠀⠀⠀⠀⠀⠀⠀⠀⠀⠀","lastModifiedDate":"2025-09-02T23:21:36","isFullCredit":false},{"lineNumber":58,"author":{"gitId":"sanjay-shiva-kumar"},"content":"                ⠀⠀⠀⠀⠀⠀⠀⠀⠀⠀⠀⠀⠀⢸⣿⣷⣶⣶⣾⣿⣿⣿⣿⣿⣿⣿⣿⣿⣷⣶⣤⣾⣿⣿⠀⠀⠀⠀⠀⠀⠀⠀⠀⠀⠀⠀⠀⠀⠀⠀⠀⠀⠀⠀⠀⠀⠀⠀⠀⠀⠀⠀⠀⠀⠀","lastModifiedDate":"2025-09-02T23:21:36","isFullCredit":false},{"lineNumber":59,"author":{"gitId":"sanjay-shiva-kumar"},"content":"                ⠀⠀⠀⠀⠀⠀⠀⠀⠀⠀⠀⠀⠀⢸⣿⣿⣿⣿⣿⣿⣿⣿⣿⣿⣿⣿⣿⣿⣿⣿⣿⣿⣿⣿⣀⣀⡀⠀⠀⠀⠀⠀⠀⠀⠀⠀⠀⠀⠀⠀⠀⠀⠀⠀⠀⠀⠀⠀⠀⠀⠀⠀⠀⠀⠀","lastModifiedDate":"2025-09-02T23:21:36","isFullCredit":false},{"lineNumber":60,"author":{"gitId":"sanjay-shiva-kumar"},"content":"                ⠀⠀⠀⠀⠀⠀⠀⠀⠀⠀⠀⠀⠀⢸⣿⡿⠿⠿⢿⣿⣿⣿⣿⡿⠿⠿⢿⣿⣿⣿⣿⣿⣿⣿⣿⣿⡇⠀⠀⠀⠀⠀⠀⠀⠀⠀⠀⠀⠀⠀⠀⠀⠀⠀⠀⠀⠀⠀⠀⠀⠀⠀⠀⠀⠀","lastModifiedDate":"2025-09-02T23:21:36","isFullCredit":false},{"lineNumber":61,"author":{"gitId":"sanjay-shiva-kumar"},"content":"                ⠀⠀⠀⠀⠀⠀⠀⠀⠀⠀⢀⣿⣿⣿⣿⡇⠀⠀⢸⣿⣿⣿⣿⡇⠀⠀⢸⣿⣿⣿⣿⣿⣿⣿⣿⣿⡇⠀⠀⠀⠀⠀⠀⠀⠀⠀⠀⠀⠀⠀⠀⠀⠀⠀⠀⣯⣿⠀⠀⠀⠀⠀⠀⠀⠀","lastModifiedDate":"2025-09-02T23:21:36","isFullCredit":false},{"lineNumber":62,"author":{"gitId":"sanjay-shiva-kumar"},"content":"                ⠀⠀⠀⠀⠀⠀⠀⠀⠀⠀⢸⣿⣿⣿⣿⣷⣶⣶⣾⣿⣿⣿⣿⣷⣶⣶⣾⣿⣿⣿⣿⣿⣿⣿⣿⣿⣷⣶⣶⣶⣶⣶⠀⠀⠀⠀⠀⠀⠀⠀⠀⠀⠀⠀⠀⣿⣿⠀⠀⠀⠀⠀⠀⠀⠀","lastModifiedDate":"2025-09-02T23:21:36","isFullCredit":false},{"lineNumber":63,"author":{"gitId":"sanjay-shiva-kumar"},"content":"                ⠀⠀⠀⠀⠀⠀⠀⠀⠀⠀⢸⣿⣿⣿⣿⣿⣿⣿⠛⠛⠛⠛⠛⢛⣿⣿⣿⣿⣿⣿⣿⣿⣿⣿⣿⣿⣿⣿⣿⣿⣿⣿⣤⣤⣤⣤⣤⠀⠀⠀⠀⠀⠀⠀⠀⣿⣿⠀⠀⠀⠀⠀⠀⠀⠀","lastModifiedDate":"2025-09-02T23:21:36","isFullCredit":false},{"lineNumber":64,"author":{"gitId":"sanjay-shiva-kumar"},"content":"                ⠀⠀⠀⠀⠀⠀⠀⠀⠀⠀⢸⣿⣿⠿⠿⠿⣿⣿⠀⠀⠀⠀⠀⠸⣿⣿⠿⠿⠿⣿⣿⣿⣿⣿⣿⣿⣿⣿⣿⣿⣿⣿⣿⣿⣿⣿⣿⠀⠀⠀⠀⠀⠀⠀⠀⣿⣿⠀⠀⠀⠀⠀⠀⠀⠀","lastModifiedDate":"2025-09-02T23:21:36","isFullCredit":false},{"lineNumber":65,"author":{"gitId":"sanjay-shiva-kumar"},"content":"                ⠀⠀⠀⠀⠀⠀⠀⠀⠀⠀⢸⣿⣿⠀⠀⠀⣿⣿⠀⠀⠀⣿⣿⣿⣿⣿⠀⠀⠀⣿⣿⣿⣿⣿⣿⣿⣿⣿⣿⣿⣿⣿⣿⣿⣿⣿⣿⣿⣿⣿⣿⣿⣿⣿⣿⣿⣿⠀⠀⠀⠀⠀⠀⠀⠀","lastModifiedDate":"2025-09-02T23:21:36","isFullCredit":false},{"lineNumber":66,"author":{"gitId":"sanjay-shiva-kumar"},"content":"                ⠀⠀⠀⠀⠀⠀⠀⠀⠀⠀⢸⣿⣿⣶⣶⡆⠈⠉⠀⠀⠀⠈⠉⠉⠉⠁⢰⣶⣶⣿⣿⣿⣿⣿⣿⣿⣿⣿⣿⣿⣿⣿⣿⣿⣿⣿⣿⣿⣿⣿⣿⣿⣿⣿⣿⣿⣿⠀⠀⠀⠀⠀⠀⠀⠀","lastModifiedDate":"2025-09-02T23:21:36","isFullCredit":false},{"lineNumber":67,"author":{"gitId":"sanjay-shiva-kumar"},"content":"                ⠀⠀⠀⠀⠀⠀⠀⠀⠀⠀⢸⣿⣿⣿⣿⣧⣤⣤⣤⣤⣤⣤⣤⣤⣤⣤⣼⣿⣿⣿⣿⣿⣿⣿⣿⣿⣿⣿⣿⣿⣿⣿⣿⣿⣿⣿⣿⣿⣿⣿⣿⣿⣿⣿⣿⣿⣿⠀⠀⠀⠀⠀⠀⠀⠀","lastModifiedDate":"2025-09-02T23:21:36","isFullCredit":false},{"lineNumber":68,"author":{"gitId":"sanjay-shiva-kumar"},"content":"                ⠀⠀⠀⠀⠀⠀⠀⠀⠀⠀⢸⣿⣿⣿⣿⣿⣿⣿⣿⣿⣿⣿⣿⣿⣿⣿⣿⣿⣿⣿⣿⣿⣿⣿⣿⣿⣿⣿⣿⣿⣿⣿⣿⣿⣿⣿⣿⣿⣿⣿⣿⣿⣿⣿⣿⣿⣿⠀⠀⠀⠀⠀⠀⠀⠀","lastModifiedDate":"2025-09-02T23:21:36","isFullCredit":false},{"lineNumber":69,"author":{"gitId":"sanjay-shiva-kumar"},"content":"                ⠀⠀⠀⠀⠀⠀⠀⠀⠀⠀⢸⣿⣿⣿⣿⣿⣿⣿⣿⣿⣿⣿⣿⣿⣿⣿⣿⣿⣿⣿⣿⣿⣿⣿⣿⣿⣿⣿⣿⣿⣿⣿⣿⣿⣿⣿⣿⣿⣿⣿⣿⣿⣿⣿⣿⣿⣿⠀⠀⠀⠀⠀⠀⠀⠀","lastModifiedDate":"2025-09-02T23:21:36","isFullCredit":false},{"lineNumber":70,"author":{"gitId":"sanjay-shiva-kumar"},"content":"                ⠀⠀⠀⠀⠀⠀⠀⠀⠀⠀⢸⣿⣿⣿⣿⣿⣿⣿⣿⣿⣿⣿⣿⣿⣿⣿⣿⣿⣿⣿⣿⣿⣿⣿⣿⣿⣿⣿⣿⣿⣿⣿⣿⣿⣿⣿⣿⣿⣿⣿⣿⣿⣿⣿⣿⣿⣿⠀⠀⠀⠀⠀⠀⠀⠀","lastModifiedDate":"2025-09-02T23:21:36","isFullCredit":false},{"lineNumber":71,"author":{"gitId":"sanjay-shiva-kumar"},"content":"                ⠀⠀⠀⠀⠀⠀⠀⠀⠀⠀⢸⣿⣿⣿⣿⣿⣿⣿⣿⣿⣿⣿⣿⣿⣿⣿⣿⣿⣿⣿⣿⣿⣿⣿⣿⣿⣿⣿⣿⣿⣿⣿⣿⣿⣿⣿⣿⣿⣿⣿⣿⣿⣿⣿⣿⣿⣿⠀⠀⠀⠀⠀⠀⠀⠀","lastModifiedDate":"2025-09-02T23:21:36","isFullCredit":false},{"lineNumber":72,"author":{"gitId":"sanjay-shiva-kumar"},"content":"                ⠀⠀⠀⠀⠀⠀⠀⠀⠀⠀⢸⣿⣿⣿⣿⣿⣿⣿⣿⣿⣿⣿⣿⣿⣿⣿⣿⣿⣿⣿⣿⣿⣿⣿⣿⣿⣿⣿⣿⣿⣿⣿⣿⣿⣿⣿⣿⣿⣿⣿⣿⣿⣿⣿⣿⠿⠿⠀⠀⠀⠀⠀⠀⠀⠀","lastModifiedDate":"2025-09-02T23:21:36","isFullCredit":false},{"lineNumber":73,"author":{"gitId":"sanjay-shiva-kumar"},"content":"                ⠀⠀⠀⠀⠀⠀⠀⠀⠀⠀⢨⣿⣿⣿⣿⣿⣿⣿⣿⣿⣿⣿⣿⣿⣿⣿⣿⣿⣿⣿⣿⣿⣿⣿⣿⣿⣿⣿⣿⣿⣿⣿⣿⣿⣿⣿⣿⣿⣿⣿⣿⣿⣿⣿⣿⠀⠀⠀⠀⠀⠀⠀⠀⠀⠀","lastModifiedDate":"2025-09-02T23:21:36","isFullCredit":false},{"lineNumber":74,"author":{"gitId":"sanjay-shiva-kumar"},"content":"                ⠀⠀⠀⠀⠀⠀⠀⠀⠀⠀⠀⠀⠀⢹⣿⣿⣿⣿⣿⣿⣿⣿⣿⣿⣿⣿⣿⣿⣿⣿⣿⣿⣿⣿⣿⣿⣿⣿⣿⣿⣿⣿⣿⣿⣿⣿⣿⣿⣿⣿⣿⣿⣿⣿⣿⠀⠀⠀⠀⠀⠀⠀⠀⠀⠀","lastModifiedDate":"2025-09-02T23:21:36","isFullCredit":false},{"lineNumber":75,"author":{"gitId":"sanjay-shiva-kumar"},"content":"                ⠀⠀⠀⠀⠀⠀⠀⠀⠀⠀⠀⠀⠀⢸⣿⣿⣿⣿⠛⠛⠛⠛⠛⢛⣿⣿⣿⣿⣟⠛⠛⠛⠛⠛⠛⠛⠛⠛⠛⢻⣿⣿⣿⣿⡟⠛⠛⠛⠛⠛⣿⣿⣿⣿⣿⠀⠀⠀⠀⠀⠀⠀⠀⠀⠀","lastModifiedDate":"2025-09-02T23:21:36","isFullCredit":false},{"lineNumber":76,"author":{"gitId":"sanjay-shiva-kumar"},"content":"                ⠀⠀⠀⠀⠀⠀⠀⠀⠀⠀⠀⠀⠀⢸⣿⣿⣿⣿⠀⠀⠀⠀⠀⢸⣿⣿⣿⣿⣿⠀⠀⠀⠀⠀⠀⠀⠀⠀⠀⢸⣿⣿⣿⣿⡇⠀⠀⠀⠀⠀⣿⣿⣿⣿⣿⠀⠀⠀⠀⠀⠀⠀⠀⠀⠀","lastModifiedDate":"2025-09-02T23:21:36","isFullCredit":false},{"lineNumber":77,"author":{"gitId":"sanjay-shiva-kumar"},"content":"                ⠀⠀⠀⠀⠀⠀⠀⠀⠀⠀⠀⠀⠀⢸⣿⣿⣿⣿⠀⠀⠀⠀⠀⢸⣿⣿⣿⣿⣿⠀⠀⠀⠀⠀⠀⠀⠀⠀⠀⢸⣿⣿⣿⣿⡇⠀⠀⠀⠀⠀⣿⣿⣿⣿⣿⠀⠀⠀⠀⠀⠀⠀⠀⠀⠀","lastModifiedDate":"2025-09-02T23:21:36","isFullCredit":false},{"lineNumber":78,"author":{"gitId":"sanjay-shiva-kumar"},"content":"                ⠀⠀⠀⠀⠀⠀⠀⠀⠀⠀⠀⠀⠀⢸⣿⡇⠀⠀⠀⠀⠀⠀⠀⢸⣿⣿⠀⠀⠀⠀⠀⠀⠀⠀⠀⠀⠀⠀⠀⢸⣿⣿⠀⠀⠀⠀⠀⠀⠀⠀⣿⣿⡇⠀⠀⠀⠀⠀⠀⠀⠀⠀⠀⠀⠀","lastModifiedDate":"2025-09-02T23:21:36","isFullCredit":false},{"lineNumber":79,"author":{"gitId":"sanjay-shiva-kumar"},"content":"                ⠀⠀⠀⠀⠀⠀⠀⠀⠀⠀⠀⠀⠀⠀⠀⠀⠀⠀⠀⠀⠀⠀⠀⠀⠀⠀⠀⠀⠀⠀⠀⠀⠀⠀⠀⠀⠀⠀⠀⠀⠀⠀⠀⠀⠀⠀⠀⠀⠀⠀⠀⠀⠀⠀⠀⠀⠀⠀⠀⠀⠀⠀⠀⠀⠀\"\"\";","lastModifiedDate":"2025-09-02T23:21:36","isFullCredit":false},{"lineNumber":80,"author":{"gitId":"sanjay-shiva-kumar"},"content":"        System.out.println(dogSprite);","lastModifiedDate":"2025-09-02T23:21:36","isFullCredit":false},{"lineNumber":81,"author":{"gitId":"sanjay-shiva-kumar"},"content":"        printLine(lineLen);","lastModifiedDate":"2025-09-02T23:21:36","isFullCredit":false},{"lineNumber":82,"author":{"gitId":"sanjay-shiva-kumar"},"content":"    }","lastModifiedDate":"2025-09-02T23:21:36","isFullCredit":false},{"lineNumber":83,"author":{"gitId":"sanjay-shiva-kumar"},"content":"","lastModifiedDate":"2025-09-02T23:21:36","isFullCredit":false},{"lineNumber":84,"author":{"gitId":"sanjay-shiva-kumar"},"content":"    /**","lastModifiedDate":"2025-09-02T23:21:36","isFullCredit":false},{"lineNumber":85,"author":{"gitId":"sanjay-shiva-kumar"},"content":"     * Prints the current list of tasks with their indices.","lastModifiedDate":"2025-09-02T23:21:36","isFullCredit":false},{"lineNumber":86,"author":{"gitId":"sanjay-shiva-kumar"},"content":"     *","lastModifiedDate":"2025-09-02T23:21:36","isFullCredit":false},{"lineNumber":87,"author":{"gitId":"sanjay-shiva-kumar"},"content":"     * @param list array of tasks","lastModifiedDate":"2025-09-02T23:21:36","isFullCredit":false},{"lineNumber":88,"author":{"gitId":"sanjay-shiva-kumar"},"content":"     * @param listLength number of tasks currently in the list","lastModifiedDate":"2025-09-02T23:21:36","isFullCredit":false},{"lineNumber":89,"author":{"gitId":"sanjay-shiva-kumar"},"content":"     */","lastModifiedDate":"2025-09-02T23:21:36","isFullCredit":false},{"lineNumber":90,"author":{"gitId":"sanjay-shiva-kumar"},"content":"    public static void printList(Task[] list, int listLength) {","lastModifiedDate":"2025-08-28T13:21:49","isFullCredit":false},{"lineNumber":91,"author":{"gitId":"sanjay-shiva-kumar"},"content":"        for (int i \u003d 0; i \u003c listLength; i +\u003d 1) {","lastModifiedDate":"2025-08-28T00:02:11","isFullCredit":false},{"lineNumber":92,"author":{"gitId":"sanjay-shiva-kumar"},"content":"            System.out.print(i + 1 + \". \");","lastModifiedDate":"2025-08-28T13:21:49","isFullCredit":false},{"lineNumber":93,"author":{"gitId":"sanjay-shiva-kumar"},"content":"            list[i].printTask();","lastModifiedDate":"2025-08-28T13:21:49","isFullCredit":false},{"lineNumber":94,"author":{"gitId":"sanjay-shiva-kumar"},"content":"            System.out.println();","lastModifiedDate":"2025-08-28T13:21:49","isFullCredit":false},{"lineNumber":95,"author":{"gitId":"sanjay-shiva-kumar"},"content":"        }","lastModifiedDate":"2025-08-28T00:02:11","isFullCredit":false},{"lineNumber":96,"author":{"gitId":"sanjay-shiva-kumar"},"content":"    }","lastModifiedDate":"2025-08-28T00:02:11","isFullCredit":false},{"lineNumber":97,"author":{"gitId":"sanjay-shiva-kumar"},"content":"","lastModifiedDate":"2025-08-28T00:02:11","isFullCredit":false},{"lineNumber":98,"author":{"gitId":"sanjay-shiva-kumar"},"content":"    /**","lastModifiedDate":"2025-09-02T23:21:36","isFullCredit":false},{"lineNumber":99,"author":{"gitId":"sanjay-shiva-kumar"},"content":"     * Checks whether the given string can be parsed as an integer.","lastModifiedDate":"2025-09-02T23:21:36","isFullCredit":false},{"lineNumber":100,"author":{"gitId":"sanjay-shiva-kumar"},"content":"     *","lastModifiedDate":"2025-09-02T23:21:36","isFullCredit":false},{"lineNumber":101,"author":{"gitId":"sanjay-shiva-kumar"},"content":"     * @param input string to check","lastModifiedDate":"2025-09-02T23:21:36","isFullCredit":false},{"lineNumber":102,"author":{"gitId":"sanjay-shiva-kumar"},"content":"     * @return true if the string represents an integer, false otherwise","lastModifiedDate":"2025-09-02T23:21:36","isFullCredit":false},{"lineNumber":103,"author":{"gitId":"sanjay-shiva-kumar"},"content":"     */","lastModifiedDate":"2025-09-02T23:21:36","isFullCredit":false},{"lineNumber":104,"author":{"gitId":"sanjay-shiva-kumar"},"content":"    public static boolean isInteger(String input) {","lastModifiedDate":"2025-08-30T19:09:10","isFullCredit":false},{"lineNumber":105,"author":{"gitId":"sanjay-shiva-kumar"},"content":"        if (input \u003d\u003d null) {","lastModifiedDate":"2025-08-30T19:09:10","isFullCredit":false},{"lineNumber":106,"author":{"gitId":"sanjay-shiva-kumar"},"content":"            return false;","lastModifiedDate":"2025-08-30T19:09:10","isFullCredit":false},{"lineNumber":107,"author":{"gitId":"sanjay-shiva-kumar"},"content":"        }","lastModifiedDate":"2025-08-30T19:09:10","isFullCredit":false},{"lineNumber":108,"author":{"gitId":"sanjay-shiva-kumar"},"content":"        try {","lastModifiedDate":"2025-08-30T19:09:10","isFullCredit":false},{"lineNumber":109,"author":{"gitId":"sanjay-shiva-kumar"},"content":"            Integer.parseInt(input.trim());","lastModifiedDate":"2025-08-30T19:09:10","isFullCredit":false},{"lineNumber":110,"author":{"gitId":"sanjay-shiva-kumar"},"content":"            return true;","lastModifiedDate":"2025-08-30T19:09:10","isFullCredit":false},{"lineNumber":111,"author":{"gitId":"sanjay-shiva-kumar"},"content":"        } catch (NumberFormatException e) {","lastModifiedDate":"2025-08-30T19:09:10","isFullCredit":false},{"lineNumber":112,"author":{"gitId":"sanjay-shiva-kumar"},"content":"            return false;","lastModifiedDate":"2025-08-30T19:09:10","isFullCredit":false},{"lineNumber":113,"author":{"gitId":"sanjay-shiva-kumar"},"content":"        }","lastModifiedDate":"2025-08-30T19:09:10","isFullCredit":false},{"lineNumber":114,"author":{"gitId":"sanjay-shiva-kumar"},"content":"    }","lastModifiedDate":"2025-08-30T19:09:10","isFullCredit":false},{"lineNumber":115,"author":{"gitId":"sanjay-shiva-kumar"},"content":"","lastModifiedDate":"2025-08-30T19:09:10","isFullCredit":false},{"lineNumber":116,"author":{"gitId":"sanjay-shiva-kumar"},"content":"    /**","lastModifiedDate":"2025-09-02T23:21:36","isFullCredit":false},{"lineNumber":117,"author":{"gitId":"sanjay-shiva-kumar"},"content":"     * Creates the appropriate Task subclass (Todo, Deadline, Event) from user input.","lastModifiedDate":"2025-09-02T23:21:36","isFullCredit":false},{"lineNumber":118,"author":{"gitId":"sanjay-shiva-kumar"},"content":"     * If the input does not match a valid syntax, returns null.","lastModifiedDate":"2025-09-02T23:21:36","isFullCredit":false},{"lineNumber":119,"author":{"gitId":"sanjay-shiva-kumar"},"content":"     *","lastModifiedDate":"2025-09-02T23:21:36","isFullCredit":false},{"lineNumber":120,"author":{"gitId":"sanjay-shiva-kumar"},"content":"     * @param input user input string","lastModifiedDate":"2025-09-02T23:21:36","isFullCredit":false},{"lineNumber":121,"author":{"gitId":"sanjay-shiva-kumar"},"content":"     * @return the created Task object, or null if input format does not match","lastModifiedDate":"2025-09-02T23:21:36","isFullCredit":false},{"lineNumber":122,"author":{"gitId":"sanjay-shiva-kumar"},"content":"     */","lastModifiedDate":"2025-09-02T23:21:36","isFullCredit":false},{"lineNumber":123,"author":{"gitId":"sanjay-shiva-kumar"},"content":"    private static boolean handleMarkCommands(String input, Task[] list, int listLength) {","lastModifiedDate":"2025-09-02T23:21:36","isFullCredit":false},{"lineNumber":124,"author":{"gitId":"sanjay-shiva-kumar"},"content":"        String[] parts \u003d input.split(\"\\\\s+\", 2);","lastModifiedDate":"2025-09-02T23:21:36","isFullCredit":false},{"lineNumber":125,"author":{"gitId":"sanjay-shiva-kumar"},"content":"","lastModifiedDate":"2025-09-02T23:21:36","isFullCredit":false},{"lineNumber":126,"author":{"gitId":"sanjay-shiva-kumar"},"content":"        boolean hasTwoParts \u003d parts.length \u003d\u003d 2;","lastModifiedDate":"2025-09-02T23:21:36","isFullCredit":false},{"lineNumber":127,"author":{"gitId":"sanjay-shiva-kumar"},"content":"        boolean isMark \u003d hasTwoParts \u0026\u0026 parts[0].equals(\"mark\");","lastModifiedDate":"2025-09-02T23:21:36","isFullCredit":false},{"lineNumber":128,"author":{"gitId":"sanjay-shiva-kumar"},"content":"        boolean isUnmark \u003d hasTwoParts \u0026\u0026 parts[0].equals(\"unmark\");","lastModifiedDate":"2025-09-02T23:21:36","isFullCredit":false},{"lineNumber":129,"author":{"gitId":"sanjay-shiva-kumar"},"content":"        boolean hasNumber \u003d hasTwoParts \u0026\u0026 isInteger(parts[1]);","lastModifiedDate":"2025-09-02T23:21:36","isFullCredit":false},{"lineNumber":130,"author":{"gitId":"sanjay-shiva-kumar"},"content":"","lastModifiedDate":"2025-09-02T23:21:36","isFullCredit":false},{"lineNumber":131,"author":{"gitId":"sanjay-shiva-kumar"},"content":"        if ((isMark || isUnmark) \u0026\u0026 hasNumber) {","lastModifiedDate":"2025-09-02T23:21:36","isFullCredit":false},{"lineNumber":132,"author":{"gitId":"sanjay-shiva-kumar"},"content":"            int taskNum \u003d Integer.parseInt(parts[1].trim());","lastModifiedDate":"2025-09-02T23:21:36","isFullCredit":false},{"lineNumber":133,"author":{"gitId":"sanjay-shiva-kumar"},"content":"            if (taskNum \u003c\u003d 0 || taskNum \u003e listLength) {","lastModifiedDate":"2025-09-02T23:21:36","isFullCredit":false},{"lineNumber":134,"author":{"gitId":"sanjay-shiva-kumar"},"content":"                System.out.println(\"Chara: That task doesn\u0027t exist...\");","lastModifiedDate":"2025-09-02T23:21:36","isFullCredit":false},{"lineNumber":135,"author":{"gitId":"sanjay-shiva-kumar"},"content":"                return true;","lastModifiedDate":"2025-09-02T23:21:36","isFullCredit":false},{"lineNumber":136,"author":{"gitId":"sanjay-shiva-kumar"},"content":"            }","lastModifiedDate":"2025-09-02T23:21:36","isFullCredit":false},{"lineNumber":137,"author":{"gitId":"sanjay-shiva-kumar"},"content":"            Task t \u003d list[taskNum - 1];","lastModifiedDate":"2025-09-02T23:21:36","isFullCredit":false},{"lineNumber":138,"author":{"gitId":"sanjay-shiva-kumar"},"content":"            if (isMark) {","lastModifiedDate":"2025-09-02T23:21:36","isFullCredit":false},{"lineNumber":139,"author":{"gitId":"sanjay-shiva-kumar"},"content":"                t.markAsDone();","lastModifiedDate":"2025-09-02T23:21:36","isFullCredit":false},{"lineNumber":140,"author":{"gitId":"sanjay-shiva-kumar"},"content":"                System.out.println(\"Chara: You never fail to impress!\");","lastModifiedDate":"2025-09-02T23:21:36","isFullCredit":false},{"lineNumber":141,"author":{"gitId":"sanjay-shiva-kumar"},"content":"            } else {","lastModifiedDate":"2025-09-02T23:21:36","isFullCredit":false},{"lineNumber":142,"author":{"gitId":"sanjay-shiva-kumar"},"content":"                t.markAsNotDone();","lastModifiedDate":"2025-09-02T23:21:36","isFullCredit":false},{"lineNumber":143,"author":{"gitId":"sanjay-shiva-kumar"},"content":"                System.out.println(\"Chara: This feels familiar.\");","lastModifiedDate":"2025-09-02T23:21:36","isFullCredit":false},{"lineNumber":144,"author":{"gitId":"sanjay-shiva-kumar"},"content":"            }","lastModifiedDate":"2025-09-02T23:21:36","isFullCredit":false},{"lineNumber":145,"author":{"gitId":"sanjay-shiva-kumar"},"content":"            t.printTask();","lastModifiedDate":"2025-09-02T23:21:36","isFullCredit":false},{"lineNumber":146,"author":{"gitId":"sanjay-shiva-kumar"},"content":"            System.out.println();","lastModifiedDate":"2025-09-02T23:21:36","isFullCredit":false},{"lineNumber":147,"author":{"gitId":"sanjay-shiva-kumar"},"content":"            return true;","lastModifiedDate":"2025-09-02T23:21:36","isFullCredit":false},{"lineNumber":148,"author":{"gitId":"sanjay-shiva-kumar"},"content":"        }","lastModifiedDate":"2025-09-02T23:21:36","isFullCredit":false},{"lineNumber":149,"author":{"gitId":"sanjay-shiva-kumar"},"content":"        return false;","lastModifiedDate":"2025-09-02T23:21:36","isFullCredit":false},{"lineNumber":150,"author":{"gitId":"sanjay-shiva-kumar"},"content":"    }","lastModifiedDate":"2025-09-02T23:21:36","isFullCredit":false},{"lineNumber":151,"author":{"gitId":"sanjay-shiva-kumar"},"content":"","lastModifiedDate":"2025-09-02T23:21:36","isFullCredit":false},{"lineNumber":152,"author":{"gitId":"sanjay-shiva-kumar"},"content":"","lastModifiedDate":"2025-09-02T23:21:36","isFullCredit":false},{"lineNumber":153,"author":{"gitId":"sanjay-shiva-kumar"},"content":"    private static Task createTaskFromInput(String input) {","lastModifiedDate":"2025-09-02T23:21:36","isFullCredit":false},{"lineNumber":154,"author":{"gitId":"sanjay-shiva-kumar"},"content":"        if (input.startsWith(\"todo \")) {","lastModifiedDate":"2025-09-02T23:21:36","isFullCredit":false},{"lineNumber":155,"author":{"gitId":"sanjay-shiva-kumar"},"content":"            String description \u003d input.substring(\"todo\".length()).trim();","lastModifiedDate":"2025-09-02T23:21:36","isFullCredit":false},{"lineNumber":156,"author":{"gitId":"sanjay-shiva-kumar"},"content":"            return new Todo(description);","lastModifiedDate":"2025-09-02T23:21:36","isFullCredit":false},{"lineNumber":157,"author":{"gitId":"sanjay-shiva-kumar"},"content":"        }","lastModifiedDate":"2025-09-02T23:21:36","isFullCredit":false},{"lineNumber":158,"author":{"gitId":"sanjay-shiva-kumar"},"content":"","lastModifiedDate":"2025-09-02T23:21:36","isFullCredit":false},{"lineNumber":159,"author":{"gitId":"sanjay-shiva-kumar"},"content":"        if (input.startsWith(\"deadline \") \u0026\u0026 input.contains(\"/by\")) {","lastModifiedDate":"2025-09-02T23:21:36","isFullCredit":false},{"lineNumber":160,"author":{"gitId":"sanjay-shiva-kumar"},"content":"            String s \u003d input.substring(\"deadline\".length()).trim();","lastModifiedDate":"2025-09-02T23:21:36","isFullCredit":false},{"lineNumber":161,"author":{"gitId":"sanjay-shiva-kumar"},"content":"            String[] parts \u003d s.split(\"/by\", 2);","lastModifiedDate":"2025-09-02T23:21:36","isFullCredit":false},{"lineNumber":162,"author":{"gitId":"sanjay-shiva-kumar"},"content":"            String description \u003d parts[0].trim();","lastModifiedDate":"2025-09-02T23:21:36","isFullCredit":false},{"lineNumber":163,"author":{"gitId":"sanjay-shiva-kumar"},"content":"            String by \u003d parts[1].trim();","lastModifiedDate":"2025-09-02T23:21:36","isFullCredit":false},{"lineNumber":164,"author":{"gitId":"sanjay-shiva-kumar"},"content":"            return new Deadline(description, by);","lastModifiedDate":"2025-09-02T23:21:36","isFullCredit":false},{"lineNumber":165,"author":{"gitId":"sanjay-shiva-kumar"},"content":"        }","lastModifiedDate":"2025-09-02T23:21:36","isFullCredit":false},{"lineNumber":166,"author":{"gitId":"sanjay-shiva-kumar"},"content":"","lastModifiedDate":"2025-09-02T23:21:36","isFullCredit":false},{"lineNumber":167,"author":{"gitId":"sanjay-shiva-kumar"},"content":"        if (input.startsWith(\"event \") \u0026\u0026 input.contains(\"/from\") \u0026\u0026 input.contains(\"/to\")) {","lastModifiedDate":"2025-09-02T23:21:36","isFullCredit":false},{"lineNumber":168,"author":{"gitId":"sanjay-shiva-kumar"},"content":"            String s \u003d input.substring(\"event\".length()).trim();","lastModifiedDate":"2025-09-02T23:21:36","isFullCredit":false},{"lineNumber":169,"author":{"gitId":"sanjay-shiva-kumar"},"content":"            int fromIndex \u003d s.indexOf(\"/from\");","lastModifiedDate":"2025-09-02T23:21:36","isFullCredit":false},{"lineNumber":170,"author":{"gitId":"sanjay-shiva-kumar"},"content":"            int toIndex \u003d s.indexOf(\"/to\");","lastModifiedDate":"2025-09-02T23:21:36","isFullCredit":false},{"lineNumber":171,"author":{"gitId":"sanjay-shiva-kumar"},"content":"            String description \u003d s.substring(0, fromIndex).trim();","lastModifiedDate":"2025-09-02T23:21:36","isFullCredit":false},{"lineNumber":172,"author":{"gitId":"sanjay-shiva-kumar"},"content":"            String from \u003d s.substring(fromIndex + \"/from\".length(), toIndex).trim();","lastModifiedDate":"2025-09-02T23:21:36","isFullCredit":false},{"lineNumber":173,"author":{"gitId":"sanjay-shiva-kumar"},"content":"            String to \u003d s.substring(toIndex + \"/to\".length()).trim();","lastModifiedDate":"2025-09-02T23:21:36","isFullCredit":false},{"lineNumber":174,"author":{"gitId":"sanjay-shiva-kumar"},"content":"            return new Event(description, from, to);","lastModifiedDate":"2025-09-02T23:21:36","isFullCredit":false},{"lineNumber":175,"author":{"gitId":"sanjay-shiva-kumar"},"content":"        }","lastModifiedDate":"2025-09-02T23:21:36","isFullCredit":false},{"lineNumber":176,"author":{"gitId":"sanjay-shiva-kumar"},"content":"","lastModifiedDate":"2025-09-02T23:21:36","isFullCredit":false},{"lineNumber":177,"author":{"gitId":"sanjay-shiva-kumar"},"content":"        return null;","lastModifiedDate":"2025-09-02T23:21:36","isFullCredit":false},{"lineNumber":178,"author":{"gitId":"sanjay-shiva-kumar"},"content":"    }","lastModifiedDate":"2025-09-02T23:21:36","isFullCredit":false},{"lineNumber":179,"author":{"gitId":"sanjay-shiva-kumar"},"content":"","lastModifiedDate":"2025-09-02T23:21:36","isFullCredit":false},{"lineNumber":180,"author":{"gitId":"sanjay-shiva-kumar"},"content":"    private static String taskPreview(Task t) {","lastModifiedDate":"2025-09-02T23:21:36","isFullCredit":false},{"lineNumber":181,"author":{"gitId":"sanjay-shiva-kumar"},"content":"        return t.taskTypeIcon + t.statusIcon + \u0027 \u0027 + t.description;","lastModifiedDate":"2025-09-02T23:21:36","isFullCredit":false},{"lineNumber":182,"author":{"gitId":"sanjay-shiva-kumar"},"content":"    }","lastModifiedDate":"2025-09-02T23:21:36","isFullCredit":false},{"lineNumber":183,"author":{"gitId":"sanjay-shiva-kumar"},"content":"","lastModifiedDate":"2025-08-30T19:09:10","isFullCredit":false},{"lineNumber":184,"author":{"gitId":"sanjay-shiva-kumar"},"content":"    /**","lastModifiedDate":"2025-09-02T23:21:36","isFullCredit":false},{"lineNumber":185,"author":{"gitId":"sanjay-shiva-kumar"},"content":"     * Runs the program loop that accepts user input and manages the task list.","lastModifiedDate":"2025-09-02T23:21:36","isFullCredit":false},{"lineNumber":186,"author":{"gitId":"sanjay-shiva-kumar"},"content":"     *","lastModifiedDate":"2025-09-02T23:21:36","isFullCredit":false},{"lineNumber":187,"author":{"gitId":"sanjay-shiva-kumar"},"content":"     * @param args command line arguments (unused)","lastModifiedDate":"2025-09-02T23:21:36","isFullCredit":false},{"lineNumber":188,"author":{"gitId":"sanjay-shiva-kumar"},"content":"     */","lastModifiedDate":"2025-09-02T23:21:36","isFullCredit":false},{"lineNumber":189,"author":{"gitId":"sanjay-shiva-kumar"},"content":"    public static void main(String[] args) {","lastModifiedDate":"2025-08-27T12:51:37","isFullCredit":false},{"lineNumber":190,"author":{"gitId":"sanjay-shiva-kumar"},"content":"        printIntro();","lastModifiedDate":"2025-09-02T23:21:36","isFullCredit":false},{"lineNumber":191,"author":{"gitId":"sanjay-shiva-kumar"},"content":"        Scanner echo \u003d new Scanner(System.in);","lastModifiedDate":"2025-08-27T12:51:37","isFullCredit":false},{"lineNumber":192,"author":{"gitId":"sanjay-shiva-kumar"},"content":"","lastModifiedDate":"2025-09-02T23:21:36","isFullCredit":false},{"lineNumber":193,"author":{"gitId":"sanjay-shiva-kumar"},"content":"        Task[] list \u003d new Task[100];","lastModifiedDate":"2025-08-28T13:21:49","isFullCredit":false},{"lineNumber":194,"author":{"gitId":"sanjay-shiva-kumar"},"content":"        int listLength \u003d 0;","lastModifiedDate":"2025-08-28T00:02:11","isFullCredit":false},{"lineNumber":195,"author":{"gitId":"sanjay-shiva-kumar"},"content":"","lastModifiedDate":"2025-09-02T23:21:36","isFullCredit":false},{"lineNumber":196,"author":{"gitId":"sanjay-shiva-kumar"},"content":"        while (true) {","lastModifiedDate":"2025-08-28T00:02:11","isFullCredit":false},{"lineNumber":197,"author":{"gitId":"sanjay-shiva-kumar"},"content":"            System.out.print(\"User: \");","lastModifiedDate":"2025-08-28T00:06:47","isFullCredit":false},{"lineNumber":198,"author":{"gitId":"sanjay-shiva-kumar"},"content":"            String input \u003d echo.nextLine().trim();","lastModifiedDate":"2025-09-02T23:21:36","isFullCredit":false},{"lineNumber":199,"author":{"gitId":"sanjay-shiva-kumar"},"content":"","lastModifiedDate":"2025-08-30T19:09:10","isFullCredit":false},{"lineNumber":200,"author":{"gitId":"sanjay-shiva-kumar"},"content":"            if (input.equals(\"bye\")) {","lastModifiedDate":"2025-08-28T13:21:49","isFullCredit":false},{"lineNumber":201,"author":{"gitId":"sanjay-shiva-kumar"},"content":"                printOutro();","lastModifiedDate":"2025-09-02T23:21:36","isFullCredit":false},{"lineNumber":202,"author":{"gitId":"sanjay-shiva-kumar"},"content":"                return;","lastModifiedDate":"2025-08-28T00:02:11","isFullCredit":false},{"lineNumber":203,"author":{"gitId":"sanjay-shiva-kumar"},"content":"            }","lastModifiedDate":"2025-08-30T19:09:10","isFullCredit":false},{"lineNumber":204,"author":{"gitId":"sanjay-shiva-kumar"},"content":"","lastModifiedDate":"2025-08-30T19:09:10","isFullCredit":false},{"lineNumber":205,"author":{"gitId":"sanjay-shiva-kumar"},"content":"            if (input.equals(\"list\")) {","lastModifiedDate":"2025-09-02T23:21:36","isFullCredit":false},{"lineNumber":206,"author":{"gitId":"sanjay-shiva-kumar"},"content":"                if (listLength \u003d\u003d 0) {","lastModifiedDate":"2025-09-02T23:21:36","isFullCredit":false},{"lineNumber":207,"author":{"gitId":"sanjay-shiva-kumar"},"content":"                    System.out.println(\"Chara: Your list is empty, silly!\");","lastModifiedDate":"2025-08-28T00:02:11","isFullCredit":false},{"lineNumber":208,"author":{"gitId":"sanjay-shiva-kumar"},"content":"                } else {","lastModifiedDate":"2025-09-02T23:21:36","isFullCredit":false},{"lineNumber":209,"author":{"gitId":"sanjay-shiva-kumar"},"content":"                    System.out.println(\"Chara: Here\u0027s your list! (What\u0027s it for anyway?)\");","lastModifiedDate":"2025-08-28T00:02:11","isFullCredit":false},{"lineNumber":210,"author":{"gitId":"sanjay-shiva-kumar"},"content":"                    printList(list, listLength);","lastModifiedDate":"2025-08-28T13:21:49","isFullCredit":false},{"lineNumber":211,"author":{"gitId":"sanjay-shiva-kumar"},"content":"                }","lastModifiedDate":"2025-08-30T19:09:10","isFullCredit":false},{"lineNumber":212,"author":{"gitId":"sanjay-shiva-kumar"},"content":"                printLine(lineLen);","lastModifiedDate":"2025-08-30T19:09:10","isFullCredit":false},{"lineNumber":213,"author":{"gitId":"sanjay-shiva-kumar"},"content":"                continue;","lastModifiedDate":"2025-09-02T23:21:36","isFullCredit":false},{"lineNumber":214,"author":{"gitId":"sanjay-shiva-kumar"},"content":"            }","lastModifiedDate":"2025-09-02T23:21:36","isFullCredit":false},{"lineNumber":215,"author":{"gitId":"sanjay-shiva-kumar"},"content":"","lastModifiedDate":"2025-09-02T23:21:36","isFullCredit":false},{"lineNumber":216,"author":{"gitId":"sanjay-shiva-kumar"},"content":"            if (handleMarkCommands(input, list, listLength)) {","lastModifiedDate":"2025-09-02T23:21:36","isFullCredit":false},{"lineNumber":217,"author":{"gitId":"sanjay-shiva-kumar"},"content":"                printLine(lineLen);","lastModifiedDate":"2025-08-30T19:09:10","isFullCredit":false},{"lineNumber":218,"author":{"gitId":"sanjay-shiva-kumar"},"content":"                continue;","lastModifiedDate":"2025-09-02T23:21:36","isFullCredit":false},{"lineNumber":219,"author":{"gitId":"sanjay-shiva-kumar"},"content":"            }","lastModifiedDate":"2025-08-30T19:09:10","isFullCredit":false},{"lineNumber":220,"author":{"gitId":"sanjay-shiva-kumar"},"content":"","lastModifiedDate":"2025-09-02T23:21:36","isFullCredit":false},{"lineNumber":221,"author":{"gitId":"sanjay-shiva-kumar"},"content":"            Task added \u003d createTaskFromInput(input);","lastModifiedDate":"2025-09-02T23:21:36","isFullCredit":false},{"lineNumber":222,"author":{"gitId":"sanjay-shiva-kumar"},"content":"            if (added \u003d\u003d null) {","lastModifiedDate":"2025-09-02T23:21:36","isFullCredit":false},{"lineNumber":223,"author":{"gitId":"sanjay-shiva-kumar"},"content":"                added \u003d new Task(input);","lastModifiedDate":"2025-09-02T23:21:36","isFullCredit":false},{"lineNumber":224,"author":{"gitId":"sanjay-shiva-kumar"},"content":"            }","lastModifiedDate":"2025-09-02T23:21:36","isFullCredit":false},{"lineNumber":225,"author":{"gitId":"sanjay-shiva-kumar"},"content":"","lastModifiedDate":"2025-09-02T23:21:36","isFullCredit":false},{"lineNumber":226,"author":{"gitId":"sanjay-shiva-kumar"},"content":"            if (listLength \u003c list.length) {","lastModifiedDate":"2025-09-02T23:21:36","isFullCredit":false},{"lineNumber":227,"author":{"gitId":"sanjay-shiva-kumar"},"content":"                list[listLength] \u003d added;","lastModifiedDate":"2025-09-02T23:21:36","isFullCredit":false},{"lineNumber":228,"author":{"gitId":"sanjay-shiva-kumar"},"content":"                listLength +\u003d 1;","lastModifiedDate":"2025-08-28T00:02:11","isFullCredit":false},{"lineNumber":229,"author":{"gitId":"sanjay-shiva-kumar"},"content":"                System.out.println(\"Chara has added \\\"\" + taskPreview(added) + \"\\\" to your list.\");","lastModifiedDate":"2025-09-02T23:21:36","isFullCredit":false},{"lineNumber":230,"author":{"gitId":"sanjay-shiva-kumar"},"content":"                System.out.println(\"Now you have \" + listLength + \" task(s) in the list \u003d)\");","lastModifiedDate":"2025-09-02T23:21:36","isFullCredit":false},{"lineNumber":231,"author":{"gitId":"sanjay-shiva-kumar"},"content":"            } else {","lastModifiedDate":"2025-09-02T23:21:36","isFullCredit":false},{"lineNumber":232,"author":{"gitId":"sanjay-shiva-kumar"},"content":"                System.out.println(\"Chara: Your list is full! (wow.)\");","lastModifiedDate":"2025-09-02T23:21:36","isFullCredit":false},{"lineNumber":233,"author":{"gitId":"sanjay-shiva-kumar"},"content":"            }","lastModifiedDate":"2025-08-28T00:02:11","isFullCredit":false},{"lineNumber":234,"author":{"gitId":"sanjay-shiva-kumar"},"content":"            printLine(lineLen);","lastModifiedDate":"2025-09-02T23:21:36","isFullCredit":false},{"lineNumber":235,"author":{"gitId":"sanjay-shiva-kumar"},"content":"        }","lastModifiedDate":"2025-08-27T12:51:37","isFullCredit":false},{"lineNumber":236,"author":{"gitId":"sanjay-shiva-kumar"},"content":"    }","lastModifiedDate":"2025-08-22T00:05:38","isFullCredit":false},{"lineNumber":237,"author":{"gitId":"sanjay-shiva-kumar"},"content":"}","lastModifiedDate":"2025-08-22T00:05:38","isFullCredit":false}],"authorContributionMap":{"sanjay-shiva-kumar":237}},{"path":"src/main/java/Deadline.java","fileType":"java","lines":[{"lineNumber":1,"author":{"gitId":"sanjay-shiva-kumar"},"content":"public class Deadline extends Task {","lastModifiedDate":"2025-09-02T23:21:36","isFullCredit":false},{"lineNumber":2,"author":{"gitId":"sanjay-shiva-kumar"},"content":"    protected String by;","lastModifiedDate":"2025-09-02T23:21:36","isFullCredit":false},{"lineNumber":3,"author":{"gitId":"sanjay-shiva-kumar"},"content":"","lastModifiedDate":"2025-09-02T23:21:36","isFullCredit":false},{"lineNumber":4,"author":{"gitId":"sanjay-shiva-kumar"},"content":"    /**","lastModifiedDate":"2025-09-02T23:21:36","isFullCredit":false},{"lineNumber":5,"author":{"gitId":"sanjay-shiva-kumar"},"content":"     * Constructs a Deadline task with the given description and due date.","lastModifiedDate":"2025-09-02T23:21:36","isFullCredit":false},{"lineNumber":6,"author":{"gitId":"sanjay-shiva-kumar"},"content":"     *","lastModifiedDate":"2025-09-02T23:21:36","isFullCredit":false},{"lineNumber":7,"author":{"gitId":"sanjay-shiva-kumar"},"content":"     * @param description description of the task","lastModifiedDate":"2025-09-02T23:21:36","isFullCredit":false},{"lineNumber":8,"author":{"gitId":"sanjay-shiva-kumar"},"content":"     * @param by deadline date/time as a string","lastModifiedDate":"2025-09-02T23:21:36","isFullCredit":false},{"lineNumber":9,"author":{"gitId":"sanjay-shiva-kumar"},"content":"     */","lastModifiedDate":"2025-09-02T23:21:36","isFullCredit":false},{"lineNumber":10,"author":{"gitId":"sanjay-shiva-kumar"},"content":"    public Deadline(String description, String by) {","lastModifiedDate":"2025-09-02T23:21:36","isFullCredit":false},{"lineNumber":11,"author":{"gitId":"sanjay-shiva-kumar"},"content":"        super(description);","lastModifiedDate":"2025-09-02T23:21:36","isFullCredit":false},{"lineNumber":12,"author":{"gitId":"sanjay-shiva-kumar"},"content":"        this.by \u003d by;","lastModifiedDate":"2025-09-02T23:21:36","isFullCredit":false},{"lineNumber":13,"author":{"gitId":"sanjay-shiva-kumar"},"content":"    }","lastModifiedDate":"2025-09-02T23:21:36","isFullCredit":false},{"lineNumber":14,"author":{"gitId":"sanjay-shiva-kumar"},"content":"","lastModifiedDate":"2025-09-02T23:21:36","isFullCredit":false},{"lineNumber":15,"author":{"gitId":"sanjay-shiva-kumar"},"content":"    @Override","lastModifiedDate":"2025-09-02T23:21:36","isFullCredit":false},{"lineNumber":16,"author":{"gitId":"sanjay-shiva-kumar"},"content":"    public String getTaskTypeIcon() {","lastModifiedDate":"2025-09-02T23:21:36","isFullCredit":false},{"lineNumber":17,"author":{"gitId":"sanjay-shiva-kumar"},"content":"        return \"[D]\";","lastModifiedDate":"2025-09-02T23:21:36","isFullCredit":false},{"lineNumber":18,"author":{"gitId":"sanjay-shiva-kumar"},"content":"    }","lastModifiedDate":"2025-09-02T23:21:36","isFullCredit":false},{"lineNumber":19,"author":{"gitId":"sanjay-shiva-kumar"},"content":"","lastModifiedDate":"2025-09-02T23:21:36","isFullCredit":false},{"lineNumber":20,"author":{"gitId":"sanjay-shiva-kumar"},"content":"    @Override","lastModifiedDate":"2025-09-02T23:21:36","isFullCredit":false},{"lineNumber":21,"author":{"gitId":"sanjay-shiva-kumar"},"content":"    public void printTask() {","lastModifiedDate":"2025-09-02T23:21:36","isFullCredit":false},{"lineNumber":22,"author":{"gitId":"sanjay-shiva-kumar"},"content":"        System.out.print(taskTypeIcon + statusIcon + \u0027 \u0027 + description + \" (by: \" + by + \")\");","lastModifiedDate":"2025-09-02T23:21:36","isFullCredit":false},{"lineNumber":23,"author":{"gitId":"sanjay-shiva-kumar"},"content":"    }","lastModifiedDate":"2025-09-02T23:21:36","isFullCredit":false},{"lineNumber":24,"author":{"gitId":"sanjay-shiva-kumar"},"content":"}","lastModifiedDate":"2025-09-02T23:21:36","isFullCredit":false}],"authorContributionMap":{"sanjay-shiva-kumar":24}},{"path":"src/main/java/Event.java","fileType":"java","lines":[{"lineNumber":1,"author":{"gitId":"sanjay-shiva-kumar"},"content":"public class Event extends Task {","lastModifiedDate":"2025-09-02T23:21:36","isFullCredit":false},{"lineNumber":2,"author":{"gitId":"sanjay-shiva-kumar"},"content":"    protected String from;","lastModifiedDate":"2025-09-02T23:21:36","isFullCredit":false},{"lineNumber":3,"author":{"gitId":"sanjay-shiva-kumar"},"content":"    protected String to;","lastModifiedDate":"2025-09-02T23:21:36","isFullCredit":false},{"lineNumber":4,"author":{"gitId":"sanjay-shiva-kumar"},"content":"","lastModifiedDate":"2025-09-02T23:21:36","isFullCredit":false},{"lineNumber":5,"author":{"gitId":"sanjay-shiva-kumar"},"content":"    /**","lastModifiedDate":"2025-09-02T23:21:36","isFullCredit":false},{"lineNumber":6,"author":{"gitId":"sanjay-shiva-kumar"},"content":"     * Constructs an Event task with the given description, start time, and end time.","lastModifiedDate":"2025-09-02T23:21:36","isFullCredit":false},{"lineNumber":7,"author":{"gitId":"sanjay-shiva-kumar"},"content":"     *","lastModifiedDate":"2025-09-02T23:21:36","isFullCredit":false},{"lineNumber":8,"author":{"gitId":"sanjay-shiva-kumar"},"content":"     * @param description description of the event","lastModifiedDate":"2025-09-02T23:21:36","isFullCredit":false},{"lineNumber":9,"author":{"gitId":"sanjay-shiva-kumar"},"content":"     * @param from start date/time of the event","lastModifiedDate":"2025-09-02T23:21:36","isFullCredit":false},{"lineNumber":10,"author":{"gitId":"sanjay-shiva-kumar"},"content":"     * @param to end date/time of the event","lastModifiedDate":"2025-09-02T23:21:36","isFullCredit":false},{"lineNumber":11,"author":{"gitId":"sanjay-shiva-kumar"},"content":"     */","lastModifiedDate":"2025-09-02T23:21:36","isFullCredit":false},{"lineNumber":12,"author":{"gitId":"sanjay-shiva-kumar"},"content":"    public Event(String description, String from, String to) {","lastModifiedDate":"2025-09-02T23:21:36","isFullCredit":false},{"lineNumber":13,"author":{"gitId":"sanjay-shiva-kumar"},"content":"        super(description);","lastModifiedDate":"2025-09-02T23:21:36","isFullCredit":false},{"lineNumber":14,"author":{"gitId":"sanjay-shiva-kumar"},"content":"        this.from \u003d from;","lastModifiedDate":"2025-09-02T23:21:36","isFullCredit":false},{"lineNumber":15,"author":{"gitId":"sanjay-shiva-kumar"},"content":"        this.to \u003d to;","lastModifiedDate":"2025-09-02T23:21:36","isFullCredit":false},{"lineNumber":16,"author":{"gitId":"sanjay-shiva-kumar"},"content":"    }","lastModifiedDate":"2025-09-02T23:21:36","isFullCredit":false},{"lineNumber":17,"author":{"gitId":"sanjay-shiva-kumar"},"content":"","lastModifiedDate":"2025-09-02T23:21:36","isFullCredit":false},{"lineNumber":18,"author":{"gitId":"sanjay-shiva-kumar"},"content":"    @Override","lastModifiedDate":"2025-09-02T23:21:36","isFullCredit":false},{"lineNumber":19,"author":{"gitId":"sanjay-shiva-kumar"},"content":"    public String getTaskTypeIcon() {","lastModifiedDate":"2025-09-02T23:21:36","isFullCredit":false},{"lineNumber":20,"author":{"gitId":"sanjay-shiva-kumar"},"content":"        return \"[E]\";","lastModifiedDate":"2025-09-02T23:21:36","isFullCredit":false},{"lineNumber":21,"author":{"gitId":"sanjay-shiva-kumar"},"content":"    }","lastModifiedDate":"2025-09-02T23:21:36","isFullCredit":false},{"lineNumber":22,"author":{"gitId":"sanjay-shiva-kumar"},"content":"","lastModifiedDate":"2025-09-02T23:21:36","isFullCredit":false},{"lineNumber":23,"author":{"gitId":"sanjay-shiva-kumar"},"content":"    @Override","lastModifiedDate":"2025-09-02T23:21:36","isFullCredit":false},{"lineNumber":24,"author":{"gitId":"sanjay-shiva-kumar"},"content":"    public void printTask() {","lastModifiedDate":"2025-09-02T23:21:36","isFullCredit":false},{"lineNumber":25,"author":{"gitId":"sanjay-shiva-kumar"},"content":"        System.out.print(taskTypeIcon + statusIcon + \u0027 \u0027 + description + \" (from: \" + from + \" to: \" + to + \")\");","lastModifiedDate":"2025-09-02T23:21:36","isFullCredit":false},{"lineNumber":26,"author":{"gitId":"sanjay-shiva-kumar"},"content":"    }","lastModifiedDate":"2025-09-02T23:21:36","isFullCredit":false},{"lineNumber":27,"author":{"gitId":"sanjay-shiva-kumar"},"content":"}","lastModifiedDate":"2025-09-02T23:21:36","isFullCredit":false}],"authorContributionMap":{"sanjay-shiva-kumar":27}},{"path":"src/main/java/Task.java","fileType":"java","lines":[{"lineNumber":1,"author":{"gitId":"sanjay-shiva-kumar"},"content":"public class Task {","lastModifiedDate":"2025-08-28T13:21:49","isFullCredit":false},{"lineNumber":2,"author":{"gitId":"sanjay-shiva-kumar"},"content":"    protected String description;","lastModifiedDate":"2025-08-28T13:21:49","isFullCredit":false},{"lineNumber":3,"author":{"gitId":"sanjay-shiva-kumar"},"content":"    protected boolean isDone;","lastModifiedDate":"2025-08-28T13:21:49","isFullCredit":false},{"lineNumber":4,"author":{"gitId":"sanjay-shiva-kumar"},"content":"    protected String taskTypeIcon;","lastModifiedDate":"2025-09-02T23:21:36","isFullCredit":false},{"lineNumber":5,"author":{"gitId":"sanjay-shiva-kumar"},"content":"    protected String statusIcon;","lastModifiedDate":"2025-08-28T13:21:49","isFullCredit":false},{"lineNumber":6,"author":{"gitId":"sanjay-shiva-kumar"},"content":"","lastModifiedDate":"2025-08-28T13:21:49","isFullCredit":false},{"lineNumber":7,"author":{"gitId":"sanjay-shiva-kumar"},"content":"    /**","lastModifiedDate":"2025-09-02T23:21:36","isFullCredit":false},{"lineNumber":8,"author":{"gitId":"sanjay-shiva-kumar"},"content":"     * Constructs a Task with the given description, initially not done.","lastModifiedDate":"2025-09-02T23:21:36","isFullCredit":false},{"lineNumber":9,"author":{"gitId":"sanjay-shiva-kumar"},"content":"     *","lastModifiedDate":"2025-09-02T23:21:36","isFullCredit":false},{"lineNumber":10,"author":{"gitId":"sanjay-shiva-kumar"},"content":"     * @param description description of the task","lastModifiedDate":"2025-09-02T23:21:36","isFullCredit":false},{"lineNumber":11,"author":{"gitId":"sanjay-shiva-kumar"},"content":"     */","lastModifiedDate":"2025-09-02T23:21:36","isFullCredit":false},{"lineNumber":12,"author":{"gitId":"sanjay-shiva-kumar"},"content":"    public Task(String description) {","lastModifiedDate":"2025-08-28T13:21:49","isFullCredit":false},{"lineNumber":13,"author":{"gitId":"sanjay-shiva-kumar"},"content":"        this.description \u003d description;","lastModifiedDate":"2025-08-28T13:21:49","isFullCredit":false},{"lineNumber":14,"author":{"gitId":"sanjay-shiva-kumar"},"content":"        this.isDone \u003d false;","lastModifiedDate":"2025-08-28T13:21:49","isFullCredit":false},{"lineNumber":15,"author":{"gitId":"sanjay-shiva-kumar"},"content":"        this.statusIcon \u003d getStatusIcon();","lastModifiedDate":"2025-09-02T23:21:36","isFullCredit":false},{"lineNumber":16,"author":{"gitId":"sanjay-shiva-kumar"},"content":"        this.taskTypeIcon \u003d getTaskTypeIcon();","lastModifiedDate":"2025-09-02T23:21:36","isFullCredit":false},{"lineNumber":17,"author":{"gitId":"sanjay-shiva-kumar"},"content":"    }","lastModifiedDate":"2025-09-02T23:21:36","isFullCredit":false},{"lineNumber":18,"author":{"gitId":"sanjay-shiva-kumar"},"content":"","lastModifiedDate":"2025-09-02T23:21:36","isFullCredit":false},{"lineNumber":19,"author":{"gitId":"sanjay-shiva-kumar"},"content":"    public String getTaskTypeIcon() {","lastModifiedDate":"2025-09-02T23:21:36","isFullCredit":false},{"lineNumber":20,"author":{"gitId":"sanjay-shiva-kumar"},"content":"        return \"   \";","lastModifiedDate":"2025-09-02T23:21:36","isFullCredit":false},{"lineNumber":21,"author":{"gitId":"sanjay-shiva-kumar"},"content":"    }","lastModifiedDate":"2025-08-28T13:21:49","isFullCredit":false},{"lineNumber":22,"author":{"gitId":"sanjay-shiva-kumar"},"content":"","lastModifiedDate":"2025-08-28T13:21:49","isFullCredit":false},{"lineNumber":23,"author":{"gitId":"sanjay-shiva-kumar"},"content":"    public String getStatusIcon() {","lastModifiedDate":"2025-08-28T13:21:49","isFullCredit":false},{"lineNumber":24,"author":{"gitId":"sanjay-shiva-kumar"},"content":"        return (isDone ? \"[X]\" : \"[ ]\");","lastModifiedDate":"2025-09-02T23:21:36","isFullCredit":false},{"lineNumber":25,"author":{"gitId":"sanjay-shiva-kumar"},"content":"    }","lastModifiedDate":"2025-08-28T13:21:49","isFullCredit":false},{"lineNumber":26,"author":{"gitId":"sanjay-shiva-kumar"},"content":"","lastModifiedDate":"2025-08-28T13:21:49","isFullCredit":false},{"lineNumber":27,"author":{"gitId":"sanjay-shiva-kumar"},"content":"    public void markAsDone() {","lastModifiedDate":"2025-08-28T13:21:49","isFullCredit":false},{"lineNumber":28,"author":{"gitId":"sanjay-shiva-kumar"},"content":"        this.isDone \u003d true;","lastModifiedDate":"2025-08-28T13:21:49","isFullCredit":false},{"lineNumber":29,"author":{"gitId":"sanjay-shiva-kumar"},"content":"        this.statusIcon \u003d getStatusIcon();","lastModifiedDate":"2025-09-02T23:21:36","isFullCredit":false},{"lineNumber":30,"author":{"gitId":"sanjay-shiva-kumar"},"content":"    }","lastModifiedDate":"2025-08-28T13:21:49","isFullCredit":false},{"lineNumber":31,"author":{"gitId":"sanjay-shiva-kumar"},"content":"","lastModifiedDate":"2025-08-28T13:21:49","isFullCredit":false},{"lineNumber":32,"author":{"gitId":"sanjay-shiva-kumar"},"content":"    public void markAsNotDone() {","lastModifiedDate":"2025-08-28T13:21:49","isFullCredit":false},{"lineNumber":33,"author":{"gitId":"sanjay-shiva-kumar"},"content":"        this.isDone \u003d false;","lastModifiedDate":"2025-08-28T13:21:49","isFullCredit":false},{"lineNumber":34,"author":{"gitId":"sanjay-shiva-kumar"},"content":"        this.statusIcon \u003d getStatusIcon();","lastModifiedDate":"2025-09-02T23:21:36","isFullCredit":false},{"lineNumber":35,"author":{"gitId":"sanjay-shiva-kumar"},"content":"    }","lastModifiedDate":"2025-08-28T13:21:49","isFullCredit":false},{"lineNumber":36,"author":{"gitId":"sanjay-shiva-kumar"},"content":"","lastModifiedDate":"2025-08-28T13:21:49","isFullCredit":false},{"lineNumber":37,"author":{"gitId":"sanjay-shiva-kumar"},"content":"    public void printTask() {","lastModifiedDate":"2025-08-28T13:21:49","isFullCredit":false},{"lineNumber":38,"author":{"gitId":"sanjay-shiva-kumar"},"content":"        System.out.print(taskTypeIcon + statusIcon + \u0027 \u0027 + description);","lastModifiedDate":"2025-09-02T23:21:36","isFullCredit":false},{"lineNumber":39,"author":{"gitId":"sanjay-shiva-kumar"},"content":"    }","lastModifiedDate":"2025-09-02T23:21:36","isFullCredit":false},{"lineNumber":40,"author":{"gitId":"sanjay-shiva-kumar"},"content":"","lastModifiedDate":"2025-09-02T23:21:36","isFullCredit":false},{"lineNumber":41,"author":{"gitId":"sanjay-shiva-kumar"},"content":"    public String getDescription() {","lastModifiedDate":"2025-09-02T23:21:36","isFullCredit":false},{"lineNumber":42,"author":{"gitId":"sanjay-shiva-kumar"},"content":"        return description;","lastModifiedDate":"2025-09-02T23:21:36","isFullCredit":false},{"lineNumber":43,"author":{"gitId":"sanjay-shiva-kumar"},"content":"    }","lastModifiedDate":"2025-09-02T23:21:36","isFullCredit":false},{"lineNumber":44,"author":{"gitId":"sanjay-shiva-kumar"},"content":"","lastModifiedDate":"2025-09-02T23:21:36","isFullCredit":false},{"lineNumber":45,"author":{"gitId":"sanjay-shiva-kumar"},"content":"    public boolean isDone() {","lastModifiedDate":"2025-09-02T23:21:36","isFullCredit":false},{"lineNumber":46,"author":{"gitId":"sanjay-shiva-kumar"},"content":"        return isDone;","lastModifiedDate":"2025-09-02T23:21:36","isFullCredit":false},{"lineNumber":47,"author":{"gitId":"sanjay-shiva-kumar"},"content":"    }","lastModifiedDate":"2025-08-28T13:21:49","isFullCredit":false},{"lineNumber":48,"author":{"gitId":"sanjay-shiva-kumar"},"content":"}","lastModifiedDate":"2025-08-28T13:21:49","isFullCredit":false}],"authorContributionMap":{"sanjay-shiva-kumar":48}},{"path":"src/main/java/Todo.java","fileType":"java","lines":[{"lineNumber":1,"author":{"gitId":"sanjay-shiva-kumar"},"content":"public class Todo extends Task {","lastModifiedDate":"2025-09-02T23:21:36","isFullCredit":false},{"lineNumber":2,"author":{"gitId":"sanjay-shiva-kumar"},"content":"    /**","lastModifiedDate":"2025-09-02T23:21:36","isFullCredit":false},{"lineNumber":3,"author":{"gitId":"sanjay-shiva-kumar"},"content":"     * Constructs a Todo task with the given description.","lastModifiedDate":"2025-09-02T23:21:36","isFullCredit":false},{"lineNumber":4,"author":{"gitId":"sanjay-shiva-kumar"},"content":"     *","lastModifiedDate":"2025-09-02T23:21:36","isFullCredit":false},{"lineNumber":5,"author":{"gitId":"sanjay-shiva-kumar"},"content":"     * @param description description of the task","lastModifiedDate":"2025-09-02T23:21:36","isFullCredit":false},{"lineNumber":6,"author":{"gitId":"sanjay-shiva-kumar"},"content":"     */","lastModifiedDate":"2025-09-02T23:21:36","isFullCredit":false},{"lineNumber":7,"author":{"gitId":"sanjay-shiva-kumar"},"content":"    public Todo(String description) {","lastModifiedDate":"2025-09-02T23:21:36","isFullCredit":false},{"lineNumber":8,"author":{"gitId":"sanjay-shiva-kumar"},"content":"        super(description);","lastModifiedDate":"2025-09-02T23:21:36","isFullCredit":false},{"lineNumber":9,"author":{"gitId":"sanjay-shiva-kumar"},"content":"    }","lastModifiedDate":"2025-09-02T23:21:36","isFullCredit":false},{"lineNumber":10,"author":{"gitId":"sanjay-shiva-kumar"},"content":"","lastModifiedDate":"2025-09-02T23:21:36","isFullCredit":false},{"lineNumber":11,"author":{"gitId":"sanjay-shiva-kumar"},"content":"    @Override","lastModifiedDate":"2025-09-02T23:21:36","isFullCredit":false},{"lineNumber":12,"author":{"gitId":"sanjay-shiva-kumar"},"content":"    public String getTaskTypeIcon() {","lastModifiedDate":"2025-09-02T23:21:36","isFullCredit":false},{"lineNumber":13,"author":{"gitId":"sanjay-shiva-kumar"},"content":"        return \"[T]\";","lastModifiedDate":"2025-09-02T23:21:36","isFullCredit":false},{"lineNumber":14,"author":{"gitId":"sanjay-shiva-kumar"},"content":"    }","lastModifiedDate":"2025-09-02T23:21:36","isFullCredit":false},{"lineNumber":15,"author":{"gitId":"sanjay-shiva-kumar"},"content":"}","lastModifiedDate":"2025-09-02T23:21:36","isFullCredit":false}],"authorContributionMap":{"sanjay-shiva-kumar":15}}]
