{"authorDailyContributionsMap":{"sanjay-shiva-kumar":[{"date":"2025-08-22T00:00:00","commitResults":[{"hash":"49f4680484127893968b90288dff0748292a5983","isMergeCommit":false,"messageTitle":"Level-0: Rename Duke.java to Chara.java and update functionality","messageBody":"","tags":["Level-0"],"fileTypesAndContributionMap":{"java":{"insertions":26,"deletions":10}}}]},{"date":"2025-08-27T00:00:00","commitResults":[{"hash":"2d3675eb516bd61c845799b3087adec02515ecf8","isMergeCommit":false,"messageTitle":"Add echo functionality, ASCII art","messageBody":"","tags":["Level-1"],"fileTypesAndContributionMap":{"java":{"insertions":33,"deletions":13}}},{"hash":"390a31bb0c38fae15afb8b1d3b7fcfa2172b6b90","isMergeCommit":false,"messageTitle":"Add Chara character art, personalise dialog, add speaker name for each line","messageBody":"","tags":["Level-1.1"],"fileTypesAndContributionMap":{"java":{"insertions":20,"deletions":7}}},{"hash":"84a9556f7f6583929e117e5188082155f2f9070a","isMergeCommit":false,"messageTitle":"Make intro and outro dialog less aggressive","messageBody":"","tags":["Level-1.2"],"fileTypesAndContributionMap":{"java":{"insertions":2,"deletions":2}}}]},{"date":"2025-08-28T00:00:00","commitResults":[{"hash":"1ddeadd7e2e67eaa0de3ec1e0fc0c7a06a7d491e","isMergeCommit":false,"messageTitle":"Add list and dialog for lists","messageBody":"","tags":["Level-2"],"fileTypesAndContributionMap":{"java":{"insertions":32,"deletions":2}}},{"hash":"1cd1a01f318827d5f287d2ec033708a056e09af6","isMergeCommit":false,"messageTitle":"Fix \"User: \" omission","messageBody":"","tags":["Level-2.1"],"fileTypesAndContributionMap":{"java":{"insertions":1,"deletions":1}}},{"hash":"4dd1ddecf46ac0370845868b98c698ce1162aeb9","isMergeCommit":false,"messageTitle":"Add dog sprite","messageBody":"","tags":["Level-2.2"],"fileTypesAndContributionMap":{"java":{"insertions":34,"deletions":0}}},{"hash":"42b4eee99b340a103795d179bb05e87b229d49be","isMergeCommit":false,"messageTitle":"Add \"Task\" class, add empty status icon","messageBody":"","tags":["Level-2.99"],"fileTypesAndContributionMap":{"java":{"insertions":73,"deletions":48}}}]},{"date":"2025-08-30T00:00:00","commitResults":[{"hash":"072975c5d40f4a6c525a0a45bd4b2013313417e9","isMergeCommit":false,"messageTitle":"Add mark and unmark as done functionality","messageBody":"","tags":["Level-3","A-CodingStandard"],"fileTypesAndContributionMap":{"java":{"insertions":42,"deletions":16}}}]},{"date":"2025-09-02T00:00:00","commitResults":[{"hash":"53299d97a86b11123d894f1be7ef19e355e75e0b","isMergeCommit":false,"messageTitle":"Add Todo, Deadline, and Event classes with inheritance","messageBody":"Introduce subclasses Todo, Deadline, and Event that extend Task.\nRefactor code to use inheritance and polymorphism.\nAdd Javadoc comments for all public classes and methods.\n","tags":["Level-4","A-Inheritance","A-CodeQuality"],"fileTypesAndContributionMap":{"java":{"insertions":251,"deletions":74}}}]},{"date":"2025-09-13T00:00:00","commitResults":[{"hash":"591d58d5db40a030956e09d157031aa992d50f5a","isMergeCommit":false,"messageTitle":"Add custom exceptions and refactor error handling in Chara","messageBody":"","fileTypesAndContributionMap":{"java":{"insertions":110,"deletions":47}}},{"hash":"f273026207b1f0b11e43cdfa1f5799c3bdc938ec","isMergeCommit":true,"messageTitle":"Merge branch \u0027branch-Level-5\u0027","messageBody":"","tags":["Level-5","A-Exceptions"],"fileTypesAndContributionMap":{}},{"hash":"a1e6fee00e013f0d9a0f8b05fdb5032b0551b7db","isMergeCommit":false,"messageTitle":"Organise classes into packages","messageBody":"","fileTypesAndContributionMap":{"java":{"insertions":43,"deletions":16}}},{"hash":"f1e348dc33330e357816aa6f237d0243f1555c3a","isMergeCommit":true,"messageTitle":"Merge branch \u0027branch-A-Packages\u0027","messageBody":"","tags":["A-Packages"],"fileTypesAndContributionMap":{}}]},{"date":"2025-09-19T00:00:00","commitResults":[{"hash":"f6932247e09518ab4984acbfb42ef6d06f79197c","isMergeCommit":false,"messageTitle":"Switch task storage to ArrayList","messageBody":"","tags":["A-Collections"],"fileTypesAndContributionMap":{"java":{"insertions":34,"deletions":27}}},{"hash":"257098b3f937f0f1f7717f68429892ca5109e84f","isMergeCommit":false,"messageTitle":"Implement task deletion feature","messageBody":"","fileTypesAndContributionMap":{"java":{"insertions":108,"deletions":43}}},{"hash":"1722ab10cc8ce6fe2660ab83686bd012e2858823","isMergeCommit":false,"messageTitle":"Implement persistent task storage: auto-save and load tasks from data/chara.txt","messageBody":"","fileTypesAndContributionMap":{"java":{"insertions":147,"deletions":0}}},{"hash":"7747af2eb6c60d827aa7ddc552df9c1473259195","isMergeCommit":true,"messageTitle":"Merge branch \u0027branch-Level-6\u0027","messageBody":"","tags":["Level-6"],"fileTypesAndContributionMap":{}},{"hash":"a8e042c90f72d51432fcd9a85e779cdf522551c3","isMergeCommit":true,"messageTitle":"Merge branch \u0027branch-Level-7\u0027","messageBody":"# Conflicts:\n#\tsrc/main/java/chara/Chara.java\n","fileTypesAndContributionMap":{}},{"hash":"5cfbf1502c0b8ef7f8d858293aebec34b36d1864","isMergeCommit":false,"messageTitle":"Fix Storage.load to correctly parse new save file format with by:/from:/to:","messageBody":"","tags":["Level-7","A-Jar"],"fileTypesAndContributionMap":{"java":{"insertions":48,"deletions":25}}}]}]},"authorFileTypeContributionMap":{"sanjay-shiva-kumar":{"java":680,"md":0,"fxml":0,"sh":0,"bat":0,"gradle":0,"txt":0}},"authorContributionVariance":{"sanjay-shiva-kumar":8012.2783},"authorDisplayNameMap":{"sanjay-shiva-kumar":"CS2113-W12-4 SANJ..UMAR"}}
