{"authorDailyContributionsMap":{"sanjay-shiva-kumar":[{"date":"2025-08-22T00:00:00","commitResults":[{"hash":"49f4680484127893968b90288dff0748292a5983","isMergeCommit":false,"messageTitle":"Level-0: Rename Duke.java to Chara.java and update functionality","messageBody":"","tags":["Level-0"],"fileTypesAndContributionMap":{"java":{"insertions":26,"deletions":10}}}]},{"date":"2025-08-27T00:00:00","commitResults":[{"hash":"2d3675eb516bd61c845799b3087adec02515ecf8","isMergeCommit":false,"messageTitle":"Add echo functionality, ASCII art","messageBody":"","tags":["Level-1"],"fileTypesAndContributionMap":{"java":{"insertions":33,"deletions":13}}},{"hash":"390a31bb0c38fae15afb8b1d3b7fcfa2172b6b90","isMergeCommit":false,"messageTitle":"Add Chara character art, personalise dialog, add speaker name for each line","messageBody":"","tags":["Level-1.1"],"fileTypesAndContributionMap":{"java":{"insertions":20,"deletions":7}}},{"hash":"84a9556f7f6583929e117e5188082155f2f9070a","isMergeCommit":false,"messageTitle":"Make intro and outro dialog less aggressive","messageBody":"","tags":["Level-1.2"],"fileTypesAndContributionMap":{"java":{"insertions":2,"deletions":2}}}]},{"date":"2025-08-28T00:00:00","commitResults":[{"hash":"1ddeadd7e2e67eaa0de3ec1e0fc0c7a06a7d491e","isMergeCommit":false,"messageTitle":"Add list and dialog for lists","messageBody":"","tags":["Level-2"],"fileTypesAndContributionMap":{"java":{"insertions":32,"deletions":2}}},{"hash":"1cd1a01f318827d5f287d2ec033708a056e09af6","isMergeCommit":false,"messageTitle":"Fix \"User: \" omission","messageBody":"","tags":["Level-2.1"],"fileTypesAndContributionMap":{"java":{"insertions":1,"deletions":1}}},{"hash":"4dd1ddecf46ac0370845868b98c698ce1162aeb9","isMergeCommit":false,"messageTitle":"Add dog sprite","messageBody":"","tags":["Level-2.2"],"fileTypesAndContributionMap":{"java":{"insertions":34,"deletions":0}}},{"hash":"42b4eee99b340a103795d179bb05e87b229d49be","isMergeCommit":false,"messageTitle":"Add \"Task\" class, add empty status icon","messageBody":"","tags":["Level-2.99"],"fileTypesAndContributionMap":{"java":{"insertions":73,"deletions":48}}}]},{"date":"2025-08-30T00:00:00","commitResults":[{"hash":"072975c5d40f4a6c525a0a45bd4b2013313417e9","isMergeCommit":false,"messageTitle":"Add mark and unmark as done functionality","messageBody":"","tags":["Level-3"],"fileTypesAndContributionMap":{"java":{"insertions":42,"deletions":16}}}]}]},"authorFileTypeContributionMap":{"sanjay-shiva-kumar":{"java":174,"md":0,"fxml":0,"sh":0,"bat":0,"gradle":0,"txt":0}},"authorContributionVariance":{"sanjay-shiva-kumar":1798.8013},"authorDisplayNameMap":{"sanjay-shiva-kumar":"CS2113-W12-4 SANJ..UMAR"}}
