[{"path":"src/main/java/Task.java","fileType":"java","lines":[{"lineNumber":1,"author":{"gitId":"ycdaniel326"},"content":"public class Task {","lastModifiedDate":"2025-08-28T16:47:40","isFullCredit":false},{"lineNumber":2,"author":{"gitId":"ycdaniel326"},"content":"    protected String description;","lastModifiedDate":"2025-08-28T16:47:40","isFullCredit":false},{"lineNumber":3,"author":{"gitId":"ycdaniel326"},"content":"    protected boolean isDone;","lastModifiedDate":"2025-08-28T16:47:40","isFullCredit":false},{"lineNumber":4,"author":{"gitId":"ycdaniel326"},"content":"","lastModifiedDate":"2025-08-28T16:47:40","isFullCredit":false},{"lineNumber":5,"author":{"gitId":"ycdaniel326"},"content":"    public Task(String description) {","lastModifiedDate":"2025-08-28T16:47:40","isFullCredit":false},{"lineNumber":6,"author":{"gitId":"ycdaniel326"},"content":"        this.description \u003d description;","lastModifiedDate":"2025-08-28T16:47:40","isFullCredit":false},{"lineNumber":7,"author":{"gitId":"ycdaniel326"},"content":"        this.isDone \u003d false;","lastModifiedDate":"2025-08-28T16:47:40","isFullCredit":false},{"lineNumber":8,"author":{"gitId":"ycdaniel326"},"content":"    }","lastModifiedDate":"2025-08-28T16:47:40","isFullCredit":false},{"lineNumber":9,"author":{"gitId":"ycdaniel326"},"content":"","lastModifiedDate":"2025-08-28T16:47:40","isFullCredit":false},{"lineNumber":10,"author":{"gitId":"ycdaniel326"},"content":"    public String getStatusIcon() {","lastModifiedDate":"2025-08-28T16:47:40","isFullCredit":false},{"lineNumber":11,"author":{"gitId":"ycdaniel326"},"content":"        return (isDone ? \"X\" : \" \"); // mark done task with X","lastModifiedDate":"2025-08-28T16:47:40","isFullCredit":false},{"lineNumber":12,"author":{"gitId":"ycdaniel326"},"content":"    }","lastModifiedDate":"2025-08-28T16:47:40","isFullCredit":false},{"lineNumber":13,"author":{"gitId":"ycdaniel326"},"content":"","lastModifiedDate":"2025-08-28T16:47:40","isFullCredit":false},{"lineNumber":14,"author":{"gitId":"ycdaniel326"},"content":"    public void markAsDone() {","lastModifiedDate":"2025-08-28T16:47:40","isFullCredit":false},{"lineNumber":15,"author":{"gitId":"ycdaniel326"},"content":"        isDone \u003d true;","lastModifiedDate":"2025-08-28T16:47:40","isFullCredit":false},{"lineNumber":16,"author":{"gitId":"ycdaniel326"},"content":"    }","lastModifiedDate":"2025-08-28T16:47:40","isFullCredit":false},{"lineNumber":17,"author":{"gitId":"ycdaniel326"},"content":"","lastModifiedDate":"2025-08-28T16:47:40","isFullCredit":false},{"lineNumber":18,"author":{"gitId":"ycdaniel326"},"content":"    public void markAsNotDone() {","lastModifiedDate":"2025-08-28T16:47:40","isFullCredit":false},{"lineNumber":19,"author":{"gitId":"ycdaniel326"},"content":"        isDone \u003d false;","lastModifiedDate":"2025-08-28T16:47:40","isFullCredit":false},{"lineNumber":20,"author":{"gitId":"ycdaniel326"},"content":"    }","lastModifiedDate":"2025-08-28T16:47:40","isFullCredit":false},{"lineNumber":21,"author":{"gitId":"ycdaniel326"},"content":"","lastModifiedDate":"2025-08-28T16:47:40","isFullCredit":false},{"lineNumber":22,"author":{"gitId":"ycdaniel326"},"content":"    public String getDescription() {","lastModifiedDate":"2025-08-28T16:47:40","isFullCredit":false},{"lineNumber":23,"author":{"gitId":"ycdaniel326"},"content":"        return description;","lastModifiedDate":"2025-08-28T16:47:40","isFullCredit":false},{"lineNumber":24,"author":{"gitId":"ycdaniel326"},"content":"    }","lastModifiedDate":"2025-08-28T16:47:40","isFullCredit":false},{"lineNumber":25,"author":{"gitId":"ycdaniel326"},"content":"","lastModifiedDate":"2025-08-28T16:47:40","isFullCredit":false},{"lineNumber":26,"author":{"gitId":"ycdaniel326"},"content":"    public boolean isDone() {","lastModifiedDate":"2025-08-28T16:47:40","isFullCredit":false},{"lineNumber":27,"author":{"gitId":"ycdaniel326"},"content":"        return isDone;","lastModifiedDate":"2025-08-28T16:47:40","isFullCredit":false},{"lineNumber":28,"author":{"gitId":"ycdaniel326"},"content":"    }","lastModifiedDate":"2025-08-28T16:47:40","isFullCredit":false},{"lineNumber":29,"author":{"gitId":"ycdaniel326"},"content":"","lastModifiedDate":"2025-08-28T16:47:40","isFullCredit":false},{"lineNumber":30,"author":{"gitId":"ycdaniel326"},"content":"}","lastModifiedDate":"2025-08-28T16:47:40","isFullCredit":false}],"authorContributionMap":{"ycdaniel326":30}},{"path":"src/main/java/YC.java","fileType":"java","lines":[{"lineNumber":1,"author":{"gitId":"ycdaniel326"},"content":"import java.util.Scanner;","lastModifiedDate":"2025-08-28T15:02:23","isFullCredit":false},{"lineNumber":2,"author":{"gitId":"ycdaniel326"},"content":"public class YC {","lastModifiedDate":"2025-08-26T02:29:33","isFullCredit":false},{"lineNumber":3,"author":{"gitId":"ycdaniel326"},"content":"    public static void main(String[] args) {","lastModifiedDate":"2025-08-26T02:29:33","isFullCredit":false},{"lineNumber":4,"author":{"gitId":"ycdaniel326"},"content":"        String bot_Name \u003d \"YC\";","lastModifiedDate":"2025-08-26T02:29:33","isFullCredit":false},{"lineNumber":5,"author":{"gitId":"ycdaniel326"},"content":"        Scanner scanner \u003d new Scanner(System.in);","lastModifiedDate":"2025-08-28T15:02:23","isFullCredit":false},{"lineNumber":6,"author":{"gitId":"ycdaniel326"},"content":"        String userCommand;","lastModifiedDate":"2025-08-28T15:02:23","isFullCredit":false},{"lineNumber":7,"author":{"gitId":"ycdaniel326"},"content":"        Task[] commandList \u003d new Task[100];","lastModifiedDate":"2025-08-28T16:49:22","isFullCredit":false},{"lineNumber":8,"author":{"gitId":"ycdaniel326"},"content":"        int totalCommands \u003d 0;","lastModifiedDate":"2025-08-28T16:02:43","isFullCredit":false},{"lineNumber":9,"author":{"gitId":"ycdaniel326"},"content":"","lastModifiedDate":"2025-08-28T15:02:23","isFullCredit":false},{"lineNumber":10,"author":{"gitId":"ycdaniel326"},"content":"        displayWelcomeMessage(bot_Name);","lastModifiedDate":"2025-09-02T03:11:01","isFullCredit":false},{"lineNumber":11,"author":{"gitId":"ycdaniel326"},"content":"","lastModifiedDate":"2025-08-28T15:02:23","isFullCredit":false},{"lineNumber":12,"author":{"gitId":"ycdaniel326"},"content":"        while (true) {","lastModifiedDate":"2025-08-28T15:02:23","isFullCredit":false},{"lineNumber":13,"author":{"gitId":"ycdaniel326"},"content":"            userCommand \u003d scanner.nextLine();","lastModifiedDate":"2025-08-28T15:02:23","isFullCredit":false},{"lineNumber":14,"author":{"gitId":"ycdaniel326"},"content":"            if (userCommand.equalsIgnoreCase(\"bye\")) {","lastModifiedDate":"2025-08-28T15:02:23","isFullCredit":false},{"lineNumber":15,"author":{"gitId":"ycdaniel326"},"content":"                displayByeMessage();","lastModifiedDate":"2025-09-02T03:11:01","isFullCredit":false},{"lineNumber":16,"author":{"gitId":"ycdaniel326"},"content":"                break;","lastModifiedDate":"2025-08-28T15:02:23","isFullCredit":false},{"lineNumber":17,"author":{"gitId":"ycdaniel326"},"content":"            }","lastModifiedDate":"2025-08-28T15:02:23","isFullCredit":false},{"lineNumber":18,"author":{"gitId":"ycdaniel326"},"content":"            if (userCommand.equalsIgnoreCase(\"list\")) {","lastModifiedDate":"2025-08-28T16:02:43","isFullCredit":false},{"lineNumber":19,"author":{"gitId":"ycdaniel326"},"content":"                System.out.println(\"\\t\" + \"____________________________________________________________\");","lastModifiedDate":"2025-08-28T15:02:23","isFullCredit":false},{"lineNumber":20,"author":{"gitId":"ycdaniel326"},"content":"                for  (int i \u003d 0; i \u003c totalCommands; i++) {","lastModifiedDate":"2025-08-28T16:02:43","isFullCredit":false},{"lineNumber":21,"author":{"gitId":"ycdaniel326"},"content":"                    System.out.println(\"\\t\" + (i+1) + \".[\" + commandList[i].getStatusIcon() + \"] \" +","lastModifiedDate":"2025-08-28T16:49:22","isFullCredit":false},{"lineNumber":22,"author":{"gitId":"ycdaniel326"},"content":"                            commandList[i].getDescription());","lastModifiedDate":"2025-08-28T16:49:22","isFullCredit":false},{"lineNumber":23,"author":{"gitId":"ycdaniel326"},"content":"                }","lastModifiedDate":"2025-08-28T16:02:43","isFullCredit":false},{"lineNumber":24,"author":{"gitId":"ycdaniel326"},"content":"                System.out.println(\"\\t\" + \"____________________________________________________________\" + \"\\n\");","lastModifiedDate":"2025-08-28T15:02:23","isFullCredit":false},{"lineNumber":25,"author":{"gitId":"ycdaniel326"},"content":"            }","lastModifiedDate":"2025-08-28T16:02:43","isFullCredit":false},{"lineNumber":26,"author":{"gitId":"ycdaniel326"},"content":"","lastModifiedDate":"2025-08-28T16:49:22","isFullCredit":false},{"lineNumber":27,"author":{"gitId":"ycdaniel326"},"content":"            else if (userCommand.toLowerCase().startsWith(\"mark\")) {","lastModifiedDate":"2025-08-28T16:49:22","isFullCredit":false},{"lineNumber":28,"author":{"gitId":"ycdaniel326"},"content":"                int taskIndex \u003d Integer.parseInt(userCommand.split(\" \")[1]) - 1;","lastModifiedDate":"2025-08-28T16:49:22","isFullCredit":false},{"lineNumber":29,"author":{"gitId":"ycdaniel326"},"content":"                commandList[taskIndex].markAsDone();","lastModifiedDate":"2025-08-28T16:49:22","isFullCredit":false},{"lineNumber":30,"author":{"gitId":"ycdaniel326"},"content":"                System.out.println(\"\\t\" + \"____________________________________________________________\");","lastModifiedDate":"2025-08-28T16:49:22","isFullCredit":false},{"lineNumber":31,"author":{"gitId":"ycdaniel326"},"content":"                System.out.println(\"\\t\" + \"Nice! I\u0027ve marked this task as done:\");","lastModifiedDate":"2025-08-28T16:49:22","isFullCredit":false},{"lineNumber":32,"author":{"gitId":"ycdaniel326"},"content":"                System.out.println(\"\\t\\t\" + \"[X] \" + commandList[taskIndex].getDescription());","lastModifiedDate":"2025-08-28T16:49:22","isFullCredit":false},{"lineNumber":33,"author":{"gitId":"ycdaniel326"},"content":"                System.out.println(\"\\t\" + \"____________________________________________________________\" + \"\\n\");","lastModifiedDate":"2025-08-28T16:49:22","isFullCredit":false},{"lineNumber":34,"author":{"gitId":"ycdaniel326"},"content":"            }","lastModifiedDate":"2025-08-28T16:49:22","isFullCredit":false},{"lineNumber":35,"author":{"gitId":"ycdaniel326"},"content":"","lastModifiedDate":"2025-08-28T16:49:22","isFullCredit":false},{"lineNumber":36,"author":{"gitId":"ycdaniel326"},"content":"            else if (userCommand.toLowerCase().startsWith(\"unmark\")) {","lastModifiedDate":"2025-08-28T16:49:22","isFullCredit":false},{"lineNumber":37,"author":{"gitId":"ycdaniel326"},"content":"                int taskIndex \u003d Integer.parseInt(userCommand.split(\" \")[1]) - 1;","lastModifiedDate":"2025-08-28T16:49:22","isFullCredit":false},{"lineNumber":38,"author":{"gitId":"ycdaniel326"},"content":"                commandList[taskIndex].markAsNotDone();","lastModifiedDate":"2025-08-28T16:49:22","isFullCredit":false},{"lineNumber":39,"author":{"gitId":"ycdaniel326"},"content":"                System.out.println(\"\\t\" + \"____________________________________________________________\");","lastModifiedDate":"2025-08-28T16:49:22","isFullCredit":false},{"lineNumber":40,"author":{"gitId":"ycdaniel326"},"content":"                System.out.println(\"\\t\" + \"OK, I\u0027ve marked this task as not done yet:\");","lastModifiedDate":"2025-08-28T16:49:22","isFullCredit":false},{"lineNumber":41,"author":{"gitId":"ycdaniel326"},"content":"                System.out.println(\"\\t\\t\" + \"[ ] \" + commandList[taskIndex].getDescription());","lastModifiedDate":"2025-08-28T16:49:22","isFullCredit":false},{"lineNumber":42,"author":{"gitId":"ycdaniel326"},"content":"                System.out.println(\"\\t\" + \"____________________________________________________________\" + \"\\n\");","lastModifiedDate":"2025-08-28T16:49:22","isFullCredit":false},{"lineNumber":43,"author":{"gitId":"ycdaniel326"},"content":"            }","lastModifiedDate":"2025-08-28T16:49:22","isFullCredit":false},{"lineNumber":44,"author":{"gitId":"ycdaniel326"},"content":"","lastModifiedDate":"2025-08-28T16:49:22","isFullCredit":false},{"lineNumber":45,"author":{"gitId":"ycdaniel326"},"content":"            else {","lastModifiedDate":"2025-08-28T16:02:43","isFullCredit":false},{"lineNumber":46,"author":{"gitId":"ycdaniel326"},"content":"                commandList[totalCommands] \u003d new Task(userCommand);","lastModifiedDate":"2025-08-28T16:49:22","isFullCredit":false},{"lineNumber":47,"author":{"gitId":"ycdaniel326"},"content":"                totalCommands++;","lastModifiedDate":"2025-08-28T16:02:43","isFullCredit":false},{"lineNumber":48,"author":{"gitId":"ycdaniel326"},"content":"                System.out.println(\"\\t\" + \"____________________________________________________________\");","lastModifiedDate":"2025-08-28T16:02:43","isFullCredit":false},{"lineNumber":49,"author":{"gitId":"ycdaniel326"},"content":"                System.out.println(\"\\t\" + \"added: \" + userCommand);","lastModifiedDate":"2025-08-28T16:49:22","isFullCredit":false},{"lineNumber":50,"author":{"gitId":"ycdaniel326"},"content":"                System.out.println(\"\\t\" + \"____________________________________________________________\" + \"\\n\");","lastModifiedDate":"2025-08-28T16:02:43","isFullCredit":false},{"lineNumber":51,"author":{"gitId":"ycdaniel326"},"content":"            }","lastModifiedDate":"2025-08-28T16:02:43","isFullCredit":false},{"lineNumber":52,"author":{"gitId":"ycdaniel326"},"content":"","lastModifiedDate":"2025-08-28T15:02:23","isFullCredit":false},{"lineNumber":53,"author":{"gitId":"ycdaniel326"},"content":"        }","lastModifiedDate":"2025-08-28T15:02:23","isFullCredit":false},{"lineNumber":54,"author":{"gitId":"ycdaniel326"},"content":"    }","lastModifiedDate":"2025-08-26T02:29:33","isFullCredit":false},{"lineNumber":55,"author":{"gitId":"ycdaniel326"},"content":"","lastModifiedDate":"2025-09-02T03:11:01","isFullCredit":false},{"lineNumber":56,"author":{"gitId":"ycdaniel326"},"content":"","lastModifiedDate":"2025-09-02T03:11:01","isFullCredit":false},{"lineNumber":57,"author":{"gitId":"ycdaniel326"},"content":"    private static void displayWelcomeMessage(String bot_Name) {","lastModifiedDate":"2025-09-02T03:11:01","isFullCredit":false},{"lineNumber":58,"author":{"gitId":"ycdaniel326"},"content":"        System.out.println(\"\\t\" + \"____________________________________________________________\");","lastModifiedDate":"2025-09-02T03:11:01","isFullCredit":false},{"lineNumber":59,"author":{"gitId":"ycdaniel326"},"content":"        System.out.println(\"\\t\" + \"Hello! I\u0027m \" + bot_Name);","lastModifiedDate":"2025-09-02T03:11:01","isFullCredit":false},{"lineNumber":60,"author":{"gitId":"ycdaniel326"},"content":"        System.out.println(\"\\t\" + \"What can I do for you?\");","lastModifiedDate":"2025-09-02T03:11:01","isFullCredit":false},{"lineNumber":61,"author":{"gitId":"ycdaniel326"},"content":"        System.out.println(\"\\t\" + \"____________________________________________________________\" + \"\\n\");","lastModifiedDate":"2025-09-02T03:11:01","isFullCredit":false},{"lineNumber":62,"author":{"gitId":"ycdaniel326"},"content":"    }","lastModifiedDate":"2025-09-02T03:11:01","isFullCredit":false},{"lineNumber":63,"author":{"gitId":"ycdaniel326"},"content":"","lastModifiedDate":"2025-09-02T03:11:01","isFullCredit":false},{"lineNumber":64,"author":{"gitId":"ycdaniel326"},"content":"    private static void displayByeMessage() {","lastModifiedDate":"2025-09-02T03:11:01","isFullCredit":false},{"lineNumber":65,"author":{"gitId":"ycdaniel326"},"content":"        System.out.println(\"\\t\" + \"____________________________________________________________\");","lastModifiedDate":"2025-09-02T03:11:01","isFullCredit":false},{"lineNumber":66,"author":{"gitId":"ycdaniel326"},"content":"        System.out.println(\"\\t\" + \"Bye. Hope to see you again soon!\");","lastModifiedDate":"2025-09-02T03:11:01","isFullCredit":false},{"lineNumber":67,"author":{"gitId":"ycdaniel326"},"content":"        System.out.println(\"\\t\" + \"____________________________________________________________\" + \"\\n\");","lastModifiedDate":"2025-09-02T03:11:01","isFullCredit":false},{"lineNumber":68,"author":{"gitId":"ycdaniel326"},"content":"    }","lastModifiedDate":"2025-09-02T03:11:01","isFullCredit":false},{"lineNumber":69,"author":{"gitId":"ycdaniel326"},"content":"}","lastModifiedDate":"2025-08-26T02:29:33","isFullCredit":false}],"authorContributionMap":{"ycdaniel326":69}}]
