{"authorDailyContributionsMap":{"ycdaniel326":[{"date":"2025-08-26T00:00:00","commitResults":[{"hash":"64dcd3ac6b474adf4cd43b209131217e8202133f","isMergeCommit":false,"messageTitle":"Renamed the filename to be YC and changed the bot name to YC. Added codes for greeting and exitting","messageBody":"","tags":["Level-0"],"fileTypesAndContributionMap":{"java":{"insertions":8,"deletions":0}}}]},{"date":"2025-08-28T00:00:00","commitResults":[{"hash":"21f52eb1b25ac67fee209055cd8e4e8976b94b3c","isMergeCommit":false,"messageTitle":"Added Level 1-1 Echo","messageBody":"","tags":["Level-1"],"fileTypesAndContributionMap":{"java":{"insertions":22,"deletions":3}}},{"hash":"ba490dfb1b9210602c0b430662866a13ca53f9dd","isMergeCommit":false,"messageTitle":"Added the list to store users\u0027 commands and ability to list out the commands.","messageBody":"","tags":["Level-2"],"fileTypesAndContributionMap":{"java":{"insertions":16,"deletions":3}}},{"hash":"fcdd05963fe7cd656be2c183c938246c0f5eb094","isMergeCommit":false,"messageTitle":"Created the class Task for user input","messageBody":"","fileTypesAndContributionMap":{"java":{"insertions":30,"deletions":0}}},{"hash":"2ac8f1f15efcf80d8435ec7febec8d1c656dddb7","isMergeCommit":false,"messageTitle":"Replaced the command list array to be class Task. Added the function of marking and unmarking tasks.","messageBody":"","tags":["Level-3","A-CodingStandard"],"fileTypesAndContributionMap":{"java":{"insertions":24,"deletions":4}}}]},{"date":"2025-09-02T00:00:00","commitResults":[{"hash":"b11f05e8ab7e9419a8b6c33f4815b1bd8ff514cf","isMergeCommit":false,"messageTitle":"Added displayWelcomeMessage and displayByeMessage for printing the welcome and exit messages","messageBody":"","fileTypesAndContributionMap":{"java":{"insertions":16,"deletions":7}}}]},{"date":"2025-09-05T00:00:00","commitResults":[{"hash":"d2b8675dffbc7e3eb9c6112cd5515990b15197c9","isMergeCommit":false,"messageTitle":"Added the classes Deadline, Event, Todo for handling the respective tasks entry. Amended slightly the coding format.","messageBody":"","tags":["Level-4"],"fileTypesAndContributionMap":{"java":{"insertions":97,"deletions":8}}},{"hash":"90d6179d28de9b6ffe95b767ef2145904e63efb6","isMergeCommit":false,"messageTitle":"Refactor and add separate methods for each cases at the end to make the if clauses more readable.","messageBody":"","tags":["A-CodeQuality"],"fileTypesAndContributionMap":{"java":{"insertions":81,"deletions":55}}}]}]},"authorFileTypeContributionMap":{"ycdaniel326":{"java":214,"md":0,"fxml":0,"sh":0,"bat":0,"gradle":0,"txt":0}},"authorContributionVariance":{"ycdaniel326":2215.6792},"authorDisplayNameMap":{"ycdaniel326":"CS2113-T10-3 CHIU.. CHI"}}
