{"authorDailyContributionsMap":{"HiewTheG":[{"date":"2025-08-28T00:00:00","commitResults":[{"hash":"7a961ebda6ce5aa9876925d3631bcb31caa1251a","isMergeCommit":false,"messageTitle":"Changed class name to MyG","messageBody":"","fileTypesAndContributionMap":{"java":{"insertions":1,"deletions":1}}},{"hash":"d3e32093c8815f56c0b70d4135cc2d705c801c1c","isMergeCommit":false,"messageTitle":"Change file name","messageBody":"","fileTypesAndContributionMap":{"java":{"insertions":0,"deletions":0}}},{"hash":"7910e2d0d5c4b647f4b89d223f0e4de692ab0f32","isMergeCommit":false,"messageTitle":"Replaced Duke with MyG intro","messageBody":"","fileTypesAndContributionMap":{"java":{"insertions":7,"deletions":6}}},{"hash":"38663c56d75d0a60aef10d7a2a943355bee33399","isMergeCommit":false,"messageTitle":"Removed Duke output","messageBody":"","fileTypesAndContributionMap":{"java":{"insertions":1,"deletions":1}}},{"hash":"e5b18449d8a72347176f1c8b7e69738fc6d9e0c8","isMergeCommit":false,"messageTitle":"Updated chatbot intro name","messageBody":"","tags":["Level-0"],"fileTypesAndContributionMap":{"java":{"insertions":1,"deletions":1}}}]},{"date":"2025-09-03T00:00:00","commitResults":[{"hash":"0a4d4550c72f59a35e737961f520bf8f2a9f01f6","isMergeCommit":false,"messageTitle":"Added echo function to chatbot","messageBody":"","tags":["Level-1"],"fileTypesAndContributionMap":{"java":{"insertions":33,"deletions":5}}},{"hash":"a1ede30e45e0f2f699d28898a7f8a0a724f97b50","isMergeCommit":false,"messageTitle":"Added storage and returning ability to chatbot","messageBody":"","tags":["Level-2"],"fileTypesAndContributionMap":{"java":{"insertions":26,"deletions":4}}}]},{"date":"2025-09-16T00:00:00","commitResults":[{"hash":"62f9c95dc104e90cbc655e9549aafdde81b05618","isMergeCommit":false,"messageTitle":"Created new Task class","messageBody":"","fileTypesAndContributionMap":{"java":{"insertions":6,"deletions":0}}},{"hash":"315303726810554167e302b9070e2f80559d9a90","isMergeCommit":false,"messageTitle":"Changed storage for list of task to dynamic","messageBody":"","fileTypesAndContributionMap":{"java":{"insertions":3,"deletions":2}}},{"hash":"1240bd78f76c077c4c0338ef4de1b1095ea26a2a","isMergeCommit":false,"messageTitle":"Changed storage for list of tasks back to 100","messageBody":"","fileTypesAndContributionMap":{"java":{"insertions":1,"deletions":2}}},{"hash":"fdbb10982a9a978d736d46dff843e141f7acd08d","isMergeCommit":false,"messageTitle":"Added members and functions in Task class","messageBody":"","fileTypesAndContributionMap":{"java":{"insertions":19,"deletions":0}}},{"hash":"e949adbbde359e8d302b207f7a34ecfb7a040829","isMergeCommit":false,"messageTitle":"Added mark task as done function","messageBody":"","fileTypesAndContributionMap":{"java":{"insertions":26,"deletions":7}}},{"hash":"7232e89c612e9f0dbaccce35ced3a5d6b0c8ae92","isMergeCommit":false,"messageTitle":"Updated comments to improve readability","messageBody":"","fileTypesAndContributionMap":{"java":{"insertions":19,"deletions":10}}},{"hash":"5b0be5738bb0e02a9a98782ced554de88d7d24d5","isMergeCommit":false,"messageTitle":"Added unmarking a task function","messageBody":"","tags":["Level-3"],"fileTypesAndContributionMap":{"java":{"insertions":17,"deletions":0}}},{"hash":"8f1d2c006d4822829825c402d7d67bc8ac2fbc90","isMergeCommit":false,"messageTitle":"Changed introduction text","messageBody":"","tags":["A-CodingStandard"],"fileTypesAndContributionMap":{"java":{"insertions":1,"deletions":1}}},{"hash":"e997e6317f3d08ad16f144d1331834cc4c8a177d","isMergeCommit":false,"messageTitle":"Created Todo class extending Task","messageBody":"","fileTypesAndContributionMap":{"java":{"insertions":5,"deletions":0}}},{"hash":"67166e4a51c8cb0dfe9a858d7c05f5f526aaed71","isMergeCommit":false,"messageTitle":"Created Deadline and Event classes","messageBody":"","fileTypesAndContributionMap":{"java":{"insertions":4,"deletions":0}}},{"hash":"6fff847769281850d71609db91bff1958154e181","isMergeCommit":false,"messageTitle":"Updated Deadline class","messageBody":"","fileTypesAndContributionMap":{"java":{"insertions":12,"deletions":1}}},{"hash":"1c83edc083436053d954203250adf8b2e92dc5c7","isMergeCommit":false,"messageTitle":"Updated Event class","messageBody":"","fileTypesAndContributionMap":{"java":{"insertions":15,"deletions":1}}},{"hash":"2e73f966ea98e017da968f82b673849f001ccaa5","isMergeCommit":false,"messageTitle":"Updated Task class","messageBody":"","fileTypesAndContributionMap":{"java":{"insertions":6,"deletions":0}}},{"hash":"2060f4935d4dca7c6fe92418c515931d84245168","isMergeCommit":false,"messageTitle":"Updated Todo class","messageBody":"","fileTypesAndContributionMap":{"java":{"insertions":5,"deletions":0}}},{"hash":"47cc1343d758e4c355b4cf91f497f620766c3a8c","isMergeCommit":false,"messageTitle":"Added ToDo, Event and Deadline functions","messageBody":"","tags":["Level-4"],"fileTypesAndContributionMap":{"java":{"insertions":51,"deletions":27}}}]},{"date":"2025-09-17T00:00:00","commitResults":[{"hash":"e576873fc0447d506148a941ccd63d54795c55c1","isMergeCommit":false,"messageTitle":"Created new MyGException class","messageBody":"","tags":["A-CodeQuality"],"fileTypesAndContributionMap":{"java":{"insertions":5,"deletions":0}}}]},{"date":"2025-09-18T00:00:00","commitResults":[{"hash":"3595f24147870098f6f10b6792c7d69f85e2f626","isMergeCommit":false,"messageTitle":"Added exception handling in Task class","messageBody":"","fileTypesAndContributionMap":{"java":{"insertions":4,"deletions":1}}},{"hash":"575993f88183b1b638df55c5465e942ec66f3100","isMergeCommit":false,"messageTitle":"Added exception handling in Deadline class","messageBody":"","fileTypesAndContributionMap":{"java":{"insertions":4,"deletions":1}}},{"hash":"d68aad75dce6fff91359722498181d219ee73bb3","isMergeCommit":false,"messageTitle":"Added exception handling for Event class","messageBody":"","fileTypesAndContributionMap":{"java":{"insertions":4,"deletions":1}}}]},{"date":"2025-10-01T00:00:00","commitResults":[{"hash":"e1b9b32022235260fc434765e0098e9f1e40b995","isMergeCommit":false,"messageTitle":"Added exception handling for Task class","messageBody":"","fileTypesAndContributionMap":{"java":{"insertions":2,"deletions":2}}},{"hash":"0c39d6bdb0300c6448cf8e17b13efa5237d9629e","isMergeCommit":false,"messageTitle":"Added exception handling for Todo class","messageBody":"","fileTypesAndContributionMap":{"java":{"insertions":1,"deletions":1}}},{"hash":"953394c8878bbd241ba787a10f95263f4d4d2ab1","isMergeCommit":false,"messageTitle":"Added exception handling for Deadline class","messageBody":"","tags":["A-Collections"],"fileTypesAndContributionMap":{"java":{"insertions":2,"deletions":2}}},{"hash":"7f87325511612eee9e66e30914ea9e2cd8c07efe","isMergeCommit":false,"messageTitle":"Updated exception handling to Event class","messageBody":"","tags":["A-Exceptions"],"fileTypesAndContributionMap":{"java":{"insertions":3,"deletions":3}}},{"hash":"0a5ff52cf45adbbd6e6db559c79fc8921e9941b5","isMergeCommit":false,"messageTitle":"Updated exception handling for MyG","messageBody":"","fileTypesAndContributionMap":{"java":{"insertions":115,"deletions":83}}},{"hash":"349151c996eeee8c00f7d152148d2befcc147663","isMergeCommit":true,"messageTitle":"Merge Level-5 into master","messageBody":"","tags":["Level-5"],"fileTypesAndContributionMap":{}},{"hash":"ddce070f04142368340e1d2be94b71c90b05fbd7","isMergeCommit":false,"messageTitle":"Increment A-Packages: moved classes into myg package","messageBody":"","fileTypesAndContributionMap":{"java":{"insertions":19,"deletions":7}}},{"hash":"f7912c043c0ef859dc79f79bc0058b04dc61f0c5","isMergeCommit":true,"messageTitle":"Merge branch \u0027branch-A-Packages\u0027","messageBody":"","tags":["A-Packages"],"fileTypesAndContributionMap":{}},{"hash":"ed732ad65c461c94de9b4027787226999c82c740","isMergeCommit":false,"messageTitle":"Add delete command to MyG","messageBody":"","fileTypesAndContributionMap":{"java":{"insertions":26,"deletions":0}}},{"hash":"23384fed8f1415af2382914c909f9f9614a7a751","isMergeCommit":false,"messageTitle":"Added save feature in MyG","messageBody":"","fileTypesAndContributionMap":{"txt":{"insertions":0,"deletions":0},"java":{"insertions":27,"deletions":0}}},{"hash":"1bbaf0c15f0a50d492d3939631f9ea523d29c12d","isMergeCommit":false,"messageTitle":"Added helper method for file input output","messageBody":"","fileTypesAndContributionMap":{"java":{"insertions":9,"deletions":0}}},{"hash":"79c6fe8639638b8824b1c621780959040c96a27a","isMergeCommit":false,"messageTitle":"Updated helper method for file input output","messageBody":"","fileTypesAndContributionMap":{"java":{"insertions":62,"deletions":9}}},{"hash":"1eb23492d5bbc28e59501113663151af77c96061","isMergeCommit":false,"messageTitle":"Added toFileFormat() and getFileStatus() methods to Task for persistence","messageBody":"","fileTypesAndContributionMap":{"java":{"insertions":13,"deletions":0}}},{"hash":"f4670a80003c0a5f9cf637c4d85b309c5e7dfb4e","isMergeCommit":false,"messageTitle":"Added toFileFormat() method","messageBody":"","fileTypesAndContributionMap":{"java":{"insertions":5,"deletions":0}}},{"hash":"a20ce36fd0c1407f4273571ca5f7778d7ac456b9","isMergeCommit":false,"messageTitle":"Added toFileFormat() method","messageBody":"","fileTypesAndContributionMap":{"java":{"insertions":5,"deletions":0}}},{"hash":"5bd1bd85cf7b47698306fc4999d6464c4a75db07","isMergeCommit":false,"messageTitle":"Added toFileFormat() method for Event class","messageBody":"","fileTypesAndContributionMap":{"java":{"insertions":6,"deletions":0}}},{"hash":"62e20e97eb1910258a560b2c43a36f5732f93f55","isMergeCommit":false,"messageTitle":"Implemented automatic file save, load, and data corruption handling","messageBody":"","fileTypesAndContributionMap":{"java":{"insertions":106,"deletions":62}}},{"hash":"8369fb1cf8c59815d96e54748a5aeea195403e94","isMergeCommit":true,"messageTitle":"Merge branch \u0027branch-Level-6\u0027","messageBody":"","tags":["Level-6"],"fileTypesAndContributionMap":{}},{"hash":"f58dfa71a94591932ad869da226e4ae2f43d49bb","isMergeCommit":true,"messageTitle":"Merge branch \u0027branch-Level-7\u0027","messageBody":"","tags":["Level-7","A-Jar"],"fileTypesAndContributionMap":{}},{"hash":"4545cd8a5d721ec8c8164d9e21a35fddf4fe872f","isMergeCommit":false,"messageTitle":"Added Ui class","messageBody":"","fileTypesAndContributionMap":{"java":{"insertions":7,"deletions":0}}},{"hash":"9cbe6eeff5b42f590a860e4e335dd13711d8cb37","isMergeCommit":false,"messageTitle":"Implemented Ui class methods","messageBody":"","fileTypesAndContributionMap":{"java":{"insertions":45,"deletions":1}}},{"hash":"bb09512a41133b2ffea6afa49b29c7623f4b238f","isMergeCommit":false,"messageTitle":"Created TaskList class","messageBody":"","fileTypesAndContributionMap":{"java":{"insertions":4,"deletions":0}}},{"hash":"068581d3cd506444914ad8b9e652bb4f1c59f1ea","isMergeCommit":false,"messageTitle":"Added TaskList methods","messageBody":"","fileTypesAndContributionMap":{"java":{"insertions":94,"deletions":0}}},{"hash":"402b9acf3ae0e021f8302f91dda2a27c81a9ba1b","isMergeCommit":false,"messageTitle":"Created and implemented Storage class","messageBody":"","fileTypesAndContributionMap":{"java":{"insertions":144,"deletions":0}}},{"hash":"e3a6c8f70a6ebd3d11218ef2a21ba2a0f5a51570","isMergeCommit":false,"messageTitle":"Created and implemented Parser class","messageBody":"","fileTypesAndContributionMap":{"java":{"insertions":140,"deletions":0}}},{"hash":"babe4691070a265db7ef6b5136decab2689a48c6","isMergeCommit":false,"messageTitle":"Updated MyG to good OOP standards","messageBody":"","tags":["A-MoreOOP"],"fileTypesAndContributionMap":{"java":{"insertions":34,"deletions":301}}},{"hash":"973c1afffe909c3e973acb4d0a3ff866f1f066e4","isMergeCommit":true,"messageTitle":"Merge branch \u0027branch-A-MoreOOP\u0027","messageBody":"","fileTypesAndContributionMap":{}},{"hash":"95f8cc3e0ade1ba3567bd021461460193d43863b","isMergeCommit":false,"messageTitle":"Added findTasks() method in TaskLit class","messageBody":"","fileTypesAndContributionMap":{"java":{"insertions":21,"deletions":0}}},{"hash":"c70213ae2f407b96d100add1e0c35552dc726e1d","isMergeCommit":false,"messageTitle":"Added new case to find in Parser class","messageBody":"","fileTypesAndContributionMap":{"java":{"insertions":8,"deletions":0}}},{"hash":"006fb694e9abdda4c31cf5432e2402a4b810b045","isMergeCommit":false,"messageTitle":"Added handleFind() method in Parser class","messageBody":"","fileTypesAndContributionMap":{"java":{"insertions":14,"deletions":0}}},{"hash":"88c6d0e696067feba89133f2682ecb80b79c3db9","isMergeCommit":false,"messageTitle":"Import java List","messageBody":"","tags":["Level-9"],"fileTypesAndContributionMap":{"java":{"insertions":2,"deletions":0}}},{"hash":"d82632698e574c07cd20daeaf898f8026ec640ba","isMergeCommit":false,"messageTitle":"Added Docs for Deadline class","messageBody":"","fileTypesAndContributionMap":{"java":{"insertions":22,"deletions":1}}},{"hash":"6ca60dd0ba2892ee36f9e26d5e63fbe278c0ae30","isMergeCommit":false,"messageTitle":"Added Docs for Event class","messageBody":"","fileTypesAndContributionMap":{"java":{"insertions":23,"deletions":1}}},{"hash":"cd664c29ab6d161eb8cd8b390e5567adee956124","isMergeCommit":false,"messageTitle":"Added Docs for MyG","messageBody":"","fileTypesAndContributionMap":{"java":{"insertions":10,"deletions":0}}},{"hash":"dbf597b1fa68847fa07168735470c97dd6398828","isMergeCommit":false,"messageTitle":"Added Docs for MyGException","messageBody":"","fileTypesAndContributionMap":{"java":{"insertions":9,"deletions":1}}},{"hash":"87ad3629363d572a8389f591330a6b42efb0000c","isMergeCommit":false,"messageTitle":"Added Docs for Parser","messageBody":"","fileTypesAndContributionMap":{"java":{"insertions":40,"deletions":1}}},{"hash":"07e915c7b54051f86532ce658b02a0972698235e","isMergeCommit":false,"messageTitle":"Added Docs for Storage","messageBody":"","fileTypesAndContributionMap":{"java":{"insertions":14,"deletions":2}}},{"hash":"1cf09ff1ab208ebf7ed99d5a9d8e2d383c2bd475","isMergeCommit":false,"messageTitle":"Added Docs for Task","messageBody":"","fileTypesAndContributionMap":{"java":{"insertions":36,"deletions":1}}},{"hash":"b6cb64f769b7362c7a34893276dda576498ab2ef","isMergeCommit":false,"messageTitle":"Added Docs to TaskList","messageBody":"","fileTypesAndContributionMap":{"java":{"insertions":28,"deletions":2}}},{"hash":"0ef015ee8e692cea6036c95be2a5ccfbd1ca9bd0","isMergeCommit":false,"messageTitle":"Added Docs to Todo","messageBody":"","fileTypesAndContributionMap":{"java":{"insertions":21,"deletions":1}}},{"hash":"841be1434b0189e0f489e11e5b1448522688702e","isMergeCommit":true,"messageTitle":"Merge branch \u0027branch-A-JavaDoc\u0027","messageBody":"","tags":["A-JavaDoc"],"fileTypesAndContributionMap":{}},{"hash":"61857b80390ed0c11b9515743cd16ca8f686aa92","isMergeCommit":false,"messageTitle":"Update README.md","messageBody":"","tags":["A-UserGuide"],"fileTypesAndContributionMap":{"md":{"insertions":143,"deletions":14}}},{"hash":"9702db8acb1a0b812e72d9aac25f72ed2bfc5f6c","isMergeCommit":false,"messageTitle":"Added delete method in Parser","messageBody":"","tags":["A-Release"],"fileTypesAndContributionMap":{"java":{"insertions":37,"deletions":0}}}]}]},"authorFileTypeContributionMap":{"HiewTheG":{"java":885,"md":143,"fxml":0,"sh":0,"bat":0,"gradle":0,"txt":0}},"authorContributionVariance":{"HiewTheG":58023.906},"authorDisplayNameMap":{"HiewTheG":"CS2113-T10-4 HIEW.. T G"}}
