{"authorDailyContributionsMap":{"HiewTheG":[{"date":"2025-08-28T00:00:00","commitResults":[{"hash":"7a961ebda6ce5aa9876925d3631bcb31caa1251a","isMergeCommit":false,"messageTitle":"Changed class name to MyG","messageBody":"","fileTypesAndContributionMap":{"java":{"insertions":1,"deletions":1}}},{"hash":"d3e32093c8815f56c0b70d4135cc2d705c801c1c","isMergeCommit":false,"messageTitle":"Change file name","messageBody":"","fileTypesAndContributionMap":{"java":{"insertions":0,"deletions":0}}},{"hash":"7910e2d0d5c4b647f4b89d223f0e4de692ab0f32","isMergeCommit":false,"messageTitle":"Replaced Duke with MyG intro","messageBody":"","fileTypesAndContributionMap":{"java":{"insertions":7,"deletions":6}}},{"hash":"38663c56d75d0a60aef10d7a2a943355bee33399","isMergeCommit":false,"messageTitle":"Removed Duke output","messageBody":"","fileTypesAndContributionMap":{"java":{"insertions":1,"deletions":1}}},{"hash":"e5b18449d8a72347176f1c8b7e69738fc6d9e0c8","isMergeCommit":false,"messageTitle":"Updated chatbot intro name","messageBody":"","fileTypesAndContributionMap":{"java":{"insertions":1,"deletions":1}}}]},{"date":"2025-09-03T00:00:00","commitResults":[{"hash":"0a4d4550c72f59a35e737961f520bf8f2a9f01f6","isMergeCommit":false,"messageTitle":"Added echo function to chatbot","messageBody":"","tags":["Level-1"],"fileTypesAndContributionMap":{"java":{"insertions":33,"deletions":5}}},{"hash":"a1ede30e45e0f2f699d28898a7f8a0a724f97b50","isMergeCommit":false,"messageTitle":"Added storage and returning ability to chatbot","messageBody":"","tags":["Level-2"],"fileTypesAndContributionMap":{"java":{"insertions":26,"deletions":4}}}]},{"date":"2025-09-16T00:00:00","commitResults":[{"hash":"62f9c95dc104e90cbc655e9549aafdde81b05618","isMergeCommit":false,"messageTitle":"Created new Task class","messageBody":"","fileTypesAndContributionMap":{"java":{"insertions":6,"deletions":0}}},{"hash":"315303726810554167e302b9070e2f80559d9a90","isMergeCommit":false,"messageTitle":"Changed storage for list of task to dynamic","messageBody":"","fileTypesAndContributionMap":{"java":{"insertions":3,"deletions":2}}},{"hash":"1240bd78f76c077c4c0338ef4de1b1095ea26a2a","isMergeCommit":false,"messageTitle":"Changed storage for list of tasks back to 100","messageBody":"","fileTypesAndContributionMap":{"java":{"insertions":1,"deletions":2}}},{"hash":"fdbb10982a9a978d736d46dff843e141f7acd08d","isMergeCommit":false,"messageTitle":"Added members and functions in Task class","messageBody":"","fileTypesAndContributionMap":{"java":{"insertions":19,"deletions":0}}},{"hash":"e949adbbde359e8d302b207f7a34ecfb7a040829","isMergeCommit":false,"messageTitle":"Added mark task as done function","messageBody":"","fileTypesAndContributionMap":{"java":{"insertions":26,"deletions":7}}},{"hash":"7232e89c612e9f0dbaccce35ced3a5d6b0c8ae92","isMergeCommit":false,"messageTitle":"Updated comments to improve readability","messageBody":"","fileTypesAndContributionMap":{"java":{"insertions":19,"deletions":10}}},{"hash":"5b0be5738bb0e02a9a98782ced554de88d7d24d5","isMergeCommit":false,"messageTitle":"Added unmarking a task function","messageBody":"","tags":["Level-3"],"fileTypesAndContributionMap":{"java":{"insertions":17,"deletions":0}}},{"hash":"8f1d2c006d4822829825c402d7d67bc8ac2fbc90","isMergeCommit":false,"messageTitle":"Changed introduction text","messageBody":"","fileTypesAndContributionMap":{"java":{"insertions":1,"deletions":1}}},{"hash":"e997e6317f3d08ad16f144d1331834cc4c8a177d","isMergeCommit":false,"messageTitle":"Created Todo class extending Task","messageBody":"","fileTypesAndContributionMap":{"java":{"insertions":5,"deletions":0}}},{"hash":"67166e4a51c8cb0dfe9a858d7c05f5f526aaed71","isMergeCommit":false,"messageTitle":"Created Deadline and Event classes","messageBody":"","fileTypesAndContributionMap":{"java":{"insertions":4,"deletions":0}}},{"hash":"6fff847769281850d71609db91bff1958154e181","isMergeCommit":false,"messageTitle":"Updated Deadline class","messageBody":"","fileTypesAndContributionMap":{"java":{"insertions":12,"deletions":1}}},{"hash":"1c83edc083436053d954203250adf8b2e92dc5c7","isMergeCommit":false,"messageTitle":"Updated Event class","messageBody":"","fileTypesAndContributionMap":{"java":{"insertions":15,"deletions":1}}},{"hash":"2e73f966ea98e017da968f82b673849f001ccaa5","isMergeCommit":false,"messageTitle":"Updated Task class","messageBody":"","fileTypesAndContributionMap":{"java":{"insertions":6,"deletions":0}}},{"hash":"2060f4935d4dca7c6fe92418c515931d84245168","isMergeCommit":false,"messageTitle":"Updated Todo class","messageBody":"","fileTypesAndContributionMap":{"java":{"insertions":5,"deletions":0}}},{"hash":"47cc1343d758e4c355b4cf91f497f620766c3a8c","isMergeCommit":false,"messageTitle":"Added ToDo, Event and Deadline functions","messageBody":"","tags":["Level-4"],"fileTypesAndContributionMap":{"java":{"insertions":51,"deletions":27}}}]}]},"authorFileTypeContributionMap":{"HiewTheG":{"java":197,"md":0,"fxml":0,"sh":0,"bat":0,"gradle":0,"txt":0}},"authorContributionVariance":{"HiewTheG":1509.41},"authorDisplayNameMap":{"HiewTheG":"CS2113-T10-4 HIEW.. T G"}}
