[{"path":"README.md","fileType":"md","lines":[{"lineNumber":1,"author":{"gitId":"EggsKay"},"content":"# Beta project template","lastModifiedDate":"2025-08-22T14:29:24","isFullCredit":false},{"lineNumber":2,"author":{"gitId":"-"},"content":"","lastModifiedDate":"2020-05-25T00:03:55","isFullCredit":false},{"lineNumber":3,"author":{"gitId":"-"},"content":"This is a project template for a greenfield Java project. It\u0027s named after the Java mascot _Duke_. Given below are instructions on how to use it.","lastModifiedDate":"2020-05-25T00:03:55","isFullCredit":false},{"lineNumber":4,"author":{"gitId":"-"},"content":"","lastModifiedDate":"2020-05-25T00:03:55","isFullCredit":false},{"lineNumber":5,"author":{"gitId":"-"},"content":"## Setting up in Intellij","lastModifiedDate":"2020-05-25T00:03:55","isFullCredit":false},{"lineNumber":6,"author":{"gitId":"-"},"content":"","lastModifiedDate":"2020-05-25T00:03:55","isFullCredit":false},{"lineNumber":7,"author":{"gitId":"-"},"content":"Prerequisites: JDK 17, update Intellij to the most recent version.","lastModifiedDate":"2024-07-11T16:50:14","isFullCredit":false},{"lineNumber":8,"author":{"gitId":"-"},"content":"","lastModifiedDate":"2020-05-25T00:03:55","isFullCredit":false},{"lineNumber":9,"author":{"gitId":"-"},"content":"1. Open Intellij (if you are not in the welcome screen, click `File` \u003e `Close Project` to close the existing project first)","lastModifiedDate":"2021-01-17T12:25:53","isFullCredit":false},{"lineNumber":10,"author":{"gitId":"-"},"content":"1. Open the project into Intellij as follows:","lastModifiedDate":"2021-01-17T12:25:53","isFullCredit":false},{"lineNumber":11,"author":{"gitId":"-"},"content":"   1. Click `Open`.","lastModifiedDate":"2021-01-17T12:25:53","isFullCredit":false},{"lineNumber":12,"author":{"gitId":"-"},"content":"   1. Select the project directory, and click `OK`.","lastModifiedDate":"2021-01-17T12:25:53","isFullCredit":false},{"lineNumber":13,"author":{"gitId":"-"},"content":"   1. If there are any further prompts, accept the defaults.","lastModifiedDate":"2020-05-25T00:03:55","isFullCredit":false},{"lineNumber":14,"author":{"gitId":"-"},"content":"1. Configure the project to use **JDK 17** (not other versions) as explained in [here](https://www.jetbrains.com/help/idea/sdk.html#set-up-jdk).\u003cbr\u003e","lastModifiedDate":"2024-07-11T16:50:14","isFullCredit":false},{"lineNumber":15,"author":{"gitId":"-"},"content":"   In the same dialog, set the **Project language level** field to the `SDK default` option.","lastModifiedDate":"2021-07-29T20:29:39","isFullCredit":false},{"lineNumber":16,"author":{"gitId":"EggsKay"},"content":"1. After that, locate the `src/main/java/Beta.java` file, right-click it, and choose `Run Beta.main()` (if the code editor is showing compile errors, try restarting the IDE). If the setup is correct, you should see something like the below as the output:","lastModifiedDate":"2025-08-22T14:29:24","isFullCredit":false},{"lineNumber":17,"author":{"gitId":"-"},"content":"   ```","lastModifiedDate":"2020-05-25T00:03:55","isFullCredit":false},{"lineNumber":18,"author":{"gitId":"-"},"content":"   Hello from","lastModifiedDate":"2020-05-25T00:03:55","isFullCredit":false},{"lineNumber":19,"author":{"gitId":"-"},"content":"    ____        _        ","lastModifiedDate":"2020-05-25T00:03:55","isFullCredit":false},{"lineNumber":20,"author":{"gitId":"-"},"content":"   |  _ \\ _   _| | _____ ","lastModifiedDate":"2020-05-25T00:03:55","isFullCredit":false},{"lineNumber":21,"author":{"gitId":"-"},"content":"   | | | | | | | |/ / _ \\","lastModifiedDate":"2020-05-25T00:03:55","isFullCredit":false},{"lineNumber":22,"author":{"gitId":"-"},"content":"   | |_| | |_| |   \u003c  __/","lastModifiedDate":"2020-05-25T00:03:55","isFullCredit":false},{"lineNumber":23,"author":{"gitId":"-"},"content":"   |____/ \\__,_|_|\\_\\___|","lastModifiedDate":"2020-05-25T00:03:55","isFullCredit":false},{"lineNumber":24,"author":{"gitId":"-"},"content":"   ```","lastModifiedDate":"2020-05-25T00:03:55","isFullCredit":false},{"lineNumber":25,"author":{"gitId":"-"},"content":"","lastModifiedDate":"2025-01-04T21:44:28","isFullCredit":false},{"lineNumber":26,"author":{"gitId":"-"},"content":"**Warning:** Keep the `src\\main\\java` folder as the root folder for Java files (i.e., don\u0027t rename those folders or move Java files to another folder outside of this folder path), as this is the default location some tools (e.g., Gradle) expect to find Java files.","lastModifiedDate":"2025-01-04T21:44:28","isFullCredit":false}],"authorContributionMap":{"EggsKay":2,"-":24}},{"path":"docs/README.md","fileType":"md","lines":[{"lineNumber":1,"author":{"gitId":"EggsKay"},"content":"# Beta User Guide","lastModifiedDate":"2025-08-22T14:29:24","isFullCredit":false},{"lineNumber":2,"author":{"gitId":"-"},"content":"","lastModifiedDate":"2019-07-29T17:14:46","isFullCredit":false},{"lineNumber":3,"author":{"gitId":"-"},"content":"// Update the title above to match the actual product name","lastModifiedDate":"2024-01-07T18:33:52","isFullCredit":false},{"lineNumber":4,"author":{"gitId":"-"},"content":"","lastModifiedDate":"2019-07-29T17:14:46","isFullCredit":false},{"lineNumber":5,"author":{"gitId":"-"},"content":"// Product screenshot goes here","lastModifiedDate":"2024-01-07T18:33:52","isFullCredit":false},{"lineNumber":6,"author":{"gitId":"-"},"content":"","lastModifiedDate":"2021-07-17T16:49:07","isFullCredit":false},{"lineNumber":7,"author":{"gitId":"-"},"content":"// Product intro goes here","lastModifiedDate":"2024-01-07T18:33:52","isFullCredit":false},{"lineNumber":8,"author":{"gitId":"-"},"content":"","lastModifiedDate":"2021-07-17T16:49:07","isFullCredit":false},{"lineNumber":9,"author":{"gitId":"-"},"content":"## Adding deadlines","lastModifiedDate":"2024-01-07T18:33:52","isFullCredit":false},{"lineNumber":10,"author":{"gitId":"-"},"content":"","lastModifiedDate":"2021-07-17T16:49:07","isFullCredit":false},{"lineNumber":11,"author":{"gitId":"-"},"content":"// Describe the action and its outcome.","lastModifiedDate":"2024-01-07T18:33:52","isFullCredit":false},{"lineNumber":12,"author":{"gitId":"-"},"content":"","lastModifiedDate":"2019-07-29T17:14:46","isFullCredit":false},{"lineNumber":13,"author":{"gitId":"-"},"content":"// Give examples of usage","lastModifiedDate":"2024-01-07T18:33:52","isFullCredit":false},{"lineNumber":14,"author":{"gitId":"-"},"content":"","lastModifiedDate":"2019-07-29T17:14:46","isFullCredit":false},{"lineNumber":15,"author":{"gitId":"-"},"content":"Example: `keyword (optional arguments)`","lastModifiedDate":"2024-01-07T18:33:52","isFullCredit":false},{"lineNumber":16,"author":{"gitId":"-"},"content":"","lastModifiedDate":"2019-07-29T17:14:46","isFullCredit":false},{"lineNumber":17,"author":{"gitId":"-"},"content":"// A description of the expected outcome goes here","lastModifiedDate":"2024-01-07T18:33:52","isFullCredit":false},{"lineNumber":18,"author":{"gitId":"-"},"content":"","lastModifiedDate":"2019-07-29T17:14:46","isFullCredit":false},{"lineNumber":19,"author":{"gitId":"-"},"content":"```","lastModifiedDate":"2024-01-07T18:33:52","isFullCredit":false},{"lineNumber":20,"author":{"gitId":"-"},"content":"expected output","lastModifiedDate":"2024-01-07T18:33:52","isFullCredit":false},{"lineNumber":21,"author":{"gitId":"-"},"content":"```","lastModifiedDate":"2024-01-07T18:33:52","isFullCredit":false},{"lineNumber":22,"author":{"gitId":"-"},"content":"","lastModifiedDate":"2019-07-29T17:14:46","isFullCredit":false},{"lineNumber":23,"author":{"gitId":"-"},"content":"## Feature ABC","lastModifiedDate":"2024-01-07T18:33:52","isFullCredit":false},{"lineNumber":24,"author":{"gitId":"-"},"content":"","lastModifiedDate":"2019-07-29T17:14:46","isFullCredit":false},{"lineNumber":25,"author":{"gitId":"-"},"content":"// Feature details","lastModifiedDate":"2024-01-07T18:33:52","isFullCredit":false},{"lineNumber":26,"author":{"gitId":"-"},"content":"","lastModifiedDate":"2019-07-29T17:14:46","isFullCredit":false},{"lineNumber":27,"author":{"gitId":"-"},"content":"","lastModifiedDate":"2021-07-17T16:49:07","isFullCredit":false},{"lineNumber":28,"author":{"gitId":"-"},"content":"## Feature XYZ","lastModifiedDate":"2024-01-07T18:33:52","isFullCredit":false},{"lineNumber":29,"author":{"gitId":"-"},"content":"","lastModifiedDate":"2024-01-07T18:33:52","isFullCredit":false},{"lineNumber":30,"author":{"gitId":"-"},"content":"// Feature details","lastModifiedDate":"2024-01-07T18:33:52","isFullCredit":false}],"authorContributionMap":{"EggsKay":1,"-":29}},{"path":"src/main/java/Beta.java","fileType":"java","lines":[{"lineNumber":1,"author":{"gitId":"EggsKay"},"content":"import java.util.ArrayList;","lastModifiedDate":"2025-09-19T11:36:40","isFullCredit":false},{"lineNumber":2,"author":{"gitId":"EggsKay"},"content":"import java.util.Scanner;","lastModifiedDate":"2025-08-28T23:20:53","isFullCredit":false},{"lineNumber":3,"author":{"gitId":"EggsKay"},"content":"","lastModifiedDate":"2025-08-28T23:20:53","isFullCredit":false},{"lineNumber":4,"author":{"gitId":"EggsKay"},"content":"public class Beta {","lastModifiedDate":"2025-08-22T14:29:24","isFullCredit":false},{"lineNumber":5,"author":{"gitId":"EggsKay"},"content":"","lastModifiedDate":"2025-09-09T20:30:46","isFullCredit":false},{"lineNumber":6,"author":{"gitId":"EggsKay"},"content":"    private static final ArrayList\u003cTask\u003e tasks \u003d new ArrayList\u003c\u003e();","lastModifiedDate":"2025-09-19T11:36:40","isFullCredit":false},{"lineNumber":7,"author":{"gitId":"EggsKay"},"content":"    private static final Storage storage \u003d new Storage(\"./data/beta.txt\");","lastModifiedDate":"2025-09-22T22:16:23","isFullCredit":false},{"lineNumber":8,"author":{"gitId":"EggsKay"},"content":"","lastModifiedDate":"2025-09-09T20:30:46","isFullCredit":false},{"lineNumber":9,"author":{"gitId":"EggsKay"},"content":"    public static void main(String[] args) {","lastModifiedDate":"2025-08-22T14:29:24","isFullCredit":false},{"lineNumber":10,"author":{"gitId":"EggsKay"},"content":"        storage.load(tasks);","lastModifiedDate":"2025-09-22T22:37:45","isFullCredit":false},{"lineNumber":11,"author":{"gitId":"EggsKay"},"content":"        Scanner in \u003d new Scanner(System.in);","lastModifiedDate":"2025-08-28T23:20:53","isFullCredit":false},{"lineNumber":12,"author":{"gitId":"EggsKay"},"content":"        greetUser();","lastModifiedDate":"2025-09-09T20:30:46","isFullCredit":false},{"lineNumber":13,"author":{"gitId":"EggsKay"},"content":"","lastModifiedDate":"2025-08-29T14:07:13","isFullCredit":false},{"lineNumber":14,"author":{"gitId":"EggsKay"},"content":"        while (true) {","lastModifiedDate":"2025-09-08T21:09:01","isFullCredit":false},{"lineNumber":15,"author":{"gitId":"EggsKay"},"content":"            String line \u003d in.nextLine();","lastModifiedDate":"2025-09-08T21:09:01","isFullCredit":false},{"lineNumber":16,"author":{"gitId":"EggsKay"},"content":"            if (line.equalsIgnoreCase(\"bye\")) break;","lastModifiedDate":"2025-09-22T22:16:23","isFullCredit":false},{"lineNumber":17,"author":{"gitId":"EggsKay"},"content":"","lastModifiedDate":"2025-08-29T13:33:41","isFullCredit":false},{"lineNumber":18,"author":{"gitId":"EggsKay"},"content":"            try {","lastModifiedDate":"2025-09-12T14:05:37","isFullCredit":false},{"lineNumber":19,"author":{"gitId":"EggsKay"},"content":"                String[] parts \u003d line.split(\" \", 2);","lastModifiedDate":"2025-09-08T21:09:01","isFullCredit":false},{"lineNumber":20,"author":{"gitId":"EggsKay"},"content":"                String command \u003d parts[0].toLowerCase();","lastModifiedDate":"2025-09-22T22:16:23","isFullCredit":false},{"lineNumber":21,"author":{"gitId":"EggsKay"},"content":"                String inputBody \u003d (parts.length \u003e 1) ? parts[1] : \"\";","lastModifiedDate":"2025-09-08T21:09:01","isFullCredit":false},{"lineNumber":22,"author":{"gitId":"EggsKay"},"content":"","lastModifiedDate":"2025-09-08T21:09:01","isFullCredit":false},{"lineNumber":23,"author":{"gitId":"EggsKay"},"content":"                switch (command) {","lastModifiedDate":"2025-09-08T21:09:01","isFullCredit":false},{"lineNumber":24,"author":{"gitId":"EggsKay"},"content":"                case \"todo\":","lastModifiedDate":"2025-09-08T21:09:01","isFullCredit":false},{"lineNumber":25,"author":{"gitId":"EggsKay"},"content":"                    handleTodo(inputBody);","lastModifiedDate":"2025-09-09T20:30:46","isFullCredit":false},{"lineNumber":26,"author":{"gitId":"EggsKay"},"content":"                    break;","lastModifiedDate":"2025-09-08T21:09:01","isFullCredit":false},{"lineNumber":27,"author":{"gitId":"EggsKay"},"content":"                case \"deadline\":","lastModifiedDate":"2025-09-08T21:09:01","isFullCredit":false},{"lineNumber":28,"author":{"gitId":"EggsKay"},"content":"                    handleDeadline(inputBody);","lastModifiedDate":"2025-09-09T20:30:46","isFullCredit":false},{"lineNumber":29,"author":{"gitId":"EggsKay"},"content":"                    break;","lastModifiedDate":"2025-09-08T21:09:01","isFullCredit":false},{"lineNumber":30,"author":{"gitId":"EggsKay"},"content":"                case \"event\":","lastModifiedDate":"2025-09-08T21:09:01","isFullCredit":false},{"lineNumber":31,"author":{"gitId":"EggsKay"},"content":"                    handleEvent(inputBody);","lastModifiedDate":"2025-09-09T20:30:46","isFullCredit":false},{"lineNumber":32,"author":{"gitId":"EggsKay"},"content":"                    break;","lastModifiedDate":"2025-09-08T21:09:01","isFullCredit":false},{"lineNumber":33,"author":{"gitId":"EggsKay"},"content":"                case \"list\":","lastModifiedDate":"2025-09-08T21:09:01","isFullCredit":false},{"lineNumber":34,"author":{"gitId":"EggsKay"},"content":"                    handleList();","lastModifiedDate":"2025-09-09T20:30:46","isFullCredit":false},{"lineNumber":35,"author":{"gitId":"EggsKay"},"content":"                    break;","lastModifiedDate":"2025-09-09T20:30:46","isFullCredit":false},{"lineNumber":36,"author":{"gitId":"EggsKay"},"content":"                case \"mark\":","lastModifiedDate":"2025-09-09T20:30:46","isFullCredit":false},{"lineNumber":37,"author":{"gitId":"EggsKay"},"content":"                    handleMark(inputBody);","lastModifiedDate":"2025-09-09T20:30:46","isFullCredit":false},{"lineNumber":38,"author":{"gitId":"EggsKay"},"content":"                    break;","lastModifiedDate":"2025-09-09T20:30:46","isFullCredit":false},{"lineNumber":39,"author":{"gitId":"EggsKay"},"content":"                case \"unmark\":","lastModifiedDate":"2025-09-09T20:30:46","isFullCredit":false},{"lineNumber":40,"author":{"gitId":"EggsKay"},"content":"                    handleUnmark(inputBody);","lastModifiedDate":"2025-09-09T20:30:46","isFullCredit":false},{"lineNumber":41,"author":{"gitId":"EggsKay"},"content":"                    break;","lastModifiedDate":"2025-09-09T20:30:46","isFullCredit":false},{"lineNumber":42,"author":{"gitId":"EggsKay"},"content":"                case \"delete\":","lastModifiedDate":"2025-09-19T11:02:07","isFullCredit":false},{"lineNumber":43,"author":{"gitId":"EggsKay"},"content":"                    handleDelete(inputBody);","lastModifiedDate":"2025-09-19T11:02:07","isFullCredit":false},{"lineNumber":44,"author":{"gitId":"EggsKay"},"content":"                    break;","lastModifiedDate":"2025-09-19T11:02:07","isFullCredit":false},{"lineNumber":45,"author":{"gitId":"EggsKay"},"content":"                default:","lastModifiedDate":"2025-09-12T14:05:37","isFullCredit":false},{"lineNumber":46,"author":{"gitId":"EggsKay"},"content":"                    throw new BetaException(\"Hmmmmm? I don\u0027t know what this means: \" + command);","lastModifiedDate":"2025-09-12T14:05:37","isFullCredit":false},{"lineNumber":47,"author":{"gitId":"EggsKay"},"content":"                }","lastModifiedDate":"2025-09-12T14:05:37","isFullCredit":false},{"lineNumber":48,"author":{"gitId":"EggsKay"},"content":"            } catch (BetaException e) {","lastModifiedDate":"2025-09-12T14:05:37","isFullCredit":false},{"lineNumber":49,"author":{"gitId":"EggsKay"},"content":"                System.out.println(e.getMessage() + \"\\n\");","lastModifiedDate":"2025-09-12T14:05:37","isFullCredit":false},{"lineNumber":50,"author":{"gitId":"EggsKay"},"content":"            }","lastModifiedDate":"2025-09-08T21:09:01","isFullCredit":false},{"lineNumber":51,"author":{"gitId":"EggsKay"},"content":"        }","lastModifiedDate":"2025-09-08T21:09:01","isFullCredit":false},{"lineNumber":52,"author":{"gitId":"EggsKay"},"content":"","lastModifiedDate":"2025-09-22T22:37:45","isFullCredit":false},{"lineNumber":53,"author":{"gitId":"EggsKay"},"content":"        storage.save(tasks);","lastModifiedDate":"2025-09-22T22:37:45","isFullCredit":false},{"lineNumber":54,"author":{"gitId":"EggsKay"},"content":"        exitProgram();","lastModifiedDate":"2025-09-09T20:30:46","isFullCredit":false},{"lineNumber":55,"author":{"gitId":"EggsKay"},"content":"    }","lastModifiedDate":"2025-09-09T20:30:46","isFullCredit":false},{"lineNumber":56,"author":{"gitId":"EggsKay"},"content":"","lastModifiedDate":"2025-09-09T20:30:46","isFullCredit":false},{"lineNumber":57,"author":{"gitId":"EggsKay"},"content":"    private static void greetUser() {","lastModifiedDate":"2025-09-22T22:37:45","isFullCredit":false},{"lineNumber":58,"author":{"gitId":"EggsKay"},"content":"        System.out.println(\"Hello! I\u0027m Beta\\nWhat can I do for you?\\n\");","lastModifiedDate":"2025-09-22T22:37:45","isFullCredit":false},{"lineNumber":59,"author":{"gitId":"EggsKay"},"content":"    }","lastModifiedDate":"2025-09-22T22:37:45","isFullCredit":false},{"lineNumber":60,"author":{"gitId":"EggsKay"},"content":"","lastModifiedDate":"2025-09-22T22:37:45","isFullCredit":false},{"lineNumber":61,"author":{"gitId":"EggsKay"},"content":"    private static void exitProgram() {","lastModifiedDate":"2025-09-09T20:30:46","isFullCredit":false},{"lineNumber":62,"author":{"gitId":"EggsKay"},"content":"        System.out.println(\"Bye. See you soon!\");","lastModifiedDate":"2025-09-09T20:30:46","isFullCredit":false},{"lineNumber":63,"author":{"gitId":"EggsKay"},"content":"    }","lastModifiedDate":"2025-09-09T20:30:46","isFullCredit":false},{"lineNumber":64,"author":{"gitId":"EggsKay"},"content":"","lastModifiedDate":"2025-09-09T20:30:46","isFullCredit":false},{"lineNumber":65,"author":{"gitId":"EggsKay"},"content":"    private static void handleTodo(String inputBody) throws BetaException {","lastModifiedDate":"2025-09-22T22:37:45","isFullCredit":false},{"lineNumber":66,"author":{"gitId":"EggsKay"},"content":"        if (inputBody \u003d\u003d null || inputBody.trim().isEmpty()) {","lastModifiedDate":"2025-09-12T14:05:37","isFullCredit":false},{"lineNumber":67,"author":{"gitId":"EggsKay"},"content":"            throw new BetaException(\"Your task is empty. Please input a valid task.\");","lastModifiedDate":"2025-09-22T22:37:45","isFullCredit":false},{"lineNumber":68,"author":{"gitId":"EggsKay"},"content":"        }","lastModifiedDate":"2025-08-29T14:07:13","isFullCredit":false},{"lineNumber":69,"author":{"gitId":"EggsKay"},"content":"        Task task \u003d new Todo(inputBody.trim());","lastModifiedDate":"2025-09-22T22:37:45","isFullCredit":false},{"lineNumber":70,"author":{"gitId":"EggsKay"},"content":"        tasks.add(task);","lastModifiedDate":"2025-09-22T22:37:45","isFullCredit":false},{"lineNumber":71,"author":{"gitId":"EggsKay"},"content":"        System.out.println(\"Nice added this: \\n\" + task + \"\\n\");","lastModifiedDate":"2025-09-22T22:37:45","isFullCredit":false},{"lineNumber":72,"author":{"gitId":"EggsKay"},"content":"        storage.save(tasks);","lastModifiedDate":"2025-09-22T22:37:45","isFullCredit":false},{"lineNumber":73,"author":{"gitId":"EggsKay"},"content":"    }","lastModifiedDate":"2025-08-29T14:07:13","isFullCredit":false},{"lineNumber":74,"author":{"gitId":"EggsKay"},"content":"","lastModifiedDate":"2025-09-09T20:30:46","isFullCredit":false},{"lineNumber":75,"author":{"gitId":"EggsKay"},"content":"    private static void handleDeadline(String inputBody) throws BetaException {","lastModifiedDate":"2025-09-22T22:37:45","isFullCredit":false},{"lineNumber":76,"author":{"gitId":"EggsKay"},"content":"        if (inputBody \u003d\u003d null || inputBody.trim().isEmpty()) {","lastModifiedDate":"2025-09-12T14:05:37","isFullCredit":false},{"lineNumber":77,"author":{"gitId":"EggsKay"},"content":"            throw new BetaException(\"It\u0027s empty. Reminder to put the description of your deadline.\");","lastModifiedDate":"2025-09-22T22:37:45","isFullCredit":false},{"lineNumber":78,"author":{"gitId":"EggsKay"},"content":"        }","lastModifiedDate":"2025-08-29T14:07:13","isFullCredit":false},{"lineNumber":79,"author":{"gitId":"EggsKay"},"content":"        if (!inputBody.contains(\" /by \")) {","lastModifiedDate":"2025-09-22T22:37:45","isFullCredit":false},{"lineNumber":80,"author":{"gitId":"EggsKay"},"content":"            throw new BetaException(\"Deadline format must be: deadline \u003cdescription\u003e /by \u003ctime\u003e\");","lastModifiedDate":"2025-09-22T22:37:45","isFullCredit":false},{"lineNumber":81,"author":{"gitId":"EggsKay"},"content":"        }","lastModifiedDate":"2025-08-29T13:33:41","isFullCredit":false},{"lineNumber":82,"author":{"gitId":"EggsKay"},"content":"        int byIndex \u003d inputBody.indexOf(\" /by \");","lastModifiedDate":"2025-09-22T22:37:45","isFullCredit":false},{"lineNumber":83,"author":{"gitId":"EggsKay"},"content":"        String deadlineTask \u003d inputBody.substring(0, byIndex);","lastModifiedDate":"2025-09-22T22:37:45","isFullCredit":false},{"lineNumber":84,"author":{"gitId":"EggsKay"},"content":"        String deadline \u003d inputBody.substring(byIndex + 5);","lastModifiedDate":"2025-09-22T22:37:45","isFullCredit":false},{"lineNumber":85,"author":{"gitId":"EggsKay"},"content":"","lastModifiedDate":"2025-09-09T20:30:46","isFullCredit":false},{"lineNumber":86,"author":{"gitId":"EggsKay"},"content":"        if (deadline.isEmpty()) {","lastModifiedDate":"2025-09-22T22:37:45","isFullCredit":false},{"lineNumber":87,"author":{"gitId":"EggsKay"},"content":"            throw new BetaException(\"When do you want to do this task by?\");","lastModifiedDate":"2025-09-22T22:37:45","isFullCredit":false},{"lineNumber":88,"author":{"gitId":"EggsKay"},"content":"        }","lastModifiedDate":"2025-08-28T23:20:53","isFullCredit":false},{"lineNumber":89,"author":{"gitId":"EggsKay"},"content":"","lastModifiedDate":"2025-09-22T22:37:45","isFullCredit":false},{"lineNumber":90,"author":{"gitId":"EggsKay"},"content":"        Task task \u003d new Deadline(deadlineTask, deadline);","lastModifiedDate":"2025-09-22T22:37:45","isFullCredit":false},{"lineNumber":91,"author":{"gitId":"EggsKay"},"content":"        tasks.add(task);","lastModifiedDate":"2025-09-22T22:37:45","isFullCredit":false},{"lineNumber":92,"author":{"gitId":"EggsKay"},"content":"        System.out.println(\"Nice added this: \\n\" + task + \"\\n\");","lastModifiedDate":"2025-09-22T22:37:45","isFullCredit":false},{"lineNumber":93,"author":{"gitId":"EggsKay"},"content":"        storage.save(tasks);","lastModifiedDate":"2025-09-22T22:37:45","isFullCredit":false},{"lineNumber":94,"author":{"gitId":"EggsKay"},"content":"    }","lastModifiedDate":"2025-09-08T21:09:01","isFullCredit":false},{"lineNumber":95,"author":{"gitId":"EggsKay"},"content":"","lastModifiedDate":"2025-09-09T20:30:46","isFullCredit":false},{"lineNumber":96,"author":{"gitId":"EggsKay"},"content":"    private static void handleEvent(String inputBody) throws BetaException {","lastModifiedDate":"2025-09-22T22:37:45","isFullCredit":false},{"lineNumber":97,"author":{"gitId":"EggsKay"},"content":"        if (!inputBody.contains(\" /from \") || !inputBody.contains(\" /to \")) {","lastModifiedDate":"2025-09-22T22:37:45","isFullCredit":false},{"lineNumber":98,"author":{"gitId":"EggsKay"},"content":"            throw new BetaException(\"Event format must be: event \u003cdescription\u003e /from \u003cstart\u003e /to \u003cend\u003e\");","lastModifiedDate":"2025-09-22T22:37:45","isFullCredit":false},{"lineNumber":99,"author":{"gitId":"EggsKay"},"content":"        }","lastModifiedDate":"2025-09-22T22:37:45","isFullCredit":false},{"lineNumber":100,"author":{"gitId":"EggsKay"},"content":"","lastModifiedDate":"2025-09-12T14:23:39","isFullCredit":false},{"lineNumber":101,"author":{"gitId":"EggsKay"},"content":"        int fromIndex \u003d inputBody.indexOf(\" /from \");","lastModifiedDate":"2025-09-09T20:30:46","isFullCredit":false},{"lineNumber":102,"author":{"gitId":"EggsKay"},"content":"        int toIndex \u003d inputBody.indexOf(\" /to \");","lastModifiedDate":"2025-09-09T20:30:46","isFullCredit":false},{"lineNumber":103,"author":{"gitId":"EggsKay"},"content":"        String eventTask \u003d inputBody.substring(0, fromIndex);","lastModifiedDate":"2025-09-09T20:30:46","isFullCredit":false},{"lineNumber":104,"author":{"gitId":"EggsKay"},"content":"        String from \u003d inputBody.substring(fromIndex + 7, toIndex);","lastModifiedDate":"2025-09-09T20:30:46","isFullCredit":false},{"lineNumber":105,"author":{"gitId":"EggsKay"},"content":"        String to \u003d inputBody.substring(toIndex + 5);","lastModifiedDate":"2025-09-09T20:30:46","isFullCredit":false},{"lineNumber":106,"author":{"gitId":"EggsKay"},"content":"","lastModifiedDate":"2025-09-22T22:37:45","isFullCredit":false},{"lineNumber":107,"author":{"gitId":"EggsKay"},"content":"        Task task \u003d new Event(eventTask, from, to);","lastModifiedDate":"2025-09-19T11:36:40","isFullCredit":false},{"lineNumber":108,"author":{"gitId":"EggsKay"},"content":"        tasks.add(task);","lastModifiedDate":"2025-09-19T11:36:40","isFullCredit":false},{"lineNumber":109,"author":{"gitId":"EggsKay"},"content":"        System.out.println(\"Nice added this: \\n\" + task + \"\\n\");","lastModifiedDate":"2025-09-19T11:36:40","isFullCredit":false},{"lineNumber":110,"author":{"gitId":"EggsKay"},"content":"        storage.save(tasks);","lastModifiedDate":"2025-09-22T22:37:45","isFullCredit":false},{"lineNumber":111,"author":{"gitId":"EggsKay"},"content":"    }","lastModifiedDate":"2025-09-09T20:30:46","isFullCredit":false},{"lineNumber":112,"author":{"gitId":"EggsKay"},"content":"","lastModifiedDate":"2025-09-09T20:30:46","isFullCredit":false},{"lineNumber":113,"author":{"gitId":"EggsKay"},"content":"    private static void handleList() {","lastModifiedDate":"2025-09-22T22:37:45","isFullCredit":false},{"lineNumber":114,"author":{"gitId":"EggsKay"},"content":"        if (tasks.isEmpty()) {","lastModifiedDate":"2025-09-22T22:37:45","isFullCredit":false},{"lineNumber":115,"author":{"gitId":"EggsKay"},"content":"            System.out.println(\"YAY!! Good Job!! There is nothing to do.\\n\");","lastModifiedDate":"2025-09-22T22:37:45","isFullCredit":false},{"lineNumber":116,"author":{"gitId":"EggsKay"},"content":"            return;","lastModifiedDate":"2025-09-22T22:37:45","isFullCredit":false},{"lineNumber":117,"author":{"gitId":"EggsKay"},"content":"        }","lastModifiedDate":"2025-09-12T14:23:39","isFullCredit":false},{"lineNumber":118,"author":{"gitId":"EggsKay"},"content":"        System.out.println(\"Your tasks are:\");","lastModifiedDate":"2025-09-22T22:37:45","isFullCredit":false},{"lineNumber":119,"author":{"gitId":"EggsKay"},"content":"        for (int i \u003d 0; i \u003c tasks.size(); i++) {","lastModifiedDate":"2025-09-22T22:37:45","isFullCredit":false},{"lineNumber":120,"author":{"gitId":"EggsKay"},"content":"            System.out.println((i + 1) + \". \" + tasks.get(i));","lastModifiedDate":"2025-09-22T22:37:45","isFullCredit":false},{"lineNumber":121,"author":{"gitId":"EggsKay"},"content":"        }","lastModifiedDate":"2025-09-12T14:23:39","isFullCredit":false},{"lineNumber":122,"author":{"gitId":"EggsKay"},"content":"        System.out.println(\"\");","lastModifiedDate":"2025-09-22T22:37:45","isFullCredit":false},{"lineNumber":123,"author":{"gitId":"EggsKay"},"content":"    }","lastModifiedDate":"2025-09-12T14:23:39","isFullCredit":false},{"lineNumber":124,"author":{"gitId":"EggsKay"},"content":"","lastModifiedDate":"2025-09-12T14:23:39","isFullCredit":false},{"lineNumber":125,"author":{"gitId":"EggsKay"},"content":"    private static void handleMark(String inputBody) throws BetaException {","lastModifiedDate":"2025-09-22T22:37:45","isFullCredit":false},{"lineNumber":126,"author":{"gitId":"EggsKay"},"content":"        if (inputBody \u003d\u003d null || inputBody.trim().isEmpty()) {","lastModifiedDate":"2025-09-22T22:37:45","isFullCredit":false},{"lineNumber":127,"author":{"gitId":"EggsKay"},"content":"            throw new BetaException(\"There is nothing to mark! Please specify which task to mark.\");","lastModifiedDate":"2025-09-22T22:37:45","isFullCredit":false},{"lineNumber":128,"author":{"gitId":"EggsKay"},"content":"        }","lastModifiedDate":"2025-09-22T22:37:45","isFullCredit":false},{"lineNumber":129,"author":{"gitId":"EggsKay"},"content":"        int index \u003d Integer.parseInt(inputBody) - 1;","lastModifiedDate":"2025-09-22T22:37:45","isFullCredit":false},{"lineNumber":130,"author":{"gitId":"EggsKay"},"content":"        if (index \u003e\u003d 0 \u0026\u0026 index \u003c tasks.size()) {","lastModifiedDate":"2025-09-22T22:37:45","isFullCredit":false},{"lineNumber":131,"author":{"gitId":"EggsKay"},"content":"            Task task \u003d tasks.get(index);","lastModifiedDate":"2025-09-22T22:37:45","isFullCredit":false},{"lineNumber":132,"author":{"gitId":"EggsKay"},"content":"            task.markAsDone();","lastModifiedDate":"2025-09-22T22:37:45","isFullCredit":false},{"lineNumber":133,"author":{"gitId":"EggsKay"},"content":"            System.out.println(\"Nice! I\u0027ve marked this task as done:\");","lastModifiedDate":"2025-09-22T22:37:45","isFullCredit":false},{"lineNumber":134,"author":{"gitId":"EggsKay"},"content":"            System.out.println(task + \"\\n\");","lastModifiedDate":"2025-09-22T22:37:45","isFullCredit":false},{"lineNumber":135,"author":{"gitId":"EggsKay"},"content":"            storage.save(tasks);","lastModifiedDate":"2025-09-22T22:37:45","isFullCredit":false},{"lineNumber":136,"author":{"gitId":"EggsKay"},"content":"        } else {","lastModifiedDate":"2025-09-22T22:37:45","isFullCredit":false},{"lineNumber":137,"author":{"gitId":"EggsKay"},"content":"            throw new BetaException(\"Invalid task number.\");","lastModifiedDate":"2025-09-22T22:37:45","isFullCredit":false},{"lineNumber":138,"author":{"gitId":"EggsKay"},"content":"        }","lastModifiedDate":"2025-09-22T22:37:45","isFullCredit":false},{"lineNumber":139,"author":{"gitId":"EggsKay"},"content":"    }","lastModifiedDate":"2025-09-09T20:30:46","isFullCredit":false},{"lineNumber":140,"author":{"gitId":"EggsKay"},"content":"","lastModifiedDate":"2025-09-09T20:30:46","isFullCredit":false},{"lineNumber":141,"author":{"gitId":"EggsKay"},"content":"    private static void handleUnmark(String inputBody) throws BetaException {","lastModifiedDate":"2025-09-22T22:37:45","isFullCredit":false},{"lineNumber":142,"author":{"gitId":"EggsKay"},"content":"        if (inputBody \u003d\u003d null || inputBody.trim().isEmpty()) {","lastModifiedDate":"2025-09-12T14:23:39","isFullCredit":false},{"lineNumber":143,"author":{"gitId":"EggsKay"},"content":"            throw new BetaException(\"There is nothing to unmark! Please specify which task to unmark.\");","lastModifiedDate":"2025-09-22T22:37:45","isFullCredit":false},{"lineNumber":144,"author":{"gitId":"EggsKay"},"content":"        }","lastModifiedDate":"2025-09-12T14:23:39","isFullCredit":false},{"lineNumber":145,"author":{"gitId":"EggsKay"},"content":"        int index \u003d Integer.parseInt(inputBody) - 1;","lastModifiedDate":"2025-09-22T22:37:45","isFullCredit":false},{"lineNumber":146,"author":{"gitId":"EggsKay"},"content":"        if (index \u003e\u003d 0 \u0026\u0026 index \u003c tasks.size()) {","lastModifiedDate":"2025-09-22T22:37:45","isFullCredit":false},{"lineNumber":147,"author":{"gitId":"EggsKay"},"content":"            Task task \u003d tasks.get(index);","lastModifiedDate":"2025-09-22T22:37:45","isFullCredit":false},{"lineNumber":148,"author":{"gitId":"EggsKay"},"content":"            task.unmarkAsDone();","lastModifiedDate":"2025-09-22T22:37:45","isFullCredit":false},{"lineNumber":149,"author":{"gitId":"EggsKay"},"content":"            System.out.println(\"Ok I\u0027ve unmarked this task:\");","lastModifiedDate":"2025-09-22T22:37:45","isFullCredit":false},{"lineNumber":150,"author":{"gitId":"EggsKay"},"content":"            System.out.println(task + \"\\n\");","lastModifiedDate":"2025-09-22T22:37:45","isFullCredit":false},{"lineNumber":151,"author":{"gitId":"EggsKay"},"content":"            storage.save(tasks);","lastModifiedDate":"2025-09-22T22:37:45","isFullCredit":false},{"lineNumber":152,"author":{"gitId":"EggsKay"},"content":"        } else {","lastModifiedDate":"2025-09-22T22:37:45","isFullCredit":false},{"lineNumber":153,"author":{"gitId":"EggsKay"},"content":"            throw new BetaException(\"Invalid task number for unmark.\");","lastModifiedDate":"2025-09-22T22:37:45","isFullCredit":false},{"lineNumber":154,"author":{"gitId":"EggsKay"},"content":"        }","lastModifiedDate":"2025-09-09T20:30:46","isFullCredit":false},{"lineNumber":155,"author":{"gitId":"EggsKay"},"content":"    }","lastModifiedDate":"2025-08-22T14:29:24","isFullCredit":false},{"lineNumber":156,"author":{"gitId":"EggsKay"},"content":"","lastModifiedDate":"2025-09-19T11:02:07","isFullCredit":false},{"lineNumber":157,"author":{"gitId":"EggsKay"},"content":"    private static void handleDelete(String inputBody) throws BetaException {","lastModifiedDate":"2025-09-19T11:02:07","isFullCredit":false},{"lineNumber":158,"author":{"gitId":"EggsKay"},"content":"        if (inputBody \u003d\u003d null || inputBody.trim().isEmpty()) {","lastModifiedDate":"2025-09-19T11:02:07","isFullCredit":false},{"lineNumber":159,"author":{"gitId":"EggsKay"},"content":"            throw new BetaException(\"Give me something to delete! Please specify which task to delete.\");","lastModifiedDate":"2025-09-19T11:02:07","isFullCredit":false},{"lineNumber":160,"author":{"gitId":"EggsKay"},"content":"        }","lastModifiedDate":"2025-09-19T11:02:07","isFullCredit":false},{"lineNumber":161,"author":{"gitId":"EggsKay"},"content":"        int index;","lastModifiedDate":"2025-09-19T11:02:07","isFullCredit":false},{"lineNumber":162,"author":{"gitId":"EggsKay"},"content":"        try {","lastModifiedDate":"2025-09-19T11:02:07","isFullCredit":false},{"lineNumber":163,"author":{"gitId":"EggsKay"},"content":"            index \u003d Integer.parseInt(inputBody.trim()) - 1;","lastModifiedDate":"2025-09-19T11:02:07","isFullCredit":false},{"lineNumber":164,"author":{"gitId":"EggsKay"},"content":"        } catch (NumberFormatException e) {","lastModifiedDate":"2025-09-19T11:02:07","isFullCredit":false},{"lineNumber":165,"author":{"gitId":"EggsKay"},"content":"            throw new BetaException(\"Invalid delete command! Provide a valid task number.\");","lastModifiedDate":"2025-09-19T11:02:07","isFullCredit":false},{"lineNumber":166,"author":{"gitId":"EggsKay"},"content":"        }","lastModifiedDate":"2025-09-19T11:02:07","isFullCredit":false},{"lineNumber":167,"author":{"gitId":"EggsKay"},"content":"        if (index \u003c 0 || index \u003e\u003d tasks.size()) {","lastModifiedDate":"2025-09-22T22:37:45","isFullCredit":false},{"lineNumber":168,"author":{"gitId":"EggsKay"},"content":"            throw new BetaException(\"Invalid task number for delete.\");","lastModifiedDate":"2025-09-22T22:37:45","isFullCredit":false},{"lineNumber":169,"author":{"gitId":"EggsKay"},"content":"        }","lastModifiedDate":"2025-09-09T20:30:46","isFullCredit":false},{"lineNumber":170,"author":{"gitId":"EggsKay"},"content":"","lastModifiedDate":"2025-09-19T11:02:07","isFullCredit":false},{"lineNumber":171,"author":{"gitId":"EggsKay"},"content":"        Task removedTask \u003d tasks.remove(index);","lastModifiedDate":"2025-09-22T22:37:45","isFullCredit":false},{"lineNumber":172,"author":{"gitId":"EggsKay"},"content":"        System.out.println(\"Alright. I\u0027ve removed this task:\");","lastModifiedDate":"2025-09-19T11:02:07","isFullCredit":false},{"lineNumber":173,"author":{"gitId":"EggsKay"},"content":"        System.out.println(removedTask);","lastModifiedDate":"2025-09-19T11:02:07","isFullCredit":false},{"lineNumber":174,"author":{"gitId":"EggsKay"},"content":"        System.out.println(\"Now you have \" + tasks.size() + \" tasks in the list.\\n\");","lastModifiedDate":"2025-09-19T11:36:40","isFullCredit":false},{"lineNumber":175,"author":{"gitId":"EggsKay"},"content":"        storage.save(tasks);","lastModifiedDate":"2025-09-22T22:37:45","isFullCredit":false},{"lineNumber":176,"author":{"gitId":"EggsKay"},"content":"    }","lastModifiedDate":"2025-09-19T11:02:07","isFullCredit":false},{"lineNumber":177,"author":{"gitId":"EggsKay"},"content":"}","lastModifiedDate":"2025-08-22T14:29:24","isFullCredit":false}],"authorContributionMap":{"EggsKay":177}},{"path":"src/main/java/BetaException.java","fileType":"java","lines":[{"lineNumber":1,"author":{"gitId":"EggsKay"},"content":"public class BetaException extends Exception {","lastModifiedDate":"2025-09-12T13:47:35","isFullCredit":false},{"lineNumber":2,"author":{"gitId":"EggsKay"},"content":"    public BetaException(String message) {","lastModifiedDate":"2025-09-12T13:47:35","isFullCredit":false},{"lineNumber":3,"author":{"gitId":"EggsKay"},"content":"        super(message);","lastModifiedDate":"2025-09-12T13:47:35","isFullCredit":false},{"lineNumber":4,"author":{"gitId":"EggsKay"},"content":"    }","lastModifiedDate":"2025-09-12T13:47:35","isFullCredit":false},{"lineNumber":5,"author":{"gitId":"EggsKay"},"content":"}","lastModifiedDate":"2025-09-12T13:47:35","isFullCredit":false},{"lineNumber":6,"author":{"gitId":"EggsKay"},"content":"","lastModifiedDate":"2025-09-12T13:47:35","isFullCredit":false}],"authorContributionMap":{"EggsKay":6}},{"path":"src/main/java/Deadline.java","fileType":"java","lines":[{"lineNumber":1,"author":{"gitId":"EggsKay"},"content":"public class Deadline extends Task {","lastModifiedDate":"2025-09-08T21:09:01","isFullCredit":false},{"lineNumber":2,"author":{"gitId":"EggsKay"},"content":"    protected String by;","lastModifiedDate":"2025-09-08T21:09:01","isFullCredit":false},{"lineNumber":3,"author":{"gitId":"EggsKay"},"content":"","lastModifiedDate":"2025-09-08T21:09:01","isFullCredit":false},{"lineNumber":4,"author":{"gitId":"EggsKay"},"content":"    public Deadline(String description, String by) {","lastModifiedDate":"2025-09-08T21:09:01","isFullCredit":false},{"lineNumber":5,"author":{"gitId":"EggsKay"},"content":"        super(description);","lastModifiedDate":"2025-09-08T21:09:01","isFullCredit":false},{"lineNumber":6,"author":{"gitId":"EggsKay"},"content":"        this.by \u003d by;","lastModifiedDate":"2025-09-08T21:09:01","isFullCredit":false},{"lineNumber":7,"author":{"gitId":"EggsKay"},"content":"    }","lastModifiedDate":"2025-09-08T21:09:01","isFullCredit":false},{"lineNumber":8,"author":{"gitId":"EggsKay"},"content":"","lastModifiedDate":"2025-09-22T22:16:23","isFullCredit":false},{"lineNumber":9,"author":{"gitId":"EggsKay"},"content":"    @Override","lastModifiedDate":"2025-09-08T21:09:01","isFullCredit":false},{"lineNumber":10,"author":{"gitId":"EggsKay"},"content":"    public String toString() {","lastModifiedDate":"2025-09-08T21:09:01","isFullCredit":false},{"lineNumber":11,"author":{"gitId":"EggsKay"},"content":"        return \"[D]\" + super.toString() + \" (by: \" + by + \")\";","lastModifiedDate":"2025-09-08T21:09:01","isFullCredit":false},{"lineNumber":12,"author":{"gitId":"EggsKay"},"content":"    }","lastModifiedDate":"2025-09-08T21:09:01","isFullCredit":false},{"lineNumber":13,"author":{"gitId":"EggsKay"},"content":"","lastModifiedDate":"2025-09-22T22:16:23","isFullCredit":false},{"lineNumber":14,"author":{"gitId":"EggsKay"},"content":"    @Override","lastModifiedDate":"2025-09-22T22:16:23","isFullCredit":false},{"lineNumber":15,"author":{"gitId":"EggsKay"},"content":"    public String encode() {","lastModifiedDate":"2025-09-22T22:16:23","isFullCredit":false},{"lineNumber":16,"author":{"gitId":"EggsKay"},"content":"        return \"D | \" + (isDone ? \"1\" : \"0\") + \" | \" + description + \" | \" + by;","lastModifiedDate":"2025-09-22T22:16:23","isFullCredit":false},{"lineNumber":17,"author":{"gitId":"EggsKay"},"content":"    }","lastModifiedDate":"2025-09-22T22:16:23","isFullCredit":false},{"lineNumber":18,"author":{"gitId":"EggsKay"},"content":"}","lastModifiedDate":"2025-09-08T21:09:01","isFullCredit":false}],"authorContributionMap":{"EggsKay":18}},{"path":"src/main/java/Event.java","fileType":"java","lines":[{"lineNumber":1,"author":{"gitId":"EggsKay"},"content":"public class Event extends Task {","lastModifiedDate":"2025-09-08T21:09:01","isFullCredit":false},{"lineNumber":2,"author":{"gitId":"EggsKay"},"content":"    protected String from;","lastModifiedDate":"2025-09-08T21:09:01","isFullCredit":false},{"lineNumber":3,"author":{"gitId":"EggsKay"},"content":"    protected String to;","lastModifiedDate":"2025-09-08T21:09:01","isFullCredit":false},{"lineNumber":4,"author":{"gitId":"EggsKay"},"content":"","lastModifiedDate":"2025-09-08T21:09:01","isFullCredit":false},{"lineNumber":5,"author":{"gitId":"EggsKay"},"content":"    public Event(String description, String from, String to) {","lastModifiedDate":"2025-09-08T21:09:01","isFullCredit":false},{"lineNumber":6,"author":{"gitId":"EggsKay"},"content":"        super(description);","lastModifiedDate":"2025-09-08T21:09:01","isFullCredit":false},{"lineNumber":7,"author":{"gitId":"EggsKay"},"content":"        this.from \u003d from;","lastModifiedDate":"2025-09-08T21:09:01","isFullCredit":false},{"lineNumber":8,"author":{"gitId":"EggsKay"},"content":"        this.to \u003d to;","lastModifiedDate":"2025-09-08T21:09:01","isFullCredit":false},{"lineNumber":9,"author":{"gitId":"EggsKay"},"content":"    }","lastModifiedDate":"2025-09-08T21:09:01","isFullCredit":false},{"lineNumber":10,"author":{"gitId":"EggsKay"},"content":"","lastModifiedDate":"2025-09-08T21:09:01","isFullCredit":false},{"lineNumber":11,"author":{"gitId":"EggsKay"},"content":"    @Override","lastModifiedDate":"2025-09-08T21:09:01","isFullCredit":false},{"lineNumber":12,"author":{"gitId":"EggsKay"},"content":"    public String toString() {","lastModifiedDate":"2025-09-08T21:09:01","isFullCredit":false},{"lineNumber":13,"author":{"gitId":"EggsKay"},"content":"        return \"[E]\" + super.toString() + \"(from: \" + from + \", to: \" + to + \")\";","lastModifiedDate":"2025-09-08T21:09:01","isFullCredit":false},{"lineNumber":14,"author":{"gitId":"EggsKay"},"content":"    }","lastModifiedDate":"2025-09-08T21:09:01","isFullCredit":false},{"lineNumber":15,"author":{"gitId":"EggsKay"},"content":"","lastModifiedDate":"2025-09-22T22:16:23","isFullCredit":false},{"lineNumber":16,"author":{"gitId":"EggsKay"},"content":"    @Override","lastModifiedDate":"2025-09-22T22:16:23","isFullCredit":false},{"lineNumber":17,"author":{"gitId":"EggsKay"},"content":"    public String encode() {","lastModifiedDate":"2025-09-22T22:16:23","isFullCredit":false},{"lineNumber":18,"author":{"gitId":"EggsKay"},"content":"        return \"E | \" + (isDone ? \"1\" : \"0\") + \" | \" + description + \" | \" + from + \" | \" + to;","lastModifiedDate":"2025-09-22T22:16:23","isFullCredit":false},{"lineNumber":19,"author":{"gitId":"EggsKay"},"content":"    }","lastModifiedDate":"2025-09-22T22:16:23","isFullCredit":false},{"lineNumber":20,"author":{"gitId":"EggsKay"},"content":"}","lastModifiedDate":"2025-09-08T21:09:01","isFullCredit":false}],"authorContributionMap":{"EggsKay":20}},{"path":"src/main/java/Storage.java","fileType":"java","lines":[{"lineNumber":1,"author":{"gitId":"EggsKay"},"content":"import java.io.File;","lastModifiedDate":"2025-09-22T22:16:23","isFullCredit":false},{"lineNumber":2,"author":{"gitId":"EggsKay"},"content":"import java.io.FileWriter;","lastModifiedDate":"2025-09-22T22:16:23","isFullCredit":false},{"lineNumber":3,"author":{"gitId":"EggsKay"},"content":"import java.io.IOException;","lastModifiedDate":"2025-09-22T22:16:23","isFullCredit":false},{"lineNumber":4,"author":{"gitId":"EggsKay"},"content":"import java.util.ArrayList;","lastModifiedDate":"2025-09-22T22:37:45","isFullCredit":false},{"lineNumber":5,"author":{"gitId":"EggsKay"},"content":"import java.util.Scanner;","lastModifiedDate":"2025-09-22T22:16:23","isFullCredit":false},{"lineNumber":6,"author":{"gitId":"EggsKay"},"content":"","lastModifiedDate":"2025-09-22T22:16:23","isFullCredit":false},{"lineNumber":7,"author":{"gitId":"EggsKay"},"content":"public class Storage {","lastModifiedDate":"2025-09-22T22:16:23","isFullCredit":false},{"lineNumber":8,"author":{"gitId":"EggsKay"},"content":"    private final String filePath;","lastModifiedDate":"2025-09-22T22:16:23","isFullCredit":false},{"lineNumber":9,"author":{"gitId":"EggsKay"},"content":"","lastModifiedDate":"2025-09-22T22:16:23","isFullCredit":false},{"lineNumber":10,"author":{"gitId":"EggsKay"},"content":"    public Storage(String filePath) {","lastModifiedDate":"2025-09-22T22:16:23","isFullCredit":false},{"lineNumber":11,"author":{"gitId":"EggsKay"},"content":"        this.filePath \u003d filePath;","lastModifiedDate":"2025-09-22T22:16:23","isFullCredit":false},{"lineNumber":12,"author":{"gitId":"EggsKay"},"content":"    }","lastModifiedDate":"2025-09-22T22:16:23","isFullCredit":false},{"lineNumber":13,"author":{"gitId":"EggsKay"},"content":"","lastModifiedDate":"2025-09-22T22:16:23","isFullCredit":false},{"lineNumber":14,"author":{"gitId":"EggsKay"},"content":"    // Save tasks to disk","lastModifiedDate":"2025-09-22T22:37:45","isFullCredit":false},{"lineNumber":15,"author":{"gitId":"EggsKay"},"content":"    public void save(ArrayList\u003cTask\u003e tasks) {","lastModifiedDate":"2025-09-22T22:37:45","isFullCredit":false},{"lineNumber":16,"author":{"gitId":"EggsKay"},"content":"        try {","lastModifiedDate":"2025-09-22T22:16:23","isFullCredit":false},{"lineNumber":17,"author":{"gitId":"EggsKay"},"content":"            File file \u003d new File(filePath);","lastModifiedDate":"2025-09-22T22:16:23","isFullCredit":false},{"lineNumber":18,"author":{"gitId":"EggsKay"},"content":"            File parentDir \u003d file.getParentFile();","lastModifiedDate":"2025-09-22T22:16:23","isFullCredit":false},{"lineNumber":19,"author":{"gitId":"EggsKay"},"content":"            if (parentDir !\u003d null \u0026\u0026 !parentDir.exists()) {","lastModifiedDate":"2025-09-22T22:16:23","isFullCredit":false},{"lineNumber":20,"author":{"gitId":"EggsKay"},"content":"                parentDir.mkdirs();","lastModifiedDate":"2025-09-22T22:16:23","isFullCredit":false},{"lineNumber":21,"author":{"gitId":"EggsKay"},"content":"            }","lastModifiedDate":"2025-09-22T22:16:23","isFullCredit":false},{"lineNumber":22,"author":{"gitId":"EggsKay"},"content":"","lastModifiedDate":"2025-09-22T22:16:23","isFullCredit":false},{"lineNumber":23,"author":{"gitId":"EggsKay"},"content":"            FileWriter writer \u003d new FileWriter(file);","lastModifiedDate":"2025-09-22T22:16:23","isFullCredit":false},{"lineNumber":24,"author":{"gitId":"EggsKay"},"content":"            for (Task task : tasks) {","lastModifiedDate":"2025-09-22T22:37:45","isFullCredit":false},{"lineNumber":25,"author":{"gitId":"EggsKay"},"content":"                writer.write(task.encode() + System.lineSeparator());","lastModifiedDate":"2025-09-22T22:37:45","isFullCredit":false},{"lineNumber":26,"author":{"gitId":"EggsKay"},"content":"            }","lastModifiedDate":"2025-09-22T22:16:23","isFullCredit":false},{"lineNumber":27,"author":{"gitId":"EggsKay"},"content":"            writer.close();","lastModifiedDate":"2025-09-22T22:16:23","isFullCredit":false},{"lineNumber":28,"author":{"gitId":"EggsKay"},"content":"        } catch (IOException e) {","lastModifiedDate":"2025-09-22T22:16:23","isFullCredit":false},{"lineNumber":29,"author":{"gitId":"EggsKay"},"content":"            System.out.println(\"Error saving tasks: \" + e.getMessage());","lastModifiedDate":"2025-09-22T22:16:23","isFullCredit":false},{"lineNumber":30,"author":{"gitId":"EggsKay"},"content":"        }","lastModifiedDate":"2025-09-22T22:16:23","isFullCredit":false},{"lineNumber":31,"author":{"gitId":"EggsKay"},"content":"    }","lastModifiedDate":"2025-09-22T22:16:23","isFullCredit":false},{"lineNumber":32,"author":{"gitId":"EggsKay"},"content":"","lastModifiedDate":"2025-09-22T22:16:23","isFullCredit":false},{"lineNumber":33,"author":{"gitId":"EggsKay"},"content":"    // Load tasks from disk","lastModifiedDate":"2025-09-22T22:16:23","isFullCredit":false},{"lineNumber":34,"author":{"gitId":"EggsKay"},"content":"    public void load(ArrayList\u003cTask\u003e tasks) {","lastModifiedDate":"2025-09-22T22:37:45","isFullCredit":false},{"lineNumber":35,"author":{"gitId":"EggsKay"},"content":"        try {","lastModifiedDate":"2025-09-22T22:16:23","isFullCredit":false},{"lineNumber":36,"author":{"gitId":"EggsKay"},"content":"            File file \u003d new File(filePath);","lastModifiedDate":"2025-09-22T22:16:23","isFullCredit":false},{"lineNumber":37,"author":{"gitId":"EggsKay"},"content":"            if (!file.exists()) {","lastModifiedDate":"2025-09-22T22:16:23","isFullCredit":false},{"lineNumber":38,"author":{"gitId":"EggsKay"},"content":"                return;","lastModifiedDate":"2025-09-22T22:37:45","isFullCredit":false},{"lineNumber":39,"author":{"gitId":"EggsKay"},"content":"            }","lastModifiedDate":"2025-09-22T22:16:23","isFullCredit":false},{"lineNumber":40,"author":{"gitId":"EggsKay"},"content":"","lastModifiedDate":"2025-09-22T22:16:23","isFullCredit":false},{"lineNumber":41,"author":{"gitId":"EggsKay"},"content":"            Scanner scanner \u003d new Scanner(file);","lastModifiedDate":"2025-09-22T22:16:23","isFullCredit":false},{"lineNumber":42,"author":{"gitId":"EggsKay"},"content":"            while (scanner.hasNextLine()) {","lastModifiedDate":"2025-09-22T22:16:23","isFullCredit":false},{"lineNumber":43,"author":{"gitId":"EggsKay"},"content":"                String line \u003d scanner.nextLine();","lastModifiedDate":"2025-09-22T22:16:23","isFullCredit":false},{"lineNumber":44,"author":{"gitId":"EggsKay"},"content":"                Task task \u003d TaskDecoder.decode(line);","lastModifiedDate":"2025-09-22T22:16:23","isFullCredit":false},{"lineNumber":45,"author":{"gitId":"EggsKay"},"content":"                if (task !\u003d null) {","lastModifiedDate":"2025-09-22T22:37:45","isFullCredit":false},{"lineNumber":46,"author":{"gitId":"EggsKay"},"content":"                    tasks.add(task);","lastModifiedDate":"2025-09-22T22:37:45","isFullCredit":false},{"lineNumber":47,"author":{"gitId":"EggsKay"},"content":"                }","lastModifiedDate":"2025-09-22T22:37:45","isFullCredit":false},{"lineNumber":48,"author":{"gitId":"EggsKay"},"content":"            }","lastModifiedDate":"2025-09-22T22:16:23","isFullCredit":false},{"lineNumber":49,"author":{"gitId":"EggsKay"},"content":"            scanner.close();","lastModifiedDate":"2025-09-22T22:16:23","isFullCredit":false},{"lineNumber":50,"author":{"gitId":"EggsKay"},"content":"        } catch (IOException e) {","lastModifiedDate":"2025-09-22T22:16:23","isFullCredit":false},{"lineNumber":51,"author":{"gitId":"EggsKay"},"content":"            System.out.println(\"Error loading tasks: \" + e.getMessage());","lastModifiedDate":"2025-09-22T22:16:23","isFullCredit":false},{"lineNumber":52,"author":{"gitId":"EggsKay"},"content":"        }","lastModifiedDate":"2025-09-22T22:16:23","isFullCredit":false},{"lineNumber":53,"author":{"gitId":"EggsKay"},"content":"    }","lastModifiedDate":"2025-09-22T22:16:23","isFullCredit":false},{"lineNumber":54,"author":{"gitId":"EggsKay"},"content":"}","lastModifiedDate":"2025-09-22T22:16:23","isFullCredit":false},{"lineNumber":55,"author":{"gitId":"EggsKay"},"content":"","lastModifiedDate":"2025-09-22T22:37:45","isFullCredit":false}],"authorContributionMap":{"EggsKay":55}},{"path":"src/main/java/Task.java","fileType":"java","lines":[{"lineNumber":1,"author":{"gitId":"EggsKay"},"content":"public abstract class Task {","lastModifiedDate":"2025-09-22T22:16:23","isFullCredit":false},{"lineNumber":2,"author":{"gitId":"EggsKay"},"content":"    protected String description;","lastModifiedDate":"2025-08-29T14:07:13","isFullCredit":false},{"lineNumber":3,"author":{"gitId":"EggsKay"},"content":"    protected boolean isDone;","lastModifiedDate":"2025-08-29T14:07:13","isFullCredit":false},{"lineNumber":4,"author":{"gitId":"EggsKay"},"content":"","lastModifiedDate":"2025-08-29T14:07:13","isFullCredit":false},{"lineNumber":5,"author":{"gitId":"EggsKay"},"content":"    public Task(String description) {","lastModifiedDate":"2025-08-29T14:07:13","isFullCredit":false},{"lineNumber":6,"author":{"gitId":"EggsKay"},"content":"        this.description \u003d description;","lastModifiedDate":"2025-08-29T14:07:13","isFullCredit":false},{"lineNumber":7,"author":{"gitId":"EggsKay"},"content":"        this.isDone \u003d false;","lastModifiedDate":"2025-08-29T14:07:13","isFullCredit":false},{"lineNumber":8,"author":{"gitId":"EggsKay"},"content":"    }","lastModifiedDate":"2025-08-29T14:07:13","isFullCredit":false},{"lineNumber":9,"author":{"gitId":"EggsKay"},"content":"","lastModifiedDate":"2025-08-29T14:07:13","isFullCredit":false},{"lineNumber":10,"author":{"gitId":"EggsKay"},"content":"    public String getStatusIcon() {","lastModifiedDate":"2025-08-29T14:07:13","isFullCredit":false},{"lineNumber":11,"author":{"gitId":"EggsKay"},"content":"        return (isDone ? \"X\" : \" \"); // mark done task with X","lastModifiedDate":"2025-08-29T14:07:13","isFullCredit":false},{"lineNumber":12,"author":{"gitId":"EggsKay"},"content":"    }","lastModifiedDate":"2025-08-29T14:07:13","isFullCredit":false},{"lineNumber":13,"author":{"gitId":"EggsKay"},"content":"","lastModifiedDate":"2025-08-29T14:07:13","isFullCredit":false},{"lineNumber":14,"author":{"gitId":"EggsKay"},"content":"    public String getDescription() {","lastModifiedDate":"2025-08-29T14:07:13","isFullCredit":false},{"lineNumber":15,"author":{"gitId":"EggsKay"},"content":"        return description;","lastModifiedDate":"2025-08-29T14:07:13","isFullCredit":false},{"lineNumber":16,"author":{"gitId":"EggsKay"},"content":"    }","lastModifiedDate":"2025-08-29T14:07:13","isFullCredit":false},{"lineNumber":17,"author":{"gitId":"EggsKay"},"content":"","lastModifiedDate":"2025-08-29T14:07:13","isFullCredit":false},{"lineNumber":18,"author":{"gitId":"EggsKay"},"content":"    public void markAsDone() {","lastModifiedDate":"2025-08-29T14:07:13","isFullCredit":false},{"lineNumber":19,"author":{"gitId":"EggsKay"},"content":"        isDone \u003d true;","lastModifiedDate":"2025-08-29T14:07:13","isFullCredit":false},{"lineNumber":20,"author":{"gitId":"EggsKay"},"content":"    }","lastModifiedDate":"2025-08-29T14:07:13","isFullCredit":false},{"lineNumber":21,"author":{"gitId":"EggsKay"},"content":"","lastModifiedDate":"2025-08-29T14:07:13","isFullCredit":false},{"lineNumber":22,"author":{"gitId":"EggsKay"},"content":"    public void unmarkAsDone() {","lastModifiedDate":"2025-08-29T14:07:13","isFullCredit":false},{"lineNumber":23,"author":{"gitId":"EggsKay"},"content":"        isDone \u003d false;","lastModifiedDate":"2025-08-29T14:07:13","isFullCredit":false},{"lineNumber":24,"author":{"gitId":"EggsKay"},"content":"    }","lastModifiedDate":"2025-08-29T14:07:13","isFullCredit":false},{"lineNumber":25,"author":{"gitId":"EggsKay"},"content":"","lastModifiedDate":"2025-08-29T14:07:13","isFullCredit":false},{"lineNumber":26,"author":{"gitId":"EggsKay"},"content":"    @Override","lastModifiedDate":"2025-09-08T21:09:01","isFullCredit":false},{"lineNumber":27,"author":{"gitId":"EggsKay"},"content":"    public String toString() {","lastModifiedDate":"2025-09-08T21:09:01","isFullCredit":false},{"lineNumber":28,"author":{"gitId":"EggsKay"},"content":"        return \"[\" + this.getStatusIcon() + \"]\" + this.getDescription();","lastModifiedDate":"2025-09-08T21:09:01","isFullCredit":false},{"lineNumber":29,"author":{"gitId":"EggsKay"},"content":"    }","lastModifiedDate":"2025-09-08T21:09:01","isFullCredit":false},{"lineNumber":30,"author":{"gitId":"EggsKay"},"content":"","lastModifiedDate":"2025-09-08T21:09:01","isFullCredit":false},{"lineNumber":31,"author":{"gitId":"EggsKay"},"content":"    public abstract String encode();","lastModifiedDate":"2025-09-22T22:16:23","isFullCredit":false},{"lineNumber":32,"author":{"gitId":"EggsKay"},"content":"","lastModifiedDate":"2025-09-22T22:16:23","isFullCredit":false},{"lineNumber":33,"author":{"gitId":"EggsKay"},"content":"}","lastModifiedDate":"2025-08-29T14:07:13","isFullCredit":false}],"authorContributionMap":{"EggsKay":33}},{"path":"src/main/java/TaskDecoder.java","fileType":"java","lines":[{"lineNumber":1,"author":{"gitId":"EggsKay"},"content":"public class TaskDecoder {","lastModifiedDate":"2025-09-22T22:16:23","isFullCredit":false},{"lineNumber":2,"author":{"gitId":"EggsKay"},"content":"    public static Task decode(String line) {","lastModifiedDate":"2025-09-22T22:16:23","isFullCredit":false},{"lineNumber":3,"author":{"gitId":"EggsKay"},"content":"        String[] parts \u003d line.split(\" \\\\| \");","lastModifiedDate":"2025-09-22T22:16:23","isFullCredit":false},{"lineNumber":4,"author":{"gitId":"EggsKay"},"content":"        String type \u003d parts[0];","lastModifiedDate":"2025-09-22T22:16:23","isFullCredit":false},{"lineNumber":5,"author":{"gitId":"EggsKay"},"content":"        boolean isDone \u003d parts[1].equals(\"1\");","lastModifiedDate":"2025-09-22T22:16:23","isFullCredit":false},{"lineNumber":6,"author":{"gitId":"EggsKay"},"content":"        Task task \u003d null;","lastModifiedDate":"2025-09-22T22:16:23","isFullCredit":false},{"lineNumber":7,"author":{"gitId":"EggsKay"},"content":"","lastModifiedDate":"2025-09-22T22:16:23","isFullCredit":false},{"lineNumber":8,"author":{"gitId":"EggsKay"},"content":"        switch (type) {","lastModifiedDate":"2025-09-22T22:16:23","isFullCredit":false},{"lineNumber":9,"author":{"gitId":"EggsKay"},"content":"        case \"T\":","lastModifiedDate":"2025-09-22T22:16:23","isFullCredit":false},{"lineNumber":10,"author":{"gitId":"EggsKay"},"content":"            task \u003d new Todo(parts[2]);","lastModifiedDate":"2025-09-22T22:16:23","isFullCredit":false},{"lineNumber":11,"author":{"gitId":"EggsKay"},"content":"            break;","lastModifiedDate":"2025-09-22T22:16:23","isFullCredit":false},{"lineNumber":12,"author":{"gitId":"EggsKay"},"content":"        case \"D\":","lastModifiedDate":"2025-09-22T22:16:23","isFullCredit":false},{"lineNumber":13,"author":{"gitId":"EggsKay"},"content":"            task \u003d new Deadline(parts[2], parts[3]);","lastModifiedDate":"2025-09-22T22:16:23","isFullCredit":false},{"lineNumber":14,"author":{"gitId":"EggsKay"},"content":"            break;","lastModifiedDate":"2025-09-22T22:16:23","isFullCredit":false},{"lineNumber":15,"author":{"gitId":"EggsKay"},"content":"        case \"E\":","lastModifiedDate":"2025-09-22T22:16:23","isFullCredit":false},{"lineNumber":16,"author":{"gitId":"EggsKay"},"content":"            task \u003d new Event(parts[2], parts[3], parts[4]);","lastModifiedDate":"2025-09-22T22:16:23","isFullCredit":false},{"lineNumber":17,"author":{"gitId":"EggsKay"},"content":"            break;","lastModifiedDate":"2025-09-22T22:16:23","isFullCredit":false},{"lineNumber":18,"author":{"gitId":"EggsKay"},"content":"        }","lastModifiedDate":"2025-09-22T22:16:23","isFullCredit":false},{"lineNumber":19,"author":{"gitId":"EggsKay"},"content":"","lastModifiedDate":"2025-09-22T22:16:23","isFullCredit":false},{"lineNumber":20,"author":{"gitId":"EggsKay"},"content":"        if (isDone \u0026\u0026 task !\u003d null) {","lastModifiedDate":"2025-09-22T22:16:23","isFullCredit":false},{"lineNumber":21,"author":{"gitId":"EggsKay"},"content":"            task.markAsDone();","lastModifiedDate":"2025-09-22T22:16:23","isFullCredit":false},{"lineNumber":22,"author":{"gitId":"EggsKay"},"content":"        }","lastModifiedDate":"2025-09-22T22:16:23","isFullCredit":false},{"lineNumber":23,"author":{"gitId":"EggsKay"},"content":"        return task;","lastModifiedDate":"2025-09-22T22:16:23","isFullCredit":false},{"lineNumber":24,"author":{"gitId":"EggsKay"},"content":"    }","lastModifiedDate":"2025-09-22T22:16:23","isFullCredit":false},{"lineNumber":25,"author":{"gitId":"EggsKay"},"content":"}","lastModifiedDate":"2025-09-22T22:16:23","isFullCredit":false}],"authorContributionMap":{"EggsKay":25}},{"path":"src/main/java/Todo.java","fileType":"java","lines":[{"lineNumber":1,"author":{"gitId":"EggsKay"},"content":"public class Todo extends Task {","lastModifiedDate":"2025-09-08T21:09:01","isFullCredit":false},{"lineNumber":2,"author":{"gitId":"EggsKay"},"content":"    protected boolean isDone;","lastModifiedDate":"2025-09-08T21:09:01","isFullCredit":false},{"lineNumber":3,"author":{"gitId":"EggsKay"},"content":"","lastModifiedDate":"2025-09-08T21:09:01","isFullCredit":false},{"lineNumber":4,"author":{"gitId":"EggsKay"},"content":"    public Todo(String description) {","lastModifiedDate":"2025-09-08T21:09:01","isFullCredit":false},{"lineNumber":5,"author":{"gitId":"EggsKay"},"content":"        super(description);","lastModifiedDate":"2025-09-08T21:09:01","isFullCredit":false},{"lineNumber":6,"author":{"gitId":"EggsKay"},"content":"        isDone \u003d false;","lastModifiedDate":"2025-09-08T21:09:01","isFullCredit":false},{"lineNumber":7,"author":{"gitId":"EggsKay"},"content":"    }","lastModifiedDate":"2025-09-08T21:09:01","isFullCredit":false},{"lineNumber":8,"author":{"gitId":"EggsKay"},"content":"","lastModifiedDate":"2025-09-22T22:16:23","isFullCredit":false},{"lineNumber":9,"author":{"gitId":"EggsKay"},"content":"    @Override","lastModifiedDate":"2025-09-08T21:09:01","isFullCredit":false},{"lineNumber":10,"author":{"gitId":"EggsKay"},"content":"    public String toString() {","lastModifiedDate":"2025-09-08T21:09:01","isFullCredit":false},{"lineNumber":11,"author":{"gitId":"EggsKay"},"content":"        return \"[T]\" + super.toString();","lastModifiedDate":"2025-09-08T21:09:01","isFullCredit":false},{"lineNumber":12,"author":{"gitId":"EggsKay"},"content":"    }","lastModifiedDate":"2025-09-08T21:09:01","isFullCredit":false},{"lineNumber":13,"author":{"gitId":"EggsKay"},"content":"","lastModifiedDate":"2025-09-22T22:16:23","isFullCredit":false},{"lineNumber":14,"author":{"gitId":"EggsKay"},"content":"    @Override","lastModifiedDate":"2025-09-22T22:16:23","isFullCredit":false},{"lineNumber":15,"author":{"gitId":"EggsKay"},"content":"    public String encode() {","lastModifiedDate":"2025-09-22T22:16:23","isFullCredit":false},{"lineNumber":16,"author":{"gitId":"EggsKay"},"content":"        return \"T | \" + (isDone ? \"1\" : \"0\") + \" | \" + description;","lastModifiedDate":"2025-09-22T22:16:23","isFullCredit":false},{"lineNumber":17,"author":{"gitId":"EggsKay"},"content":"    }","lastModifiedDate":"2025-09-22T22:16:23","isFullCredit":false},{"lineNumber":18,"author":{"gitId":"EggsKay"},"content":"}","lastModifiedDate":"2025-09-08T21:09:01","isFullCredit":false}],"authorContributionMap":{"EggsKay":18}},{"path":"text-ui-test/runtest.bat","fileType":"bat","lines":[{"lineNumber":1,"author":{"gitId":"-"},"content":"@ECHO OFF","lastModifiedDate":"2020-05-25T00:03:55","isFullCredit":false},{"lineNumber":2,"author":{"gitId":"-"},"content":"","lastModifiedDate":"2020-05-25T00:03:55","isFullCredit":false},{"lineNumber":3,"author":{"gitId":"-"},"content":"REM create bin directory if it doesn\u0027t exist","lastModifiedDate":"2020-05-25T00:03:55","isFullCredit":false},{"lineNumber":4,"author":{"gitId":"-"},"content":"if not exist ..\\bin mkdir ..\\bin","lastModifiedDate":"2020-05-25T00:03:55","isFullCredit":false},{"lineNumber":5,"author":{"gitId":"-"},"content":"","lastModifiedDate":"2020-05-25T00:03:55","isFullCredit":false},{"lineNumber":6,"author":{"gitId":"-"},"content":"REM delete output from previous run","lastModifiedDate":"2020-05-25T00:03:55","isFullCredit":false},{"lineNumber":7,"author":{"gitId":"-"},"content":"if exist ACTUAL.TXT del ACTUAL.TXT","lastModifiedDate":"2020-08-25T17:23:26","isFullCredit":false},{"lineNumber":8,"author":{"gitId":"-"},"content":"","lastModifiedDate":"2020-05-25T00:03:55","isFullCredit":false},{"lineNumber":9,"author":{"gitId":"-"},"content":"REM compile the code into the bin folder","lastModifiedDate":"2020-05-25T00:03:55","isFullCredit":false},{"lineNumber":10,"author":{"gitId":"-"},"content":"javac  -cp ..\\src\\main\\java -Xlint:none -d ..\\bin ..\\src\\main\\java\\*.java","lastModifiedDate":"2020-08-25T17:23:26","isFullCredit":false},{"lineNumber":11,"author":{"gitId":"-"},"content":"IF ERRORLEVEL 1 (","lastModifiedDate":"2020-05-25T00:03:55","isFullCredit":false},{"lineNumber":12,"author":{"gitId":"-"},"content":"    echo ********** BUILD FAILURE **********","lastModifiedDate":"2020-05-25T00:03:55","isFullCredit":false},{"lineNumber":13,"author":{"gitId":"-"},"content":"    exit /b 1","lastModifiedDate":"2020-05-25T00:03:55","isFullCredit":false},{"lineNumber":14,"author":{"gitId":"-"},"content":")","lastModifiedDate":"2020-05-25T00:03:55","isFullCredit":false},{"lineNumber":15,"author":{"gitId":"-"},"content":"REM no error here, errorlevel \u003d\u003d 0","lastModifiedDate":"2020-05-25T00:03:55","isFullCredit":false},{"lineNumber":16,"author":{"gitId":"-"},"content":"","lastModifiedDate":"2020-05-25T00:03:55","isFullCredit":false},{"lineNumber":17,"author":{"gitId":"-"},"content":"REM run the program, feed commands from input.txt file and redirect the output to the ACTUAL.TXT","lastModifiedDate":"2020-05-25T00:03:55","isFullCredit":false},{"lineNumber":18,"author":{"gitId":"EggsKay"},"content":"java -classpath ..\\bin Beta \u003c input.txt \u003e ACTUAL.TXT","lastModifiedDate":"2025-08-22T14:29:24","isFullCredit":false},{"lineNumber":19,"author":{"gitId":"-"},"content":"","lastModifiedDate":"2020-05-25T00:03:55","isFullCredit":false},{"lineNumber":20,"author":{"gitId":"-"},"content":"REM compare the output to the expected output","lastModifiedDate":"2020-05-25T00:03:55","isFullCredit":false},{"lineNumber":21,"author":{"gitId":"-"},"content":"FC ACTUAL.TXT EXPECTED.TXT","lastModifiedDate":"2020-05-25T00:03:55","isFullCredit":false}],"authorContributionMap":{"EggsKay":1,"-":20}}]
