{"authorDailyContributionsMap":{"EggsKay":[{"date":"2025-08-22T00:00:00","commitResults":[{"hash":"eda853a6bf61d9be68ca0394cde1faa66c2e1259","isMergeCommit":false,"messageTitle":"Rename bot to Beta and add skeleton code","messageBody":"","tags":["Level0"],"fileTypesAndContributionMap":{"java":{"insertions":8,"deletions":10},"bat":{"insertions":1,"deletions":1},"md":{"insertions":3,"deletions":3}}}]},{"date":"2025-08-28T00:00:00","commitResults":[{"hash":"26600ef6fc5ea3e8032e160c2ddca6a235bc7d7f","isMergeCommit":false,"messageTitle":"Add echo function with bye termination","messageBody":"","tags":["Level1"],"fileTypesAndContributionMap":{"java":{"insertions":9,"deletions":3}}}]},{"date":"2025-08-29T00:00:00","commitResults":[{"hash":"cf999ebc59a5e6ef0eda071ce13cf0ee564b2321","isMergeCommit":false,"messageTitle":"Add list function","messageBody":"","tags":["Level2"],"fileTypesAndContributionMap":{"java":{"insertions":21,"deletions":3}}},{"hash":"b102d94a78ed9af156640661387f88bae4db6bd7","isMergeCommit":false,"messageTitle":"Add mark feature and Task class","messageBody":"","tags":["Level3","A-CodingStandard"],"fileTypesAndContributionMap":{"java":{"insertions":57,"deletions":8}}}]},{"date":"2025-09-08T00:00:00","commitResults":[{"hash":"38120c53ee1a32e5c4177fac4afb41dabf41ca5d","isMergeCommit":false,"messageTitle":"Add Deadline, Event and Todo extentions","messageBody":"","tags":["Level4"],"fileTypesAndContributionMap":{"java":{"insertions":103,"deletions":32}}}]},{"date":"2025-09-09T00:00:00","commitResults":[{"hash":"336719f918cc9761267ac4ceaf2770b6ce540270","isMergeCommit":false,"messageTitle":"refactored and improved code quality","messageBody":"","tags":["A-CodeQuality"],"fileTypesAndContributionMap":{"java":{"insertions":81,"deletions":52}}}]},{"date":"2025-09-12T00:00:00","commitResults":[{"hash":"dbd0e2fd6a575a0cb649eb198c690559576e9580","isMergeCommit":false,"messageTitle":"Add BetaException class for error handling","messageBody":"","tags":["A-Exceptions"],"fileTypesAndContributionMap":{"java":{"insertions":6,"deletions":0}}},{"hash":"0d598f9fc55af11d8867d0d2de09f3ce6dfa1d69","isMergeCommit":false,"messageTitle":"Handle empty mark and unmark cases","messageBody":"","fileTypesAndContributionMap":{"java":{"insertions":38,"deletions":26}}},{"hash":"693609e705f8e37f5c1bfdf8c7eadfe56affb006","isMergeCommit":false,"messageTitle":"Handle empty Todo and Deadline cases","messageBody":"","fileTypesAndContributionMap":{"java":{"insertions":18,"deletions":3}}},{"hash":"62c467076aae5fc6add19cff2c7c9a0602a77918","isMergeCommit":true,"messageTitle":"Merge branch-Level-5 into master","messageBody":"","tags":["Level5"],"fileTypesAndContributionMap":{}}]},{"date":"2025-09-19T00:00:00","commitResults":[{"hash":"20a5c908bfafaf65c45520f3e7b4e99cd0ee7a95","isMergeCommit":false,"messageTitle":"Add delete method","messageBody":"","fileTypesAndContributionMap":{"java":{"insertions":35,"deletions":1}}},{"hash":"54ce5b42a55a7c34ea784ddcb8249b2b858819a6","isMergeCommit":false,"messageTitle":"Implement ArrayList","messageBody":"","fileTypesAndContributionMap":{"java":{"insertions":28,"deletions":38}}}]},{"date":"2025-09-22T00:00:00","commitResults":[{"hash":"d839cfd5aef21b623fe416373c08efbb5b7f7786","isMergeCommit":false,"messageTitle":"Implement save funtion","messageBody":"","fileTypesAndContributionMap":{"txt":{"insertions":3,"deletions":0},"java":{"insertions":108,"deletions":3}}},{"hash":"6ea9639620d8f3335e2fdc7787661e2a39e2f5d8","isMergeCommit":true,"messageTitle":"Merge branch Level 6 into master","messageBody":"","tags":["Level6","A-Collections"],"fileTypesAndContributionMap":{}},{"hash":"4cf3511324563c99b7a67713ca717858f7c45d5d","isMergeCommit":true,"messageTitle":"Merge branch Level 7 into master","messageBody":"","tags":["Level7"],"fileTypesAndContributionMap":{}},{"hash":"c507747693ecf19a953020d15fed93aaf3ccf4b0","isMergeCommit":false,"messageTitle":"Stop tracking beta.txt and ignore it","messageBody":"","tags":["A-Jar"],"fileTypesAndContributionMap":{"txt":{"insertions":0,"deletions":3}}}]},{"date":"2025-10-02T00:00:00","commitResults":[{"hash":"7ff92f53fae0d815ec5140f8e7657515ad3004e5","isMergeCommit":false,"messageTitle":"Implement more OOP","messageBody":"","tags":["A-MoreOOP"],"fileTypesAndContributionMap":{"java":{"insertions":244,"deletions":155}}},{"hash":"1bd9824d84f305b3f772b8f2b933df028968ab4d","isMergeCommit":false,"messageTitle":"Implement find function","messageBody":"","fileTypesAndContributionMap":{"java":{"insertions":34,"deletions":0}}},{"hash":"38d0cbd68283e2a7c01d4033a329f0b79b30cdb3","isMergeCommit":true,"messageTitle":"Merge pull request #1 from EggsKay/branch-Level-9","messageBody":"Implement find function","tags":["Level9"],"fileTypesAndContributionMap":{}},{"hash":"973bbab272902c3e965eb930b5b40d41d4f7129e","isMergeCommit":false,"messageTitle":"Add JavaDoc comments to code","messageBody":"","fileTypesAndContributionMap":{"java":{"insertions":221,"deletions":16}}},{"hash":"b9efb7315970c3b67b18f086a497f2df15696694","isMergeCommit":true,"messageTitle":"Merge pull request #2 from EggsKay/branch-A-JavaDoc","messageBody":"Add JavaDoc comments to code","tags":["A-JavaDoc"],"fileTypesAndContributionMap":{}}]},{"date":"2025-10-03T00:00:00","commitResults":[{"hash":"a2ab67f4acc1eb5bb0b2b86a8955865ce76f1057","isMergeCommit":false,"messageTitle":"Add User Guide","messageBody":"","fileTypesAndContributionMap":{"md":{"insertions":122,"deletions":13}}},{"hash":"23abad07a71bc5d669cf48ee6663354b0caf6c29","isMergeCommit":false,"messageTitle":"Edited table","messageBody":"","fileTypesAndContributionMap":{"md":{"insertions":6,"deletions":6}}},{"hash":"bac87a971a3f62af91a42f0f43bd99216bc9cc9f","isMergeCommit":false,"messageTitle":"Removed all tables","messageBody":"","tags":["A-UserGuide"],"fileTypesAndContributionMap":{"md":{"insertions":59,"deletions":36}}},{"hash":"1fb80f4db6f4bc1dd23cba9f87e976b07197ac10","isMergeCommit":false,"messageTitle":"Fixed duplicate lists in User Guide","messageBody":"","tags":["A-Release"],"fileTypesAndContributionMap":{"md":{"insertions":0,"deletions":2}}}]}]},"authorFileTypeContributionMap":{"EggsKay":{"java":680,"md":138,"fxml":0,"sh":0,"bat":1,"gradle":0,"txt":0}},"authorContributionVariance":{"EggsKay":9464.556},"authorDisplayNameMap":{"EggsKay":"CS2113-W12-2 ONG .. KAI"}}
