{"authorDailyContributionsMap":{"lukeai-tan":[{"date":"2025-08-21T00:00:00","commitResults":[{"hash":"094643658858cb4b97f2ae33a82d0fec5eabfc24","isMergeCommit":false,"messageTitle":"Add constructor, and greet and farewell dialogues","messageBody":"- Added constructor to initialise Red Girl\n- Added printBootSequence() to mimic Nier Automata\u0027s boot effect\n- Added greet() to display a greeting message\n- Added exit() to display a farewell message\n","tags":["Level-0"],"fileTypesAndContributionMap":{"java":{"insertions":55,"deletions":10},"bat":{"insertions":1,"deletions":1},"md":{"insertions":3,"deletions":3}}}]},{"date":"2025-08-22T00:00:00","commitResults":[{"hash":"8f3587068a33c06941752856b848610ee37417c1","isMergeCommit":false,"messageTitle":"Add Echo functionality and improve existing code","messageBody":"- Added initRedGirl function\n- Added more dialogue and with colour\n- Renamed greet and exit functions to more intuitive names printGreeting and printFarewell\n- Edited README to include Chatbot description\n","tags":["Level-1"],"fileTypesAndContributionMap":{"java":{"insertions":40,"deletions":25},"md":{"insertions":4,"deletions":2}}},{"hash":"2fbf37c4045a82b4c3cb26d5306b33a71552cb7b","isMergeCommit":false,"messageTitle":"Add addListEntry and printList functions","messageBody":"- printList function added, along with ArrayList to store strings to be printed\n- addListEntry function takes in string input to be directly added to the list\n- Adjusted Scanner to scan each line rather than each token, using sc.nextLine() instead of sc.next(), in order to work with addListEntry. This is done because each entry may consist of multiple words.\n- Adopted the SE-EDU Java coding standard into my code\n","tags":["Level-2","A-CodingStandard"],"fileTypesAndContributionMap":{"java":{"insertions":33,"deletions":12}}}]},{"date":"2025-08-23T00:00:00","commitResults":[{"hash":"e6c90b1d496ff38624c71ce873372bed6c9f8231","isMergeCommit":false,"messageTitle":"Add Task class","messageBody":"Task contains a String description and a boolean isDone.\nIt has a constructor that takes in a String description parameter, as well as setting isDone to false by default.\ngetStatusIcon() creates a visual for its \"done\" status.\nsetAsDone() and setAsUndone are setter functions that sets the isDone variable to true and false respectively.\nOverrode the default Object.toString() so that the Task instances displays completion status and task description / name.\nChanged the ArrayList type in RedGirl from String to Task.\n","tags":["A-Classes"],"fileTypesAndContributionMap":{"java":{"insertions":31,"deletions":4}}},{"hash":"2c6f888d97dfe834a4c30213342f1abe0a791f76","isMergeCommit":false,"messageTitle":"Add convertToRedGirlTheme","messageBody":"Function that converts dialogue text colour into dark red.\nIntention is to reduce redundancy in the print functions when the darkRed and reset strings are added to the front and back of the dialogue respectively.\nThis essentially makes all print functions less abstract, promoting SLAP principles\n","fileTypesAndContributionMap":{"java":{"insertions":14,"deletions":7}}},{"hash":"6c6077db49726b2ef87eb7fabeb4cd88cb6c983d","isMergeCommit":false,"messageTitle":"Add markListEntry and unmarkListEntry","messageBody":"These two functions take in a task index and marks or unmarks the task as complete accordingly, printing a unique dialogue for each.\n","fileTypesAndContributionMap":{"java":{"insertions":21,"deletions":1}}},{"hash":"6f31b11f2f87bfa26bba039d63b517c880b06be2","isMergeCommit":false,"messageTitle":"Update RedGirl.java","messageBody":"Added redGirlPrint() that uses convertToRedGirlTheme(), which reduces more redundancy in the code when printing each of the bot\u0027s dialogues\n\nAdded handleMarkInput\u0027s functionality\n- It handles edge cases such as wrong number of arguments and invalid index\n- After edge case checks, it marks and unmarks accordingly\n\nModified initRedGirl\u0027s condition for the mark and unmark commands\n- conditions now search for \"mark \" and \"unmark \" with a space behind, ensuring that it is the actual command and not a task named \"marking homework\" or \"marker\"\n","tags":["Level-3"],"fileTypesAndContributionMap":{"java":{"insertions":45,"deletions":16}}}]},{"date":"2025-08-25T00:00:00","commitResults":[{"hash":"f7170b80c7c5ddc852e990af78991a8bae8591c8","isMergeCommit":false,"messageTitle":"Add parseInput()","messageBody":"Added parseInput to take in string inputs, reducing the abstraction level in initRedGirl\n\nFixed some coding standards that were missed\n","fileTypesAndContributionMap":{"java":{"insertions":17,"deletions":11}}}]},{"date":"2025-08-27T00:00:00","commitResults":[{"hash":"0ebbda1de82d5af1879b6760a66adbb5fe235084","isMergeCommit":false,"messageTitle":"Add support for Todo and Deadline tasks","messageBody":"Introduced TodoTask and DeadlineTask classes extending Task, which is now abstract.\nUpdated RedGirl to handle adding and displaying both todo and deadline tasks, including parsing input and printing appropriate messages.\n","fileTypesAndContributionMap":{"java":{"insertions":64,"deletions":12}}}]},{"date":"2025-08-28T00:00:00","commitResults":[{"hash":"653ff6d59abc2224976f9fb2f9e1d9e2d429ef6a","isMergeCommit":false,"messageTitle":"Add EventTask and refactor task handling","messageBody":"Introduced the EventTask class to represent events with start and end times\nUpdated RedGirl to handle event task input, refactored task addition logic to use a common addTask method, and improved user feedback messages\nAlso added a getTaskCount method and enhanced list printing for empty task lists\n","fileTypesAndContributionMap":{"java":{"insertions":72,"deletions":11}}},{"hash":"2e0bbbfb619ac3ac29727d11343e39e28faf1c13","isMergeCommit":false,"messageTitle":"Update EventTask.java","messageBody":"","tags":["A-Inheritance"],"fileTypesAndContributionMap":{"java":{"insertions":2,"deletions":2}}}]},{"date":"2025-08-29T00:00:00","commitResults":[{"hash":"e27ce92d447b8fdeb36438ac5224e8056cf9c407","isMergeCommit":false,"messageTitle":"Fix missed coding standards","messageBody":"","fileTypesAndContributionMap":{"java":{"insertions":3,"deletions":3}}}]},{"date":"2025-08-30T00:00:00","commitResults":[{"hash":"01893690a49521654ccf0d9adb36904b7e6bf39b","isMergeCommit":false,"messageTitle":"Update DeadlineTask.java","messageBody":"Added getter function for deadline\n","fileTypesAndContributionMap":{"java":{"insertions":5,"deletions":1}}},{"hash":"412992c7cb3488486fd48a0ce37543941d1e8102","isMergeCommit":false,"messageTitle":"Add todo input handler and default echo","messageBody":"Introduced handleTodoTaskInput to process \u0027todo\u0027 commands with validation.\nAdded echo method for unrecognized input, replacing the previous default behaviour of adding a todo entry.\n","tags":["Level-4","A-CodeQuality"],"fileTypesAndContributionMap":{"java":{"insertions":17,"deletions":2}}},{"hash":"141a8d10c0b8893db30b52ce7f4030c235b45c71","isMergeCommit":false,"messageTitle":"Add text ui testing","messageBody":"Added input and corresponding expected txt files to test for the correctness of the output of the commands todo, deadline, event and exit\n","tags":["A-TextUiTesting"],"fileTypesAndContributionMap":{"txt":{"insertions":8,"deletions":0},"sh":{"insertions":1,"deletions":1}}}]},{"date":"2025-08-31T00:00:00","commitResults":[{"hash":"54a73a22eee86d8905962ac242c7643626163aef","isMergeCommit":false,"messageTitle":"Rename chatbot to Red Girls","messageBody":"Changed the description of the README to fit the name change\n","fileTypesAndContributionMap":{"java":{"insertions":1,"deletions":1},"bat":{"insertions":1,"deletions":1},"md":{"insertions":5,"deletions":5}}}]},{"date":"2025-09-01T00:00:00","commitResults":[{"hash":"a99ad4785a4a86100dbc69234c412fd5805c22cd","isMergeCommit":false,"messageTitle":"Add custom Red Girls exception class","messageBody":"Introduced RedGirlsException class to encapsulate custom error messages with themed output.\nAlso renamed the convertToRedGirlTheme to toRedGirlsString, which is more intuitive and reminiscent of the original toString function\n","fileTypesAndContributionMap":{"java":{"insertions":53,"deletions":21}}},{"hash":"37d569939a6f6f54245f51aa23920127bf086670","isMergeCommit":false,"messageTitle":"Refactor input handling to use exceptions","messageBody":"Replaces in-method error messages with custom RedGirlsException throws for invalid input cases in task handling methods.\nAdds new exception types and updates method signatures to declare thrown exceptions, improving error handling and code clarity.\n","fileTypesAndContributionMap":{"java":{"insertions":30,"deletions":27}}},{"hash":"89a9caf405a3009d1b240e340c17c70e38177080","isMergeCommit":true,"messageTitle":"Merge branch-Level-5","messageBody":"","tags":["Level-5","A-Exceptions"],"fileTypesAndContributionMap":{}},{"hash":"489c913d1d951ae88851af74d520ce6420c0fde3","isMergeCommit":false,"messageTitle":"Refactor package structure and add Parser","messageBody":"Moved Task-related classes to the \u0027purpose\u0027 package and RedGirlsException to the \u0027intellect\u0027 package.\nUpdated imports in RedGirls.java accordingly.\nAdded a new Parser class (empty for now) in the \u0027intellect\u0027 package to prepare for future parsing logic.\n","fileTypesAndContributionMap":{"java":{"insertions":24,"deletions":6}}},{"hash":"b4da001160d852977a6e02a0eeb69542683fc7c4","isMergeCommit":false,"messageTitle":"Refactor task management into TaskList class","messageBody":"Moved all task-related logic from RedGirls.java into a new purpose.TaskList class to improve code organization and separation of concerns.\nRedGirls now delegates task operations to TaskList, simplifying its responsibilities.\n","fileTypesAndContributionMap":{"java":{"insertions":120,"deletions":95}}},{"hash":"c02cff85aae6c58148102e0bffff2e45ec5a7c05","isMergeCommit":false,"messageTitle":"Refactor input parsing logic into Parser class","messageBody":"Moved input parsing and task handling methods from RedGirls to a new Parser class for better separation of concerns. RedGirls now delegates input parsing to Parser, which manages task operations using the provided TaskList.\n","fileTypesAndContributionMap":{"java":{"insertions":67,"deletions":63}}},{"hash":"4780c27f9088a233f13dcf4f6f1ba6535553768e","isMergeCommit":false,"messageTitle":"Handle RedGirlsException within parseInput method","messageBody":"Wrapped the command parsing logic in a try-catch block to catch RedGirlsException and print its message, preventing exceptions from crashing the entire program every time.\n","fileTypesAndContributionMap":{"java":{"insertions":16,"deletions":12}}},{"hash":"65ca772c5f2c2ff4a332d17c03c4b2e95b2f834c","isMergeCommit":false,"messageTitle":"Refactor dialogue methods into Dialogue class","messageBody":"Moved all dialogue-related methods from RedGirls.java to a new charisma.Dialogue class for better separation of concerns and code organization.\nUpdated RedGirls to use the new Dialogue class.\nAlso removed unnecessary exception from Parser.parseInput signature.\n","fileTypesAndContributionMap":{"java":{"insertions":60,"deletions":57}}},{"hash":"70fdabeffeb0c818946a57af33664158022a563e","isMergeCommit":false,"messageTitle":"Refactor command parsing to use switch statement","messageBody":"Replaces multiple if-else statements with a switch-case structure for parsing user commands. This improves readability and maintainability of the parseInput method.\n","fileTypesAndContributionMap":{"java":{"insertions":19,"deletions":6}}},{"hash":"b739f8fc42e2c39f7798d1e8ddf0cab5d9c37fbc","isMergeCommit":false,"messageTitle":"Refactor TaskList to use static methods and fields","messageBody":"TaskList methods and the tasks list are now static, removing the need to instantiate TaskList.\nUpdated Parser and RedGirls to use the new static TaskList.\nAdded abstract Command class and a placeholder TodoCommand for future command pattern implementation.\n","fileTypesAndContributionMap":{"java":{"insertions":29,"deletions":29}}},{"hash":"0faf7cea4d8e119a942768dff5d4bfc78d5ceee3","isMergeCommit":false,"messageTitle":"Add todo, deadline and event commands","messageBody":"Introduces TodoCommand, DeadlineCommand and EventCommand classes to handle creation and addition of todo, deadline and event tasks respectively.\nEach command is now responsible for picking apart the inputs, creating the tasks and adding it to the static TaskList.\n","fileTypesAndContributionMap":{"java":{"insertions":105,"deletions":3}}},{"hash":"713ded08eed8f53d72bfe74a0fc7fd2ab052c74d","isMergeCommit":false,"messageTitle":"Clean up old task input handling functions","messageBody":"Removed the old functions in Parser and TaskList that got replaced.\n","fileTypesAndContributionMap":{"java":{"insertions":11,"deletions":57}}},{"hash":"d2fbda4871ebe99d177ddeaf32cf0ebbb9490905","isMergeCommit":false,"messageTitle":"Add MarkCommand for task mark and unmarking","messageBody":"Created MarkCommand class that extends Command to take the responsibility of handling mark input\n","fileTypesAndContributionMap":{"java":{"insertions":59,"deletions":38}}},{"hash":"5914cf6bf41f7502d5fa7c04941a3607d90a4c43","isMergeCommit":false,"messageTitle":"Move all packages into one main package","messageBody":"Created the main package redgirls which contains all the packages intellect, commands, charisma and purpose\n","fileTypesAndContributionMap":{"java":{"insertions":36,"deletions":36},"bat":{"insertions":3,"deletions":3},"sh":{"insertions":1,"deletions":1},"md":{"insertions":4,"deletions":2}}},{"hash":"8663baa1b3e00e57abb07eb06bde0de22f62c50a","isMergeCommit":false,"messageTitle":"Add ListCommand","messageBody":"Created ListCommand for handling printing the task list\n","fileTypesAndContributionMap":{"java":{"insertions":24,"deletions":6}}}]},{"date":"2025-09-02T00:00:00","commitResults":[{"hash":"cafa6d7bb18374efdd0e24440ee6079bd0cb6100","isMergeCommit":false,"messageTitle":"Refactor command parsing","messageBody":"Parser\u0027s parseInput now returns a Command instead of executing the command itself, reducing its responsibility and promoting better SRP\nCommand is executed in RedGirls.java instead\nMade the switch case more succinct using lamda style\n","fileTypesAndContributionMap":{"java":{"insertions":32,"deletions":42}}},{"hash":"e34d9fd9c12a61c8d85f025804b84bfb15a3d405","isMergeCommit":true,"messageTitle":"Merge branch-A-Packages","messageBody":"","tags":["A-Packages"],"fileTypesAndContributionMap":{}},{"hash":"7916bfd57b96049024a4fc48642a85ee0d6d9441","isMergeCommit":false,"messageTitle":"Update README.md","messageBody":"","fileTypesAndContributionMap":{"md":{"insertions":23,"deletions":6}}},{"hash":"f84f11d15a66aa2673a9ff297810997c397d7f79","isMergeCommit":false,"messageTitle":"Change Command execute function to return bool","messageBody":"Introduced ByeCommand to handle program termination, replacing direct \u0027bye\u0027 string checks in RedGirls.java.\nParser now handles the interpretation of all commands, while RedGirls.java only handles the execution of commands.\nUpdated Command abstract class to make execute function return a boolean. I originally intended to have ByeCommand call System.exit(0) to quit the app when the command was executed. However, I found making the execute() a boolean return type to be checked by RedGirls.java cleaner.\n","fileTypesAndContributionMap":{"java":{"insertions":27,"deletions":11}}},{"hash":"23bf0f25530c4382e96954ffb452cc8f90e90373","isMergeCommit":false,"messageTitle":"Add HelpCommand to display command list","messageBody":"Added HelpCommand to list all the commands and their descriptions\n","fileTypesAndContributionMap":{"java":{"insertions":34,"deletions":1}}}]},{"date":"2025-09-03T00:00:00","commitResults":[{"hash":"57e0a66953472e1b1a411fee14dbef2fa00fca11","isMergeCommit":false,"messageTitle":"Rename package from redgirls to n2","messageBody":"All Java source files have been moved from the \u0027redgirls\u0027 package to the \u0027n2\u0027 package\n","fileTypesAndContributionMap":{"java":{"insertions":46,"deletions":46},"bat":{"insertions":3,"deletions":3},"sh":{"insertions":1,"deletions":1},"md":{"insertions":2,"deletions":2}}},{"hash":"c557a4d8914b2a163ceb047fd016e0ecdd6cfdc7","isMergeCommit":false,"messageTitle":"Refactor boot delay to use constant","messageBody":"Introduced a static final BOOT_DELAY_MS constant to replace the hardcoded boot delay value in the Dialogue class. This improves maintainability and makes it easier to adjust the delay in the future.\n","fileTypesAndContributionMap":{"java":{"insertions":3,"deletions":1}}}]},{"date":"2025-09-04T00:00:00","commitResults":[{"hash":"942655b717eaa4bf0bae73aace6cced6eba5b8c1","isMergeCommit":false,"messageTitle":"Update TaskList.java","messageBody":"","fileTypesAndContributionMap":{"java":{"insertions":1,"deletions":1}}},{"hash":"b49b553a18de986815fd7f240adec00a3f1cb72d","isMergeCommit":false,"messageTitle":"Refactor TaskList to unify task addition methods","messageBody":"Replaces addTodo, addDeadline, and addEvent with a single public addTask method in TaskList.\nUpdates command classes to use addTask, and renames getTaskCount to size to follow Java naming conventions\n","fileTypesAndContributionMap":{"java":{"insertions":9,"deletions":21}}}]},{"date":"2025-09-06T00:00:00","commitResults":[{"hash":"c405069b32630b0335ce2beeeaba62506b0ef120","isMergeCommit":false,"messageTitle":"Add input length check for TodoCommand","messageBody":"Added a check to ensure the input length is greater than 5 before processing a todo task. This prevents invalid todo tasks with insufficient input from being accepted.\n","fileTypesAndContributionMap":{"java":{"insertions":4,"deletions":0}}},{"hash":"90fdf25f5851cf2bb765c03fe0e04772ba41a4d4","isMergeCommit":false,"messageTitle":"Add typing effect to redGirlsPrint output","messageBody":"Modified redGirlsPrint to display dialogue with a typing effect by introducing the typingEffectPrint method. This enhances the user experience by simulating text being typed out.\n","fileTypesAndContributionMap":{"java":{"insertions":14,"deletions":1}}}]},{"date":"2025-09-08T00:00:00","commitResults":[{"hash":"2d84eb0f65d94200f21809de0b872fc275a9d43e","isMergeCommit":false,"messageTitle":"Add and implement task deletion","messageBody":"Added DeleteCommand that executes deleteTask\ndeleteTask gets the task at the specified index and removes it from the ArrayList tasks\n","fileTypesAndContributionMap":{"java":{"insertions":82,"deletions":4}}},{"hash":"35404ec6ff978df67610b84ec2d670833c3b744d","isMergeCommit":false,"messageTitle":"Add MemoryArchive class to save tasks","messageBody":"Added a new class MemoryArchive for saving and loading tasks in memory\nAdded a serialize abstract method in Task to ensure all tasks implement it\nSerialize converts a task into a formatted string\nAdded a new RedGirlsException for when the tasks cannot be written to the specified file path\n","fileTypesAndContributionMap":{"java":{"insertions":51,"deletions":0}}},{"hash":"e25984616f94cf60bbfa763d72ceb71fbcc3a600","isMergeCommit":false,"messageTitle":"Add deserialize and load method to MemoryArchive","messageBody":"Added a deserialize method to parse the serialized task strings\nAdded a load method that uses serialize to convert a save file into a TaskList\n","fileTypesAndContributionMap":{"java":{"insertions":83,"deletions":1}}}]},{"date":"2025-09-09T00:00:00","commitResults":[{"hash":"d02e49ff2caa0eb5a005d6ba108527497ecbf93a","isMergeCommit":false,"messageTitle":"Include save function in each task related command","messageBody":"When tasks are manipulated in any way using todo, deadline, event, mark, unmark, the task list is saved.\n","fileTypesAndContributionMap":{"java":{"insertions":31,"deletions":8}}},{"hash":"a4fa87b1e8888e3aa70cbc1c4c7829d16ab8141e","isMergeCommit":false,"messageTitle":"Update MemoryArchive.java","messageBody":"Changed filepath to the root\nAdded edge case where if parent directory \"file\" was not created or found, it would be created\n","fileTypesAndContributionMap":{"java":{"insertions":7,"deletions":1}}},{"hash":"2a8a86e05117d4a99bb00b09c6e33d03c1d9ccbc","isMergeCommit":false,"messageTitle":"Revert \"Add and implement task deletion\"","messageBody":"This reverts commit 2d84eb0f65d94200f21809de0b872fc275a9d43e.\n","fileTypesAndContributionMap":{"java":{"insertions":4,"deletions":82}}},{"hash":"e472951b30df64fb8b68c5cc3c6cf82a44d1a14b","isMergeCommit":true,"messageTitle":"Merge branch-Level-6 into master","messageBody":"","fileTypesAndContributionMap":{}},{"hash":"7579269b753e106acb0bed073f511f32bd3bafea","isMergeCommit":false,"messageTitle":"Reapply \"Add and implement task deletion\"","messageBody":"This reverts commit 2a8a86e05117d4a99bb00b09c6e33d03c1d9ccbc.\n","fileTypesAndContributionMap":{"java":{"insertions":82,"deletions":4}}},{"hash":"bd9a56a05d5a7df8623519f67d7d425c344d30e4","isMergeCommit":false,"messageTitle":"Revert \"Reapply \"Add and implement task deletion\"\"","messageBody":"This reverts commit 7579269b753e106acb0bed073f511f32bd3bafea.\n","fileTypesAndContributionMap":{"java":{"insertions":4,"deletions":82}}},{"hash":"07c162c482634e78fa041cfdc939cedfac559a50","isMergeCommit":false,"messageTitle":"Add and implement task deletion","messageBody":"Added DeleteCommand that executes deleteTask\ndeleteTask gets the task at the specified index and removes it from the ArrayList tasks\n","fileTypesAndContributionMap":{"java":{"insertions":83,"deletions":4}}},{"hash":"fa1b18ffd9e0ce7d480b1c788ae8d420d82ffb43","isMergeCommit":true,"messageTitle":"Merge branch-Level-6 into master","messageBody":"","tags":["Level-6","A-Collections"],"fileTypesAndContributionMap":{}},{"hash":"b90f69872c9bdd3f98bc23e153fe734ddffef6c6","isMergeCommit":true,"messageTitle":"Merge branch-Level-7 into master","messageBody":"","tags":["Level-7"],"fileTypesAndContributionMap":{}}]},{"date":"2025-09-10T00:00:00","commitResults":[{"hash":"6677ece1fffb661687f5746f13df51d9f4ee79a7","isMergeCommit":false,"messageTitle":"Edit dialogue related to deleting tasks","messageBody":"","fileTypesAndContributionMap":{"java":{"insertions":2,"deletions":2}}}]},{"date":"2025-09-11T00:00:00","commitResults":[{"hash":"be83ef85af076b8d04c253f942f29cce02c3c6fb","isMergeCommit":false,"messageTitle":"Make exception messages more descriptive","messageBody":"Added a line parameter to the unknownTaskType exception to display the corrupted task when deserializing it upon loading the save file\n","fileTypesAndContributionMap":{"java":{"insertions":35,"deletions":34}}},{"hash":"0381c5cd517361074d9ec08f09afdf2185815320","isMergeCommit":false,"messageTitle":"Update TaskList.java","messageBody":"","fileTypesAndContributionMap":{"java":{"insertions":2,"deletions":10}}},{"hash":"5630d226c956c01eaade9b5ea4744dd680fb3840","isMergeCommit":false,"messageTitle":"Update the saving frequency","messageBody":"Added MemoryArchive.save() to the main while loop in the main file, where the task list gets saved every time a line gets parsed\n","fileTypesAndContributionMap":{"java":{"insertions":3,"deletions":8}}}]},{"date":"2025-09-13T00:00:00","commitResults":[{"hash":"e2e2a5c2c1aa30c3106b3cfe8cdcdc9b573ace57","isMergeCommit":false,"messageTitle":"Update Dialogue.java","messageBody":"Added the delete description in help\n","fileTypesAndContributionMap":{"java":{"insertions":9,"deletions":8}}}]},{"date":"2025-09-15T00:00:00","commitResults":[{"hash":"0c83475ae376a2953cb6d1ef258f573b31f42c88","isMergeCommit":false,"messageTitle":"Improve code quality and follow standards","messageBody":"Removed magic numbers in Dialogue and replaced it with a more intuitive name\nRemoved nesting in DeleteCommand for the parts.length check\nRemoved unnecessary this. usages in the code\n","fileTypesAndContributionMap":{"java":{"insertions":16,"deletions":16}}},{"hash":"df0e225762f6d160b652cfbc915292334e5533dd","isMergeCommit":false,"messageTitle":"Refactor the execute method","messageBody":"Changed all the commands\u0027 execute method back into a void return type. Instead of using execute to return a bool for whether the command leads to an exit of the program, a separate bool return type method isExit() is used .\n","tags":["A-MoreOOP"],"fileTypesAndContributionMap":{"java":{"insertions":61,"deletions":27}}}]},{"date":"2025-09-20T00:00:00","commitResults":[{"hash":"48d3beb76130ef8473dc6067b579a92c1fc7671e","isMergeCommit":false,"messageTitle":"Add DateConverter class","messageBody":"Created DateConverter class that parses both Date and DateTime strings into a specific format\nIt recognises a variety of date time patterns\n","fileTypesAndContributionMap":{"java":{"insertions":91,"deletions":1}}},{"hash":"3f13ad48fb3ed049389a618ab26beba9ad6a1fa3","isMergeCommit":false,"messageTitle":"Add DateTime parsing to Event and Deadline","messageBody":"","fileTypesAndContributionMap":{"java":{"insertions":6,"deletions":2}}},{"hash":"86adeecd9ffaf763724176e1da1cdd3521856911","isMergeCommit":false,"messageTitle":"Update DateConverter.java","messageBody":"Added more date time formats as well as making the AM and PM case insensitive in parseDateTime\n","fileTypesAndContributionMap":{"java":{"insertions":10,"deletions":0}}},{"hash":"562bcad60b4e2154216aadd2fb2997be2e9ccedf","isMergeCommit":false,"messageTitle":"Revert \"Update DateConverter.java\"","messageBody":"This reverts commit 86adeecd9ffaf763724176e1da1cdd3521856911.\n","fileTypesAndContributionMap":{"java":{"insertions":0,"deletions":10}}},{"hash":"ce6f43a30365b5e93c6e270903777ea29b53d3cb","isMergeCommit":false,"messageTitle":"Fix branch issues","messageBody":"","fileTypesAndContributionMap":{"java":{"insertions":0,"deletions":93}}},{"hash":"8f9b9256fbf9dce7766d39fad12bbbcfc7678bc0","isMergeCommit":false,"messageTitle":"Add DateConverter class","messageBody":"Created DateConverter class that parses both Date and DateTime strings into a specific format\nIt recognises a variety of date time patterns\n","fileTypesAndContributionMap":{"java":{"insertions":101,"deletions":0}}},{"hash":"261a562917dbb49076ba9e71f2360fe9bd41c722","isMergeCommit":true,"messageTitle":"Merge pull request #2 from lukeai-tan/branch-Level-8","messageBody":"Merge branch Level 8\n","tags":["Level-8"],"fileTypesAndContributionMap":{}},{"hash":"1226d0bc9c4e3539b105ab0732db026faf80d3dc","isMergeCommit":false,"messageTitle":"Abstract out date time formatting","messageBody":"Created handleDateTimeParsing to simplify the responsibilities of each Command\n","fileTypesAndContributionMap":{"java":{"insertions":24,"deletions":7}}},{"hash":"025b1c8762f82e906b04c8cacbd4a1402244f122","isMergeCommit":false,"messageTitle":"Add FindCommand","messageBody":"Created FindCommand that identifies the keyword and calls a function printFilteredList in TaskList, which prints out all the tasks with said keyword\nIf keyword is empty or white space, exception is called\n","fileTypesAndContributionMap":{"java":{"insertions":38,"deletions":1}}},{"hash":"8b6b1169d58fb14afb0bfa3679229ad6618d7a1a","isMergeCommit":false,"messageTitle":"Add FindCommand to parser","messageBody":"Added the find command to the parser, and also edited TaskList\u0027s printFilteredList to only find the keyword in the task description, not the whole task string itself.\n","fileTypesAndContributionMap":{"java":{"insertions":3,"deletions":2}}},{"hash":"5be9a0bff6ea4512e570354f6511b526b5625473","isMergeCommit":true,"messageTitle":"Merge pull request #3 from lukeai-tan/branch-Level-9","messageBody":"Branch level 9","tags":["Level-9"],"fileTypesAndContributionMap":{}}]},{"date":"2025-09-21T00:00:00","commitResults":[{"hash":"62ae3e8e53c33f2660046b0261ea2c1754764de1","isMergeCommit":false,"messageTitle":"Add JavaDoc to TaskList","messageBody":"","fileTypesAndContributionMap":{"java":{"insertions":68,"deletions":0}}},{"hash":"c433a3ae32b263f4077646b046fce9e2f9601aef","isMergeCommit":false,"messageTitle":"JavaDoc for TodoTask class","messageBody":"","fileTypesAndContributionMap":{"java":{"insertions":31,"deletions":0}}},{"hash":"f821f8e582d9adc72d40215a47e1c77ab55c134b","isMergeCommit":false,"messageTitle":"Add JavaDoc for Task class","messageBody":"","fileTypesAndContributionMap":{"java":{"insertions":59,"deletions":0}}},{"hash":"f3ae474e3a9e84229d95a48a084120dc4c952aa6","isMergeCommit":false,"messageTitle":"Add JavaDoc for EventTask","messageBody":"","fileTypesAndContributionMap":{"java":{"insertions":57,"deletions":0}}},{"hash":"b86b257f206a62618291be31cce8e0760b5232fb","isMergeCommit":false,"messageTitle":"Add JavaDoc for DeadlineTask","messageBody":"","fileTypesAndContributionMap":{"java":{"insertions":49,"deletions":0}}},{"hash":"931a8c2c7cde58f1b1cbbd1f459ace7c794e7f1d","isMergeCommit":false,"messageTitle":"Add JavaDoc to MemoryArchive","messageBody":"","fileTypesAndContributionMap":{"java":{"insertions":39,"deletions":0}}},{"hash":"c4122af120c0194ce564d41761d385e3e47ea05c","isMergeCommit":false,"messageTitle":"Add JavaDoc to Parser","messageBody":"","fileTypesAndContributionMap":{"java":{"insertions":28,"deletions":0}}},{"hash":"98c557763faed34eaef41c11bce8f7ddc1d7d4f9","isMergeCommit":false,"messageTitle":"Add JavaDoc for Command","messageBody":"","fileTypesAndContributionMap":{"java":{"insertions":25,"deletions":0}}},{"hash":"b421648f7765e2d6e13beac101ca19ee8e1a34ea","isMergeCommit":false,"messageTitle":"Add JavaDoc for ByeCommand and HelpCommand","messageBody":"","fileTypesAndContributionMap":{"java":{"insertions":28,"deletions":0}}},{"hash":"47cef308a87c24c7b6e1829e7629802ba871f0db","isMergeCommit":false,"messageTitle":"Add JavaDoc to FindCommand","messageBody":"","fileTypesAndContributionMap":{"java":{"insertions":32,"deletions":0}}},{"hash":"b10b4463fc8c60ae5b5b5201461f8700bf6209ad","isMergeCommit":false,"messageTitle":"Add JavaDoc to ListCommand","messageBody":"","fileTypesAndContributionMap":{"java":{"insertions":22,"deletions":0}}},{"hash":"99df2be8394722c36082ce98cc626c8c2d1c309e","isMergeCommit":false,"messageTitle":"Add JavaDoc to TodoCommand","messageBody":"Removed unnecessary RedGirlException throws for all task related commands\n","fileTypesAndContributionMap":{"java":{"insertions":36,"deletions":3}}},{"hash":"15f261b4fbaf29d6db94eabd2b09fd06298622ac","isMergeCommit":false,"messageTitle":"Add JavaDoc to RedGirlsException and Commands","messageBody":"","fileTypesAndContributionMap":{"java":{"insertions":360,"deletions":21}}},{"hash":"fab7ac1f6f3ebe3940f1441f6017f7e1fea79ccd","isMergeCommit":false,"messageTitle":"Add JavaDoc to Dialogue","messageBody":"","fileTypesAndContributionMap":{"java":{"insertions":50,"deletions":0}}},{"hash":"0047d5f31be36356b4deb8b32765e0ae43bc88d9","isMergeCommit":false,"messageTitle":"Fix bugs in DeadlineCommand and EventCommand","messageBody":"Fixed issue where null checks did nothing and crashed the program when parameters set as null were set as parameters.\nAlso updated the text UI testing inputs and EXPECTED.TXT\n","fileTypesAndContributionMap":{"txt":{"insertions":14,"deletions":1},"java":{"insertions":44,"deletions":34}}}]},{"date":"2025-09-22T00:00:00","commitResults":[{"hash":"1f1817962318da911fa5fefbe28d3dbcc3dd5cf6","isMergeCommit":false,"messageTitle":"Add JavaDoc to DateConverter","messageBody":"","fileTypesAndContributionMap":{"java":{"insertions":43,"deletions":0}}},{"hash":"5dd12e1cf416c6624bfdd9e25cfefd903721c344","isMergeCommit":false,"messageTitle":"Add JavaDoc to RedGirls main","messageBody":"","fileTypesAndContributionMap":{"java":{"insertions":42,"deletions":9}}},{"hash":"d5e7e5f6cd7c82842b9c88e03924c87ccea13128","isMergeCommit":false,"messageTitle":"Add command usage in JavaDoc","messageBody":"","fileTypesAndContributionMap":{"java":{"insertions":8,"deletions":0}}},{"hash":"9f4d023ec629473faf901588ebf82e4f426c12f9","isMergeCommit":true,"messageTitle":"Merge pull request #4 from lukeai-tan/branch-A-JavaDoc","messageBody":"Branch a java doc","tags":["A-JavaDoc"],"fileTypesAndContributionMap":{}},{"hash":"4f7282410509704e85cf3d1752cc62579654b97e","isMergeCommit":false,"messageTitle":"Create User Guide","messageBody":"Added intro and feature list to user guide\n","fileTypesAndContributionMap":{"md":{"insertions":210,"deletions":14}}},{"hash":"5f8f82df2a2f6f7cf73328d6ab83b8fe445983f4","isMergeCommit":false,"messageTitle":"Add specified exceptions for Event Command","messageBody":"Updated test cases to fit the changes\n","fileTypesAndContributionMap":{"txt":{"insertions":0,"deletions":2},"java":{"insertions":18,"deletions":4}}},{"hash":"c3035dc305bf6967353250636300588819bdfcf5","isMergeCommit":false,"messageTitle":"Update README.md","messageBody":"","fileTypesAndContributionMap":{"md":{"insertions":38,"deletions":7}}},{"hash":"4b1579cd10878dbeb1848d61b2f838054c27f1e8","isMergeCommit":false,"messageTitle":"Update README.md","messageBody":"","fileTypesAndContributionMap":{"md":{"insertions":4,"deletions":0}}},{"hash":"1387d39c11b222d7cda59f30bc6766b0bd6562ee","isMergeCommit":false,"messageTitle":"Update README.md","messageBody":"","fileTypesAndContributionMap":{"md":{"insertions":9,"deletions":0}}},{"hash":"fc6ae2150dfca91ee87dca263569359c7eb18b04","isMergeCommit":false,"messageTitle":"Update README.md","messageBody":"","fileTypesAndContributionMap":{"md":{"insertions":1,"deletions":0}}},{"hash":"9a8a17e8e2d06a97db1154d9c2e486b3679b297b","isMergeCommit":false,"messageTitle":"Fix bug for mark command","messageBody":"","fileTypesAndContributionMap":{"java":{"insertions":1,"deletions":2},"md":{"insertions":8,"deletions":5}}},{"hash":"eba33bc63cd546e3fe740cd6e87897cd5d1fb013","isMergeCommit":false,"messageTitle":"Update ui text test cases","messageBody":"","fileTypesAndContributionMap":{"txt":{"insertions":4,"deletions":0},"java":{"insertions":1,"deletions":1}}},{"hash":"3268b5758336f2e067311f26cd995d35eb462a14","isMergeCommit":false,"messageTitle":"Promote SLAP in EventCommand","messageBody":"","fileTypesAndContributionMap":{"java":{"insertions":55,"deletions":11},"md":{"insertions":20,"deletions":1}}},{"hash":"598b0e29e1da009b2aa0645ab401b7e05afba851","isMergeCommit":false,"messageTitle":"Update README.md","messageBody":"","fileTypesAndContributionMap":{"md":{"insertions":15,"deletions":15}}},{"hash":"4297a34f6af2758cbb11cfff4871b47e1f54f8f4","isMergeCommit":false,"messageTitle":"Update README.md","messageBody":"","fileTypesAndContributionMap":{"md":{"insertions":3,"deletions":0}}},{"hash":"f5f09a106c7349aa74a0f82a8265bf73dbe1dc11","isMergeCommit":false,"messageTitle":"Update README.md","messageBody":"","fileTypesAndContributionMap":{"md":{"insertions":12,"deletions":14}}},{"hash":"76dda97e4f3d973f923be699fabcc8f3119f194d","isMergeCommit":false,"messageTitle":"Update README.md","messageBody":"","tags":["A-UserGuide"],"fileTypesAndContributionMap":{"md":{"insertions":1,"deletions":1}}},{"hash":"35e0c571d7c90fbdb07fd006b158c07175135070","isMergeCommit":false,"messageTitle":"Edit README.md with lore","messageBody":"","tags":["A-Release"],"fileTypesAndContributionMap":{"java":{"insertions":1,"deletions":1},"md":{"insertions":16,"deletions":3}}}]},{"date":"2025-09-23T00:00:00","commitResults":[{"hash":"4b2734676a40ed87c3cc070cf5eaad5540e2d5e5","isMergeCommit":false,"messageTitle":"Fix coding quality issues","messageBody":"","fileTypesAndContributionMap":{"java":{"insertions":2,"deletions":2}}},{"hash":"f2c63947623770a955ff8a7504d5b0d7900da89f","isMergeCommit":false,"messageTitle":"Update DateConverter.java","messageBody":"","fileTypesAndContributionMap":{"java":{"insertions":2,"deletions":2}}}]}]},"authorFileTypeContributionMap":{"lukeai-tan":{"java":1985,"md":308,"fxml":0,"sh":2,"bat":3,"gradle":0,"txt":23}},"authorContributionVariance":{"lukeai-tan":55149.938},"authorDisplayNameMap":{"lukeai-tan":"CS2113-W14-4 LUKE.. TAN"}}
