{"authorDailyContributionsMap":{"aydrienlaw":[{"date":"2025-08-21T00:00:00","commitResults":[{"hash":"ac683886187ff0b8b5aa20c6cddde05d3d299d51","isMergeCommit":false,"messageTitle":"Reformat: Rename Duke class to Tilo","messageBody":"","fileTypesAndContributionMap":{"java":{"insertions":1,"deletions":1},"bat":{"insertions":1,"deletions":1},"md":{"insertions":3,"deletions":3}}},{"hash":"450d647b5240ff0dbe750415ab7577ec85bf5192","isMergeCommit":false,"messageTitle":"Update logo","messageBody":"","fileTypesAndContributionMap":{"java":{"insertions":6,"deletions":5}}}]},{"date":"2025-08-28T00:00:00","commitResults":[{"hash":"70d65ea8f0a97631c6bde34782bfc55c4ee91549","isMergeCommit":false,"messageTitle":"Tilo: Add sayHi, sayGoodbye, printBorder methods","messageBody":"","tags":["Level-0"],"fileTypesAndContributionMap":{"java":{"insertions":26,"deletions":7}}}]}]},"authorFileTypeContributionMap":{"aydrienlaw":{"java":28,"md":3,"fxml":0,"sh":0,"bat":1,"gradle":0,"txt":0}},"authorContributionVariance":{"aydrienlaw":66.244896},"authorDisplayNameMap":{"aydrienlaw":"CS2113-T11-2 ADRI.. HNG"}}
