{"authorDailyContributionsMap":{"aydrienlaw":[{"date":"2025-08-21T00:00:00","commitResults":[{"hash":"ac683886187ff0b8b5aa20c6cddde05d3d299d51","isMergeCommit":false,"messageTitle":"Reformat: Rename Duke class to Tilo","messageBody":"","fileTypesAndContributionMap":{"java":{"insertions":1,"deletions":1},"bat":{"insertions":1,"deletions":1},"md":{"insertions":3,"deletions":3}}},{"hash":"450d647b5240ff0dbe750415ab7577ec85bf5192","isMergeCommit":false,"messageTitle":"Update logo","messageBody":"","fileTypesAndContributionMap":{"java":{"insertions":6,"deletions":5}}}]},{"date":"2025-08-28T00:00:00","commitResults":[{"hash":"70d65ea8f0a97631c6bde34782bfc55c4ee91549","isMergeCommit":false,"messageTitle":"Tilo: Add sayHi, sayGoodbye, printBorder methods","messageBody":"","tags":["Level-0"],"fileTypesAndContributionMap":{"java":{"insertions":26,"deletions":7}}}]},{"date":"2025-09-02T00:00:00","commitResults":[{"hash":"79006a6568ead12776211e962e24f30f727b6ad5","isMergeCommit":false,"messageTitle":"Add echo feature: implement readUserInput and echo methods","messageBody":"","tags":["Level-1"],"fileTypesAndContributionMap":{"java":{"insertions":30,"deletions":10}}},{"hash":"9312a79fbe93c4009d84b08a7c337e609306c88c","isMergeCommit":false,"messageTitle":"Add task management feature: implement addTask and listTasks methods","messageBody":"","tags":["Level-2"],"fileTypesAndContributionMap":{"java":{"insertions":28,"deletions":6}}},{"hash":"45eb64d3d252294d435b57af7ff4146dbbd326fe","isMergeCommit":false,"messageTitle":"Update task management feature: add Task class and mark/unmarkTask methods","messageBody":"","tags":["Level-3"],"fileTypesAndContributionMap":{"java":{"insertions":71,"deletions":10}}}]},{"date":"2025-09-04T00:00:00","commitResults":[{"hash":"72a00c157216e9b22b9e5388b443888d80449db6","isMergeCommit":false,"messageTitle":"Update Tilo class: refactor task management methods and enhance task representation","messageBody":"","tags":["A-CodingStandard","A-CodeQuality"],"fileTypesAndContributionMap":{"java":{"insertions":76,"deletions":57}}},{"hash":"ee4b0271f1813d9f000fa5bdf875f50f26f6f3e5","isMergeCommit":false,"messageTitle":"Add todo feature: ToDo class and addToDo, handleAddTaskCommand methods","messageBody":"","fileTypesAndContributionMap":{"java":{"insertions":51,"deletions":7}}},{"hash":"19a1aeb19bfd43f3ef2b97d8a9da06e12ac309d0","isMergeCommit":false,"messageTitle":"Add deadline feature: Deadline class and addDeadline method","messageBody":"","fileTypesAndContributionMap":{"java":{"insertions":37,"deletions":8}}},{"hash":"4d7afaf4472c4fb778b6a74b993f2b2c95a5d4e5","isMergeCommit":false,"messageTitle":"Add event feature: Event class and addEvent method","messageBody":"","tags":["Level-4","A-Inheritance"],"fileTypesAndContributionMap":{"java":{"insertions":34,"deletions":0}}}]},{"date":"2025-09-05T00:00:00","commitResults":[{"hash":"8864b616a4256cbc411d0d04dec1146a599a74aa","isMergeCommit":false,"messageTitle":"Refactor Tilo class: encapsulate fields, update methods to instance level","messageBody":"","fileTypesAndContributionMap":{"java":{"insertions":92,"deletions":62}}},{"hash":"3e346b3207731836799e0cf070ab348fcb496095","isMergeCommit":false,"messageTitle":" Update input.txt and EXPECTED.TXT for text UI testing","messageBody":"","tags":["A-TextUiTesting"],"fileTypesAndContributionMap":{"txt":{"insertions":8,"deletions":0}}}]},{"date":"2025-09-12T00:00:00","commitResults":[{"hash":"98a29f96901a74e207743d2bd31d2c90761a872e","isMergeCommit":false,"messageTitle":"Organize files into packages","messageBody":"","fileTypesAndContributionMap":{"java":{"insertions":15,"deletions":0}}},{"hash":"bc9831315081e8b448632261089cba45216c349b","isMergeCommit":true,"messageTitle":"Merge branch \u0027branch-A-Packages\u0027","messageBody":"","tags":["A-Packages"],"fileTypesAndContributionMap":{}},{"hash":"c233e6e99372e89cfcee247b7bc912947f10e972","isMergeCommit":false,"messageTitle":"Add TiloException class for custom exception handling","messageBody":"","fileTypesAndContributionMap":{"java":{"insertions":15,"deletions":0}}},{"hash":"1645dbccf94b5712a46b6a9a50e4c7af0707317a","isMergeCommit":false,"messageTitle":"Add Ui class for user interface handling","messageBody":"","fileTypesAndContributionMap":{"java":{"insertions":73,"deletions":0}}},{"hash":"9f038f98f6f309e9368d45b4d22c27280778e93d","isMergeCommit":false,"messageTitle":"Refactor Tilo class: delegate UI interactions to Ui class","messageBody":"","fileTypesAndContributionMap":{"java":{"insertions":19,"deletions":66}}},{"hash":"70587a6f1a78a84eca07f8a6b2829c28a41057fe","isMergeCommit":false,"messageTitle":"Add TaskList class for task management","messageBody":"","fileTypesAndContributionMap":{"java":{"insertions":40,"deletions":0}}},{"hash":"2487ec812cb5019e9887726e0e4280a8ef88e9de","isMergeCommit":false,"messageTitle":"Refactor Tilo class: replace ArrayList with TaskList for task management","messageBody":"","fileTypesAndContributionMap":{"java":{"insertions":10,"deletions":17}}}]},{"date":"2025-09-14T00:00:00","commitResults":[{"hash":"7c988b12baadbc86894884566d9dac56d18e3d23","isMergeCommit":false,"messageTitle":"Add Command pattern and Parser class for user input processing","messageBody":"- Implement Command interface with execute method\n- Add specific Command classes (AddToDoCommand, AddDeadlineCommand, etc.)\n- Create Parser class to handle input parsing and validation\n- Extract command creation logic from main Tilo class\n","fileTypesAndContributionMap":{"java":{"insertions":345,"deletions":145}}},{"hash":"7fecd1ce18e4557c917ca51755c1559c7c7ddf04","isMergeCommit":false,"messageTitle":"TiloException: Add new exception cases","messageBody":"","fileTypesAndContributionMap":{"java":{"insertions":36,"deletions":0}}},{"hash":"ddcc1d46ca98db4319c0d2660f8345c2f165f7fa","isMergeCommit":false,"messageTitle":"Command classes: Refactor to improve exception handling","messageBody":"","fileTypesAndContributionMap":{"java":{"insertions":17,"deletions":17}}},{"hash":"542771aa1efd0b794c1f6fe606fe7bbb661121dd","isMergeCommit":true,"messageTitle":"Merge branch \u0027branch-Level-5\u0027","messageBody":"","tags":["Level-5","A-MoreOOP","A-Exceptions"],"fileTypesAndContributionMap":{}}]},{"date":"2025-09-22T00:00:00","commitResults":[{"hash":"7e0568e678c6fe47950ea35444c0620c199e3b4c","isMergeCommit":false,"messageTitle":"refactor (TaskList): convert List\u003cTask\u003e to ArrayList\u003cTask\u003e","messageBody":"","tags":["A-Collections"],"fileTypesAndContributionMap":{"java":{"insertions":43,"deletions":3}}},{"hash":"72049d75911264f8dc2b55d0e1f759bb4b040e7f","isMergeCommit":false,"messageTitle":"feat (DeleteCommand): implement task deletion functionality","messageBody":"","fileTypesAndContributionMap":{"java":{"insertions":16,"deletions":4}}}]},{"date":"2025-09-23T00:00:00","commitResults":[{"hash":"a465a263f55de856167b20e1bbb0abaf6be30394","isMergeCommit":false,"messageTitle":"refactor (TaskList): move class from tilo.task to tilo.storage","messageBody":"","fileTypesAndContributionMap":{"java":{"insertions":3,"deletions":1}}},{"hash":"02b809d450344092c88d6c191871b2cac1f5cd89","isMergeCommit":false,"messageTitle":"refactor (Command classes): update taskList import statements","messageBody":"","fileTypesAndContributionMap":{"java":{"insertions":11,"deletions":12}}},{"hash":"60b3c5fcd09c08d08e5d1ba39f5f23ca2ca14515","isMergeCommit":false,"messageTitle":"feat (Storage): implement load and save methods for task management","messageBody":"","fileTypesAndContributionMap":{"java":{"insertions":113,"deletions":0}}},{"hash":"091a59f2574ff8fe0b471b10b2bc32f789964dea","isMergeCommit":false,"messageTitle":"refactor (Command classes): rename parameters for clarity","messageBody":"","fileTypesAndContributionMap":{"java":{"insertions":27,"deletions":27}}},{"hash":"5d7cb6955a930f813ec19855fdb92a6ffad6b825","isMergeCommit":false,"messageTitle":"feat (Storage): implement loading and saving of tasks in Tilo class","messageBody":"","fileTypesAndContributionMap":{"java":{"insertions":21,"deletions":1}}},{"hash":"26a37dcd67769efc656635c71fdc768022a92592","isMergeCommit":true,"messageTitle":"Merge branch \u0027branch-Level-6\u0027","messageBody":"","tags":["Level-6"],"fileTypesAndContributionMap":{}},{"hash":"781db5658d71baf24a6af9ff6fc7cf54e8d267ab","isMergeCommit":true,"messageTitle":"Merge branch \u0027branch-Level-7\u0027","messageBody":"","tags":["Level-7","A-Jar"],"fileTypesAndContributionMap":{}}]},{"date":"2025-09-27T00:00:00","commitResults":[{"hash":"7f90771f1888481e5aa39089c36d2907e7686a1f","isMergeCommit":false,"messageTitle":"refactor(Tilo): extract methods from run()","messageBody":"- Extract processNextCommand() to handle single command execution\n- Extract shutdown() to handle cleanup and goodbye logic\n","fileTypesAndContributionMap":{"java":{"insertions":51,"deletions":29}}},{"hash":"8776c0ceff2a7d5c2e0f4d58a8a0c013132ca9d4","isMergeCommit":false,"messageTitle":"refactor(Ui): improve code quality with constants and validation","messageBody":"","fileTypesAndContributionMap":{"java":{"insertions":42,"deletions":20}}},{"hash":"94780bb23971fd270988d8ea2b591b9bc2d153fe","isMergeCommit":false,"messageTitle":"feat(TaskList): add markTask and unmarkTask methods","messageBody":"Extract task marking logic from command layer for better\nseparation of concerns\n","fileTypesAndContributionMap":{"java":{"insertions":25,"deletions":15}}},{"hash":"edfbbe8f3d21649b2ee3928cae1963c1c4de0498","isMergeCommit":false,"messageTitle":"refactor(Storage): enhance parsing robustness and error handling","messageBody":"- Extract constants for file format fields and validation\n- Improve parsing with field count validation and error recovery\n","fileTypesAndContributionMap":{"java":{"insertions":79,"deletions":40}}},{"hash":"2763aa424c8c0bb97531f370a522ddb7614804df","isMergeCommit":false,"messageTitle":"feat(FindCommand): add keyword-based task search","messageBody":"Implemented keyword search for tasks.\n\nUpdated classes:\n- Ui: display search results\n- Parser: handle `find` command parsing\n- TaskList: add findTasks method to filter tasks by keyword\n- Task: add getDescription method\n- FindCommand: execute search logic\n","fileTypesAndContributionMap":{"java":{"insertions":68,"deletions":2}}},{"hash":"bb7a078430cd0cb88557e8f987d604f55d7daae5","isMergeCommit":true,"messageTitle":"Merge pull request #1 from aydrienlaw/branch-Level-9","messageBody":"feat(find): add keyword-based task search","tags":["Level-9"],"fileTypesAndContributionMap":{}},{"hash":"e468a7ffadd9284df6e68366bc351f1b18cde913","isMergeCommit":false,"messageTitle":"refactor: improve code quality, error handling, and documentation","messageBody":"Major improvements to Parser, Storage, TaskList, Commands, TiloException, and Ui\nwith better validation, constants extraction, and proper layer separation.\n","fileTypesAndContributionMap":{"java":{"insertions":172,"deletions":190}}}]},{"date":"2025-09-28T00:00:00","commitResults":[{"hash":"6ca1913d76d46a953c3d25aba4f291914575c4db","isMergeCommit":false,"messageTitle":"docs: add comprehensive JavaDoc comments to all classes","messageBody":"","fileTypesAndContributionMap":{"java":{"insertions":701,"deletions":16}}},{"hash":"ee757f1b52f90f9c80bfcb582258b813009ffbe6","isMergeCommit":true,"messageTitle":"Merge pull request #2 from aydrienlaw/branch-A-JavaDoc","messageBody":"docs: add comprehensive JavaDoc documentation to all classes","tags":["A-JavaDoc"],"fileTypesAndContributionMap":{}},{"hash":"17a7ffc6fb41a1b5132518f23946e308ed2688f3","isMergeCommit":false,"messageTitle":"docs: create user guide for all Tilo commands","messageBody":"","fileTypesAndContributionMap":{"md":{"insertions":226,"deletions":13}}},{"hash":"45237258130f86f085b706318511a8a34883cd8e","isMergeCommit":true,"messageTitle":"Merge pull request #3 from aydrienlaw/branch-A-UserGuide","messageBody":"docs: create user guide for all Tilo commands","tags":["A-UserGuide"],"fileTypesAndContributionMap":{}}]},{"date":"2025-10-01T00:00:00","commitResults":[{"hash":"405913cf325368d187059e4e33c830237f7328f6","isMergeCommit":false,"messageTitle":"chore(TiloException): correct typo in corruptedLine error message","messageBody":"","tags":["A-Release"],"fileTypesAndContributionMap":{"java":{"insertions":2,"deletions":2}}}]}]},"authorFileTypeContributionMap":{"aydrienlaw":{"java":1624,"md":229,"fxml":0,"sh":0,"bat":1,"gradle":0,"txt":8}},"authorContributionVariance":{"aydrienlaw":32573.543},"authorDisplayNameMap":{"aydrienlaw":"CS2113-T11-2 ADRI.. HNG"}}
