[{"path":"docs/README.md","fileType":"md","lines":[{"lineNumber":1,"author":{"gitId":"fookang"},"content":"# Kiwee User Guide","lastModifiedDate":"2025-08-20T21:34:20","isFullCredit":false},{"lineNumber":2,"author":{"gitId":"-"},"content":"","lastModifiedDate":"2019-07-29T17:14:46","isFullCredit":false},{"lineNumber":3,"author":{"gitId":"-"},"content":"// Update the title above to match the actual product name","lastModifiedDate":"2024-01-07T18:33:52","isFullCredit":false},{"lineNumber":4,"author":{"gitId":"-"},"content":"","lastModifiedDate":"2019-07-29T17:14:46","isFullCredit":false},{"lineNumber":5,"author":{"gitId":"-"},"content":"// Product screenshot goes here","lastModifiedDate":"2024-01-07T18:33:52","isFullCredit":false},{"lineNumber":6,"author":{"gitId":"-"},"content":"","lastModifiedDate":"2021-07-17T16:49:07","isFullCredit":false},{"lineNumber":7,"author":{"gitId":"-"},"content":"// Product intro goes here","lastModifiedDate":"2024-01-07T18:33:52","isFullCredit":false},{"lineNumber":8,"author":{"gitId":"-"},"content":"","lastModifiedDate":"2021-07-17T16:49:07","isFullCredit":false},{"lineNumber":9,"author":{"gitId":"-"},"content":"## Adding deadlines","lastModifiedDate":"2024-01-07T18:33:52","isFullCredit":false},{"lineNumber":10,"author":{"gitId":"-"},"content":"","lastModifiedDate":"2021-07-17T16:49:07","isFullCredit":false},{"lineNumber":11,"author":{"gitId":"-"},"content":"// Describe the action and its outcome.","lastModifiedDate":"2024-01-07T18:33:52","isFullCredit":false},{"lineNumber":12,"author":{"gitId":"-"},"content":"","lastModifiedDate":"2019-07-29T17:14:46","isFullCredit":false},{"lineNumber":13,"author":{"gitId":"-"},"content":"// Give examples of usage","lastModifiedDate":"2024-01-07T18:33:52","isFullCredit":false},{"lineNumber":14,"author":{"gitId":"-"},"content":"","lastModifiedDate":"2019-07-29T17:14:46","isFullCredit":false},{"lineNumber":15,"author":{"gitId":"-"},"content":"Example: `keyword (optional arguments)`","lastModifiedDate":"2024-01-07T18:33:52","isFullCredit":false},{"lineNumber":16,"author":{"gitId":"-"},"content":"","lastModifiedDate":"2019-07-29T17:14:46","isFullCredit":false},{"lineNumber":17,"author":{"gitId":"-"},"content":"// A description of the expected outcome goes here","lastModifiedDate":"2024-01-07T18:33:52","isFullCredit":false},{"lineNumber":18,"author":{"gitId":"-"},"content":"","lastModifiedDate":"2019-07-29T17:14:46","isFullCredit":false},{"lineNumber":19,"author":{"gitId":"-"},"content":"```","lastModifiedDate":"2024-01-07T18:33:52","isFullCredit":false},{"lineNumber":20,"author":{"gitId":"-"},"content":"expected output","lastModifiedDate":"2024-01-07T18:33:52","isFullCredit":false},{"lineNumber":21,"author":{"gitId":"-"},"content":"```","lastModifiedDate":"2024-01-07T18:33:52","isFullCredit":false},{"lineNumber":22,"author":{"gitId":"-"},"content":"","lastModifiedDate":"2019-07-29T17:14:46","isFullCredit":false},{"lineNumber":23,"author":{"gitId":"-"},"content":"## Feature ABC","lastModifiedDate":"2024-01-07T18:33:52","isFullCredit":false},{"lineNumber":24,"author":{"gitId":"-"},"content":"","lastModifiedDate":"2019-07-29T17:14:46","isFullCredit":false},{"lineNumber":25,"author":{"gitId":"-"},"content":"// Feature details","lastModifiedDate":"2024-01-07T18:33:52","isFullCredit":false},{"lineNumber":26,"author":{"gitId":"-"},"content":"","lastModifiedDate":"2019-07-29T17:14:46","isFullCredit":false},{"lineNumber":27,"author":{"gitId":"-"},"content":"","lastModifiedDate":"2021-07-17T16:49:07","isFullCredit":false},{"lineNumber":28,"author":{"gitId":"-"},"content":"## Feature XYZ","lastModifiedDate":"2024-01-07T18:33:52","isFullCredit":false},{"lineNumber":29,"author":{"gitId":"-"},"content":"","lastModifiedDate":"2024-01-07T18:33:52","isFullCredit":false},{"lineNumber":30,"author":{"gitId":"-"},"content":"// Feature details","lastModifiedDate":"2024-01-07T18:33:52","isFullCredit":false}],"authorContributionMap":{"fookang":1,"-":29}},{"path":"src/main/java/Deadline.java","fileType":"java","lines":[{"lineNumber":1,"author":{"gitId":"fookang"},"content":"public class Deadline extends Task {","lastModifiedDate":"2025-09-04T20:59:31","isFullCredit":false},{"lineNumber":2,"author":{"gitId":"fookang"},"content":"    protected String by;","lastModifiedDate":"2025-09-04T20:59:31","isFullCredit":false},{"lineNumber":3,"author":{"gitId":"fookang"},"content":"","lastModifiedDate":"2025-09-04T20:59:31","isFullCredit":false},{"lineNumber":4,"author":{"gitId":"fookang"},"content":"    public Deadline(String description, String by) {","lastModifiedDate":"2025-09-04T20:59:31","isFullCredit":false},{"lineNumber":5,"author":{"gitId":"fookang"},"content":"        super(description);","lastModifiedDate":"2025-09-04T20:59:31","isFullCredit":false},{"lineNumber":6,"author":{"gitId":"fookang"},"content":"        this.by \u003d by;","lastModifiedDate":"2025-09-04T20:59:31","isFullCredit":false},{"lineNumber":7,"author":{"gitId":"fookang"},"content":"    }","lastModifiedDate":"2025-09-04T20:59:31","isFullCredit":false},{"lineNumber":8,"author":{"gitId":"fookang"},"content":"","lastModifiedDate":"2025-09-04T20:59:31","isFullCredit":false},{"lineNumber":9,"author":{"gitId":"fookang"},"content":"    @Override","lastModifiedDate":"2025-09-04T20:59:31","isFullCredit":false},{"lineNumber":10,"author":{"gitId":"fookang"},"content":"    public String toString() {","lastModifiedDate":"2025-09-04T20:59:31","isFullCredit":false},{"lineNumber":11,"author":{"gitId":"fookang"},"content":"        return \"[D]\" + super.toString() + \" (by: \" + by + \")\";","lastModifiedDate":"2025-09-04T20:59:31","isFullCredit":false},{"lineNumber":12,"author":{"gitId":"fookang"},"content":"    }","lastModifiedDate":"2025-09-04T20:59:31","isFullCredit":false},{"lineNumber":13,"author":{"gitId":"fookang"},"content":"}","lastModifiedDate":"2025-09-04T20:59:31","isFullCredit":false}],"authorContributionMap":{"fookang":13}},{"path":"src/main/java/Event.java","fileType":"java","lines":[{"lineNumber":1,"author":{"gitId":"fookang"},"content":"public class Event extends Task {","lastModifiedDate":"2025-09-04T20:59:31","isFullCredit":false},{"lineNumber":2,"author":{"gitId":"fookang"},"content":"    protected String from;","lastModifiedDate":"2025-09-04T20:59:31","isFullCredit":false},{"lineNumber":3,"author":{"gitId":"fookang"},"content":"    protected String to;","lastModifiedDate":"2025-09-04T20:59:31","isFullCredit":false},{"lineNumber":4,"author":{"gitId":"fookang"},"content":"","lastModifiedDate":"2025-09-04T20:59:31","isFullCredit":false},{"lineNumber":5,"author":{"gitId":"fookang"},"content":"    public Event(String description, String from, String to) {","lastModifiedDate":"2025-09-04T20:59:31","isFullCredit":false},{"lineNumber":6,"author":{"gitId":"fookang"},"content":"        super(description);","lastModifiedDate":"2025-09-04T20:59:31","isFullCredit":false},{"lineNumber":7,"author":{"gitId":"fookang"},"content":"        this.from \u003d from;","lastModifiedDate":"2025-09-04T20:59:31","isFullCredit":false},{"lineNumber":8,"author":{"gitId":"fookang"},"content":"        this.to \u003d to;","lastModifiedDate":"2025-09-04T20:59:31","isFullCredit":false},{"lineNumber":9,"author":{"gitId":"fookang"},"content":"    }","lastModifiedDate":"2025-09-04T20:59:31","isFullCredit":false},{"lineNumber":10,"author":{"gitId":"fookang"},"content":"","lastModifiedDate":"2025-09-04T20:59:31","isFullCredit":false},{"lineNumber":11,"author":{"gitId":"fookang"},"content":"    @Override","lastModifiedDate":"2025-09-04T20:59:31","isFullCredit":false},{"lineNumber":12,"author":{"gitId":"fookang"},"content":"    public String toString() {","lastModifiedDate":"2025-09-04T20:59:31","isFullCredit":false},{"lineNumber":13,"author":{"gitId":"fookang"},"content":"        return \"[E]\" + super.toString() + \" (from: \" + from + \" to: \" + to + \")\";","lastModifiedDate":"2025-09-04T20:59:31","isFullCredit":false},{"lineNumber":14,"author":{"gitId":"fookang"},"content":"    }","lastModifiedDate":"2025-09-04T20:59:31","isFullCredit":false},{"lineNumber":15,"author":{"gitId":"fookang"},"content":"}","lastModifiedDate":"2025-09-04T20:59:31","isFullCredit":false}],"authorContributionMap":{"fookang":15}},{"path":"src/main/java/Kiwee.java","fileType":"java","lines":[{"lineNumber":1,"author":{"gitId":"fookang"},"content":"import java.util.Scanner;","lastModifiedDate":"2025-08-24T13:18:15","isFullCredit":false},{"lineNumber":2,"author":{"gitId":"fookang"},"content":"","lastModifiedDate":"2025-08-24T13:18:15","isFullCredit":false},{"lineNumber":3,"author":{"gitId":"fookang"},"content":"public class Kiwee {","lastModifiedDate":"2025-08-20T21:34:20","isFullCredit":false},{"lineNumber":4,"author":{"gitId":"fookang"},"content":"    private static final int CAPACITY \u003d 100;","lastModifiedDate":"2025-09-04T20:59:31","isFullCredit":false},{"lineNumber":5,"author":{"gitId":"fookang"},"content":"","lastModifiedDate":"2025-09-04T20:59:31","isFullCredit":false},{"lineNumber":6,"author":{"gitId":"fookang"},"content":"    private static final Task[] tasks \u003d new Task[CAPACITY];","lastModifiedDate":"2025-09-04T20:59:31","isFullCredit":false},{"lineNumber":7,"author":{"gitId":"fookang"},"content":"","lastModifiedDate":"2025-09-04T20:59:31","isFullCredit":false},{"lineNumber":8,"author":{"gitId":"fookang"},"content":"    private static int size \u003d 0;","lastModifiedDate":"2025-09-04T20:59:31","isFullCredit":false},{"lineNumber":9,"author":{"gitId":"fookang"},"content":"","lastModifiedDate":"2025-09-04T20:59:31","isFullCredit":false},{"lineNumber":10,"author":{"gitId":"fookang"},"content":"    private static final String PARTITION \u003d \"____________________________________________________________\";","lastModifiedDate":"2025-08-24T14:35:22","isFullCredit":false},{"lineNumber":11,"author":{"gitId":"fookang"},"content":"","lastModifiedDate":"2025-08-24T13:18:15","isFullCredit":false},{"lineNumber":12,"author":{"gitId":"fookang"},"content":"    private static final String LOGO \u003d PARTITION + \"\\n\"","lastModifiedDate":"2025-08-24T14:35:22","isFullCredit":false},{"lineNumber":13,"author":{"gitId":"fookang"},"content":"            + \" Hello! I\u0027m Kiwee \\uD83E\\uDD5D \\n\"","lastModifiedDate":"2025-08-24T13:18:15","isFullCredit":false},{"lineNumber":14,"author":{"gitId":"fookang"},"content":"            + \" How can I help you?\\n\"","lastModifiedDate":"2025-08-24T13:18:15","isFullCredit":false},{"lineNumber":15,"author":{"gitId":"fookang"},"content":"            + PARTITION;","lastModifiedDate":"2025-08-24T13:18:15","isFullCredit":false},{"lineNumber":16,"author":{"gitId":"fookang"},"content":"","lastModifiedDate":"2025-08-24T13:18:15","isFullCredit":false},{"lineNumber":17,"author":{"gitId":"fookang"},"content":"    private static final String BYE_MESSAGE \u003d PARTITION + \"\\n\"","lastModifiedDate":"2025-08-24T14:35:22","isFullCredit":false},{"lineNumber":18,"author":{"gitId":"fookang"},"content":"            + \" Bye \\uD83D\\uDC4B Kiwee hope to see you again soon!\\n\"","lastModifiedDate":"2025-08-25T22:01:25","isFullCredit":false},{"lineNumber":19,"author":{"gitId":"fookang"},"content":"            + PARTITION;","lastModifiedDate":"2025-08-24T13:18:15","isFullCredit":false},{"lineNumber":20,"author":{"gitId":"fookang"},"content":"","lastModifiedDate":"2025-08-24T13:18:15","isFullCredit":false},{"lineNumber":21,"author":{"gitId":"fookang"},"content":"    private static void printTask() {","lastModifiedDate":"2025-09-04T20:59:31","isFullCredit":false},{"lineNumber":22,"author":{"gitId":"fookang"},"content":"        System.out.println(PARTITION);","lastModifiedDate":"2025-08-27T16:28:59","isFullCredit":false},{"lineNumber":23,"author":{"gitId":"fookang"},"content":"        for (int i \u003d 0; i \u003c size; i++) {","lastModifiedDate":"2025-08-27T16:28:59","isFullCredit":false},{"lineNumber":24,"author":{"gitId":"fookang"},"content":"            System.out.println(i + 1 + \".\" + tasks[i].toString());","lastModifiedDate":"2025-09-04T20:59:31","isFullCredit":false},{"lineNumber":25,"author":{"gitId":"fookang"},"content":"        }","lastModifiedDate":"2025-08-27T16:28:59","isFullCredit":false},{"lineNumber":26,"author":{"gitId":"fookang"},"content":"        System.out.println(PARTITION);","lastModifiedDate":"2025-08-27T16:28:59","isFullCredit":false},{"lineNumber":27,"author":{"gitId":"fookang"},"content":"    }","lastModifiedDate":"2025-08-27T16:28:59","isFullCredit":false},{"lineNumber":28,"author":{"gitId":"fookang"},"content":"","lastModifiedDate":"2025-08-27T16:28:59","isFullCredit":false},{"lineNumber":29,"author":{"gitId":"fookang"},"content":"    private static void printAddMessage(Task task) {","lastModifiedDate":"2025-09-04T20:59:31","isFullCredit":false},{"lineNumber":30,"author":{"gitId":"fookang"},"content":"        System.out.println(PARTITION);","lastModifiedDate":"2025-09-04T20:59:31","isFullCredit":false},{"lineNumber":31,"author":{"gitId":"fookang"},"content":"        System.out.println(\" Added: \" + task.toString());","lastModifiedDate":"2025-09-04T20:59:31","isFullCredit":false},{"lineNumber":32,"author":{"gitId":"fookang"},"content":"        System.out.println(\"You have \" + size + \" tasks in your list\");","lastModifiedDate":"2025-09-04T20:59:31","isFullCredit":false},{"lineNumber":33,"author":{"gitId":"fookang"},"content":"        System.out.println(PARTITION);","lastModifiedDate":"2025-09-04T20:59:31","isFullCredit":false},{"lineNumber":34,"author":{"gitId":"fookang"},"content":"    }","lastModifiedDate":"2025-09-04T20:59:31","isFullCredit":false},{"lineNumber":35,"author":{"gitId":"fookang"},"content":"","lastModifiedDate":"2025-08-27T16:28:59","isFullCredit":false},{"lineNumber":36,"author":{"gitId":"fookang"},"content":"    private static void handleCompletionCommand(String command, String variable) throws KiweeException {","lastModifiedDate":"2025-09-12T14:49:23","isFullCredit":false},{"lineNumber":37,"author":{"gitId":"fookang"},"content":"        int id;","lastModifiedDate":"2025-09-04T20:59:31","isFullCredit":false},{"lineNumber":38,"author":{"gitId":"fookang"},"content":"        try {","lastModifiedDate":"2025-08-27T16:28:59","isFullCredit":false},{"lineNumber":39,"author":{"gitId":"fookang"},"content":"            id \u003d Integer.parseInt(variable);","lastModifiedDate":"2025-09-04T20:59:31","isFullCredit":false},{"lineNumber":40,"author":{"gitId":"fookang"},"content":"        } catch (NumberFormatException e) {","lastModifiedDate":"2025-08-27T16:28:59","isFullCredit":false},{"lineNumber":41,"author":{"gitId":"fookang"},"content":"            throw new KiweeException(\"Invalid ID\");","lastModifiedDate":"2025-09-12T14:49:23","isFullCredit":false},{"lineNumber":42,"author":{"gitId":"fookang"},"content":"        }","lastModifiedDate":"2025-08-27T16:28:59","isFullCredit":false},{"lineNumber":43,"author":{"gitId":"fookang"},"content":"","lastModifiedDate":"2025-09-04T20:59:31","isFullCredit":false},{"lineNumber":44,"author":{"gitId":"fookang"},"content":"        if (id \u003c 1 || id \u003e size) {","lastModifiedDate":"2025-09-04T20:59:31","isFullCredit":false},{"lineNumber":45,"author":{"gitId":"fookang"},"content":"            throw new KiweeException(\"Invalid ID\");","lastModifiedDate":"2025-09-12T14:49:23","isFullCredit":false},{"lineNumber":46,"author":{"gitId":"fookang"},"content":"        }","lastModifiedDate":"2025-09-04T20:59:31","isFullCredit":false},{"lineNumber":47,"author":{"gitId":"fookang"},"content":"","lastModifiedDate":"2025-09-04T20:59:31","isFullCredit":false},{"lineNumber":48,"author":{"gitId":"fookang"},"content":"        if (command.equals(\"mark\")) {","lastModifiedDate":"2025-08-27T16:28:59","isFullCredit":false},{"lineNumber":49,"author":{"gitId":"fookang"},"content":"            tasks[id - 1].markAsDone();","lastModifiedDate":"2025-08-27T16:28:59","isFullCredit":false},{"lineNumber":50,"author":{"gitId":"fookang"},"content":"            System.out.println(PARTITION);","lastModifiedDate":"2025-08-27T16:28:59","isFullCredit":false},{"lineNumber":51,"author":{"gitId":"fookang"},"content":"            System.out.println(\" Well done! I have marked this as done!\");","lastModifiedDate":"2025-08-27T16:28:59","isFullCredit":false},{"lineNumber":52,"author":{"gitId":"fookang"},"content":"        } else {","lastModifiedDate":"2025-08-27T16:28:59","isFullCredit":false},{"lineNumber":53,"author":{"gitId":"fookang"},"content":"            tasks[id - 1].markAsUndone();","lastModifiedDate":"2025-08-27T16:28:59","isFullCredit":false},{"lineNumber":54,"author":{"gitId":"fookang"},"content":"            System.out.println(PARTITION);","lastModifiedDate":"2025-08-27T16:28:59","isFullCredit":false},{"lineNumber":55,"author":{"gitId":"fookang"},"content":"            System.out.println(\" OK, I\u0027ve marked this as not done yet\");","lastModifiedDate":"2025-08-27T16:28:59","isFullCredit":false},{"lineNumber":56,"author":{"gitId":"fookang"},"content":"        }","lastModifiedDate":"2025-09-04T20:59:31","isFullCredit":false},{"lineNumber":57,"author":{"gitId":"fookang"},"content":"","lastModifiedDate":"2025-09-04T20:59:31","isFullCredit":false},{"lineNumber":58,"author":{"gitId":"fookang"},"content":"        System.out.println(tasks[id - 1].toString());","lastModifiedDate":"2025-09-04T20:59:31","isFullCredit":false},{"lineNumber":59,"author":{"gitId":"fookang"},"content":"        System.out.println(PARTITION);","lastModifiedDate":"2025-08-24T14:35:22","isFullCredit":false},{"lineNumber":60,"author":{"gitId":"fookang"},"content":"    }","lastModifiedDate":"2025-08-24T14:35:22","isFullCredit":false},{"lineNumber":61,"author":{"gitId":"fookang"},"content":"","lastModifiedDate":"2025-09-04T20:59:31","isFullCredit":false},{"lineNumber":62,"author":{"gitId":"fookang"},"content":"    private static void addTodo(String description) throws KiweeException {","lastModifiedDate":"2025-09-12T14:49:23","isFullCredit":false},{"lineNumber":63,"author":{"gitId":"fookang"},"content":"        if (size \u003c CAPACITY) {","lastModifiedDate":"2025-09-04T20:59:31","isFullCredit":false},{"lineNumber":64,"author":{"gitId":"fookang"},"content":"            tasks[size++] \u003d new Todo(description);","lastModifiedDate":"2025-09-04T20:59:31","isFullCredit":false},{"lineNumber":65,"author":{"gitId":"fookang"},"content":"            printAddMessage(tasks[size - 1]);","lastModifiedDate":"2025-09-04T20:59:31","isFullCredit":false},{"lineNumber":66,"author":{"gitId":"fookang"},"content":"        } else {","lastModifiedDate":"2025-08-27T16:28:59","isFullCredit":false},{"lineNumber":67,"author":{"gitId":"fookang"},"content":"            throw new KiweeException(\"Capacity of 100 is reached\");","lastModifiedDate":"2025-09-12T14:49:23","isFullCredit":false},{"lineNumber":68,"author":{"gitId":"fookang"},"content":"        }","lastModifiedDate":"2025-08-27T16:28:59","isFullCredit":false},{"lineNumber":69,"author":{"gitId":"fookang"},"content":"    }","lastModifiedDate":"2025-08-27T16:28:59","isFullCredit":false},{"lineNumber":70,"author":{"gitId":"fookang"},"content":"","lastModifiedDate":"2025-08-24T14:35:22","isFullCredit":false},{"lineNumber":71,"author":{"gitId":"fookang"},"content":"    private static void addDeadline(String input) throws KiweeException {","lastModifiedDate":"2025-09-12T14:49:23","isFullCredit":false},{"lineNumber":72,"author":{"gitId":"fookang"},"content":"        String[] words \u003d input.split(\"/by\", 2);","lastModifiedDate":"2025-09-04T20:59:31","isFullCredit":false},{"lineNumber":73,"author":{"gitId":"fookang"},"content":"        if (words.length \u003c\u003d 1) {","lastModifiedDate":"2025-09-04T20:59:31","isFullCredit":false},{"lineNumber":74,"author":{"gitId":"fookang"},"content":"            throw new KiweeCommandException(\"Invalid command\");","lastModifiedDate":"2025-09-12T14:49:23","isFullCredit":false},{"lineNumber":75,"author":{"gitId":"fookang"},"content":"        }","lastModifiedDate":"2025-09-04T20:59:31","isFullCredit":false},{"lineNumber":76,"author":{"gitId":"fookang"},"content":"        String description \u003d words[0].trim();","lastModifiedDate":"2025-09-04T20:59:31","isFullCredit":false},{"lineNumber":77,"author":{"gitId":"fookang"},"content":"        String by \u003d words[1].trim();","lastModifiedDate":"2025-09-04T20:59:31","isFullCredit":false},{"lineNumber":78,"author":{"gitId":"fookang"},"content":"        if (size \u003c CAPACITY) {","lastModifiedDate":"2025-08-24T14:35:22","isFullCredit":false},{"lineNumber":79,"author":{"gitId":"fookang"},"content":"            tasks[size++] \u003d new Deadline(description, by);","lastModifiedDate":"2025-09-04T20:59:31","isFullCredit":false},{"lineNumber":80,"author":{"gitId":"fookang"},"content":"            printAddMessage(tasks[size - 1]);","lastModifiedDate":"2025-09-04T20:59:31","isFullCredit":false},{"lineNumber":81,"author":{"gitId":"fookang"},"content":"        } else {","lastModifiedDate":"2025-09-04T20:59:31","isFullCredit":false},{"lineNumber":82,"author":{"gitId":"fookang"},"content":"            throw new KiweeException(\"Capacity of 100 is reached\");","lastModifiedDate":"2025-09-12T14:49:23","isFullCredit":false},{"lineNumber":83,"author":{"gitId":"fookang"},"content":"        }","lastModifiedDate":"2025-09-04T20:59:31","isFullCredit":false},{"lineNumber":84,"author":{"gitId":"fookang"},"content":"    }","lastModifiedDate":"2025-09-04T20:59:31","isFullCredit":false},{"lineNumber":85,"author":{"gitId":"fookang"},"content":"","lastModifiedDate":"2025-09-04T20:59:31","isFullCredit":false},{"lineNumber":86,"author":{"gitId":"fookang"},"content":"    private static void addEvent(String input) throws KiweeException {","lastModifiedDate":"2025-09-12T14:49:23","isFullCredit":false},{"lineNumber":87,"author":{"gitId":"fookang"},"content":"        String[] words \u003d input.split(\"/from\", 2);","lastModifiedDate":"2025-09-04T20:59:31","isFullCredit":false},{"lineNumber":88,"author":{"gitId":"fookang"},"content":"        if (words.length \u003c\u003d 1) {","lastModifiedDate":"2025-09-04T20:59:31","isFullCredit":false},{"lineNumber":89,"author":{"gitId":"fookang"},"content":"            throw new KiweeCommandException(\"Invalid command\");","lastModifiedDate":"2025-09-12T14:49:23","isFullCredit":false},{"lineNumber":90,"author":{"gitId":"fookang"},"content":"        }","lastModifiedDate":"2025-09-04T20:59:31","isFullCredit":false},{"lineNumber":91,"author":{"gitId":"fookang"},"content":"        String description \u003d words[0].trim();","lastModifiedDate":"2025-09-04T20:59:31","isFullCredit":false},{"lineNumber":92,"author":{"gitId":"fookang"},"content":"","lastModifiedDate":"2025-09-04T20:59:31","isFullCredit":false},{"lineNumber":93,"author":{"gitId":"fookang"},"content":"        String time \u003d words[1].trim();","lastModifiedDate":"2025-09-04T20:59:31","isFullCredit":false},{"lineNumber":94,"author":{"gitId":"fookang"},"content":"        String[] details \u003d time.split(\"/to\", 2);","lastModifiedDate":"2025-09-04T20:59:31","isFullCredit":false},{"lineNumber":95,"author":{"gitId":"fookang"},"content":"","lastModifiedDate":"2025-09-04T20:59:31","isFullCredit":false},{"lineNumber":96,"author":{"gitId":"fookang"},"content":"        if (details.length \u003c\u003d 1) {","lastModifiedDate":"2025-09-04T20:59:31","isFullCredit":false},{"lineNumber":97,"author":{"gitId":"fookang"},"content":"            throw new KiweeCommandException(\"Invalid command\");","lastModifiedDate":"2025-09-12T14:49:23","isFullCredit":false},{"lineNumber":98,"author":{"gitId":"fookang"},"content":"        }","lastModifiedDate":"2025-09-04T20:59:31","isFullCredit":false},{"lineNumber":99,"author":{"gitId":"fookang"},"content":"","lastModifiedDate":"2025-09-04T20:59:31","isFullCredit":false},{"lineNumber":100,"author":{"gitId":"fookang"},"content":"        String from \u003d details[0].trim();","lastModifiedDate":"2025-09-04T20:59:31","isFullCredit":false},{"lineNumber":101,"author":{"gitId":"fookang"},"content":"        String to \u003d details[1].trim();","lastModifiedDate":"2025-09-04T20:59:31","isFullCredit":false},{"lineNumber":102,"author":{"gitId":"fookang"},"content":"","lastModifiedDate":"2025-09-04T20:59:31","isFullCredit":false},{"lineNumber":103,"author":{"gitId":"fookang"},"content":"        if (size \u003c CAPACITY) {","lastModifiedDate":"2025-09-04T20:59:31","isFullCredit":false},{"lineNumber":104,"author":{"gitId":"fookang"},"content":"            tasks[size++] \u003d new Event(description, from, to);","lastModifiedDate":"2025-09-04T20:59:31","isFullCredit":false},{"lineNumber":105,"author":{"gitId":"fookang"},"content":"            printAddMessage(tasks[size - 1]);","lastModifiedDate":"2025-09-04T20:59:31","isFullCredit":false},{"lineNumber":106,"author":{"gitId":"fookang"},"content":"        } else {","lastModifiedDate":"2025-08-24T14:35:22","isFullCredit":false},{"lineNumber":107,"author":{"gitId":"fookang"},"content":"            throw new KiweeException(\"Capacity of 100 is reached\");","lastModifiedDate":"2025-09-12T14:49:23","isFullCredit":false},{"lineNumber":108,"author":{"gitId":"fookang"},"content":"        }","lastModifiedDate":"2025-09-04T20:59:31","isFullCredit":false},{"lineNumber":109,"author":{"gitId":"fookang"},"content":"    }","lastModifiedDate":"2025-09-04T20:59:31","isFullCredit":false},{"lineNumber":110,"author":{"gitId":"fookang"},"content":"","lastModifiedDate":"2025-09-04T20:59:31","isFullCredit":false},{"lineNumber":111,"author":{"gitId":"fookang"},"content":"    private static void printError() {","lastModifiedDate":"2025-09-04T20:59:31","isFullCredit":false},{"lineNumber":112,"author":{"gitId":"fookang"},"content":"        System.out.print(\"\"\"","lastModifiedDate":"2025-09-04T20:59:31","isFullCredit":false},{"lineNumber":113,"author":{"gitId":"fookang"},"content":"                 Input valid command","lastModifiedDate":"2025-09-04T20:59:31","isFullCredit":false},{"lineNumber":114,"author":{"gitId":"fookang"},"content":"                 To add todo:       todo \u003cdescription\u003e","lastModifiedDate":"2025-09-04T20:59:31","isFullCredit":false},{"lineNumber":115,"author":{"gitId":"fookang"},"content":"                 To add deadline:   deadline \u003cdescription\u003e /by \u003cwhen\u003e","lastModifiedDate":"2025-09-04T20:59:31","isFullCredit":false},{"lineNumber":116,"author":{"gitId":"fookang"},"content":"                 To add event:      event \u003cdescription\u003e /from \u003cstart\u003e /to \u003cend\u003e","lastModifiedDate":"2025-09-04T20:59:31","isFullCredit":false},{"lineNumber":117,"author":{"gitId":"fookang"},"content":"                 Mark / Unmark:     mark \u003cid\u003e | unmark \u003cid\u003e","lastModifiedDate":"2025-09-04T20:59:31","isFullCredit":false},{"lineNumber":118,"author":{"gitId":"fookang"},"content":"                 Other:             list | bye","lastModifiedDate":"2025-09-04T20:59:31","isFullCredit":false},{"lineNumber":119,"author":{"gitId":"fookang"},"content":"                \"\"\");","lastModifiedDate":"2025-09-04T20:59:31","isFullCredit":false},{"lineNumber":120,"author":{"gitId":"fookang"},"content":"    }","lastModifiedDate":"2025-08-24T14:35:22","isFullCredit":false},{"lineNumber":121,"author":{"gitId":"fookang"},"content":"","lastModifiedDate":"2025-08-27T16:28:59","isFullCredit":false},{"lineNumber":122,"author":{"gitId":"fookang"},"content":"    public static void main(String[] args) {","lastModifiedDate":"2025-09-04T20:59:31","isFullCredit":false},{"lineNumber":123,"author":{"gitId":"fookang"},"content":"        System.out.println(LOGO);","lastModifiedDate":"2025-09-04T20:59:31","isFullCredit":false},{"lineNumber":124,"author":{"gitId":"fookang"},"content":"","lastModifiedDate":"2025-09-04T20:59:31","isFullCredit":false},{"lineNumber":125,"author":{"gitId":"fookang"},"content":"        Scanner input \u003d new Scanner(System.in);","lastModifiedDate":"2025-09-04T20:59:31","isFullCredit":false},{"lineNumber":126,"author":{"gitId":"fookang"},"content":"","lastModifiedDate":"2025-09-04T20:59:31","isFullCredit":false},{"lineNumber":127,"author":{"gitId":"fookang"},"content":"        while (true) {","lastModifiedDate":"2025-09-04T20:59:31","isFullCredit":false},{"lineNumber":128,"author":{"gitId":"fookang"},"content":"            String userInput \u003d input.nextLine().trim();","lastModifiedDate":"2025-09-04T20:59:31","isFullCredit":false},{"lineNumber":129,"author":{"gitId":"fookang"},"content":"","lastModifiedDate":"2025-09-04T20:59:31","isFullCredit":false},{"lineNumber":130,"author":{"gitId":"fookang"},"content":"            if (userInput.isEmpty()) {","lastModifiedDate":"2025-09-04T20:59:31","isFullCredit":false},{"lineNumber":131,"author":{"gitId":"fookang"},"content":"                continue;","lastModifiedDate":"2025-09-04T20:59:31","isFullCredit":false},{"lineNumber":132,"author":{"gitId":"fookang"},"content":"            }","lastModifiedDate":"2025-08-27T16:28:59","isFullCredit":false},{"lineNumber":133,"author":{"gitId":"fookang"},"content":"","lastModifiedDate":"2025-08-27T16:28:59","isFullCredit":false},{"lineNumber":134,"author":{"gitId":"fookang"},"content":"            // Split the input into command and action","lastModifiedDate":"2025-09-04T20:59:31","isFullCredit":false},{"lineNumber":135,"author":{"gitId":"fookang"},"content":"            String[] words \u003d userInput.split(\"\\\\s+\", 2);","lastModifiedDate":"2025-09-04T20:59:31","isFullCredit":false},{"lineNumber":136,"author":{"gitId":"fookang"},"content":"            String command \u003d words[0].toLowerCase();","lastModifiedDate":"2025-09-04T20:59:31","isFullCredit":false},{"lineNumber":137,"author":{"gitId":"fookang"},"content":"            String rest \u003d words.length \u003e 1 ? words[1] : \"\";","lastModifiedDate":"2025-09-04T20:59:31","isFullCredit":false},{"lineNumber":138,"author":{"gitId":"fookang"},"content":"            try {","lastModifiedDate":"2025-09-12T14:49:23","isFullCredit":false},{"lineNumber":139,"author":{"gitId":"fookang"},"content":"                switch (command) {","lastModifiedDate":"2025-09-04T20:59:31","isFullCredit":false},{"lineNumber":140,"author":{"gitId":"fookang"},"content":"                case \"bye\":","lastModifiedDate":"2025-09-04T20:59:31","isFullCredit":false},{"lineNumber":141,"author":{"gitId":"fookang"},"content":"                    System.out.println(BYE_MESSAGE);","lastModifiedDate":"2025-09-04T20:59:31","isFullCredit":false},{"lineNumber":142,"author":{"gitId":"fookang"},"content":"                    return;","lastModifiedDate":"2025-09-04T20:59:31","isFullCredit":false},{"lineNumber":143,"author":{"gitId":"fookang"},"content":"","lastModifiedDate":"2025-09-04T20:59:31","isFullCredit":false},{"lineNumber":144,"author":{"gitId":"fookang"},"content":"                case \"list\":","lastModifiedDate":"2025-09-04T20:59:31","isFullCredit":false},{"lineNumber":145,"author":{"gitId":"fookang"},"content":"                    printTask();","lastModifiedDate":"2025-09-04T20:59:31","isFullCredit":false},{"lineNumber":146,"author":{"gitId":"fookang"},"content":"                    break;","lastModifiedDate":"2025-09-04T20:59:31","isFullCredit":false},{"lineNumber":147,"author":{"gitId":"fookang"},"content":"","lastModifiedDate":"2025-09-04T20:59:31","isFullCredit":false},{"lineNumber":148,"author":{"gitId":"fookang"},"content":"                case \"mark\":","lastModifiedDate":"2025-09-04T20:59:31","isFullCredit":false},{"lineNumber":149,"author":{"gitId":"fookang"},"content":"                case \"unmark\":","lastModifiedDate":"2025-09-04T20:59:31","isFullCredit":false},{"lineNumber":150,"author":{"gitId":"fookang"},"content":"                    handleCompletionCommand(command, rest);","lastModifiedDate":"2025-09-04T20:59:31","isFullCredit":false},{"lineNumber":151,"author":{"gitId":"fookang"},"content":"                    break;","lastModifiedDate":"2025-09-04T20:59:31","isFullCredit":false},{"lineNumber":152,"author":{"gitId":"fookang"},"content":"","lastModifiedDate":"2025-09-04T20:59:31","isFullCredit":false},{"lineNumber":153,"author":{"gitId":"fookang"},"content":"                case \"todo\":","lastModifiedDate":"2025-09-04T20:59:31","isFullCredit":false},{"lineNumber":154,"author":{"gitId":"fookang"},"content":"                    addTodo(rest);","lastModifiedDate":"2025-09-04T20:59:31","isFullCredit":false},{"lineNumber":155,"author":{"gitId":"fookang"},"content":"                    break;","lastModifiedDate":"2025-09-04T20:59:31","isFullCredit":false},{"lineNumber":156,"author":{"gitId":"fookang"},"content":"","lastModifiedDate":"2025-09-04T20:59:31","isFullCredit":false},{"lineNumber":157,"author":{"gitId":"fookang"},"content":"                case \"deadline\":","lastModifiedDate":"2025-09-04T20:59:31","isFullCredit":false},{"lineNumber":158,"author":{"gitId":"fookang"},"content":"                    addDeadline(rest);","lastModifiedDate":"2025-09-04T20:59:31","isFullCredit":false},{"lineNumber":159,"author":{"gitId":"fookang"},"content":"                    break;","lastModifiedDate":"2025-09-04T20:59:31","isFullCredit":false},{"lineNumber":160,"author":{"gitId":"fookang"},"content":"","lastModifiedDate":"2025-09-04T20:59:31","isFullCredit":false},{"lineNumber":161,"author":{"gitId":"fookang"},"content":"                case \"event\":","lastModifiedDate":"2025-09-04T20:59:31","isFullCredit":false},{"lineNumber":162,"author":{"gitId":"fookang"},"content":"                    addEvent(rest);","lastModifiedDate":"2025-09-04T20:59:31","isFullCredit":false},{"lineNumber":163,"author":{"gitId":"fookang"},"content":"                    break;","lastModifiedDate":"2025-09-04T20:59:31","isFullCredit":false},{"lineNumber":164,"author":{"gitId":"fookang"},"content":"","lastModifiedDate":"2025-09-04T20:59:31","isFullCredit":false},{"lineNumber":165,"author":{"gitId":"fookang"},"content":"                default:","lastModifiedDate":"2025-09-04T20:59:31","isFullCredit":false},{"lineNumber":166,"author":{"gitId":"fookang"},"content":"                    throw new KiweeCommandException(command + \" is not a valid command\");","lastModifiedDate":"2025-09-12T14:49:23","isFullCredit":false},{"lineNumber":167,"author":{"gitId":"fookang"},"content":"                }","lastModifiedDate":"2025-09-12T14:49:23","isFullCredit":false},{"lineNumber":168,"author":{"gitId":"fookang"},"content":"            } catch (KiweeCommandException e) {","lastModifiedDate":"2025-09-12T14:49:23","isFullCredit":false},{"lineNumber":169,"author":{"gitId":"fookang"},"content":"                System.out.println(PARTITION);","lastModifiedDate":"2025-09-12T14:49:23","isFullCredit":false},{"lineNumber":170,"author":{"gitId":"fookang"},"content":"                System.out.println(\" \" + e.getMessage());","lastModifiedDate":"2025-09-12T14:49:23","isFullCredit":false},{"lineNumber":171,"author":{"gitId":"fookang"},"content":"                printError();","lastModifiedDate":"2025-09-04T20:59:31","isFullCredit":false},{"lineNumber":172,"author":{"gitId":"fookang"},"content":"                System.out.println(PARTITION);","lastModifiedDate":"2025-09-12T14:49:23","isFullCredit":false},{"lineNumber":173,"author":{"gitId":"fookang"},"content":"            } catch (KiweeException e) {","lastModifiedDate":"2025-09-12T14:49:23","isFullCredit":false},{"lineNumber":174,"author":{"gitId":"fookang"},"content":"                System.out.println(PARTITION);","lastModifiedDate":"2025-09-12T14:49:23","isFullCredit":false},{"lineNumber":175,"author":{"gitId":"fookang"},"content":"                System.out.println(\" \" + e.getMessage());","lastModifiedDate":"2025-09-12T14:49:23","isFullCredit":false},{"lineNumber":176,"author":{"gitId":"fookang"},"content":"                System.out.println(PARTITION);","lastModifiedDate":"2025-09-12T14:49:23","isFullCredit":false},{"lineNumber":177,"author":{"gitId":"fookang"},"content":"            }","lastModifiedDate":"2025-08-24T13:18:15","isFullCredit":false},{"lineNumber":178,"author":{"gitId":"fookang"},"content":"        }","lastModifiedDate":"2025-08-24T13:18:15","isFullCredit":false},{"lineNumber":179,"author":{"gitId":"fookang"},"content":"    }","lastModifiedDate":"2025-08-20T21:34:20","isFullCredit":false},{"lineNumber":180,"author":{"gitId":"fookang"},"content":"}","lastModifiedDate":"2025-08-20T21:34:20","isFullCredit":false},{"lineNumber":181,"author":{"gitId":"fookang"},"content":"","lastModifiedDate":"2025-09-04T20:59:31","isFullCredit":false}],"authorContributionMap":{"fookang":181}},{"path":"src/main/java/KiweeCommandException.java","fileType":"java","lines":[{"lineNumber":1,"author":{"gitId":"fookang"},"content":"public class KiweeCommandException extends KiweeException {","lastModifiedDate":"2025-09-12T14:49:23","isFullCredit":false},{"lineNumber":2,"author":{"gitId":"fookang"},"content":"    public KiweeCommandException(String message) {","lastModifiedDate":"2025-09-12T14:49:23","isFullCredit":false},{"lineNumber":3,"author":{"gitId":"fookang"},"content":"        super(message);","lastModifiedDate":"2025-09-12T14:49:23","isFullCredit":false},{"lineNumber":4,"author":{"gitId":"fookang"},"content":"    }","lastModifiedDate":"2025-09-12T14:49:23","isFullCredit":false},{"lineNumber":5,"author":{"gitId":"fookang"},"content":"}","lastModifiedDate":"2025-09-12T14:49:23","isFullCredit":false}],"authorContributionMap":{"fookang":5}},{"path":"src/main/java/KiweeException.java","fileType":"java","lines":[{"lineNumber":1,"author":{"gitId":"fookang"},"content":"public class KiweeException extends Exception{","lastModifiedDate":"2025-09-12T14:49:23","isFullCredit":false},{"lineNumber":2,"author":{"gitId":"fookang"},"content":"    public KiweeException(String message) {","lastModifiedDate":"2025-09-12T14:49:23","isFullCredit":false},{"lineNumber":3,"author":{"gitId":"fookang"},"content":"        super(message);","lastModifiedDate":"2025-09-12T14:49:23","isFullCredit":false},{"lineNumber":4,"author":{"gitId":"fookang"},"content":"    }","lastModifiedDate":"2025-09-12T14:49:23","isFullCredit":false},{"lineNumber":5,"author":{"gitId":"fookang"},"content":"}","lastModifiedDate":"2025-09-12T14:49:23","isFullCredit":false}],"authorContributionMap":{"fookang":5}},{"path":"src/main/java/Task.java","fileType":"java","lines":[{"lineNumber":1,"author":{"gitId":"fookang"},"content":"public class Task {","lastModifiedDate":"2025-08-25T22:01:25","isFullCredit":false},{"lineNumber":2,"author":{"gitId":"fookang"},"content":"    protected String description;","lastModifiedDate":"2025-08-25T22:01:25","isFullCredit":false},{"lineNumber":3,"author":{"gitId":"fookang"},"content":"    protected boolean isDone;","lastModifiedDate":"2025-08-25T22:01:25","isFullCredit":false},{"lineNumber":4,"author":{"gitId":"fookang"},"content":"","lastModifiedDate":"2025-08-25T22:01:25","isFullCredit":false},{"lineNumber":5,"author":{"gitId":"fookang"},"content":"    public Task(String description) {","lastModifiedDate":"2025-08-25T22:01:25","isFullCredit":false},{"lineNumber":6,"author":{"gitId":"fookang"},"content":"        this.description \u003d description;","lastModifiedDate":"2025-08-25T22:01:25","isFullCredit":false},{"lineNumber":7,"author":{"gitId":"fookang"},"content":"        this.isDone \u003d false;","lastModifiedDate":"2025-08-25T22:01:25","isFullCredit":false},{"lineNumber":8,"author":{"gitId":"fookang"},"content":"    }","lastModifiedDate":"2025-08-25T22:01:25","isFullCredit":false},{"lineNumber":9,"author":{"gitId":"fookang"},"content":"","lastModifiedDate":"2025-08-25T22:01:25","isFullCredit":false},{"lineNumber":10,"author":{"gitId":"fookang"},"content":"    public String getStatusIcon() {","lastModifiedDate":"2025-08-25T22:01:25","isFullCredit":false},{"lineNumber":11,"author":{"gitId":"fookang"},"content":"        return (isDone ? \"X\" : \" \");","lastModifiedDate":"2025-08-25T22:01:25","isFullCredit":false},{"lineNumber":12,"author":{"gitId":"fookang"},"content":"    }","lastModifiedDate":"2025-08-25T22:01:25","isFullCredit":false},{"lineNumber":13,"author":{"gitId":"fookang"},"content":"","lastModifiedDate":"2025-08-25T22:01:25","isFullCredit":false},{"lineNumber":14,"author":{"gitId":"fookang"},"content":"    public String getDescription() {","lastModifiedDate":"2025-08-25T22:01:25","isFullCredit":false},{"lineNumber":15,"author":{"gitId":"fookang"},"content":"        return this.description;","lastModifiedDate":"2025-08-25T22:01:25","isFullCredit":false},{"lineNumber":16,"author":{"gitId":"fookang"},"content":"    }","lastModifiedDate":"2025-08-25T22:01:25","isFullCredit":false},{"lineNumber":17,"author":{"gitId":"fookang"},"content":"","lastModifiedDate":"2025-08-25T22:01:25","isFullCredit":false},{"lineNumber":18,"author":{"gitId":"fookang"},"content":"    public void markAsDone() {","lastModifiedDate":"2025-08-25T22:01:25","isFullCredit":false},{"lineNumber":19,"author":{"gitId":"fookang"},"content":"        this.isDone \u003d true;","lastModifiedDate":"2025-08-25T22:01:25","isFullCredit":false},{"lineNumber":20,"author":{"gitId":"fookang"},"content":"    }","lastModifiedDate":"2025-08-25T22:01:25","isFullCredit":false},{"lineNumber":21,"author":{"gitId":"fookang"},"content":"","lastModifiedDate":"2025-08-27T16:28:59","isFullCredit":false},{"lineNumber":22,"author":{"gitId":"fookang"},"content":"    public void markAsUndone() {","lastModifiedDate":"2025-08-27T16:28:59","isFullCredit":false},{"lineNumber":23,"author":{"gitId":"fookang"},"content":"        this.isDone \u003d false;","lastModifiedDate":"2025-08-27T16:28:59","isFullCredit":false},{"lineNumber":24,"author":{"gitId":"fookang"},"content":"    }","lastModifiedDate":"2025-08-27T16:28:59","isFullCredit":false},{"lineNumber":25,"author":{"gitId":"fookang"},"content":"","lastModifiedDate":"2025-09-04T20:59:31","isFullCredit":false},{"lineNumber":26,"author":{"gitId":"fookang"},"content":"    @Override","lastModifiedDate":"2025-09-04T20:59:31","isFullCredit":false},{"lineNumber":27,"author":{"gitId":"fookang"},"content":"    public String toString() {","lastModifiedDate":"2025-09-04T20:59:31","isFullCredit":false},{"lineNumber":28,"author":{"gitId":"fookang"},"content":"        return \"[\" + getStatusIcon() + \"] \" + getDescription();","lastModifiedDate":"2025-09-04T20:59:31","isFullCredit":false},{"lineNumber":29,"author":{"gitId":"fookang"},"content":"    }","lastModifiedDate":"2025-09-04T20:59:31","isFullCredit":false},{"lineNumber":30,"author":{"gitId":"fookang"},"content":"}","lastModifiedDate":"2025-08-25T22:01:25","isFullCredit":false}],"authorContributionMap":{"fookang":30}},{"path":"src/main/java/Todo.java","fileType":"java","lines":[{"lineNumber":1,"author":{"gitId":"fookang"},"content":"public class Todo extends Task {","lastModifiedDate":"2025-09-04T20:59:31","isFullCredit":false},{"lineNumber":2,"author":{"gitId":"fookang"},"content":"    public Todo(String description) {","lastModifiedDate":"2025-09-04T20:59:31","isFullCredit":false},{"lineNumber":3,"author":{"gitId":"fookang"},"content":"        super(description);","lastModifiedDate":"2025-09-04T20:59:31","isFullCredit":false},{"lineNumber":4,"author":{"gitId":"fookang"},"content":"    }","lastModifiedDate":"2025-09-04T20:59:31","isFullCredit":false},{"lineNumber":5,"author":{"gitId":"fookang"},"content":"","lastModifiedDate":"2025-09-04T20:59:31","isFullCredit":false},{"lineNumber":6,"author":{"gitId":"fookang"},"content":"    @Override","lastModifiedDate":"2025-09-04T20:59:31","isFullCredit":false},{"lineNumber":7,"author":{"gitId":"fookang"},"content":"    public String toString() {","lastModifiedDate":"2025-09-04T20:59:31","isFullCredit":false},{"lineNumber":8,"author":{"gitId":"fookang"},"content":"        return \"[T]\" + super.toString();","lastModifiedDate":"2025-09-04T20:59:31","isFullCredit":false},{"lineNumber":9,"author":{"gitId":"fookang"},"content":"    }","lastModifiedDate":"2025-09-04T20:59:31","isFullCredit":false},{"lineNumber":10,"author":{"gitId":"fookang"},"content":"}","lastModifiedDate":"2025-09-04T20:59:31","isFullCredit":false}],"authorContributionMap":{"fookang":10}},{"path":"text-ui-test/runtest.bat","fileType":"bat","lines":[{"lineNumber":1,"author":{"gitId":"-"},"content":"@ECHO OFF","lastModifiedDate":"2020-05-25T00:03:55","isFullCredit":false},{"lineNumber":2,"author":{"gitId":"-"},"content":"","lastModifiedDate":"2020-05-25T00:03:55","isFullCredit":false},{"lineNumber":3,"author":{"gitId":"-"},"content":"REM create bin directory if it doesn\u0027t exist","lastModifiedDate":"2020-05-25T00:03:55","isFullCredit":false},{"lineNumber":4,"author":{"gitId":"-"},"content":"if not exist ..\\bin mkdir ..\\bin","lastModifiedDate":"2020-05-25T00:03:55","isFullCredit":false},{"lineNumber":5,"author":{"gitId":"-"},"content":"","lastModifiedDate":"2020-05-25T00:03:55","isFullCredit":false},{"lineNumber":6,"author":{"gitId":"-"},"content":"REM delete output from previous run","lastModifiedDate":"2020-05-25T00:03:55","isFullCredit":false},{"lineNumber":7,"author":{"gitId":"-"},"content":"if exist ACTUAL.TXT del ACTUAL.TXT","lastModifiedDate":"2020-08-25T17:23:26","isFullCredit":false},{"lineNumber":8,"author":{"gitId":"-"},"content":"","lastModifiedDate":"2020-05-25T00:03:55","isFullCredit":false},{"lineNumber":9,"author":{"gitId":"-"},"content":"REM compile the code into the bin folder","lastModifiedDate":"2020-05-25T00:03:55","isFullCredit":false},{"lineNumber":10,"author":{"gitId":"-"},"content":"javac  -cp ..\\src\\main\\java -Xlint:none -d ..\\bin ..\\src\\main\\java\\*.java","lastModifiedDate":"2020-08-25T17:23:26","isFullCredit":false},{"lineNumber":11,"author":{"gitId":"-"},"content":"IF ERRORLEVEL 1 (","lastModifiedDate":"2020-05-25T00:03:55","isFullCredit":false},{"lineNumber":12,"author":{"gitId":"-"},"content":"    echo ********** BUILD FAILURE **********","lastModifiedDate":"2020-05-25T00:03:55","isFullCredit":false},{"lineNumber":13,"author":{"gitId":"-"},"content":"    exit /b 1","lastModifiedDate":"2020-05-25T00:03:55","isFullCredit":false},{"lineNumber":14,"author":{"gitId":"-"},"content":")","lastModifiedDate":"2020-05-25T00:03:55","isFullCredit":false},{"lineNumber":15,"author":{"gitId":"-"},"content":"REM no error here, errorlevel \u003d\u003d 0","lastModifiedDate":"2020-05-25T00:03:55","isFullCredit":false},{"lineNumber":16,"author":{"gitId":"-"},"content":"","lastModifiedDate":"2020-05-25T00:03:55","isFullCredit":false},{"lineNumber":17,"author":{"gitId":"-"},"content":"REM run the program, feed commands from input.txt file and redirect the output to the ACTUAL.TXT","lastModifiedDate":"2020-05-25T00:03:55","isFullCredit":false},{"lineNumber":18,"author":{"gitId":"fookang"},"content":"java -classpath ..\\bin Kiwee \u003c input.txt \u003e ACTUAL.TXT","lastModifiedDate":"2025-08-20T21:34:20","isFullCredit":false},{"lineNumber":19,"author":{"gitId":"-"},"content":"","lastModifiedDate":"2020-05-25T00:03:55","isFullCredit":false},{"lineNumber":20,"author":{"gitId":"-"},"content":"REM compare the output to the expected output","lastModifiedDate":"2020-05-25T00:03:55","isFullCredit":false},{"lineNumber":21,"author":{"gitId":"-"},"content":"FC ACTUAL.TXT EXPECTED.TXT","lastModifiedDate":"2020-05-25T00:03:55","isFullCredit":false}],"authorContributionMap":{"fookang":1,"-":20}}]
