{"authorDailyContributionsMap":{"fookang":[{"date":"2025-08-20T00:00:00","commitResults":[{"hash":"ca1bd64bf92ee0bfdd0019cc7e53e1c065592097","isMergeCommit":false,"messageTitle":"Change name, greeting and exit message","messageBody":"","tags":["Level-0"],"fileTypesAndContributionMap":{"java":{"insertions":12,"deletions":10},"bat":{"insertions":1,"deletions":1},"md":{"insertions":1,"deletions":1}}}]},{"date":"2025-08-24T00:00:00","commitResults":[{"hash":"42954a5ebc6a70f77ca967cc520f380063792c70","isMergeCommit":false,"messageTitle":"Add echo and exit on \u0027bye\u0027 command","messageBody":"","tags":["Level-1"],"fileTypesAndContributionMap":{"java":{"insertions":30,"deletions":8}}},{"hash":"16350da3d5db04f3679da18f881aeb678ebd6da0","isMergeCommit":false,"messageTitle":"Add list command and store user input","messageBody":"","tags":["Level-2"],"fileTypesAndContributionMap":{"java":{"insertions":33,"deletions":14}}}]},{"date":"2025-08-25T00:00:00","commitResults":[{"hash":"d709a3e60636e1f4b70235ddb321843a904093e4","isMergeCommit":false,"messageTitle":"Add Task class with completion status","messageBody":"","fileTypesAndContributionMap":{"java":{"insertions":26,"deletions":4}}}]},{"date":"2025-08-27T00:00:00","commitResults":[{"hash":"0a4220d388c5cd936b98f67fafd7ffd90bcfa1bb","isMergeCommit":false,"messageTitle":"Add toggle task completion","messageBody":"","tags":["Level-3","A-CodingStandard"],"fileTypesAndContributionMap":{"java":{"insertions":70,"deletions":14}}}]},{"date":"2025-09-04T00:00:00","commitResults":[{"hash":"c641c61ae80f67c930071d1c46b70bd4699ef8ff","isMergeCommit":false,"messageTitle":"Add Todo, Event, Deadline subclasses","messageBody":"","tags":["Level-4","A-CodeQuality"],"fileTypesAndContributionMap":{"java":{"insertions":195,"deletions":69}}}]},{"date":"2025-09-12T00:00:00","commitResults":[{"hash":"b8e34bd651570a3c14c0cc0efabdaed36c1e0873","isMergeCommit":false,"messageTitle":"Add custom Exception classes and handle invalid commands","messageBody":"","fileTypesAndContributionMap":{"java":{"insertions":60,"deletions":58}}},{"hash":"2cf2cb0db1943ced623fb276d0347be7e3244b62","isMergeCommit":true,"messageTitle":"Merge branch \u0027branch-Level-5\u0027","messageBody":"","tags":["Level-5","A-Exceptions"],"fileTypesAndContributionMap":{}}]},{"date":"2025-09-14T00:00:00","commitResults":[{"hash":"29b965311457f9816a4a8eaf7e242bc9f27fbf01","isMergeCommit":false,"messageTitle":"Organise class into package","messageBody":"","tags":["A-Packages"],"fileTypesAndContributionMap":{"java":{"insertions":23,"deletions":2}}}]},{"date":"2025-09-15T00:00:00","commitResults":[{"hash":"9c6bcd33998fa139fab6d580d303d25c6ce31761","isMergeCommit":false,"messageTitle":"Replace array with ArrayList for task storage","messageBody":"","tags":["A-Collections"],"fileTypesAndContributionMap":{"java":{"insertions":21,"deletions":30}}}]},{"date":"2025-09-16T00:00:00","commitResults":[{"hash":"a3f4c51dcd117d58eb607cd1f2405d850c6bf4e4","isMergeCommit":false,"messageTitle":"Add delete task method","messageBody":"","tags":["Level-6"],"fileTypesAndContributionMap":{"java":{"insertions":55,"deletions":22}}}]},{"date":"2025-09-17T00:00:00","commitResults":[{"hash":"f36f1fadef017e405f1ea547405fa6a0731547c1","isMergeCommit":false,"messageTitle":"Add file saving and loading for tasks","messageBody":"","tags":["Level-7"],"fileTypesAndContributionMap":{"java":{"insertions":121,"deletions":1}}},{"hash":"77645befb62747d7a2b2104670236a9095ae93e5","isMergeCommit":true,"messageTitle":"Merge branch \u0027branch-Level-6\u0027","messageBody":"","fileTypesAndContributionMap":{}},{"hash":"65954316839c5957c77e70f03dc0469ac2cac783","isMergeCommit":true,"messageTitle":"Merge branch \u0027branch-Level-7\u0027","messageBody":"# Conflicts:\n#\tsrc/main/java/Kiwee/Kiwee.java\n","tags":["A-Jar"],"fileTypesAndContributionMap":{}}]},{"date":"2025-09-22T00:00:00","commitResults":[{"hash":"9cff026959a0d636136d2ed254729638f41f2fe4","isMergeCommit":false,"messageTitle":"Improve CLI output formatting","messageBody":"","fileTypesAndContributionMap":{"java":{"insertions":31,"deletions":19}}},{"hash":"f3f227077f09402b4279d0a45078d08f5f54d800","isMergeCommit":false,"messageTitle":"Extract DataManager and Parser into separate classes","messageBody":"","fileTypesAndContributionMap":{"java":{"insertions":117,"deletions":91}}}]},{"date":"2025-09-23T00:00:00","commitResults":[{"hash":"a570a84a95d6ae1e9cc44812708231190963f50d","isMergeCommit":false,"messageTitle":"Extract command classes and add tasklist, storage, ui, parser utils","messageBody":"","tags":["A-MoreOOP"],"fileTypesAndContributionMap":{"java":{"insertions":465,"deletions":214}}},{"hash":"3f5dc1156f2f7cff1fa8cd2dc45601b019d820ba","isMergeCommit":false,"messageTitle":"Make SPACE method public","messageBody":"","fileTypesAndContributionMap":{"java":{"insertions":1,"deletions":1}}},{"hash":"3eb740b8c7b1accc073effaf6ddd82656c436f6f","isMergeCommit":false,"messageTitle":"Add date/time parser and custom exceptions","messageBody":"","tags":["Level-8"],"fileTypesAndContributionMap":{"java":{"insertions":151,"deletions":22}}},{"hash":"405ae624a69e6d7ba606aa4a55cdbb2ddb03088b","isMergeCommit":false,"messageTitle":"Minor change in method name","messageBody":"","fileTypesAndContributionMap":{"java":{"insertions":7,"deletions":10}}},{"hash":"91720216e12111c27e664893d35f053f2e9f4ae3","isMergeCommit":false,"messageTitle":"Remove static from tasks field to avoid shared state","messageBody":"","fileTypesAndContributionMap":{"java":{"insertions":1,"deletions":1}}},{"hash":"276b4d8f8a29ac9ee19f3d01c143959842eac791","isMergeCommit":false,"messageTitle":"Add find command to search tasks by keyword","messageBody":"","tags":["Level-9"],"fileTypesAndContributionMap":{"java":{"insertions":49,"deletions":1}}},{"hash":"2538bb457ff6f2cfa8b20909d34868f5d3b0245e","isMergeCommit":true,"messageTitle":"Merge pull request #1 from fookang/branch-Level-8","messageBody":"Branch level 8","fileTypesAndContributionMap":{}},{"hash":"8efc15fea9e56f407f8afa2c1a4c7c20071f66bf","isMergeCommit":true,"messageTitle":"Merge branch \u0027master\u0027 into branch-Level-9","messageBody":"","fileTypesAndContributionMap":{}},{"hash":"7984ede82bfdb98e0d59b55977e757427c0469db","isMergeCommit":true,"messageTitle":"Merge pull request #2 from fookang/branch-Level-9","messageBody":"Branch level 9","fileTypesAndContributionMap":{}},{"hash":"fd8e0996099ccd7e702980ed74a93ca97eac564b","isMergeCommit":false,"messageTitle":"Revert \"Merge pull request #2 from fookang/branch-Level-9\"","messageBody":"This reverts commit 7984ede82bfdb98e0d59b55977e757427c0469db, reversing\nchanges made to 2538bb457ff6f2cfa8b20909d34868f5d3b0245e.\n","fileTypesAndContributionMap":{"java":{"insertions":12,"deletions":57}}},{"hash":"4f6cc7ac30429d51182f827c4fa3602f3100c91c","isMergeCommit":true,"messageTitle":"Merge pull request #3 from fookang/branch-Level-9","messageBody":"Merge branch \u0027master\u0027 into branch-Level-9","fileTypesAndContributionMap":{}},{"hash":"5f4afacf048446d7ffa7c55f9f3764e2ed78427f","isMergeCommit":false,"messageTitle":"Add custom exceptions and Kiwee personality","messageBody":"","fileTypesAndContributionMap":{"java":{"insertions":104,"deletions":51}}}]},{"date":"2025-09-26T00:00:00","commitResults":[{"hash":"ae5fa51b7103da0ec501e43b8ba0c3c237d0d1c6","isMergeCommit":false,"messageTitle":"Fix exception throwing","messageBody":"","fileTypesAndContributionMap":{"java":{"insertions":3,"deletions":3}}}]},{"date":"2025-09-27T00:00:00","commitResults":[{"hash":"fef9abaa68fecf3dfe32c82c6e2ef533b7cd5a4c","isMergeCommit":false,"messageTitle":"Add Javadoc for all classes and methods","messageBody":"","tags":["A-JavaDoc"],"fileTypesAndContributionMap":{"java":{"insertions":597,"deletions":9}}},{"hash":"deec6aa33d37edf9a1588012f867b3e3abc68a28","isMergeCommit":true,"messageTitle":"Merge pull request #4 from fookang/branch-A-JavaDoc","messageBody":"Add Javadoc for all classes and methods","fileTypesAndContributionMap":{}}]}]},"authorFileTypeContributionMap":{"fookang":{"java":1519,"md":1,"fxml":0,"sh":0,"bat":1,"gradle":0,"txt":0}},"authorContributionVariance":{"fookang":33493.582},"authorDisplayNameMap":{"fookang":"CS2113-W14-2 FOO ..KANG"}}
