{"authorDailyContributionsMap":{"fookang":[{"date":"2025-08-20T00:00:00","commitResults":[{"hash":"ca1bd64bf92ee0bfdd0019cc7e53e1c065592097","isMergeCommit":false,"messageTitle":"Change name, greeting and exit message","messageBody":"","tags":["Level-0"],"fileTypesAndContributionMap":{"java":{"insertions":12,"deletions":10},"bat":{"insertions":1,"deletions":1},"md":{"insertions":1,"deletions":1}}}]},{"date":"2025-08-24T00:00:00","commitResults":[{"hash":"42954a5ebc6a70f77ca967cc520f380063792c70","isMergeCommit":false,"messageTitle":"Add echo and exit on \u0027bye\u0027 command","messageBody":"","tags":["Level-1"],"fileTypesAndContributionMap":{"java":{"insertions":30,"deletions":8}}},{"hash":"16350da3d5db04f3679da18f881aeb678ebd6da0","isMergeCommit":false,"messageTitle":"Add list command and store user input","messageBody":"","tags":["Level-2"],"fileTypesAndContributionMap":{"java":{"insertions":33,"deletions":14}}}]},{"date":"2025-08-25T00:00:00","commitResults":[{"hash":"d709a3e60636e1f4b70235ddb321843a904093e4","isMergeCommit":false,"messageTitle":"Add Task class with completion status","messageBody":"","fileTypesAndContributionMap":{"java":{"insertions":26,"deletions":4}}}]},{"date":"2025-08-27T00:00:00","commitResults":[{"hash":"0a4220d388c5cd936b98f67fafd7ffd90bcfa1bb","isMergeCommit":false,"messageTitle":"Add toggle task completion","messageBody":"","tags":["Level-3","A-CodingStandard"],"fileTypesAndContributionMap":{"java":{"insertions":70,"deletions":14}}}]},{"date":"2025-09-04T00:00:00","commitResults":[{"hash":"c641c61ae80f67c930071d1c46b70bd4699ef8ff","isMergeCommit":false,"messageTitle":"Add Todo, Event, Deadline subclasses","messageBody":"","tags":["Level-4","A-CodeQuality"],"fileTypesAndContributionMap":{"java":{"insertions":195,"deletions":69}}}]},{"date":"2025-09-12T00:00:00","commitResults":[{"hash":"b8e34bd651570a3c14c0cc0efabdaed36c1e0873","isMergeCommit":false,"messageTitle":"Add custom Exception classes and handle invalid commands","messageBody":"","fileTypesAndContributionMap":{"java":{"insertions":60,"deletions":58}}},{"hash":"2cf2cb0db1943ced623fb276d0347be7e3244b62","isMergeCommit":true,"messageTitle":"Merge branch \u0027branch-Level-5\u0027","messageBody":"","tags":["Level-5"],"fileTypesAndContributionMap":{}}]}]},"authorFileTypeContributionMap":{"fookang":{"java":259,"md":1,"fxml":0,"sh":0,"bat":1,"gradle":0,"txt":0}},"authorContributionVariance":{"fookang":2478.9526},"authorDisplayNameMap":{"fookang":"CS2113-W14-2 FOO ..KANG"}}
