[{"path":"src/main/java/Deadline.java","fileType":"java","lines":[{"lineNumber":1,"author":{"gitId":"chongyaoo"},"content":"public class Deadline extends Task {","lastModifiedDate":"2025-09-03T12:32:02","isFullCredit":false},{"lineNumber":2,"author":{"gitId":"chongyaoo"},"content":"    private String date;","lastModifiedDate":"2025-09-03T12:32:02","isFullCredit":false},{"lineNumber":3,"author":{"gitId":"chongyaoo"},"content":"","lastModifiedDate":"2025-09-03T12:32:02","isFullCredit":false},{"lineNumber":4,"author":{"gitId":"chongyaoo"},"content":"    public Deadline(String data, String date) {","lastModifiedDate":"2025-09-05T13:58:44","isFullCredit":false},{"lineNumber":5,"author":{"gitId":"chongyaoo"},"content":"        super(data);","lastModifiedDate":"2025-09-03T12:32:02","isFullCredit":false},{"lineNumber":6,"author":{"gitId":"chongyaoo"},"content":"        this.date \u003d date;","lastModifiedDate":"2025-09-05T13:58:44","isFullCredit":false},{"lineNumber":7,"author":{"gitId":"chongyaoo"},"content":"        this.isMarked \u003d false;","lastModifiedDate":"2025-09-03T12:32:02","isFullCredit":false},{"lineNumber":8,"author":{"gitId":"chongyaoo"},"content":"    }","lastModifiedDate":"2025-09-03T12:32:02","isFullCredit":false},{"lineNumber":9,"author":{"gitId":"chongyaoo"},"content":"","lastModifiedDate":"2025-09-03T12:32:02","isFullCredit":false},{"lineNumber":10,"author":{"gitId":"chongyaoo"},"content":"    @Override","lastModifiedDate":"2025-09-03T12:32:02","isFullCredit":false},{"lineNumber":11,"author":{"gitId":"chongyaoo"},"content":"    public String toType() {","lastModifiedDate":"2025-09-03T12:32:02","isFullCredit":false},{"lineNumber":12,"author":{"gitId":"chongyaoo"},"content":"        return \"[D]\";","lastModifiedDate":"2025-09-03T12:32:02","isFullCredit":false},{"lineNumber":13,"author":{"gitId":"chongyaoo"},"content":"    }","lastModifiedDate":"2025-09-03T12:32:02","isFullCredit":false},{"lineNumber":14,"author":{"gitId":"chongyaoo"},"content":"}","lastModifiedDate":"2025-09-03T12:32:02","isFullCredit":false}],"authorContributionMap":{"chongyaoo":14}},{"path":"src/main/java/Event.java","fileType":"java","lines":[{"lineNumber":1,"author":{"gitId":"chongyaoo"},"content":"public class Event extends Task {","lastModifiedDate":"2025-09-03T12:32:02","isFullCredit":false},{"lineNumber":2,"author":{"gitId":"chongyaoo"},"content":"    private String date;","lastModifiedDate":"2025-09-05T13:58:44","isFullCredit":false},{"lineNumber":3,"author":{"gitId":"chongyaoo"},"content":"","lastModifiedDate":"2025-09-03T12:32:02","isFullCredit":false},{"lineNumber":4,"author":{"gitId":"chongyaoo"},"content":"    public Event (String data, String date) {","lastModifiedDate":"2025-09-05T13:58:44","isFullCredit":false},{"lineNumber":5,"author":{"gitId":"chongyaoo"},"content":"        super(data);","lastModifiedDate":"2025-09-03T12:32:02","isFullCredit":false},{"lineNumber":6,"author":{"gitId":"chongyaoo"},"content":"        this.date \u003d date;","lastModifiedDate":"2025-09-05T13:58:44","isFullCredit":false},{"lineNumber":7,"author":{"gitId":"chongyaoo"},"content":"        this.isMarked \u003d false;","lastModifiedDate":"2025-09-03T12:32:02","isFullCredit":false},{"lineNumber":8,"author":{"gitId":"chongyaoo"},"content":"    }","lastModifiedDate":"2025-09-03T12:32:02","isFullCredit":false},{"lineNumber":9,"author":{"gitId":"chongyaoo"},"content":"","lastModifiedDate":"2025-09-03T12:32:02","isFullCredit":false},{"lineNumber":10,"author":{"gitId":"chongyaoo"},"content":"    @Override","lastModifiedDate":"2025-09-03T12:32:02","isFullCredit":false},{"lineNumber":11,"author":{"gitId":"chongyaoo"},"content":"    public String toType() {","lastModifiedDate":"2025-09-03T12:32:02","isFullCredit":false},{"lineNumber":12,"author":{"gitId":"chongyaoo"},"content":"        return \"[E]\";","lastModifiedDate":"2025-09-03T12:32:02","isFullCredit":false},{"lineNumber":13,"author":{"gitId":"chongyaoo"},"content":"    }","lastModifiedDate":"2025-09-03T12:32:02","isFullCredit":false},{"lineNumber":14,"author":{"gitId":"chongyaoo"},"content":"}","lastModifiedDate":"2025-09-03T12:32:02","isFullCredit":false}],"authorContributionMap":{"chongyaoo":14}},{"path":"src/main/java/Grizzly.java","fileType":"java","lines":[{"lineNumber":1,"author":{"gitId":"chongyaoo"},"content":"import java.util.*;","lastModifiedDate":"2025-09-03T12:32:02","isFullCredit":false},{"lineNumber":2,"author":{"gitId":"chongyaoo"},"content":"","lastModifiedDate":"2025-08-29T15:59:34","isFullCredit":false},{"lineNumber":3,"author":{"gitId":"chongyaoo"},"content":"public class Grizzly {","lastModifiedDate":"2025-08-24T23:53:09","isFullCredit":false},{"lineNumber":4,"author":{"gitId":"chongyaoo"},"content":"    public static void main(String[] args) {","lastModifiedDate":"2025-08-24T23:53:09","isFullCredit":false},{"lineNumber":5,"author":{"gitId":"chongyaoo"},"content":"        String logo \u003d \"\"\"","lastModifiedDate":"2025-08-24T23:53:09","isFullCredit":false},{"lineNumber":6,"author":{"gitId":"chongyaoo"},"content":"                Hi, I\u0027m your friendly assistant, Grizzly!","lastModifiedDate":"2025-08-24T23:53:09","isFullCredit":false},{"lineNumber":7,"author":{"gitId":"chongyaoo"},"content":"                What can I do for you today?","lastModifiedDate":"2025-08-24T23:53:09","isFullCredit":false},{"lineNumber":8,"author":{"gitId":"chongyaoo"},"content":"                ____________________________________________________________\"\"\";","lastModifiedDate":"2025-08-29T15:59:34","isFullCredit":false},{"lineNumber":9,"author":{"gitId":"chongyaoo"},"content":"        System.out.println(logo);","lastModifiedDate":"2025-08-29T15:59:34","isFullCredit":false},{"lineNumber":10,"author":{"gitId":"chongyaoo"},"content":"","lastModifiedDate":"2025-09-03T12:32:02","isFullCredit":false},{"lineNumber":11,"author":{"gitId":"chongyaoo"},"content":"        Scanner in \u003d new Scanner(System.in);","lastModifiedDate":"2025-09-03T12:32:02","isFullCredit":false},{"lineNumber":12,"author":{"gitId":"chongyaoo"},"content":"        String line;","lastModifiedDate":"2025-09-03T12:32:02","isFullCredit":false},{"lineNumber":13,"author":{"gitId":"chongyaoo"},"content":"        int index \u003d 1;","lastModifiedDate":"2025-09-03T12:32:02","isFullCredit":false},{"lineNumber":14,"author":{"gitId":"chongyaoo"},"content":"        Task[] storedItems \u003d new Task[100];","lastModifiedDate":"2025-09-03T12:32:02","isFullCredit":false},{"lineNumber":15,"author":{"gitId":"chongyaoo"},"content":"        line \u003d in.nextLine();","lastModifiedDate":"2025-08-29T15:59:34","isFullCredit":false},{"lineNumber":16,"author":{"gitId":"chongyaoo"},"content":"","lastModifiedDate":"2025-09-03T12:32:02","isFullCredit":false},{"lineNumber":17,"author":{"gitId":"chongyaoo"},"content":"","lastModifiedDate":"2025-09-03T12:32:02","isFullCredit":false},{"lineNumber":18,"author":{"gitId":"chongyaoo"},"content":"        while (true) {","lastModifiedDate":"2025-09-03T12:32:02","isFullCredit":false},{"lineNumber":19,"author":{"gitId":"chongyaoo"},"content":"            String[] parts \u003d line.split(\"\\\\s+\", 2);","lastModifiedDate":"2025-09-03T12:32:02","isFullCredit":false},{"lineNumber":20,"author":{"gitId":"chongyaoo"},"content":"            String action \u003d parts[0].toLowerCase();","lastModifiedDate":"2025-09-03T12:32:02","isFullCredit":false},{"lineNumber":21,"author":{"gitId":"chongyaoo"},"content":"            switch (action) {","lastModifiedDate":"2025-09-03T12:32:02","isFullCredit":false},{"lineNumber":22,"author":{"gitId":"chongyaoo"},"content":"                case \"bye\":","lastModifiedDate":"2025-09-03T12:32:02","isFullCredit":false},{"lineNumber":23,"author":{"gitId":"chongyaoo"},"content":"                    logo \u003d \"\"\"","lastModifiedDate":"2025-09-03T12:32:02","isFullCredit":false},{"lineNumber":24,"author":{"gitId":"chongyaoo"},"content":"                            Bye. Hope to see you again soon!","lastModifiedDate":"2025-09-03T12:32:02","isFullCredit":false},{"lineNumber":25,"author":{"gitId":"chongyaoo"},"content":"                            \"\"\";","lastModifiedDate":"2025-09-03T12:32:02","isFullCredit":false},{"lineNumber":26,"author":{"gitId":"chongyaoo"},"content":"                    System.out.println(logo);","lastModifiedDate":"2025-09-03T12:32:02","isFullCredit":false},{"lineNumber":27,"author":{"gitId":"chongyaoo"},"content":"                    return;","lastModifiedDate":"2025-09-03T12:32:02","isFullCredit":false},{"lineNumber":28,"author":{"gitId":"chongyaoo"},"content":"                case \"mark\":","lastModifiedDate":"2025-09-03T12:32:02","isFullCredit":false},{"lineNumber":29,"author":{"gitId":"chongyaoo"},"content":"                    int itemToMark;","lastModifiedDate":"2025-09-03T12:32:02","isFullCredit":false},{"lineNumber":30,"author":{"gitId":"chongyaoo"},"content":"                    try {","lastModifiedDate":"2025-09-03T12:32:02","isFullCredit":false},{"lineNumber":31,"author":{"gitId":"chongyaoo"},"content":"                        itemToMark \u003d Integer.parseInt(parts[1]);","lastModifiedDate":"2025-09-03T12:32:02","isFullCredit":false},{"lineNumber":32,"author":{"gitId":"chongyaoo"},"content":"                    } catch (NumberFormatException e) {","lastModifiedDate":"2025-09-03T12:32:02","isFullCredit":false},{"lineNumber":33,"author":{"gitId":"chongyaoo"},"content":"                        System.out.println(\"Not a valid integer.\");","lastModifiedDate":"2025-09-03T12:32:02","isFullCredit":false},{"lineNumber":34,"author":{"gitId":"chongyaoo"},"content":"                        break;","lastModifiedDate":"2025-09-03T12:32:02","isFullCredit":false},{"lineNumber":35,"author":{"gitId":"chongyaoo"},"content":"                    }","lastModifiedDate":"2025-09-03T12:32:02","isFullCredit":false},{"lineNumber":36,"author":{"gitId":"chongyaoo"},"content":"                    if (itemToMark \u003c index \u0026\u0026 itemToMark \u003e\u003d 1) {","lastModifiedDate":"2025-09-03T12:32:02","isFullCredit":false},{"lineNumber":37,"author":{"gitId":"chongyaoo"},"content":"                        storedItems[itemToMark - 1].setMarked(true);","lastModifiedDate":"2025-09-03T12:32:02","isFullCredit":false},{"lineNumber":38,"author":{"gitId":"chongyaoo"},"content":"                        System.out.println(\"Nice! I\u0027ve marked this task as done:\");","lastModifiedDate":"2025-09-03T12:32:02","isFullCredit":false},{"lineNumber":39,"author":{"gitId":"chongyaoo"},"content":"                        System.out.println(itemToMark + \".\" + storedItems[itemToMark - 1].toType() + storedItems[itemToMark - 1].markedBox() + storedItems[itemToMark - 1].getString());","lastModifiedDate":"2025-09-05T13:58:44","isFullCredit":false},{"lineNumber":40,"author":{"gitId":"chongyaoo"},"content":"                    } else {","lastModifiedDate":"2025-09-02T16:47:28","isFullCredit":false},{"lineNumber":41,"author":{"gitId":"chongyaoo"},"content":"                        System.out.println(\"Task \" + itemToMark + \" has not been created!\");","lastModifiedDate":"2025-09-03T12:32:02","isFullCredit":false},{"lineNumber":42,"author":{"gitId":"chongyaoo"},"content":"                    }","lastModifiedDate":"2025-09-02T16:47:28","isFullCredit":false},{"lineNumber":43,"author":{"gitId":"chongyaoo"},"content":"                    break;","lastModifiedDate":"2025-09-03T12:32:02","isFullCredit":false},{"lineNumber":44,"author":{"gitId":"chongyaoo"},"content":"                case \"unmark\":","lastModifiedDate":"2025-09-03T12:32:02","isFullCredit":false},{"lineNumber":45,"author":{"gitId":"chongyaoo"},"content":"                    int itemToUnmark;","lastModifiedDate":"2025-09-03T12:32:02","isFullCredit":false},{"lineNumber":46,"author":{"gitId":"chongyaoo"},"content":"                    try {","lastModifiedDate":"2025-09-03T12:32:02","isFullCredit":false},{"lineNumber":47,"author":{"gitId":"chongyaoo"},"content":"                        itemToUnmark \u003d Integer.parseInt(parts[1]);","lastModifiedDate":"2025-09-03T12:32:02","isFullCredit":false},{"lineNumber":48,"author":{"gitId":"chongyaoo"},"content":"                    } catch (NumberFormatException e) {","lastModifiedDate":"2025-09-03T12:32:02","isFullCredit":false},{"lineNumber":49,"author":{"gitId":"chongyaoo"},"content":"                        System.out.println(\"Not a valid integer.\");","lastModifiedDate":"2025-09-03T12:32:02","isFullCredit":false},{"lineNumber":50,"author":{"gitId":"chongyaoo"},"content":"                        break;","lastModifiedDate":"2025-09-03T12:32:02","isFullCredit":false},{"lineNumber":51,"author":{"gitId":"chongyaoo"},"content":"                    }","lastModifiedDate":"2025-09-02T16:47:28","isFullCredit":false},{"lineNumber":52,"author":{"gitId":"chongyaoo"},"content":"                    if (itemToUnmark \u003c index \u0026\u0026 itemToUnmark \u003e\u003d 1) {","lastModifiedDate":"2025-09-03T12:32:02","isFullCredit":false},{"lineNumber":53,"author":{"gitId":"chongyaoo"},"content":"                        storedItems[itemToUnmark - 1].setMarked(false);","lastModifiedDate":"2025-09-03T12:32:02","isFullCredit":false},{"lineNumber":54,"author":{"gitId":"chongyaoo"},"content":"                        System.out.println(\"OK, I\u0027ve marked this task as not done yet:\");","lastModifiedDate":"2025-08-29T15:59:34","isFullCredit":false},{"lineNumber":55,"author":{"gitId":"chongyaoo"},"content":"                        System.out.println(itemToUnmark + \".\" + storedItems[itemToUnmark - 1].toType() + storedItems[itemToUnmark - 1].markedBox() + storedItems[itemToUnmark - 1].getString());","lastModifiedDate":"2025-09-05T13:58:44","isFullCredit":false},{"lineNumber":56,"author":{"gitId":"chongyaoo"},"content":"                    } else {","lastModifiedDate":"2025-09-03T12:32:02","isFullCredit":false},{"lineNumber":57,"author":{"gitId":"chongyaoo"},"content":"                        System.out.println(\"Task \" + itemToUnmark + \" has not been created!\");","lastModifiedDate":"2025-09-02T16:47:28","isFullCredit":false},{"lineNumber":58,"author":{"gitId":"chongyaoo"},"content":"                    }","lastModifiedDate":"2025-09-02T16:47:28","isFullCredit":false},{"lineNumber":59,"author":{"gitId":"chongyaoo"},"content":"                    break;","lastModifiedDate":"2025-09-03T12:32:02","isFullCredit":false},{"lineNumber":60,"author":{"gitId":"chongyaoo"},"content":"                case \"list\":","lastModifiedDate":"2025-09-03T12:32:02","isFullCredit":false},{"lineNumber":61,"author":{"gitId":"chongyaoo"},"content":"                    System.out.println(\"Here are the tasks in your list:\");","lastModifiedDate":"2025-09-03T12:32:02","isFullCredit":false},{"lineNumber":62,"author":{"gitId":"chongyaoo"},"content":"                    for (int i \u003d 1; i \u003c index; i++) {","lastModifiedDate":"2025-09-03T12:32:02","isFullCredit":false},{"lineNumber":63,"author":{"gitId":"chongyaoo"},"content":"                        System.out.println(i + \".\" + storedItems[i - 1].toType() + storedItems[i - 1].markedBox() + storedItems[i - 1].getString());","lastModifiedDate":"2025-09-05T13:58:44","isFullCredit":false},{"lineNumber":64,"author":{"gitId":"chongyaoo"},"content":"                    }","lastModifiedDate":"2025-08-29T15:59:34","isFullCredit":false},{"lineNumber":65,"author":{"gitId":"chongyaoo"},"content":"                    break;","lastModifiedDate":"2025-09-03T12:32:02","isFullCredit":false},{"lineNumber":66,"author":{"gitId":"chongyaoo"},"content":"                case \"todo\":","lastModifiedDate":"2025-09-03T12:32:02","isFullCredit":false},{"lineNumber":67,"author":{"gitId":"chongyaoo"},"content":"                    ToDo todoTask \u003d new ToDo(parts[1]);","lastModifiedDate":"2025-09-03T12:32:02","isFullCredit":false},{"lineNumber":68,"author":{"gitId":"chongyaoo"},"content":"                    storedItems[index - 1] \u003d todoTask;","lastModifiedDate":"2025-09-03T12:32:02","isFullCredit":false},{"lineNumber":69,"author":{"gitId":"chongyaoo"},"content":"                    System.out.println(\"Got it. I\u0027ve added this task:\");","lastModifiedDate":"2025-09-03T12:32:02","isFullCredit":false},{"lineNumber":70,"author":{"gitId":"chongyaoo"},"content":"                    System.out.println(todoTask.toType() + todoTask.markedBox() + todoTask.toString());","lastModifiedDate":"2025-09-05T13:58:44","isFullCredit":false},{"lineNumber":71,"author":{"gitId":"chongyaoo"},"content":"                    System.out.println(\"Now you have \" + index + \" tasks in the list\");","lastModifiedDate":"2025-09-03T12:32:02","isFullCredit":false},{"lineNumber":72,"author":{"gitId":"chongyaoo"},"content":"                    index++;","lastModifiedDate":"2025-09-02T16:47:28","isFullCredit":false},{"lineNumber":73,"author":{"gitId":"chongyaoo"},"content":"                    break;","lastModifiedDate":"2025-09-03T12:32:02","isFullCredit":false},{"lineNumber":74,"author":{"gitId":"chongyaoo"},"content":"                case \"deadline\":","lastModifiedDate":"2025-09-03T12:32:02","isFullCredit":false},{"lineNumber":75,"author":{"gitId":"chongyaoo"},"content":"                    String[] words \u003d parts[1].split(\"\\\\s+\");","lastModifiedDate":"2025-09-05T13:58:44","isFullCredit":false},{"lineNumber":76,"author":{"gitId":"chongyaoo"},"content":"                    int byIndex \u003d -1;","lastModifiedDate":"2025-09-05T13:58:44","isFullCredit":false},{"lineNumber":77,"author":{"gitId":"chongyaoo"},"content":"                    int i \u003d 0;","lastModifiedDate":"2025-09-05T13:58:44","isFullCredit":false},{"lineNumber":78,"author":{"gitId":"chongyaoo"},"content":"                    while (byIndex \u003d\u003d -1 \u0026\u0026 i \u003c words.length) {","lastModifiedDate":"2025-09-05T13:58:44","isFullCredit":false},{"lineNumber":79,"author":{"gitId":"chongyaoo"},"content":"                        if (words[i].equalsIgnoreCase(\"/by\")) {","lastModifiedDate":"2025-09-05T13:58:44","isFullCredit":false},{"lineNumber":80,"author":{"gitId":"chongyaoo"},"content":"                            byIndex \u003d i;","lastModifiedDate":"2025-09-05T13:58:44","isFullCredit":false},{"lineNumber":81,"author":{"gitId":"chongyaoo"},"content":"                            i++;","lastModifiedDate":"2025-09-05T13:58:44","isFullCredit":false},{"lineNumber":82,"author":{"gitId":"chongyaoo"},"content":"                        }","lastModifiedDate":"2025-09-05T13:58:44","isFullCredit":false},{"lineNumber":83,"author":{"gitId":"chongyaoo"},"content":"                    }","lastModifiedDate":"2025-09-05T13:58:44","isFullCredit":false},{"lineNumber":84,"author":{"gitId":"chongyaoo"},"content":"","lastModifiedDate":"2025-09-05T13:58:44","isFullCredit":false},{"lineNumber":85,"author":{"gitId":"chongyaoo"},"content":"                    if (byIndex !\u003d -1) {","lastModifiedDate":"2025-09-05T13:58:44","isFullCredit":false},{"lineNumber":86,"author":{"gitId":"chongyaoo"},"content":"                        StringBuilder eventBuilder \u003d new StringBuilder();","lastModifiedDate":"2025-09-05T13:58:44","isFullCredit":false},{"lineNumber":87,"author":{"gitId":"chongyaoo"},"content":"                        for (int j \u003d 0; j \u003c byIndex; j++) {","lastModifiedDate":"2025-09-05T13:58:44","isFullCredit":false},{"lineNumber":88,"author":{"gitId":"chongyaoo"},"content":"                            eventBuilder.append(words[j]);","lastModifiedDate":"2025-09-05T13:58:44","isFullCredit":false},{"lineNumber":89,"author":{"gitId":"chongyaoo"},"content":"                            eventBuilder.append(\" \"); // add space between words","lastModifiedDate":"2025-09-05T13:58:44","isFullCredit":false},{"lineNumber":90,"author":{"gitId":"chongyaoo"},"content":"                        }","lastModifiedDate":"2025-09-05T13:58:44","isFullCredit":false},{"lineNumber":91,"author":{"gitId":"chongyaoo"},"content":"                        StringBuilder dateBuilder \u003d new StringBuilder();","lastModifiedDate":"2025-09-05T13:58:44","isFullCredit":false},{"lineNumber":92,"author":{"gitId":"chongyaoo"},"content":"                        for (int k \u003d byIndex + 1; k \u003c words.length; k++) {","lastModifiedDate":"2025-09-05T13:58:44","isFullCredit":false},{"lineNumber":93,"author":{"gitId":"chongyaoo"},"content":"                            dateBuilder.append(words[k]);","lastModifiedDate":"2025-09-05T13:58:44","isFullCredit":false},{"lineNumber":94,"author":{"gitId":"chongyaoo"},"content":"                            dateBuilder.append(\" \");","lastModifiedDate":"2025-09-05T13:58:44","isFullCredit":false},{"lineNumber":95,"author":{"gitId":"chongyaoo"},"content":"                        }","lastModifiedDate":"2025-09-05T13:58:44","isFullCredit":false},{"lineNumber":96,"author":{"gitId":"chongyaoo"},"content":"                        String date \u003d dateBuilder.toString();","lastModifiedDate":"2025-09-05T13:58:44","isFullCredit":false},{"lineNumber":97,"author":{"gitId":"chongyaoo"},"content":"                        String event \u003d eventBuilder.toString();","lastModifiedDate":"2025-09-05T13:58:44","isFullCredit":false},{"lineNumber":98,"author":{"gitId":"chongyaoo"},"content":"                        Deadline deadlineTask \u003d new Deadline(event, date);","lastModifiedDate":"2025-09-05T13:58:44","isFullCredit":false},{"lineNumber":99,"author":{"gitId":"chongyaoo"},"content":"                        storedItems[index - 1] \u003d deadlineTask;","lastModifiedDate":"2025-09-03T12:32:02","isFullCredit":false},{"lineNumber":100,"author":{"gitId":"chongyaoo"},"content":"                        System.out.println(\"Got it. I\u0027ve added this task:\");","lastModifiedDate":"2025-09-03T12:32:02","isFullCredit":false},{"lineNumber":101,"author":{"gitId":"chongyaoo"},"content":"                        System.out.println(deadlineTask.toType() + deadlineTask.markedBox() + parts[1]);","lastModifiedDate":"2025-09-05T13:58:44","isFullCredit":false},{"lineNumber":102,"author":{"gitId":"chongyaoo"},"content":"                        System.out.println(\"Now you have \" + index + \" tasks in the list\");","lastModifiedDate":"2025-09-03T12:32:02","isFullCredit":false},{"lineNumber":103,"author":{"gitId":"chongyaoo"},"content":"                        index++;","lastModifiedDate":"2025-09-03T12:32:02","isFullCredit":false},{"lineNumber":104,"author":{"gitId":"chongyaoo"},"content":"                        break;","lastModifiedDate":"2025-09-03T12:32:02","isFullCredit":false},{"lineNumber":105,"author":{"gitId":"chongyaoo"},"content":"                    } else {","lastModifiedDate":"2025-09-05T13:58:44","isFullCredit":false},{"lineNumber":106,"author":{"gitId":"chongyaoo"},"content":"                        System.out.println(\"Please input date\");","lastModifiedDate":"2025-09-05T13:58:44","isFullCredit":false},{"lineNumber":107,"author":{"gitId":"chongyaoo"},"content":"                        break;","lastModifiedDate":"2025-09-05T13:58:44","isFullCredit":false},{"lineNumber":108,"author":{"gitId":"chongyaoo"},"content":"                    }","lastModifiedDate":"2025-09-05T13:58:44","isFullCredit":false},{"lineNumber":109,"author":{"gitId":"chongyaoo"},"content":"                case \"event\":","lastModifiedDate":"2025-09-03T12:32:02","isFullCredit":false},{"lineNumber":110,"author":{"gitId":"chongyaoo"},"content":"                    String[] words1 \u003d parts[1].split(\"\\\\s+\");","lastModifiedDate":"2025-09-05T13:58:44","isFullCredit":false},{"lineNumber":111,"author":{"gitId":"chongyaoo"},"content":"                    int fromIndex \u003d -1;","lastModifiedDate":"2025-09-05T13:58:44","isFullCredit":false},{"lineNumber":112,"author":{"gitId":"chongyaoo"},"content":"                    int j \u003d 0;","lastModifiedDate":"2025-09-05T13:58:44","isFullCredit":false},{"lineNumber":113,"author":{"gitId":"chongyaoo"},"content":"                    while ((fromIndex \u003d\u003d -1) \u0026\u0026 j \u003c words1.length) {","lastModifiedDate":"2025-09-05T13:58:44","isFullCredit":false},{"lineNumber":114,"author":{"gitId":"chongyaoo"},"content":"                        if (words1[j].equalsIgnoreCase(\"/from\")) {","lastModifiedDate":"2025-09-05T13:58:44","isFullCredit":false},{"lineNumber":115,"author":{"gitId":"chongyaoo"},"content":"                            fromIndex \u003d j;","lastModifiedDate":"2025-09-05T13:58:44","isFullCredit":false},{"lineNumber":116,"author":{"gitId":"chongyaoo"},"content":"                        } //finding fromIndex","lastModifiedDate":"2025-09-05T13:58:44","isFullCredit":false},{"lineNumber":117,"author":{"gitId":"chongyaoo"},"content":"                        j++;","lastModifiedDate":"2025-09-05T13:58:44","isFullCredit":false},{"lineNumber":118,"author":{"gitId":"chongyaoo"},"content":"                    }","lastModifiedDate":"2025-09-05T13:58:44","isFullCredit":false},{"lineNumber":119,"author":{"gitId":"chongyaoo"},"content":"                    if (fromIndex !\u003d -1) {","lastModifiedDate":"2025-09-05T13:58:44","isFullCredit":false},{"lineNumber":120,"author":{"gitId":"chongyaoo"},"content":"                        StringBuilder eventBuilder \u003d new StringBuilder();","lastModifiedDate":"2025-09-05T13:58:44","isFullCredit":false},{"lineNumber":121,"author":{"gitId":"chongyaoo"},"content":"                        for (int a \u003d 0; a \u003c fromIndex; a++) {","lastModifiedDate":"2025-09-05T13:58:44","isFullCredit":false},{"lineNumber":122,"author":{"gitId":"chongyaoo"},"content":"                            eventBuilder.append(words1[j]);","lastModifiedDate":"2025-09-05T13:58:44","isFullCredit":false},{"lineNumber":123,"author":{"gitId":"chongyaoo"},"content":"                            eventBuilder.append(\" \"); // add space between words","lastModifiedDate":"2025-09-05T13:58:44","isFullCredit":false},{"lineNumber":124,"author":{"gitId":"chongyaoo"},"content":"                        }","lastModifiedDate":"2025-09-05T13:58:44","isFullCredit":false},{"lineNumber":125,"author":{"gitId":"chongyaoo"},"content":"                        StringBuilder fromBuilder \u003d new StringBuilder();","lastModifiedDate":"2025-09-05T13:58:44","isFullCredit":false},{"lineNumber":126,"author":{"gitId":"chongyaoo"},"content":"                        for (int k \u003d fromIndex + 1; k \u003c words1.length; k++) {","lastModifiedDate":"2025-09-05T13:58:44","isFullCredit":false},{"lineNumber":127,"author":{"gitId":"chongyaoo"},"content":"                            fromBuilder.append(words1[k]);","lastModifiedDate":"2025-09-05T13:58:44","isFullCredit":false},{"lineNumber":128,"author":{"gitId":"chongyaoo"},"content":"                            fromBuilder.append(\" \");","lastModifiedDate":"2025-09-05T13:58:44","isFullCredit":false},{"lineNumber":129,"author":{"gitId":"chongyaoo"},"content":"                        }","lastModifiedDate":"2025-09-05T13:58:44","isFullCredit":false},{"lineNumber":130,"author":{"gitId":"chongyaoo"},"content":"                        String from \u003d fromBuilder.toString();","lastModifiedDate":"2025-09-05T13:58:44","isFullCredit":false},{"lineNumber":131,"author":{"gitId":"chongyaoo"},"content":"                        String event \u003d eventBuilder.toString();","lastModifiedDate":"2025-09-05T13:58:44","isFullCredit":false},{"lineNumber":132,"author":{"gitId":"chongyaoo"},"content":"                        Event eventTask \u003d new Event(event, from);","lastModifiedDate":"2025-09-05T13:58:44","isFullCredit":false},{"lineNumber":133,"author":{"gitId":"chongyaoo"},"content":"                        storedItems[index - 1] \u003d eventTask;","lastModifiedDate":"2025-09-03T12:32:02","isFullCredit":false},{"lineNumber":134,"author":{"gitId":"chongyaoo"},"content":"                        System.out.println(\"Got it. I\u0027ve added this task:\");","lastModifiedDate":"2025-09-03T12:32:02","isFullCredit":false},{"lineNumber":135,"author":{"gitId":"chongyaoo"},"content":"                        System.out.println(eventTask.toType() + eventTask.markedBox() + parts[1]);","lastModifiedDate":"2025-09-05T13:58:44","isFullCredit":false},{"lineNumber":136,"author":{"gitId":"chongyaoo"},"content":"                        System.out.println(\"Now you have \" + index + \" tasks in the list\");","lastModifiedDate":"2025-09-03T12:32:02","isFullCredit":false},{"lineNumber":137,"author":{"gitId":"chongyaoo"},"content":"                        index++;","lastModifiedDate":"2025-09-03T12:32:02","isFullCredit":false},{"lineNumber":138,"author":{"gitId":"chongyaoo"},"content":"                        break;","lastModifiedDate":"2025-09-03T12:32:02","isFullCredit":false},{"lineNumber":139,"author":{"gitId":"chongyaoo"},"content":"                    } else {","lastModifiedDate":"2025-09-05T13:58:44","isFullCredit":false},{"lineNumber":140,"author":{"gitId":"chongyaoo"},"content":"                        System.out.println(\"Please input date\");","lastModifiedDate":"2025-09-05T13:58:44","isFullCredit":false},{"lineNumber":141,"author":{"gitId":"chongyaoo"},"content":"                        break;","lastModifiedDate":"2025-09-05T13:58:44","isFullCredit":false},{"lineNumber":142,"author":{"gitId":"chongyaoo"},"content":"                    }","lastModifiedDate":"2025-09-05T13:58:44","isFullCredit":false},{"lineNumber":143,"author":{"gitId":"chongyaoo"},"content":"                default:","lastModifiedDate":"2025-09-03T12:32:02","isFullCredit":false},{"lineNumber":144,"author":{"gitId":"chongyaoo"},"content":"                    break;","lastModifiedDate":"2025-09-03T12:32:02","isFullCredit":false},{"lineNumber":145,"author":{"gitId":"chongyaoo"},"content":"            }","lastModifiedDate":"2025-08-29T15:59:34","isFullCredit":false},{"lineNumber":146,"author":{"gitId":"chongyaoo"},"content":"            line \u003d in.nextLine();","lastModifiedDate":"2025-09-03T12:32:02","isFullCredit":false},{"lineNumber":147,"author":{"gitId":"chongyaoo"},"content":"        }","lastModifiedDate":"2025-08-29T15:59:34","isFullCredit":false},{"lineNumber":148,"author":{"gitId":"chongyaoo"},"content":"    }","lastModifiedDate":"2025-08-24T23:53:09","isFullCredit":false},{"lineNumber":149,"author":{"gitId":"chongyaoo"},"content":"}","lastModifiedDate":"2025-08-24T23:53:09","isFullCredit":false},{"lineNumber":150,"author":{"gitId":"chongyaoo"},"content":"","lastModifiedDate":"2025-09-03T12:32:02","isFullCredit":false}],"authorContributionMap":{"chongyaoo":150}},{"path":"src/main/java/Task.java","fileType":"java","lines":[{"lineNumber":1,"author":{"gitId":"chongyaoo"},"content":"public class Task {","lastModifiedDate":"2025-09-03T12:32:02","isFullCredit":false},{"lineNumber":2,"author":{"gitId":"chongyaoo"},"content":"    protected String data;","lastModifiedDate":"2025-09-03T12:32:02","isFullCredit":false},{"lineNumber":3,"author":{"gitId":"chongyaoo"},"content":"    protected boolean isMarked;","lastModifiedDate":"2025-09-03T12:32:02","isFullCredit":false},{"lineNumber":4,"author":{"gitId":"chongyaoo"},"content":"","lastModifiedDate":"2025-09-03T12:32:02","isFullCredit":false},{"lineNumber":5,"author":{"gitId":"chongyaoo"},"content":"    public Task(String data) {","lastModifiedDate":"2025-09-03T12:32:02","isFullCredit":false},{"lineNumber":6,"author":{"gitId":"chongyaoo"},"content":"        this.data \u003d data;","lastModifiedDate":"2025-09-03T12:32:02","isFullCredit":false},{"lineNumber":7,"author":{"gitId":"chongyaoo"},"content":"        this.isMarked \u003d false;","lastModifiedDate":"2025-09-03T12:32:02","isFullCredit":false},{"lineNumber":8,"author":{"gitId":"chongyaoo"},"content":"    }","lastModifiedDate":"2025-09-03T12:32:02","isFullCredit":false},{"lineNumber":9,"author":{"gitId":"chongyaoo"},"content":"","lastModifiedDate":"2025-09-03T12:32:02","isFullCredit":false},{"lineNumber":10,"author":{"gitId":"chongyaoo"},"content":"    public Task() {","lastModifiedDate":"2025-09-03T12:32:02","isFullCredit":false},{"lineNumber":11,"author":{"gitId":"chongyaoo"},"content":"    }","lastModifiedDate":"2025-09-03T12:32:02","isFullCredit":false},{"lineNumber":12,"author":{"gitId":"chongyaoo"},"content":"","lastModifiedDate":"2025-09-03T12:32:02","isFullCredit":false},{"lineNumber":13,"author":{"gitId":"chongyaoo"},"content":"    public String getString() {","lastModifiedDate":"2025-09-03T12:32:02","isFullCredit":false},{"lineNumber":14,"author":{"gitId":"chongyaoo"},"content":"        return data;","lastModifiedDate":"2025-09-03T12:32:02","isFullCredit":false},{"lineNumber":15,"author":{"gitId":"chongyaoo"},"content":"    }","lastModifiedDate":"2025-09-03T12:32:02","isFullCredit":false},{"lineNumber":16,"author":{"gitId":"chongyaoo"},"content":"","lastModifiedDate":"2025-09-03T12:32:02","isFullCredit":false},{"lineNumber":17,"author":{"gitId":"chongyaoo"},"content":"    public boolean isMarked() {","lastModifiedDate":"2025-09-03T12:32:02","isFullCredit":false},{"lineNumber":18,"author":{"gitId":"chongyaoo"},"content":"        return isMarked;","lastModifiedDate":"2025-09-03T12:32:02","isFullCredit":false},{"lineNumber":19,"author":{"gitId":"chongyaoo"},"content":"    }","lastModifiedDate":"2025-09-03T12:32:02","isFullCredit":false},{"lineNumber":20,"author":{"gitId":"chongyaoo"},"content":"","lastModifiedDate":"2025-09-03T12:32:02","isFullCredit":false},{"lineNumber":21,"author":{"gitId":"chongyaoo"},"content":"    public void setMarked(boolean marked) {","lastModifiedDate":"2025-09-03T12:32:02","isFullCredit":false},{"lineNumber":22,"author":{"gitId":"chongyaoo"},"content":"        this.isMarked \u003d marked;","lastModifiedDate":"2025-09-03T12:32:02","isFullCredit":false},{"lineNumber":23,"author":{"gitId":"chongyaoo"},"content":"    }","lastModifiedDate":"2025-09-03T12:32:02","isFullCredit":false},{"lineNumber":24,"author":{"gitId":"chongyaoo"},"content":"","lastModifiedDate":"2025-09-03T12:32:02","isFullCredit":false},{"lineNumber":25,"author":{"gitId":"chongyaoo"},"content":"    public String markedBox() {","lastModifiedDate":"2025-09-05T13:58:44","isFullCredit":false},{"lineNumber":26,"author":{"gitId":"chongyaoo"},"content":"        if (isMarked) {","lastModifiedDate":"2025-09-03T12:32:02","isFullCredit":false},{"lineNumber":27,"author":{"gitId":"chongyaoo"},"content":"            return \"[X] \";","lastModifiedDate":"2025-09-03T12:32:02","isFullCredit":false},{"lineNumber":28,"author":{"gitId":"chongyaoo"},"content":"        } else {","lastModifiedDate":"2025-09-03T12:32:02","isFullCredit":false},{"lineNumber":29,"author":{"gitId":"chongyaoo"},"content":"            return \"[ ] \";","lastModifiedDate":"2025-09-03T12:32:02","isFullCredit":false},{"lineNumber":30,"author":{"gitId":"chongyaoo"},"content":"        }","lastModifiedDate":"2025-09-03T12:32:02","isFullCredit":false},{"lineNumber":31,"author":{"gitId":"chongyaoo"},"content":"    }","lastModifiedDate":"2025-09-03T12:32:02","isFullCredit":false},{"lineNumber":32,"author":{"gitId":"chongyaoo"},"content":"","lastModifiedDate":"2025-09-03T12:32:02","isFullCredit":false},{"lineNumber":33,"author":{"gitId":"chongyaoo"},"content":"    @Override","lastModifiedDate":"2025-09-03T12:32:02","isFullCredit":false},{"lineNumber":34,"author":{"gitId":"chongyaoo"},"content":"    public String toString() {","lastModifiedDate":"2025-09-03T12:32:02","isFullCredit":false},{"lineNumber":35,"author":{"gitId":"chongyaoo"},"content":"        return data;","lastModifiedDate":"2025-09-03T12:32:02","isFullCredit":false},{"lineNumber":36,"author":{"gitId":"chongyaoo"},"content":"    }","lastModifiedDate":"2025-09-03T12:32:02","isFullCredit":false},{"lineNumber":37,"author":{"gitId":"chongyaoo"},"content":"","lastModifiedDate":"2025-09-03T12:32:02","isFullCredit":false},{"lineNumber":38,"author":{"gitId":"chongyaoo"},"content":"    public String toType() {","lastModifiedDate":"2025-09-03T12:32:02","isFullCredit":false},{"lineNumber":39,"author":{"gitId":"chongyaoo"},"content":"        return \"type\";","lastModifiedDate":"2025-09-03T12:32:02","isFullCredit":false},{"lineNumber":40,"author":{"gitId":"chongyaoo"},"content":"    }","lastModifiedDate":"2025-09-03T12:32:02","isFullCredit":false},{"lineNumber":41,"author":{"gitId":"chongyaoo"},"content":"}","lastModifiedDate":"2025-09-03T12:32:02","isFullCredit":false}],"authorContributionMap":{"chongyaoo":41}},{"path":"src/main/java/ToDo.java","fileType":"java","lines":[{"lineNumber":1,"author":{"gitId":"chongyaoo"},"content":"public class ToDo extends Task {","lastModifiedDate":"2025-09-03T12:32:02","isFullCredit":false},{"lineNumber":2,"author":{"gitId":"chongyaoo"},"content":"","lastModifiedDate":"2025-09-03T12:32:02","isFullCredit":false},{"lineNumber":3,"author":{"gitId":"chongyaoo"},"content":"","lastModifiedDate":"2025-09-05T13:58:44","isFullCredit":false},{"lineNumber":4,"author":{"gitId":"chongyaoo"},"content":"    public ToDo (String data) {","lastModifiedDate":"2025-09-03T12:32:02","isFullCredit":false},{"lineNumber":5,"author":{"gitId":"chongyaoo"},"content":"        super(data);","lastModifiedDate":"2025-09-03T12:32:02","isFullCredit":false},{"lineNumber":6,"author":{"gitId":"chongyaoo"},"content":"    }","lastModifiedDate":"2025-09-03T12:32:02","isFullCredit":false},{"lineNumber":7,"author":{"gitId":"chongyaoo"},"content":"","lastModifiedDate":"2025-09-03T12:32:02","isFullCredit":false},{"lineNumber":8,"author":{"gitId":"chongyaoo"},"content":"    @Override","lastModifiedDate":"2025-09-03T12:32:02","isFullCredit":false},{"lineNumber":9,"author":{"gitId":"chongyaoo"},"content":"    public String toType() {","lastModifiedDate":"2025-09-03T12:32:02","isFullCredit":false},{"lineNumber":10,"author":{"gitId":"chongyaoo"},"content":"        return \"[T]\";","lastModifiedDate":"2025-09-03T12:32:02","isFullCredit":false},{"lineNumber":11,"author":{"gitId":"chongyaoo"},"content":"    }","lastModifiedDate":"2025-09-03T12:32:02","isFullCredit":false},{"lineNumber":12,"author":{"gitId":"chongyaoo"},"content":"","lastModifiedDate":"2025-09-05T13:58:44","isFullCredit":false},{"lineNumber":13,"author":{"gitId":"chongyaoo"},"content":"}","lastModifiedDate":"2025-09-03T12:32:02","isFullCredit":false}],"authorContributionMap":{"chongyaoo":13}},{"path":"text-ui-test/input.txt","fileType":"txt","lines":[{"lineNumber":1,"author":{"gitId":"chongyaoo"},"content":"event this","lastModifiedDate":"2025-09-05T13:58:44","isFullCredit":false},{"lineNumber":2,"author":{"gitId":"chongyaoo"},"content":"todo that by 2pm","lastModifiedDate":"2025-09-05T13:58:44","isFullCredit":false},{"lineNumber":3,"author":{"gitId":"chongyaoo"},"content":"list","lastModifiedDate":"2025-09-05T13:58:44","isFullCredit":false},{"lineNumber":4,"author":{"gitId":"chongyaoo"},"content":"bye","lastModifiedDate":"2025-09-05T13:58:44","isFullCredit":false}],"authorContributionMap":{"chongyaoo":4}},{"path":"text-ui-test/runtest.bat","fileType":"bat","lines":[{"lineNumber":1,"author":{"gitId":"-"},"content":"@ECHO OFF","lastModifiedDate":"2020-05-25T00:03:55","isFullCredit":false},{"lineNumber":2,"author":{"gitId":"-"},"content":"","lastModifiedDate":"2020-05-25T00:03:55","isFullCredit":false},{"lineNumber":3,"author":{"gitId":"-"},"content":"REM create bin directory if it doesn\u0027t exist","lastModifiedDate":"2020-05-25T00:03:55","isFullCredit":false},{"lineNumber":4,"author":{"gitId":"-"},"content":"if not exist ..\\bin mkdir ..\\bin","lastModifiedDate":"2020-05-25T00:03:55","isFullCredit":false},{"lineNumber":5,"author":{"gitId":"-"},"content":"","lastModifiedDate":"2020-05-25T00:03:55","isFullCredit":false},{"lineNumber":6,"author":{"gitId":"-"},"content":"REM delete output from previous run","lastModifiedDate":"2020-05-25T00:03:55","isFullCredit":false},{"lineNumber":7,"author":{"gitId":"-"},"content":"if exist ACTUAL.TXT del ACTUAL.TXT","lastModifiedDate":"2020-08-25T17:23:26","isFullCredit":false},{"lineNumber":8,"author":{"gitId":"-"},"content":"","lastModifiedDate":"2020-05-25T00:03:55","isFullCredit":false},{"lineNumber":9,"author":{"gitId":"-"},"content":"REM compile the code into the bin folder","lastModifiedDate":"2020-05-25T00:03:55","isFullCredit":false},{"lineNumber":10,"author":{"gitId":"-"},"content":"javac  -cp ..\\src\\main\\java -Xlint:none -d ..\\bin ..\\src\\main\\java\\*.java","lastModifiedDate":"2020-08-25T17:23:26","isFullCredit":false},{"lineNumber":11,"author":{"gitId":"-"},"content":"IF ERRORLEVEL 1 (","lastModifiedDate":"2020-05-25T00:03:55","isFullCredit":false},{"lineNumber":12,"author":{"gitId":"-"},"content":"    echo ********** BUILD FAILURE **********","lastModifiedDate":"2020-05-25T00:03:55","isFullCredit":false},{"lineNumber":13,"author":{"gitId":"-"},"content":"    exit /b 1","lastModifiedDate":"2020-05-25T00:03:55","isFullCredit":false},{"lineNumber":14,"author":{"gitId":"-"},"content":")","lastModifiedDate":"2020-05-25T00:03:55","isFullCredit":false},{"lineNumber":15,"author":{"gitId":"-"},"content":"REM no error here, errorlevel \u003d\u003d 0","lastModifiedDate":"2020-05-25T00:03:55","isFullCredit":false},{"lineNumber":16,"author":{"gitId":"-"},"content":"","lastModifiedDate":"2020-05-25T00:03:55","isFullCredit":false},{"lineNumber":17,"author":{"gitId":"-"},"content":"REM run the program, feed commands from input.txt file and redirect the output to the ACTUAL.TXT","lastModifiedDate":"2020-05-25T00:03:55","isFullCredit":false},{"lineNumber":18,"author":{"gitId":"chongyaoo"},"content":"java -classpath ..\\bin Grizzly \u003c input.txt \u003e ACTUAL.TXT","lastModifiedDate":"2025-09-05T13:58:44","isFullCredit":false},{"lineNumber":19,"author":{"gitId":"-"},"content":"","lastModifiedDate":"2020-05-25T00:03:55","isFullCredit":false},{"lineNumber":20,"author":{"gitId":"-"},"content":"REM compare the output to the expected output","lastModifiedDate":"2020-05-25T00:03:55","isFullCredit":false},{"lineNumber":21,"author":{"gitId":"-"},"content":"FC ACTUAL.TXT EXPECTED.TXT","lastModifiedDate":"2020-05-25T00:03:55","isFullCredit":false}],"authorContributionMap":{"chongyaoo":1,"-":20}}]
