{"authorDailyContributionsMap":{"chongyaoo":[{"date":"2025-08-24T00:00:00","commitResults":[{"hash":"99f641c65ab4a7cda8a06e5588d73415c157d87f","isMergeCommit":false,"messageTitle":"Update Grizzly.java","messageBody":"","tags":["Level-0"],"fileTypesAndContributionMap":{"java":{"insertions":10,"deletions":10}}}]},{"date":"2025-08-29T00:00:00","commitResults":[{"hash":"95d936901ffe97670820969d0a909ca0cc11de32","isMergeCommit":false,"messageTitle":"Add add, list, mark and unmark functions","messageBody":"Add add function to the chatbot:\nadd items to list of items to do\nAdd list function:\nlist the items to do\nAdd mark function:\nmark items done\nAdd unmark function:\nunmark items not done\n","tags":["Level-3","Level-2","Level-1","A-CodingStandard"],"fileTypesAndContributionMap":{"java":{"insertions":48,"deletions":2}}}]},{"date":"2025-09-02T00:00:00","commitResults":[{"hash":"6f4fe42c6e558ef48ff6bc788937e9ca70412e48","isMergeCommit":false,"messageTitle":"Update Grizzly.java","messageBody":"Implemented some changes to the logic of chatbot\n","fileTypesAndContributionMap":{"java":{"insertions":34,"deletions":22}}}]},{"date":"2025-09-03T00:00:00","commitResults":[{"hash":"75f6240b3a5ebd55a0960855539c4e9bd56de60f","isMergeCommit":false,"messageTitle":"Add Task class","messageBody":"Improve logic flow of chatbot\nImplement Classes Deadline, Todo and Event that inherit from Class Task following OOP\n","tags":["Level-4"],"fileTypesAndContributionMap":{"java":{"insertions":161,"deletions":53}}}]},{"date":"2025-09-05T00:00:00","commitResults":[{"hash":"f09956f7fb971b6e2e4fd77007d781f8315aece7","isMergeCommit":false,"messageTitle":"Update Task classes","messageBody":"Update the Event and Deadline inherited classes to contain the string for dates\nWrite test cases in input.txt and runtest.bash to check the outputs of the chatbot\n","tags":["A-TextUiTesting","A-CodeQuality"],"fileTypesAndContributionMap":{"txt":{"insertions":4,"deletions":0},"java":{"insertions":80,"deletions":24},"bat":{"insertions":1,"deletions":1}}}]},{"date":"2025-09-08T00:00:00","commitResults":[{"hash":"d99e47bec9734f72366cc50cdd4712d90751ca4b","isMergeCommit":false,"messageTitle":"Separate chatbot cases into functions","messageBody":"Create void functions which handle different inputs separately, separating functionalities code from the main function\n","fileTypesAndContributionMap":{"java":{"insertions":272,"deletions":0}}},{"hash":"46a260821e0fed20972ebb80b4b3e3351d1dacc3","isMergeCommit":false,"messageTitle":"Handle Errors","messageBody":"Add checks for errors like incorrect command input, and handle these cases\n","tags":["branch-Level-5","Level-5","A-Exceptions"],"fileTypesAndContributionMap":{"java":{"insertions":75,"deletions":17}}}]},{"date":"2025-09-14T00:00:00","commitResults":[{"hash":"2fbbce47962d8af86990e90beab46963291c245d","isMergeCommit":false,"messageTitle":"Update Grizzly.java","messageBody":"","fileTypesAndContributionMap":{"java":{"insertions":1,"deletions":0}}}]},{"date":"2025-09-15T00:00:00","commitResults":[{"hash":"f9d2c34c3675cec078095003c8b1cb9b33b868ff","isMergeCommit":false,"messageTitle":"Add Delete functionality","messageBody":"Add handleDelete() function\nUse Java Collections class for storing data with dynamic array\n","fileTypesAndContributionMap":{"java":{"insertions":247,"deletions":111}}},{"hash":"759a63ef7b6eeb89569c2e5336eee5048825f2d5","isMergeCommit":true,"messageTitle":"Merge branch \u0027heads/branch-level-5\u0027","messageBody":"","fileTypesAndContributionMap":{}}]},{"date":"2025-09-18T00:00:00","commitResults":[{"hash":"79aefc3ff1539032765e76be069070ce581237ba","isMergeCommit":false,"messageTitle":"Add delete and Save functions","messageBody":"Delete function removes Task from dynamic list\nSave function saves to lines.txt under src whenever exiting, ensuring that you can reload list of Tasks when starting the program again\n","tags":["Level-7","Level-6","A-Collections"],"fileTypesAndContributionMap":{"txt":{"insertions":0,"deletions":0},"java":{"insertions":178,"deletions":10}}}]},{"date":"2025-09-19T00:00:00","commitResults":[{"hash":"56cbead5345ccfb26d50a44c089c0c8b1191f5fa","isMergeCommit":false,"messageTitle":"Level-6-branch","messageBody":"","fileTypesAndContributionMap":{"java":{"insertions":1,"deletions":0}}},{"hash":"1c922ff30494ff5262a7a0c3a1e67fc26499ad99","isMergeCommit":false,"messageTitle":"Branch-Level-7","messageBody":"","fileTypesAndContributionMap":{"java":{"insertions":2,"deletions":0}}},{"hash":"db4c12a7c651f6161a5cb19c3d1c235e5d5d069c","isMergeCommit":true,"messageTitle":"Merge branch \u0027branch-level-7\u0027","messageBody":"","tags":["branch-Level-7","branch-Level-6","Week-6-Jar","A-Jar"],"fileTypesAndContributionMap":{}}]},{"date":"2025-09-28T00:00:00","commitResults":[{"hash":"a7e24eba2072fc3adb9214baeb803054e623d760","isMergeCommit":false,"messageTitle":"More OOP","messageBody":"Extract out Parser, Storage, TaskList and Ui classes to carry out functionalities of chatbot\n","tags":["A-MoreOOP"],"fileTypesAndContributionMap":{"txt":{"insertions":3,"deletions":0},"java":{"insertions":439,"deletions":359}}}]},{"date":"2025-09-29T00:00:00","commitResults":[{"hash":"620076f26842bb86fe83a9c66bd59f6eb70bf9db","isMergeCommit":false,"messageTitle":"Add Find functionality","messageBody":"Allows user to search for a task in the array\n","tags":["branch-Level-9","Level-9"],"fileTypesAndContributionMap":{"java":{"insertions":40,"deletions":16}}},{"hash":"c10bfe41e72548bd304c7e0dcd00fcd1c3a716fc","isMergeCommit":false,"messageTitle":"Further commits","messageBody":"","fileTypesAndContributionMap":{"java":{"insertions":30,"deletions":55}}},{"hash":"23e226bc416fbe55f80016d4910f0f003c59551f","isMergeCommit":true,"messageTitle":"Merge pull request #2 from chongyaoo/level-9-branch","messageBody":"Merging Level 9 branch into master branch\n","fileTypesAndContributionMap":{}},{"hash":"04bde33e03d7c333ea933221b7c06796e14323cc","isMergeCommit":false,"messageTitle":"Add JavaDoc comments to code","messageBody":"Add JavaDoc description to Classes and methods\n","tags":["Merging-PRs","A-JavaDoc"],"fileTypesAndContributionMap":{"txt":{"insertions":0,"deletions":3},"java":{"insertions":153,"deletions":30}}},{"hash":"85b6babe30a6acd31bce2cba308b63c9752a9ebb","isMergeCommit":true,"messageTitle":"Merge pull request #3 from chongyaoo/branch-A-JavaDoc","messageBody":"Add JavaDoc comments to code","tags":["branch-A-JavaDoc"],"fileTypesAndContributionMap":{}}]}]},"authorFileTypeContributionMap":{"chongyaoo":{"java":752,"md":0,"fxml":0,"sh":0,"bat":1,"gradle":0,"txt":4}},"authorContributionVariance":{"chongyaoo":18703.871},"authorDisplayNameMap":{"chongyaoo":"CS2113-W12-3 ONG .. YAO"}}
