{"authorDailyContributionsMap":{"chongyaoo":[{"date":"2025-08-24T00:00:00","commitResults":[{"hash":"99f641c65ab4a7cda8a06e5588d73415c157d87f","isMergeCommit":false,"messageTitle":"Update Grizzly.java","messageBody":"","fileTypesAndContributionMap":{"java":{"insertions":10,"deletions":10}}}]},{"date":"2025-08-29T00:00:00","commitResults":[{"hash":"95d936901ffe97670820969d0a909ca0cc11de32","isMergeCommit":false,"messageTitle":"Add add, list, mark and unmark functions","messageBody":"Add add function to the chatbot:\nadd items to list of items to do\nAdd list function:\nlist the items to do\nAdd mark function:\nmark items done\nAdd unmark function:\nunmark items not done\n","tags":["Level-3","Level-2","Level-1","A-CodingStandard"],"fileTypesAndContributionMap":{"java":{"insertions":48,"deletions":2}}}]},{"date":"2025-09-02T00:00:00","commitResults":[{"hash":"6f4fe42c6e558ef48ff6bc788937e9ca70412e48","isMergeCommit":false,"messageTitle":"Update Grizzly.java","messageBody":"Implemented some changes to the logic of chatbot\n","fileTypesAndContributionMap":{"java":{"insertions":34,"deletions":22}}}]},{"date":"2025-09-03T00:00:00","commitResults":[{"hash":"75f6240b3a5ebd55a0960855539c4e9bd56de60f","isMergeCommit":false,"messageTitle":"Add Task class","messageBody":"Improve logic flow of chatbot\nImplement Classes Deadline, Todo and Event that inherit from Class Task following OOP\n","fileTypesAndContributionMap":{"java":{"insertions":161,"deletions":53}}}]}]},"authorFileTypeContributionMap":{"chongyaoo":{"java":176,"md":0,"fxml":0,"sh":0,"bat":0,"gradle":0,"txt":0}},"authorContributionVariance":{"chongyaoo":1761.1304},"authorDisplayNameMap":{"chongyaoo":"CS2113-W12-3 ONG .. YAO"}}
