[{"path":"README.md","fileType":"md","lines":[{"lineNumber":1,"author":{"gitId":"ZhongBaode"},"content":"# Mochi project template","lastModifiedDate":"2025-08-24T19:37:56","isFullCredit":false},{"lineNumber":2,"author":{"gitId":"-"},"content":"","lastModifiedDate":"2020-05-25T00:03:55","isFullCredit":false},{"lineNumber":3,"author":{"gitId":"-"},"content":"This is a project template for a greenfield Java project. It\u0027s named after the Java mascot _Duke_. Given below are instructions on how to use it.","lastModifiedDate":"2020-05-25T00:03:55","isFullCredit":false},{"lineNumber":4,"author":{"gitId":"-"},"content":"","lastModifiedDate":"2020-05-25T00:03:55","isFullCredit":false},{"lineNumber":5,"author":{"gitId":"-"},"content":"## Setting up in Intellij","lastModifiedDate":"2020-05-25T00:03:55","isFullCredit":false},{"lineNumber":6,"author":{"gitId":"-"},"content":"","lastModifiedDate":"2020-05-25T00:03:55","isFullCredit":false},{"lineNumber":7,"author":{"gitId":"-"},"content":"Prerequisites: JDK 17, update Intellij to the most recent version.","lastModifiedDate":"2024-07-11T16:50:14","isFullCredit":false},{"lineNumber":8,"author":{"gitId":"-"},"content":"","lastModifiedDate":"2020-05-25T00:03:55","isFullCredit":false},{"lineNumber":9,"author":{"gitId":"-"},"content":"1. Open Intellij (if you are not in the welcome screen, click `File` \u003e `Close Project` to close the existing project first)","lastModifiedDate":"2021-01-17T12:25:53","isFullCredit":false},{"lineNumber":10,"author":{"gitId":"-"},"content":"1. Open the project into Intellij as follows:","lastModifiedDate":"2021-01-17T12:25:53","isFullCredit":false},{"lineNumber":11,"author":{"gitId":"-"},"content":"   1. Click `Open`.","lastModifiedDate":"2021-01-17T12:25:53","isFullCredit":false},{"lineNumber":12,"author":{"gitId":"-"},"content":"   1. Select the project directory, and click `OK`.","lastModifiedDate":"2021-01-17T12:25:53","isFullCredit":false},{"lineNumber":13,"author":{"gitId":"-"},"content":"   1. If there are any further prompts, accept the defaults.","lastModifiedDate":"2020-05-25T00:03:55","isFullCredit":false},{"lineNumber":14,"author":{"gitId":"-"},"content":"1. Configure the project to use **JDK 17** (not other versions) as explained in [here](https://www.jetbrains.com/help/idea/sdk.html#set-up-jdk).\u003cbr\u003e","lastModifiedDate":"2024-07-11T16:50:14","isFullCredit":false},{"lineNumber":15,"author":{"gitId":"-"},"content":"   In the same dialog, set the **Project language level** field to the `SDK default` option.","lastModifiedDate":"2021-07-29T20:29:39","isFullCredit":false},{"lineNumber":16,"author":{"gitId":"ZhongBaode"},"content":"1. After that, locate the `src/main/java/Mochi.java` file, right-click it, and choose `Run Mochi.main()` (if the code editor is showing compile errors, try restarting the IDE). If the setup is correct, you should see something like the below as the output:","lastModifiedDate":"2025-08-24T19:37:56","isFullCredit":false},{"lineNumber":17,"author":{"gitId":"-"},"content":"   ```","lastModifiedDate":"2020-05-25T00:03:55","isFullCredit":false},{"lineNumber":18,"author":{"gitId":"-"},"content":"   Hello from","lastModifiedDate":"2020-05-25T00:03:55","isFullCredit":false},{"lineNumber":19,"author":{"gitId":"-"},"content":"    ____        _        ","lastModifiedDate":"2020-05-25T00:03:55","isFullCredit":false},{"lineNumber":20,"author":{"gitId":"-"},"content":"   |  _ \\ _   _| | _____ ","lastModifiedDate":"2020-05-25T00:03:55","isFullCredit":false},{"lineNumber":21,"author":{"gitId":"-"},"content":"   | | | | | | | |/ / _ \\","lastModifiedDate":"2020-05-25T00:03:55","isFullCredit":false},{"lineNumber":22,"author":{"gitId":"-"},"content":"   | |_| | |_| |   \u003c  __/","lastModifiedDate":"2020-05-25T00:03:55","isFullCredit":false},{"lineNumber":23,"author":{"gitId":"-"},"content":"   |____/ \\__,_|_|\\_\\___|","lastModifiedDate":"2020-05-25T00:03:55","isFullCredit":false},{"lineNumber":24,"author":{"gitId":"-"},"content":"   ```","lastModifiedDate":"2020-05-25T00:03:55","isFullCredit":false},{"lineNumber":25,"author":{"gitId":"-"},"content":"","lastModifiedDate":"2025-01-04T21:44:28","isFullCredit":false},{"lineNumber":26,"author":{"gitId":"-"},"content":"**Warning:** Keep the `src\\main\\java` folder as the root folder for Java files (i.e., don\u0027t rename those folders or move Java files to another folder outside of this folder path), as this is the default location some tools (e.g., Gradle) expect to find Java files.","lastModifiedDate":"2025-01-04T21:44:28","isFullCredit":false}],"authorContributionMap":{"ZhongBaode":2,"-":24}},{"path":"docs/README.md","fileType":"md","lines":[{"lineNumber":1,"author":{"gitId":"ZhongBaode"},"content":"# Mochi User Guide","lastModifiedDate":"2025-08-24T19:37:56","isFullCredit":false},{"lineNumber":2,"author":{"gitId":"-"},"content":"","lastModifiedDate":"2019-07-29T17:14:46","isFullCredit":false},{"lineNumber":3,"author":{"gitId":"-"},"content":"// Update the title above to match the actual product name","lastModifiedDate":"2024-01-07T18:33:52","isFullCredit":false},{"lineNumber":4,"author":{"gitId":"-"},"content":"","lastModifiedDate":"2019-07-29T17:14:46","isFullCredit":false},{"lineNumber":5,"author":{"gitId":"-"},"content":"// Product screenshot goes here","lastModifiedDate":"2024-01-07T18:33:52","isFullCredit":false},{"lineNumber":6,"author":{"gitId":"-"},"content":"","lastModifiedDate":"2021-07-17T16:49:07","isFullCredit":false},{"lineNumber":7,"author":{"gitId":"-"},"content":"// Product intro goes here","lastModifiedDate":"2024-01-07T18:33:52","isFullCredit":false},{"lineNumber":8,"author":{"gitId":"-"},"content":"","lastModifiedDate":"2021-07-17T16:49:07","isFullCredit":false},{"lineNumber":9,"author":{"gitId":"-"},"content":"## Adding deadlines","lastModifiedDate":"2024-01-07T18:33:52","isFullCredit":false},{"lineNumber":10,"author":{"gitId":"-"},"content":"","lastModifiedDate":"2021-07-17T16:49:07","isFullCredit":false},{"lineNumber":11,"author":{"gitId":"-"},"content":"// Describe the action and its outcome.","lastModifiedDate":"2024-01-07T18:33:52","isFullCredit":false},{"lineNumber":12,"author":{"gitId":"-"},"content":"","lastModifiedDate":"2019-07-29T17:14:46","isFullCredit":false},{"lineNumber":13,"author":{"gitId":"-"},"content":"// Give examples of usage","lastModifiedDate":"2024-01-07T18:33:52","isFullCredit":false},{"lineNumber":14,"author":{"gitId":"-"},"content":"","lastModifiedDate":"2019-07-29T17:14:46","isFullCredit":false},{"lineNumber":15,"author":{"gitId":"-"},"content":"Example: `keyword (optional arguments)`","lastModifiedDate":"2024-01-07T18:33:52","isFullCredit":false},{"lineNumber":16,"author":{"gitId":"-"},"content":"","lastModifiedDate":"2019-07-29T17:14:46","isFullCredit":false},{"lineNumber":17,"author":{"gitId":"-"},"content":"// A description of the expected outcome goes here","lastModifiedDate":"2024-01-07T18:33:52","isFullCredit":false},{"lineNumber":18,"author":{"gitId":"-"},"content":"","lastModifiedDate":"2019-07-29T17:14:46","isFullCredit":false},{"lineNumber":19,"author":{"gitId":"-"},"content":"```","lastModifiedDate":"2024-01-07T18:33:52","isFullCredit":false},{"lineNumber":20,"author":{"gitId":"-"},"content":"expected output","lastModifiedDate":"2024-01-07T18:33:52","isFullCredit":false},{"lineNumber":21,"author":{"gitId":"-"},"content":"```","lastModifiedDate":"2024-01-07T18:33:52","isFullCredit":false},{"lineNumber":22,"author":{"gitId":"-"},"content":"","lastModifiedDate":"2019-07-29T17:14:46","isFullCredit":false},{"lineNumber":23,"author":{"gitId":"-"},"content":"## Feature ABC","lastModifiedDate":"2024-01-07T18:33:52","isFullCredit":false},{"lineNumber":24,"author":{"gitId":"-"},"content":"","lastModifiedDate":"2019-07-29T17:14:46","isFullCredit":false},{"lineNumber":25,"author":{"gitId":"-"},"content":"// Feature details","lastModifiedDate":"2024-01-07T18:33:52","isFullCredit":false},{"lineNumber":26,"author":{"gitId":"-"},"content":"","lastModifiedDate":"2019-07-29T17:14:46","isFullCredit":false},{"lineNumber":27,"author":{"gitId":"-"},"content":"","lastModifiedDate":"2021-07-17T16:49:07","isFullCredit":false},{"lineNumber":28,"author":{"gitId":"-"},"content":"## Feature XYZ","lastModifiedDate":"2024-01-07T18:33:52","isFullCredit":false},{"lineNumber":29,"author":{"gitId":"-"},"content":"","lastModifiedDate":"2024-01-07T18:33:52","isFullCredit":false},{"lineNumber":30,"author":{"gitId":"-"},"content":"// Feature details","lastModifiedDate":"2024-01-07T18:33:52","isFullCredit":false}],"authorContributionMap":{"ZhongBaode":1,"-":29}},{"path":"src/main/java/Deadline.java","fileType":"java","lines":[{"lineNumber":1,"author":{"gitId":"ZhongBaode"},"content":"public class Deadline extends Task{","lastModifiedDate":"2025-09-11T17:59:16","isFullCredit":false},{"lineNumber":2,"author":{"gitId":"ZhongBaode"},"content":"","lastModifiedDate":"2025-09-11T17:59:16","isFullCredit":false},{"lineNumber":3,"author":{"gitId":"ZhongBaode"},"content":"    protected String by;","lastModifiedDate":"2025-09-11T17:59:16","isFullCredit":false},{"lineNumber":4,"author":{"gitId":"ZhongBaode"},"content":"","lastModifiedDate":"2025-09-11T17:59:16","isFullCredit":false},{"lineNumber":5,"author":{"gitId":"ZhongBaode"},"content":"    public Deadline(String description, String by) {","lastModifiedDate":"2025-09-11T17:59:16","isFullCredit":false},{"lineNumber":6,"author":{"gitId":"ZhongBaode"},"content":"        super(description);","lastModifiedDate":"2025-09-11T17:59:16","isFullCredit":false},{"lineNumber":7,"author":{"gitId":"ZhongBaode"},"content":"        this.by \u003d by;","lastModifiedDate":"2025-09-11T17:59:16","isFullCredit":false},{"lineNumber":8,"author":{"gitId":"ZhongBaode"},"content":"    }","lastModifiedDate":"2025-09-11T17:59:16","isFullCredit":false},{"lineNumber":9,"author":{"gitId":"ZhongBaode"},"content":"","lastModifiedDate":"2025-09-11T17:59:16","isFullCredit":false},{"lineNumber":10,"author":{"gitId":"ZhongBaode"},"content":"    @Override","lastModifiedDate":"2025-09-11T17:59:16","isFullCredit":false},{"lineNumber":11,"author":{"gitId":"ZhongBaode"},"content":"    public String toString() {","lastModifiedDate":"2025-09-11T17:59:16","isFullCredit":false},{"lineNumber":12,"author":{"gitId":"ZhongBaode"},"content":"        return \"[D]\" + super.toString() + \" (by:\" + by + \")\";","lastModifiedDate":"2025-09-11T17:59:16","isFullCredit":false},{"lineNumber":13,"author":{"gitId":"ZhongBaode"},"content":"    }","lastModifiedDate":"2025-09-11T17:59:16","isFullCredit":false},{"lineNumber":14,"author":{"gitId":"ZhongBaode"},"content":"}","lastModifiedDate":"2025-09-11T17:59:16","isFullCredit":false}],"authorContributionMap":{"ZhongBaode":14}},{"path":"src/main/java/Event.java","fileType":"java","lines":[{"lineNumber":1,"author":{"gitId":"ZhongBaode"},"content":"public class Event extends Task{","lastModifiedDate":"2025-09-11T17:59:16","isFullCredit":false},{"lineNumber":2,"author":{"gitId":"ZhongBaode"},"content":"    private String startTime;","lastModifiedDate":"2025-09-11T17:59:16","isFullCredit":false},{"lineNumber":3,"author":{"gitId":"ZhongBaode"},"content":"    private String endTime;","lastModifiedDate":"2025-09-11T17:59:16","isFullCredit":false},{"lineNumber":4,"author":{"gitId":"ZhongBaode"},"content":"","lastModifiedDate":"2025-09-11T17:59:16","isFullCredit":false},{"lineNumber":5,"author":{"gitId":"ZhongBaode"},"content":"    public Event(String description, String startTime, String endTime) {","lastModifiedDate":"2025-09-11T17:59:16","isFullCredit":false},{"lineNumber":6,"author":{"gitId":"ZhongBaode"},"content":"        super(description);","lastModifiedDate":"2025-09-11T17:59:16","isFullCredit":false},{"lineNumber":7,"author":{"gitId":"ZhongBaode"},"content":"        this.startTime \u003d startTime;","lastModifiedDate":"2025-09-11T17:59:16","isFullCredit":false},{"lineNumber":8,"author":{"gitId":"ZhongBaode"},"content":"        this.endTime \u003d endTime;","lastModifiedDate":"2025-09-11T17:59:16","isFullCredit":false},{"lineNumber":9,"author":{"gitId":"ZhongBaode"},"content":"    }","lastModifiedDate":"2025-09-11T17:59:16","isFullCredit":false},{"lineNumber":10,"author":{"gitId":"ZhongBaode"},"content":"","lastModifiedDate":"2025-09-11T17:59:16","isFullCredit":false},{"lineNumber":11,"author":{"gitId":"ZhongBaode"},"content":"    @Override","lastModifiedDate":"2025-09-11T17:59:16","isFullCredit":false},{"lineNumber":12,"author":{"gitId":"ZhongBaode"},"content":"    public String toString() {","lastModifiedDate":"2025-09-11T17:59:16","isFullCredit":false},{"lineNumber":13,"author":{"gitId":"ZhongBaode"},"content":"        return \"[E]\" + super.toString() + \" (from:\" + startTime + \", to:\" + endTime + \")\";","lastModifiedDate":"2025-09-11T17:59:16","isFullCredit":false},{"lineNumber":14,"author":{"gitId":"ZhongBaode"},"content":"    }","lastModifiedDate":"2025-09-11T17:59:16","isFullCredit":false},{"lineNumber":15,"author":{"gitId":"ZhongBaode"},"content":"}","lastModifiedDate":"2025-09-11T17:59:16","isFullCredit":false}],"authorContributionMap":{"ZhongBaode":15}},{"path":"src/main/java/Mochi.java","fileType":"java","lines":[{"lineNumber":1,"author":{"gitId":"ZhongBaode"},"content":"import java.util.ArrayList;","lastModifiedDate":"2025-08-30T22:51:09","isFullCredit":false},{"lineNumber":2,"author":{"gitId":"ZhongBaode"},"content":"import java.util.Locale;","lastModifiedDate":"2025-09-03T18:03:05","isFullCredit":false},{"lineNumber":3,"author":{"gitId":"ZhongBaode"},"content":"import java.util.Scanner;","lastModifiedDate":"2025-08-30T22:51:09","isFullCredit":false},{"lineNumber":4,"author":{"gitId":"ZhongBaode"},"content":"import java.util.List;","lastModifiedDate":"2025-09-03T18:03:05","isFullCredit":false},{"lineNumber":5,"author":{"gitId":"ZhongBaode"},"content":"","lastModifiedDate":"2025-08-30T22:51:09","isFullCredit":false},{"lineNumber":6,"author":{"gitId":"ZhongBaode"},"content":"public class Mochi {","lastModifiedDate":"2025-08-24T19:37:56","isFullCredit":false},{"lineNumber":7,"author":{"gitId":"ZhongBaode"},"content":"","lastModifiedDate":"2025-08-30T22:51:09","isFullCredit":false},{"lineNumber":8,"author":{"gitId":"ZhongBaode"},"content":"    public static final String EVENT_CMD_FROM \u003d \"/from\";","lastModifiedDate":"2025-09-11T17:59:16","isFullCredit":false},{"lineNumber":9,"author":{"gitId":"ZhongBaode"},"content":"    public static final String DEADLINE_BY_CMD \u003d \"/by\";","lastModifiedDate":"2025-09-11T17:59:16","isFullCredit":false},{"lineNumber":10,"author":{"gitId":"ZhongBaode"},"content":"    public static final int CMD_INDEX \u003d 0;","lastModifiedDate":"2025-09-11T17:59:16","isFullCredit":false},{"lineNumber":11,"author":{"gitId":"ZhongBaode"},"content":"    public static final int DESCRIPTION_INDEX \u003d 1;","lastModifiedDate":"2025-09-11T17:59:16","isFullCredit":false},{"lineNumber":12,"author":{"gitId":"ZhongBaode"},"content":"    private static final List\u003cTask\u003e inputs \u003d new ArrayList\u003cTask\u003e();","lastModifiedDate":"2025-09-11T17:59:16","isFullCredit":false},{"lineNumber":13,"author":{"gitId":"ZhongBaode"},"content":"    public static final String EVENT_CMD_TO \u003d \"/to\";","lastModifiedDate":"2025-09-11T17:59:16","isFullCredit":false},{"lineNumber":14,"author":{"gitId":"ZhongBaode"},"content":"    //used to exit program","lastModifiedDate":"2025-09-11T17:59:16","isFullCredit":false},{"lineNumber":15,"author":{"gitId":"ZhongBaode"},"content":"    private boolean isRunning \u003d true;","lastModifiedDate":"2025-09-11T17:59:16","isFullCredit":false},{"lineNumber":16,"author":{"gitId":"ZhongBaode"},"content":"    //Java main need to be static, so I cannot call this.isRunning. So I outsourced it","lastModifiedDate":"2025-09-11T17:59:16","isFullCredit":false},{"lineNumber":17,"author":{"gitId":"ZhongBaode"},"content":"    public static void main(String[] args) {","lastModifiedDate":"2025-09-11T17:59:16","isFullCredit":false},{"lineNumber":18,"author":{"gitId":"ZhongBaode"},"content":"        new Mochi().runMain();","lastModifiedDate":"2025-09-03T18:03:05","isFullCredit":false},{"lineNumber":19,"author":{"gitId":"ZhongBaode"},"content":"    }","lastModifiedDate":"2025-09-03T18:03:05","isFullCredit":false},{"lineNumber":20,"author":{"gitId":"ZhongBaode"},"content":"","lastModifiedDate":"2025-09-03T18:03:05","isFullCredit":false},{"lineNumber":21,"author":{"gitId":"ZhongBaode"},"content":"    private void runMain() {","lastModifiedDate":"2025-09-03T18:03:05","isFullCredit":false},{"lineNumber":22,"author":{"gitId":"ZhongBaode"},"content":"        welcomeMessage();","lastModifiedDate":"2025-08-30T22:51:09","isFullCredit":false},{"lineNumber":23,"author":{"gitId":"ZhongBaode"},"content":"        try (Scanner sc \u003d new Scanner(System.in)) {","lastModifiedDate":"2025-09-03T18:03:05","isFullCredit":false},{"lineNumber":24,"author":{"gitId":"ZhongBaode"},"content":"            while(this.isRunning \u0026\u0026 sc.hasNextLine()){","lastModifiedDate":"2025-09-03T18:03:05","isFullCredit":false},{"lineNumber":25,"author":{"gitId":"ZhongBaode"},"content":"                handle(sc.nextLine());","lastModifiedDate":"2025-09-03T18:03:05","isFullCredit":false},{"lineNumber":26,"author":{"gitId":"ZhongBaode"},"content":"            }","lastModifiedDate":"2025-08-30T22:51:09","isFullCredit":false},{"lineNumber":27,"author":{"gitId":"ZhongBaode"},"content":"        }","lastModifiedDate":"2025-08-30T22:51:09","isFullCredit":false},{"lineNumber":28,"author":{"gitId":"ZhongBaode"},"content":"        goodByeMessage();","lastModifiedDate":"2025-09-03T18:03:05","isFullCredit":false},{"lineNumber":29,"author":{"gitId":"ZhongBaode"},"content":"    }","lastModifiedDate":"2025-09-03T18:03:05","isFullCredit":false},{"lineNumber":30,"author":{"gitId":"ZhongBaode"},"content":"","lastModifiedDate":"2025-08-30T22:51:09","isFullCredit":false},{"lineNumber":31,"author":{"gitId":"ZhongBaode"},"content":"    private void handle(String raw){","lastModifiedDate":"2025-09-03T18:04:02","isFullCredit":false},{"lineNumber":32,"author":{"gitId":"ZhongBaode"},"content":"        String input \u003d raw.trim();","lastModifiedDate":"2025-09-03T18:04:02","isFullCredit":false},{"lineNumber":33,"author":{"gitId":"ZhongBaode"},"content":"        if(input.isEmpty()){","lastModifiedDate":"2025-09-03T18:04:02","isFullCredit":false},{"lineNumber":34,"author":{"gitId":"ZhongBaode"},"content":"            return;","lastModifiedDate":"2025-09-03T18:04:02","isFullCredit":false},{"lineNumber":35,"author":{"gitId":"ZhongBaode"},"content":"        }","lastModifiedDate":"2025-09-03T18:04:02","isFullCredit":false},{"lineNumber":36,"author":{"gitId":"ZhongBaode"},"content":"","lastModifiedDate":"2025-09-03T18:04:02","isFullCredit":false},{"lineNumber":37,"author":{"gitId":"ZhongBaode"},"content":"        String[] splits \u003d input.split(\"\\\\s+\", 2);","lastModifiedDate":"2025-09-11T17:59:16","isFullCredit":false},{"lineNumber":38,"author":{"gitId":"ZhongBaode"},"content":"        String command \u003d splits[CMD_INDEX].toLowerCase(Locale.ROOT);","lastModifiedDate":"2025-09-11T17:59:16","isFullCredit":false},{"lineNumber":39,"author":{"gitId":"ZhongBaode"},"content":"","lastModifiedDate":"2025-09-11T17:59:16","isFullCredit":false},{"lineNumber":40,"author":{"gitId":"ZhongBaode"},"content":"        switch (command){","lastModifiedDate":"2025-09-03T18:04:02","isFullCredit":false},{"lineNumber":41,"author":{"gitId":"ZhongBaode"},"content":"            case \"bye\" -\u003e this.isRunning \u003d false;","lastModifiedDate":"2025-09-11T17:59:16","isFullCredit":false},{"lineNumber":42,"author":{"gitId":"ZhongBaode"},"content":"            case \"deadline\" -\u003e  insertDeadline(splits[DESCRIPTION_INDEX]);","lastModifiedDate":"2025-09-11T17:59:16","isFullCredit":false},{"lineNumber":43,"author":{"gitId":"ZhongBaode"},"content":"            case \"list\" -\u003e      printArrayList(inputs);","lastModifiedDate":"2025-09-11T17:59:16","isFullCredit":false},{"lineNumber":44,"author":{"gitId":"ZhongBaode"},"content":"            case \"mark\" -\u003e      markAsDone(input, inputs);","lastModifiedDate":"2025-09-11T17:59:16","isFullCredit":false},{"lineNumber":45,"author":{"gitId":"ZhongBaode"},"content":"            case \"unmark\" -\u003e    markAsUndone(input, inputs);","lastModifiedDate":"2025-09-11T17:59:16","isFullCredit":false},{"lineNumber":46,"author":{"gitId":"ZhongBaode"},"content":"            case \"todo\" -\u003e      insertTodo(splits[DESCRIPTION_INDEX]);","lastModifiedDate":"2025-09-11T17:59:16","isFullCredit":false},{"lineNumber":47,"author":{"gitId":"ZhongBaode"},"content":"            case \"event\" -\u003e     insertEvent(splits[DESCRIPTION_INDEX]);","lastModifiedDate":"2025-09-11T17:59:16","isFullCredit":false},{"lineNumber":48,"author":{"gitId":"ZhongBaode"},"content":"        }","lastModifiedDate":"2025-09-03T18:04:02","isFullCredit":false},{"lineNumber":49,"author":{"gitId":"ZhongBaode"},"content":"    }","lastModifiedDate":"2025-09-03T18:04:02","isFullCredit":false},{"lineNumber":50,"author":{"gitId":"ZhongBaode"},"content":"","lastModifiedDate":"2025-09-03T18:03:05","isFullCredit":false},{"lineNumber":51,"author":{"gitId":"ZhongBaode"},"content":"    private static void insertEvent(String uncleanedString) {","lastModifiedDate":"2025-09-11T17:59:16","isFullCredit":false},{"lineNumber":52,"author":{"gitId":"ZhongBaode"},"content":"        String description \u003d uncleanedString.substring(0, uncleanedString.indexOf(EVENT_CMD_FROM));","lastModifiedDate":"2025-09-11T17:59:16","isFullCredit":false},{"lineNumber":53,"author":{"gitId":"ZhongBaode"},"content":"        String startDate \u003d uncleanedString.substring(uncleanedString.indexOf(EVENT_CMD_FROM) + EVENT_CMD_FROM.length(), uncleanedString.indexOf(EVENT_CMD_TO));","lastModifiedDate":"2025-09-11T17:59:16","isFullCredit":false},{"lineNumber":54,"author":{"gitId":"ZhongBaode"},"content":"        String endDate \u003d uncleanedString.substring(uncleanedString.indexOf(EVENT_CMD_TO) + EVENT_CMD_TO.length());","lastModifiedDate":"2025-09-11T17:59:16","isFullCredit":false},{"lineNumber":55,"author":{"gitId":"ZhongBaode"},"content":"        Event event \u003d new Event(description, startDate, endDate);","lastModifiedDate":"2025-09-11T17:59:16","isFullCredit":false},{"lineNumber":56,"author":{"gitId":"ZhongBaode"},"content":"        inputs.add(inputs.size(), event);","lastModifiedDate":"2025-09-11T17:59:16","isFullCredit":false},{"lineNumber":57,"author":{"gitId":"ZhongBaode"},"content":"        addEventSuccess(event);","lastModifiedDate":"2025-09-11T17:59:16","isFullCredit":false},{"lineNumber":58,"author":{"gitId":"ZhongBaode"},"content":"    }","lastModifiedDate":"2025-09-03T18:04:02","isFullCredit":false},{"lineNumber":59,"author":{"gitId":"ZhongBaode"},"content":"","lastModifiedDate":"2025-09-03T18:04:02","isFullCredit":false},{"lineNumber":60,"author":{"gitId":"ZhongBaode"},"content":"    private static void insertTodo(String input) {","lastModifiedDate":"2025-09-11T17:59:16","isFullCredit":false},{"lineNumber":61,"author":{"gitId":"ZhongBaode"},"content":"        Todo todo \u003d new Todo(input);","lastModifiedDate":"2025-09-11T17:59:16","isFullCredit":false},{"lineNumber":62,"author":{"gitId":"ZhongBaode"},"content":"        inputs.add(inputs.size(), todo);","lastModifiedDate":"2025-09-11T17:59:16","isFullCredit":false},{"lineNumber":63,"author":{"gitId":"ZhongBaode"},"content":"        addEventSuccess(todo);","lastModifiedDate":"2025-09-11T17:59:16","isFullCredit":false},{"lineNumber":64,"author":{"gitId":"ZhongBaode"},"content":"    }","lastModifiedDate":"2025-09-03T18:04:02","isFullCredit":false},{"lineNumber":65,"author":{"gitId":"ZhongBaode"},"content":"","lastModifiedDate":"2025-09-11T17:59:16","isFullCredit":false},{"lineNumber":66,"author":{"gitId":"ZhongBaode"},"content":"    private static void insertDeadline(String uncleanedString) {","lastModifiedDate":"2025-09-11T17:59:16","isFullCredit":false},{"lineNumber":67,"author":{"gitId":"ZhongBaode"},"content":"        String description \u003d uncleanedString.substring(0, uncleanedString.indexOf(DEADLINE_BY_CMD));","lastModifiedDate":"2025-09-11T17:59:16","isFullCredit":false},{"lineNumber":68,"author":{"gitId":"ZhongBaode"},"content":"        String date \u003d uncleanedString.substring(uncleanedString.indexOf(DEADLINE_BY_CMD) + DEADLINE_BY_CMD.length());","lastModifiedDate":"2025-09-11T17:59:16","isFullCredit":false},{"lineNumber":69,"author":{"gitId":"ZhongBaode"},"content":"        Deadline task \u003d new Deadline(description, date);","lastModifiedDate":"2025-09-11T17:59:16","isFullCredit":false},{"lineNumber":70,"author":{"gitId":"ZhongBaode"},"content":"        inputs.add(inputs.size(),task);","lastModifiedDate":"2025-09-03T18:04:02","isFullCredit":false},{"lineNumber":71,"author":{"gitId":"ZhongBaode"},"content":"        addEventSuccess(task);","lastModifiedDate":"2025-09-11T17:59:16","isFullCredit":false},{"lineNumber":72,"author":{"gitId":"ZhongBaode"},"content":"    }","lastModifiedDate":"2025-08-30T22:51:09","isFullCredit":false},{"lineNumber":73,"author":{"gitId":"ZhongBaode"},"content":"","lastModifiedDate":"2025-08-30T22:51:09","isFullCredit":false},{"lineNumber":74,"author":{"gitId":"ZhongBaode"},"content":"    private  static void addEventSuccess(Task task){","lastModifiedDate":"2025-09-11T17:59:16","isFullCredit":false},{"lineNumber":75,"author":{"gitId":"ZhongBaode"},"content":"        System.out.println(\"____________________________________________________________\");","lastModifiedDate":"2025-09-11T17:59:16","isFullCredit":false},{"lineNumber":76,"author":{"gitId":"ZhongBaode"},"content":"        System.out.println(\"Got it! I\u0027ve added this task for you :3\");","lastModifiedDate":"2025-09-11T17:59:16","isFullCredit":false},{"lineNumber":77,"author":{"gitId":"ZhongBaode"},"content":"        System.out.println(task.toString());","lastModifiedDate":"2025-09-11T17:59:16","isFullCredit":false},{"lineNumber":78,"author":{"gitId":"ZhongBaode"},"content":"        System.out.println(\"You now have \" + inputs.size() + \" tasks in the list\");","lastModifiedDate":"2025-09-11T17:59:16","isFullCredit":false},{"lineNumber":79,"author":{"gitId":"ZhongBaode"},"content":"        System.out.println(\"____________________________________________________________\");","lastModifiedDate":"2025-09-11T17:59:16","isFullCredit":false},{"lineNumber":80,"author":{"gitId":"ZhongBaode"},"content":"    }","lastModifiedDate":"2025-09-11T17:59:16","isFullCredit":false},{"lineNumber":81,"author":{"gitId":"ZhongBaode"},"content":"    private static void markAsUndone(String input, List\u003cTask\u003e inputs) {","lastModifiedDate":"2025-09-03T18:03:05","isFullCredit":false},{"lineNumber":82,"author":{"gitId":"ZhongBaode"},"content":"        try {","lastModifiedDate":"2025-08-30T22:51:09","isFullCredit":false},{"lineNumber":83,"author":{"gitId":"ZhongBaode"},"content":"            int listIndex \u003d Integer.parseInt(input.substring(7)) - 1;","lastModifiedDate":"2025-08-30T22:51:09","isFullCredit":false},{"lineNumber":84,"author":{"gitId":"ZhongBaode"},"content":"            inputs.get(listIndex).markAsUndone();","lastModifiedDate":"2025-08-30T22:51:09","isFullCredit":false},{"lineNumber":85,"author":{"gitId":"ZhongBaode"},"content":"            System.out.println(\"OK I have unmarked this task for you :3\");","lastModifiedDate":"2025-09-11T17:59:16","isFullCredit":false},{"lineNumber":86,"author":{"gitId":"ZhongBaode"},"content":"","lastModifiedDate":"2025-09-11T17:59:16","isFullCredit":false},{"lineNumber":87,"author":{"gitId":"ZhongBaode"},"content":"        }","lastModifiedDate":"2025-08-30T22:51:09","isFullCredit":false},{"lineNumber":88,"author":{"gitId":"ZhongBaode"},"content":"        catch (Exception e) {","lastModifiedDate":"2025-08-30T22:51:09","isFullCredit":false},{"lineNumber":89,"author":{"gitId":"ZhongBaode"},"content":"            System.out.println(\"(“index out of range”, “please enter a number”\");","lastModifiedDate":"2025-08-30T22:51:09","isFullCredit":false},{"lineNumber":90,"author":{"gitId":"ZhongBaode"},"content":"        }","lastModifiedDate":"2025-08-30T22:51:09","isFullCredit":false},{"lineNumber":91,"author":{"gitId":"ZhongBaode"},"content":"    }","lastModifiedDate":"2025-08-30T22:51:09","isFullCredit":false},{"lineNumber":92,"author":{"gitId":"ZhongBaode"},"content":"","lastModifiedDate":"2025-08-30T22:51:09","isFullCredit":false},{"lineNumber":93,"author":{"gitId":"ZhongBaode"},"content":"    private static void markAsDone(String input, List\u003cTask\u003e inputs) {","lastModifiedDate":"2025-09-03T18:03:05","isFullCredit":false},{"lineNumber":94,"author":{"gitId":"ZhongBaode"},"content":"        try {","lastModifiedDate":"2025-08-30T22:51:09","isFullCredit":false},{"lineNumber":95,"author":{"gitId":"ZhongBaode"},"content":"            int listIndex \u003d Integer.parseInt(input.substring(5)) - 1;","lastModifiedDate":"2025-08-30T22:51:09","isFullCredit":false},{"lineNumber":96,"author":{"gitId":"ZhongBaode"},"content":"            inputs.get(listIndex).markAsDone();","lastModifiedDate":"2025-08-30T22:51:09","isFullCredit":false},{"lineNumber":97,"author":{"gitId":"ZhongBaode"},"content":"            System.out.println(\"OK I have marked this task for you :3\");","lastModifiedDate":"2025-09-11T17:59:16","isFullCredit":false},{"lineNumber":98,"author":{"gitId":"ZhongBaode"},"content":"        }","lastModifiedDate":"2025-08-30T22:51:09","isFullCredit":false},{"lineNumber":99,"author":{"gitId":"ZhongBaode"},"content":"        catch (Exception e) {","lastModifiedDate":"2025-08-30T22:51:09","isFullCredit":false},{"lineNumber":100,"author":{"gitId":"ZhongBaode"},"content":"            System.out.println(\"(“index out of range”, “please enter a number”\");","lastModifiedDate":"2025-08-30T22:51:09","isFullCredit":false},{"lineNumber":101,"author":{"gitId":"ZhongBaode"},"content":"        }","lastModifiedDate":"2025-08-30T22:51:09","isFullCredit":false},{"lineNumber":102,"author":{"gitId":"ZhongBaode"},"content":"    }","lastModifiedDate":"2025-08-30T22:51:09","isFullCredit":false},{"lineNumber":103,"author":{"gitId":"ZhongBaode"},"content":"","lastModifiedDate":"2025-08-30T22:51:09","isFullCredit":false},{"lineNumber":104,"author":{"gitId":"ZhongBaode"},"content":"    private static void printArrayList(List\u003cTask\u003e inputs) {","lastModifiedDate":"2025-09-03T18:03:05","isFullCredit":false},{"lineNumber":105,"author":{"gitId":"ZhongBaode"},"content":"        System.out.println(\"____________________________________________________________\");","lastModifiedDate":"2025-08-30T22:51:09","isFullCredit":false},{"lineNumber":106,"author":{"gitId":"ZhongBaode"},"content":"        for(int i \u003d 0; i \u003c inputs.size(); i++) {","lastModifiedDate":"2025-08-30T22:51:09","isFullCredit":false},{"lineNumber":107,"author":{"gitId":"ZhongBaode"},"content":"            System.out.println(i + 1 + \":\" + inputs.get(i).toString());","lastModifiedDate":"2025-09-11T17:59:16","isFullCredit":false},{"lineNumber":108,"author":{"gitId":"ZhongBaode"},"content":"        }","lastModifiedDate":"2025-08-30T22:51:09","isFullCredit":false},{"lineNumber":109,"author":{"gitId":"ZhongBaode"},"content":"        System.out.println(\"____________________________________________________________\");","lastModifiedDate":"2025-08-30T22:51:09","isFullCredit":false},{"lineNumber":110,"author":{"gitId":"ZhongBaode"},"content":"    }","lastModifiedDate":"2025-08-30T22:51:09","isFullCredit":false},{"lineNumber":111,"author":{"gitId":"ZhongBaode"},"content":"","lastModifiedDate":"2025-08-30T22:51:09","isFullCredit":false},{"lineNumber":112,"author":{"gitId":"ZhongBaode"},"content":"    private static void welcomeMessage() {","lastModifiedDate":"2025-08-30T22:51:09","isFullCredit":false},{"lineNumber":113,"author":{"gitId":"ZhongBaode"},"content":"        String logo \u003d \"\"\"","lastModifiedDate":"2025-08-24T19:37:56","isFullCredit":false},{"lineNumber":114,"author":{"gitId":"ZhongBaode"},"content":"                ____________________________________________________________","lastModifiedDate":"2025-08-24T19:37:56","isFullCredit":false},{"lineNumber":115,"author":{"gitId":"ZhongBaode"},"content":"                Hello! I\u0027m Mochi","lastModifiedDate":"2025-08-24T19:37:56","isFullCredit":false},{"lineNumber":116,"author":{"gitId":"ZhongBaode"},"content":"                What can I do for you?","lastModifiedDate":"2025-08-24T19:37:56","isFullCredit":false},{"lineNumber":117,"author":{"gitId":"ZhongBaode"},"content":"                ____________________________________________________________","lastModifiedDate":"2025-08-24T19:37:56","isFullCredit":false},{"lineNumber":118,"author":{"gitId":"ZhongBaode"},"content":"                \"\"\";","lastModifiedDate":"2025-08-30T22:51:09","isFullCredit":false},{"lineNumber":119,"author":{"gitId":"ZhongBaode"},"content":"        System.out.println(logo);","lastModifiedDate":"2025-08-30T22:51:09","isFullCredit":false},{"lineNumber":120,"author":{"gitId":"ZhongBaode"},"content":"    }","lastModifiedDate":"2025-08-30T22:51:09","isFullCredit":false},{"lineNumber":121,"author":{"gitId":"ZhongBaode"},"content":"","lastModifiedDate":"2025-08-30T22:51:09","isFullCredit":false},{"lineNumber":122,"author":{"gitId":"ZhongBaode"},"content":"    private static void goodByeMessage() {","lastModifiedDate":"2025-08-30T22:51:09","isFullCredit":false},{"lineNumber":123,"author":{"gitId":"ZhongBaode"},"content":"        String logo \u003d \"\"\"","lastModifiedDate":"2025-08-30T22:51:09","isFullCredit":false},{"lineNumber":124,"author":{"gitId":"ZhongBaode"},"content":"                ____________________________________________________________","lastModifiedDate":"2025-08-30T22:51:09","isFullCredit":false},{"lineNumber":125,"author":{"gitId":"ZhongBaode"},"content":"                    Noot Noot","lastModifiedDate":"2025-08-30T22:51:09","isFullCredit":false},{"lineNumber":126,"author":{"gitId":"ZhongBaode"},"content":"                ____________________________________________________________","lastModifiedDate":"2025-08-24T19:37:56","isFullCredit":false},{"lineNumber":127,"author":{"gitId":"ZhongBaode"},"content":"                \"\"\";","lastModifiedDate":"2025-08-24T19:37:56","isFullCredit":false},{"lineNumber":128,"author":{"gitId":"ZhongBaode"},"content":"        System.out.println(logo);","lastModifiedDate":"2025-08-30T22:51:09","isFullCredit":false},{"lineNumber":129,"author":{"gitId":"ZhongBaode"},"content":"    }","lastModifiedDate":"2025-08-24T19:37:56","isFullCredit":false},{"lineNumber":130,"author":{"gitId":"ZhongBaode"},"content":"}","lastModifiedDate":"2025-08-24T19:37:56","isFullCredit":false}],"authorContributionMap":{"ZhongBaode":130}},{"path":"src/main/java/Task.java","fileType":"java","lines":[{"lineNumber":1,"author":{"gitId":"ZhongBaode"},"content":"public class Task {","lastModifiedDate":"2025-08-30T22:51:09","isFullCredit":false},{"lineNumber":2,"author":{"gitId":"ZhongBaode"},"content":"    protected String description;","lastModifiedDate":"2025-09-11T17:59:16","isFullCredit":false},{"lineNumber":3,"author":{"gitId":"ZhongBaode"},"content":"    private boolean isDone \u003d false;","lastModifiedDate":"2025-08-30T22:51:09","isFullCredit":false},{"lineNumber":4,"author":{"gitId":"ZhongBaode"},"content":"","lastModifiedDate":"2025-08-30T22:51:09","isFullCredit":false},{"lineNumber":5,"author":{"gitId":"ZhongBaode"},"content":"    public Task(String description) {","lastModifiedDate":"2025-08-30T22:51:09","isFullCredit":false},{"lineNumber":6,"author":{"gitId":"ZhongBaode"},"content":"        this.description \u003d description;","lastModifiedDate":"2025-08-30T22:51:09","isFullCredit":false},{"lineNumber":7,"author":{"gitId":"ZhongBaode"},"content":"    }","lastModifiedDate":"2025-08-30T22:51:09","isFullCredit":false},{"lineNumber":8,"author":{"gitId":"ZhongBaode"},"content":"","lastModifiedDate":"2025-08-30T22:51:09","isFullCredit":false},{"lineNumber":9,"author":{"gitId":"ZhongBaode"},"content":"    public void setDescription(String description) {","lastModifiedDate":"2025-08-30T22:51:09","isFullCredit":false},{"lineNumber":10,"author":{"gitId":"ZhongBaode"},"content":"        this.description \u003d description;","lastModifiedDate":"2025-08-30T22:51:09","isFullCredit":false},{"lineNumber":11,"author":{"gitId":"ZhongBaode"},"content":"    }","lastModifiedDate":"2025-08-30T22:51:09","isFullCredit":false},{"lineNumber":12,"author":{"gitId":"ZhongBaode"},"content":"","lastModifiedDate":"2025-08-30T22:51:09","isFullCredit":false},{"lineNumber":13,"author":{"gitId":"ZhongBaode"},"content":"    public void markAsDone() {","lastModifiedDate":"2025-08-30T22:51:09","isFullCredit":false},{"lineNumber":14,"author":{"gitId":"ZhongBaode"},"content":"        this.isDone \u003d true;","lastModifiedDate":"2025-08-30T22:51:09","isFullCredit":false},{"lineNumber":15,"author":{"gitId":"ZhongBaode"},"content":"    }","lastModifiedDate":"2025-08-30T22:51:09","isFullCredit":false},{"lineNumber":16,"author":{"gitId":"ZhongBaode"},"content":"","lastModifiedDate":"2025-08-30T22:51:09","isFullCredit":false},{"lineNumber":17,"author":{"gitId":"ZhongBaode"},"content":"    public void markAsUndone() {","lastModifiedDate":"2025-08-30T22:51:09","isFullCredit":false},{"lineNumber":18,"author":{"gitId":"ZhongBaode"},"content":"        this.isDone \u003d false;","lastModifiedDate":"2025-08-30T22:51:09","isFullCredit":false},{"lineNumber":19,"author":{"gitId":"ZhongBaode"},"content":"    }","lastModifiedDate":"2025-08-30T22:51:09","isFullCredit":false},{"lineNumber":20,"author":{"gitId":"ZhongBaode"},"content":"","lastModifiedDate":"2025-08-30T22:51:09","isFullCredit":false},{"lineNumber":21,"author":{"gitId":"ZhongBaode"},"content":"    public String getDescription() {","lastModifiedDate":"2025-08-30T22:51:09","isFullCredit":false},{"lineNumber":22,"author":{"gitId":"ZhongBaode"},"content":"        return description;","lastModifiedDate":"2025-08-30T22:51:09","isFullCredit":false},{"lineNumber":23,"author":{"gitId":"ZhongBaode"},"content":"    }","lastModifiedDate":"2025-08-30T22:51:09","isFullCredit":false},{"lineNumber":24,"author":{"gitId":"ZhongBaode"},"content":"","lastModifiedDate":"2025-08-30T22:51:09","isFullCredit":false},{"lineNumber":25,"author":{"gitId":"ZhongBaode"},"content":"    public String toString() {","lastModifiedDate":"2025-09-11T17:59:16","isFullCredit":false},{"lineNumber":26,"author":{"gitId":"ZhongBaode"},"content":"        return (\"[\" + getStatusIcon() + \"] \" + getDescription());","lastModifiedDate":"2025-09-11T17:59:16","isFullCredit":false},{"lineNumber":27,"author":{"gitId":"ZhongBaode"},"content":"    }","lastModifiedDate":"2025-09-11T17:59:16","isFullCredit":false},{"lineNumber":28,"author":{"gitId":"ZhongBaode"},"content":"","lastModifiedDate":"2025-09-11T17:59:16","isFullCredit":false},{"lineNumber":29,"author":{"gitId":"ZhongBaode"},"content":"    public String getStatusIcon() {","lastModifiedDate":"2025-08-30T22:51:09","isFullCredit":false},{"lineNumber":30,"author":{"gitId":"ZhongBaode"},"content":"        return (this.isDone ? \"X\" : \" \"); // mark done task with X","lastModifiedDate":"2025-08-30T22:51:09","isFullCredit":false},{"lineNumber":31,"author":{"gitId":"ZhongBaode"},"content":"    }","lastModifiedDate":"2025-08-30T22:51:09","isFullCredit":false},{"lineNumber":32,"author":{"gitId":"ZhongBaode"},"content":"}","lastModifiedDate":"2025-08-30T22:51:09","isFullCredit":false}],"authorContributionMap":{"ZhongBaode":32}},{"path":"src/main/java/Todo.java","fileType":"java","lines":[{"lineNumber":1,"author":{"gitId":"ZhongBaode"},"content":"public class Todo extends Task{","lastModifiedDate":"2025-09-11T17:59:16","isFullCredit":false},{"lineNumber":2,"author":{"gitId":"ZhongBaode"},"content":"    public Todo(String description) {","lastModifiedDate":"2025-09-11T17:59:16","isFullCredit":false},{"lineNumber":3,"author":{"gitId":"ZhongBaode"},"content":"        super(description);","lastModifiedDate":"2025-09-11T17:59:16","isFullCredit":false},{"lineNumber":4,"author":{"gitId":"ZhongBaode"},"content":"    }","lastModifiedDate":"2025-09-11T17:59:16","isFullCredit":false},{"lineNumber":5,"author":{"gitId":"ZhongBaode"},"content":"","lastModifiedDate":"2025-09-11T17:59:16","isFullCredit":false},{"lineNumber":6,"author":{"gitId":"ZhongBaode"},"content":"    @Override","lastModifiedDate":"2025-09-11T17:59:16","isFullCredit":false},{"lineNumber":7,"author":{"gitId":"ZhongBaode"},"content":"    public String toString() {","lastModifiedDate":"2025-09-11T17:59:16","isFullCredit":false},{"lineNumber":8,"author":{"gitId":"ZhongBaode"},"content":"        return \"[T]\" + super.toString();","lastModifiedDate":"2025-09-11T17:59:16","isFullCredit":false},{"lineNumber":9,"author":{"gitId":"ZhongBaode"},"content":"    }","lastModifiedDate":"2025-09-11T17:59:16","isFullCredit":false},{"lineNumber":10,"author":{"gitId":"ZhongBaode"},"content":"}","lastModifiedDate":"2025-09-11T17:59:16","isFullCredit":false}],"authorContributionMap":{"ZhongBaode":10}},{"path":"text-ui-test/runtest.bat","fileType":"bat","lines":[{"lineNumber":1,"author":{"gitId":"-"},"content":"@ECHO OFF","lastModifiedDate":"2020-05-25T00:03:55","isFullCredit":false},{"lineNumber":2,"author":{"gitId":"-"},"content":"","lastModifiedDate":"2020-05-25T00:03:55","isFullCredit":false},{"lineNumber":3,"author":{"gitId":"-"},"content":"REM create bin directory if it doesn\u0027t exist","lastModifiedDate":"2020-05-25T00:03:55","isFullCredit":false},{"lineNumber":4,"author":{"gitId":"-"},"content":"if not exist ..\\bin mkdir ..\\bin","lastModifiedDate":"2020-05-25T00:03:55","isFullCredit":false},{"lineNumber":5,"author":{"gitId":"-"},"content":"","lastModifiedDate":"2020-05-25T00:03:55","isFullCredit":false},{"lineNumber":6,"author":{"gitId":"-"},"content":"REM delete output from previous run","lastModifiedDate":"2020-05-25T00:03:55","isFullCredit":false},{"lineNumber":7,"author":{"gitId":"-"},"content":"if exist ACTUAL.TXT del ACTUAL.TXT","lastModifiedDate":"2020-08-25T17:23:26","isFullCredit":false},{"lineNumber":8,"author":{"gitId":"-"},"content":"","lastModifiedDate":"2020-05-25T00:03:55","isFullCredit":false},{"lineNumber":9,"author":{"gitId":"-"},"content":"REM compile the code into the bin folder","lastModifiedDate":"2020-05-25T00:03:55","isFullCredit":false},{"lineNumber":10,"author":{"gitId":"-"},"content":"javac  -cp ..\\src\\main\\java -Xlint:none -d ..\\bin ..\\src\\main\\java\\*.java","lastModifiedDate":"2020-08-25T17:23:26","isFullCredit":false},{"lineNumber":11,"author":{"gitId":"-"},"content":"IF ERRORLEVEL 1 (","lastModifiedDate":"2020-05-25T00:03:55","isFullCredit":false},{"lineNumber":12,"author":{"gitId":"-"},"content":"    echo ********** BUILD FAILURE **********","lastModifiedDate":"2020-05-25T00:03:55","isFullCredit":false},{"lineNumber":13,"author":{"gitId":"-"},"content":"    exit /b 1","lastModifiedDate":"2020-05-25T00:03:55","isFullCredit":false},{"lineNumber":14,"author":{"gitId":"-"},"content":")","lastModifiedDate":"2020-05-25T00:03:55","isFullCredit":false},{"lineNumber":15,"author":{"gitId":"-"},"content":"REM no error here, errorlevel \u003d\u003d 0","lastModifiedDate":"2020-05-25T00:03:55","isFullCredit":false},{"lineNumber":16,"author":{"gitId":"-"},"content":"","lastModifiedDate":"2020-05-25T00:03:55","isFullCredit":false},{"lineNumber":17,"author":{"gitId":"-"},"content":"REM run the program, feed commands from input.txt file and redirect the output to the ACTUAL.TXT","lastModifiedDate":"2020-05-25T00:03:55","isFullCredit":false},{"lineNumber":18,"author":{"gitId":"ZhongBaode"},"content":"java -classpath ..\\bin Mochi \u003c input.txt \u003e ACTUAL.TXT","lastModifiedDate":"2025-08-24T19:37:56","isFullCredit":false},{"lineNumber":19,"author":{"gitId":"-"},"content":"","lastModifiedDate":"2020-05-25T00:03:55","isFullCredit":false},{"lineNumber":20,"author":{"gitId":"-"},"content":"REM compare the output to the expected output","lastModifiedDate":"2020-05-25T00:03:55","isFullCredit":false},{"lineNumber":21,"author":{"gitId":"-"},"content":"FC ACTUAL.TXT EXPECTED.TXT","lastModifiedDate":"2020-05-25T00:03:55","isFullCredit":false}],"authorContributionMap":{"ZhongBaode":1,"-":20}}]
