{"authorDailyContributionsMap":{"noellethen":[{"date":"2025-08-18T00:00:00","commitResults":[{"hash":"94dab3e5f2b5180ebeff08508d90ef7160d64e82","isMergeCommit":false,"messageTitle":"Rename chatbot","messageBody":"","fileTypesAndContributionMap":{"java":{"insertions":16,"deletions":10},"md":{"insertions":16,"deletions":13}}}]},{"date":"2025-08-19T00:00:00","commitResults":[{"hash":"d089ae4b479b3042f6993e25851610bcfc4c4a2a","isMergeCommit":false,"messageTitle":"Implement greet \u0026 exit","messageBody":"","tags":["Level-0"],"fileTypesAndContributionMap":{"java":{"insertions":2,"deletions":0}}}]},{"date":"2025-08-23T00:00:00","commitResults":[{"hash":"41fc15fa2cf91f75982311e5f06c31b65b0ba69f","isMergeCommit":false,"messageTitle":"Personalise chatbot style","messageBody":"","fileTypesAndContributionMap":{"java":{"insertions":13,"deletions":11}}},{"hash":"00f7bff0283805ae3487acc6734048ad366d2b68","isMergeCommit":false,"messageTitle":"Update README.md","messageBody":"","fileTypesAndContributionMap":{"md":{"insertions":1,"deletions":1}}},{"hash":"335ad082b8b8269f05ed8d61fa4dc409f3a16ecd","isMergeCommit":false,"messageTitle":"Implement input echo","messageBody":"Echo user input with divider formatting. Add a personalised message upon initialisation and termination of chatbot when user types \"bye\".\n\nThis improves user experience.\n","tags":["Level-1","A-CodingStandard"],"fileTypesAndContributionMap":{"java":{"insertions":48,"deletions":16}}},{"hash":"79cc111d40de1991db84605244d1cf33f9536319","isMergeCommit":false,"messageTitle":"Add simple to-do list feature","messageBody":"","tags":["Level-2"],"fileTypesAndContributionMap":{"java":{"insertions":48,"deletions":17}}},{"hash":"6cd679db2a2e2315e8222b2bb4c25e9d4963fe6a","isMergeCommit":false,"messageTitle":"Add Task class","messageBody":"","tags":["A-Classes"],"fileTypesAndContributionMap":{"java":{"insertions":21,"deletions":0}}},{"hash":"18ff32ad9c896da0775a064950fb2cad00dc9592","isMergeCommit":false,"messageTitle":"Implement mark as done and unmark as done","messageBody":"","tags":["Level-3"],"fileTypesAndContributionMap":{"java":{"insertions":55,"deletions":9}}}]}]},"authorFileTypeContributionMap":{"noellethen":{"java":150,"md":17,"fxml":0,"sh":0,"bat":0,"gradle":0,"txt":0}},"authorContributionVariance":{"noellethen":3444.746},"authorDisplayNameMap":{"noellethen":"CS2113-W12-4 THEN..ELLE"}}
