[{"path":"src/main/java/Deadline.java","fileType":"java","lines":[{"lineNumber":1,"author":{"gitId":"Jeweljace"},"content":"public class Deadline extends Task {","lastModifiedDate":"2025-09-03T21:44:38","isFullCredit":false},{"lineNumber":2,"author":{"gitId":"Jeweljace"},"content":"","lastModifiedDate":"2025-09-03T21:44:38","isFullCredit":false},{"lineNumber":3,"author":{"gitId":"Jeweljace"},"content":"    protected String by;","lastModifiedDate":"2025-09-03T21:44:38","isFullCredit":false},{"lineNumber":4,"author":{"gitId":"Jeweljace"},"content":"","lastModifiedDate":"2025-09-03T21:44:38","isFullCredit":false},{"lineNumber":5,"author":{"gitId":"Jeweljace"},"content":"    public Deadline(String description, String by) {","lastModifiedDate":"2025-09-03T21:44:38","isFullCredit":false},{"lineNumber":6,"author":{"gitId":"Jeweljace"},"content":"        super(description);","lastModifiedDate":"2025-09-03T21:44:38","isFullCredit":false},{"lineNumber":7,"author":{"gitId":"Jeweljace"},"content":"        this.by \u003d by;","lastModifiedDate":"2025-09-03T21:44:38","isFullCredit":false},{"lineNumber":8,"author":{"gitId":"Jeweljace"},"content":"    }","lastModifiedDate":"2025-09-03T21:44:38","isFullCredit":false},{"lineNumber":9,"author":{"gitId":"Jeweljace"},"content":"","lastModifiedDate":"2025-09-03T21:44:38","isFullCredit":false},{"lineNumber":10,"author":{"gitId":"Jeweljace"},"content":"    @Override","lastModifiedDate":"2025-09-03T21:44:38","isFullCredit":false},{"lineNumber":11,"author":{"gitId":"Jeweljace"},"content":"    public String toString() {","lastModifiedDate":"2025-09-03T21:44:38","isFullCredit":false},{"lineNumber":12,"author":{"gitId":"Jeweljace"},"content":"        return \"[D]\" + super.toString() + \" (by: \" + by + \")\";","lastModifiedDate":"2025-09-03T21:44:38","isFullCredit":false},{"lineNumber":13,"author":{"gitId":"Jeweljace"},"content":"    }","lastModifiedDate":"2025-09-03T21:44:38","isFullCredit":false},{"lineNumber":14,"author":{"gitId":"Jeweljace"},"content":"","lastModifiedDate":"2025-09-18T23:33:30","isFullCredit":false},{"lineNumber":15,"author":{"gitId":"Jeweljace"},"content":"    @Override","lastModifiedDate":"2025-09-18T23:33:30","isFullCredit":false},{"lineNumber":16,"author":{"gitId":"Jeweljace"},"content":"    public String toSave() {","lastModifiedDate":"2025-09-18T23:33:30","isFullCredit":false},{"lineNumber":17,"author":{"gitId":"Jeweljace"},"content":"        return \"D | \" + (isDone ? \"1\" : \"0\") + \" | \" + description + \" | \" + by;","lastModifiedDate":"2025-09-18T23:33:30","isFullCredit":false},{"lineNumber":18,"author":{"gitId":"Jeweljace"},"content":"    }","lastModifiedDate":"2025-09-18T23:33:30","isFullCredit":false},{"lineNumber":19,"author":{"gitId":"Jeweljace"},"content":"}","lastModifiedDate":"2025-09-03T21:44:38","isFullCredit":false}],"authorContributionMap":{"Jeweljace":19}},{"path":"src/main/java/Event.java","fileType":"java","lines":[{"lineNumber":1,"author":{"gitId":"Jeweljace"},"content":"public class Event extends Task{","lastModifiedDate":"2025-09-03T21:44:38","isFullCredit":false},{"lineNumber":2,"author":{"gitId":"Jeweljace"},"content":"    protected String from;","lastModifiedDate":"2025-09-03T21:44:38","isFullCredit":false},{"lineNumber":3,"author":{"gitId":"Jeweljace"},"content":"    protected String to;","lastModifiedDate":"2025-09-03T21:44:38","isFullCredit":false},{"lineNumber":4,"author":{"gitId":"Jeweljace"},"content":"","lastModifiedDate":"2025-09-03T21:44:38","isFullCredit":false},{"lineNumber":5,"author":{"gitId":"Jeweljace"},"content":"    public Event(String description, String from, String to) {","lastModifiedDate":"2025-09-03T21:44:38","isFullCredit":false},{"lineNumber":6,"author":{"gitId":"Jeweljace"},"content":"        super(description);","lastModifiedDate":"2025-09-03T21:44:38","isFullCredit":false},{"lineNumber":7,"author":{"gitId":"Jeweljace"},"content":"        this.from \u003d from;","lastModifiedDate":"2025-09-03T21:44:38","isFullCredit":false},{"lineNumber":8,"author":{"gitId":"Jeweljace"},"content":"        this.to \u003d to;","lastModifiedDate":"2025-09-03T21:44:38","isFullCredit":false},{"lineNumber":9,"author":{"gitId":"Jeweljace"},"content":"    }","lastModifiedDate":"2025-09-03T21:44:38","isFullCredit":false},{"lineNumber":10,"author":{"gitId":"Jeweljace"},"content":"","lastModifiedDate":"2025-09-03T21:44:38","isFullCredit":false},{"lineNumber":11,"author":{"gitId":"Jeweljace"},"content":"    @Override","lastModifiedDate":"2025-09-03T21:44:38","isFullCredit":false},{"lineNumber":12,"author":{"gitId":"Jeweljace"},"content":"    public String toString() {","lastModifiedDate":"2025-09-03T21:44:38","isFullCredit":false},{"lineNumber":13,"author":{"gitId":"Jeweljace"},"content":"        return \"[E]\" + super.toString() + \" (from: \" + from + \" to: \" + to + \")\";","lastModifiedDate":"2025-09-03T21:44:38","isFullCredit":false},{"lineNumber":14,"author":{"gitId":"Jeweljace"},"content":"    }","lastModifiedDate":"2025-09-03T21:44:38","isFullCredit":false},{"lineNumber":15,"author":{"gitId":"Jeweljace"},"content":"","lastModifiedDate":"2025-09-18T23:33:30","isFullCredit":false},{"lineNumber":16,"author":{"gitId":"Jeweljace"},"content":"    @Override","lastModifiedDate":"2025-09-18T23:33:30","isFullCredit":false},{"lineNumber":17,"author":{"gitId":"Jeweljace"},"content":"    public String toSave() {","lastModifiedDate":"2025-09-18T23:33:30","isFullCredit":false},{"lineNumber":18,"author":{"gitId":"Jeweljace"},"content":"        return \"E | \" + (isDone ? \"1\" : \"0\") + \" | \" + description + \" | \" + from + \" | \" + to;","lastModifiedDate":"2025-09-18T23:33:30","isFullCredit":false},{"lineNumber":19,"author":{"gitId":"Jeweljace"},"content":"    }","lastModifiedDate":"2025-09-18T23:33:30","isFullCredit":false},{"lineNumber":20,"author":{"gitId":"Jeweljace"},"content":"}","lastModifiedDate":"2025-09-03T21:44:38","isFullCredit":false}],"authorContributionMap":{"Jeweljace":20}},{"path":"src/main/java/Handle.java","fileType":"java","lines":[{"lineNumber":1,"author":{"gitId":"Jeweljace"},"content":"public final class Handle {","lastModifiedDate":"2025-09-10T23:06:33","isFullCredit":false},{"lineNumber":2,"author":{"gitId":"Jeweljace"},"content":"    private Handle() {","lastModifiedDate":"2025-09-10T23:06:33","isFullCredit":false},{"lineNumber":3,"author":{"gitId":"Jeweljace"},"content":"    }","lastModifiedDate":"2025-09-10T23:06:33","isFullCredit":false},{"lineNumber":4,"author":{"gitId":"Jeweljace"},"content":"","lastModifiedDate":"2025-09-10T23:06:33","isFullCredit":false},{"lineNumber":5,"author":{"gitId":"Jeweljace"},"content":"    private static final String LINE \u003d \"____________________________________________________________\";","lastModifiedDate":"2025-09-10T23:06:33","isFullCredit":false},{"lineNumber":6,"author":{"gitId":"Jeweljace"},"content":"","lastModifiedDate":"2025-09-10T23:06:33","isFullCredit":false},{"lineNumber":7,"author":{"gitId":"Jeweljace"},"content":"    public static void invalidCommand() {","lastModifiedDate":"2025-09-10T23:06:33","isFullCredit":false},{"lineNumber":8,"author":{"gitId":"Jeweljace"},"content":"        System.out.println(LINE);","lastModifiedDate":"2025-09-10T23:06:33","isFullCredit":false},{"lineNumber":9,"author":{"gitId":"Jeweljace"},"content":"        System.out.println(\" Sorry, invalid input :\u003c Please try again. See help for list of valid inputs!\");","lastModifiedDate":"2025-09-10T23:06:33","isFullCredit":false},{"lineNumber":10,"author":{"gitId":"Jeweljace"},"content":"        System.out.println(LINE);","lastModifiedDate":"2025-09-10T23:06:33","isFullCredit":false},{"lineNumber":11,"author":{"gitId":"Jeweljace"},"content":"    }","lastModifiedDate":"2025-09-10T23:06:33","isFullCredit":false},{"lineNumber":12,"author":{"gitId":"Jeweljace"},"content":"","lastModifiedDate":"2025-09-10T23:06:33","isFullCredit":false},{"lineNumber":13,"author":{"gitId":"Jeweljace"},"content":"    public static void missingTaskNumber() {","lastModifiedDate":"2025-09-10T23:06:33","isFullCredit":false},{"lineNumber":14,"author":{"gitId":"Jeweljace"},"content":"        System.out.println(LINE);","lastModifiedDate":"2025-09-10T23:06:33","isFullCredit":false},{"lineNumber":15,"author":{"gitId":"Jeweljace"},"content":"        System.out.println(\" Meow! Please enter a task number!! \");","lastModifiedDate":"2025-09-10T23:06:33","isFullCredit":false},{"lineNumber":16,"author":{"gitId":"Jeweljace"},"content":"        System.out.println(LINE);","lastModifiedDate":"2025-09-10T23:06:33","isFullCredit":false},{"lineNumber":17,"author":{"gitId":"Jeweljace"},"content":"    }","lastModifiedDate":"2025-09-10T23:06:33","isFullCredit":false},{"lineNumber":18,"author":{"gitId":"Jeweljace"},"content":"","lastModifiedDate":"2025-09-10T23:06:33","isFullCredit":false},{"lineNumber":19,"author":{"gitId":"Jeweljace"},"content":"    public static void invalidTaskNumber() {","lastModifiedDate":"2025-09-10T23:06:33","isFullCredit":false},{"lineNumber":20,"author":{"gitId":"Jeweljace"},"content":"        System.out.println(LINE);","lastModifiedDate":"2025-09-10T23:06:33","isFullCredit":false},{"lineNumber":21,"author":{"gitId":"Jeweljace"},"content":"        System.out.println(\" Meow! Invalid task number!\");","lastModifiedDate":"2025-09-10T23:06:33","isFullCredit":false},{"lineNumber":22,"author":{"gitId":"Jeweljace"},"content":"        System.out.println(LINE);","lastModifiedDate":"2025-09-10T23:06:33","isFullCredit":false},{"lineNumber":23,"author":{"gitId":"Jeweljace"},"content":"    }","lastModifiedDate":"2025-09-10T23:06:33","isFullCredit":false},{"lineNumber":24,"author":{"gitId":"Jeweljace"},"content":"","lastModifiedDate":"2025-09-10T23:06:33","isFullCredit":false},{"lineNumber":25,"author":{"gitId":"Jeweljace"},"content":"    public static void emptyTodoDescription() {","lastModifiedDate":"2025-09-10T23:06:33","isFullCredit":false},{"lineNumber":26,"author":{"gitId":"Jeweljace"},"content":"        System.out.println(LINE);","lastModifiedDate":"2025-09-10T23:06:33","isFullCredit":false},{"lineNumber":27,"author":{"gitId":"Jeweljace"},"content":"        System.out.println(\" Meow! Description of todo cannot be empty! \u003d.\u003d\");","lastModifiedDate":"2025-09-10T23:06:33","isFullCredit":false},{"lineNumber":28,"author":{"gitId":"Jeweljace"},"content":"        System.out.println(LINE);","lastModifiedDate":"2025-09-10T23:06:33","isFullCredit":false},{"lineNumber":29,"author":{"gitId":"Jeweljace"},"content":"    }","lastModifiedDate":"2025-09-10T23:06:33","isFullCredit":false},{"lineNumber":30,"author":{"gitId":"Jeweljace"},"content":"","lastModifiedDate":"2025-09-10T23:06:33","isFullCredit":false},{"lineNumber":31,"author":{"gitId":"Jeweljace"},"content":"    public static void emptyDeadlineParts() {","lastModifiedDate":"2025-09-10T23:06:33","isFullCredit":false},{"lineNumber":32,"author":{"gitId":"Jeweljace"},"content":"        System.out.println(LINE);","lastModifiedDate":"2025-09-10T23:06:33","isFullCredit":false},{"lineNumber":33,"author":{"gitId":"Jeweljace"},"content":"        System.out.println(\" Meow! Please fill in a description and a date/time! \u003d.\u003d\");","lastModifiedDate":"2025-09-10T23:06:33","isFullCredit":false},{"lineNumber":34,"author":{"gitId":"Jeweljace"},"content":"        System.out.println(LINE);","lastModifiedDate":"2025-09-10T23:06:33","isFullCredit":false},{"lineNumber":35,"author":{"gitId":"Jeweljace"},"content":"    }","lastModifiedDate":"2025-09-10T23:06:33","isFullCredit":false},{"lineNumber":36,"author":{"gitId":"Jeweljace"},"content":"","lastModifiedDate":"2025-09-10T23:06:33","isFullCredit":false},{"lineNumber":37,"author":{"gitId":"Jeweljace"},"content":"    public static void emptyEventParts() {","lastModifiedDate":"2025-09-10T23:06:33","isFullCredit":false},{"lineNumber":38,"author":{"gitId":"Jeweljace"},"content":"        System.out.println(LINE);","lastModifiedDate":"2025-09-10T23:06:33","isFullCredit":false},{"lineNumber":39,"author":{"gitId":"Jeweljace"},"content":"        System.out.println(\" Meow! Please fill in a description and date/time of start and end! \u003d.\u003d\");","lastModifiedDate":"2025-09-10T23:06:33","isFullCredit":false},{"lineNumber":40,"author":{"gitId":"Jeweljace"},"content":"        System.out.println(LINE);","lastModifiedDate":"2025-09-10T23:06:33","isFullCredit":false},{"lineNumber":41,"author":{"gitId":"Jeweljace"},"content":"    }","lastModifiedDate":"2025-09-10T23:06:33","isFullCredit":false},{"lineNumber":42,"author":{"gitId":"Jeweljace"},"content":"}","lastModifiedDate":"2025-09-10T23:06:33","isFullCredit":false}],"authorContributionMap":{"Jeweljace":42}},{"path":"src/main/java/Helio.java","fileType":"java","lines":[{"lineNumber":1,"author":{"gitId":"Jeweljace"},"content":"import java.util.Scanner;","lastModifiedDate":"2025-08-28T20:03:17","isFullCredit":false},{"lineNumber":2,"author":{"gitId":"Jeweljace"},"content":"import java.util.ArrayList;","lastModifiedDate":"2025-09-18T02:38:58","isFullCredit":false},{"lineNumber":3,"author":{"gitId":"Jeweljace"},"content":"","lastModifiedDate":"2025-08-28T20:03:17","isFullCredit":false},{"lineNumber":4,"author":{"gitId":"Jeweljace"},"content":"public class Helio {","lastModifiedDate":"2025-08-28T12:35:23","isFullCredit":false},{"lineNumber":5,"author":{"gitId":"Jeweljace"},"content":"    private static final String FILE_PATH_DIR \u003d \"data\";","lastModifiedDate":"2025-09-18T23:33:30","isFullCredit":false},{"lineNumber":6,"author":{"gitId":"Jeweljace"},"content":"    private static final String FILE_NAME \u003d \"helio.txt\";","lastModifiedDate":"2025-09-18T23:33:30","isFullCredit":false},{"lineNumber":7,"author":{"gitId":"Jeweljace"},"content":"","lastModifiedDate":"2025-09-18T23:33:30","isFullCredit":false},{"lineNumber":8,"author":{"gitId":"Jeweljace"},"content":"    public static void main(String[] args) {","lastModifiedDate":"2025-08-28T12:35:23","isFullCredit":false},{"lineNumber":9,"author":{"gitId":"Jeweljace"},"content":"        ArrayList\u003cTask\u003e userList \u003d new ArrayList\u003c\u003e();","lastModifiedDate":"2025-09-18T02:38:58","isFullCredit":false},{"lineNumber":10,"author":{"gitId":"Jeweljace"},"content":"        Storage storage \u003d new Storage(FILE_PATH_DIR, FILE_NAME);  // NEW","lastModifiedDate":"2025-09-19T02:01:03","isFullCredit":false},{"lineNumber":11,"author":{"gitId":"Jeweljace"},"content":"        storage.load(userList);","lastModifiedDate":"2025-09-19T02:01:03","isFullCredit":false},{"lineNumber":12,"author":{"gitId":"Jeweljace"},"content":"","lastModifiedDate":"2025-09-18T02:38:58","isFullCredit":false},{"lineNumber":13,"author":{"gitId":"Jeweljace"},"content":"        String logo \u003d \"        ╱|\\n\" +","lastModifiedDate":"2025-08-28T20:45:30","isFullCredit":false},{"lineNumber":14,"author":{"gitId":"Jeweljace"},"content":"                \"       (˚ˎ 。7\\n\" +","lastModifiedDate":"2025-08-28T20:03:17","isFullCredit":false},{"lineNumber":15,"author":{"gitId":"Jeweljace"},"content":"                \"        |、˜〵\\n\" +","lastModifiedDate":"2025-08-28T20:03:17","isFullCredit":false},{"lineNumber":16,"author":{"gitId":"Jeweljace"},"content":"                \"       じしˍ,)ノ\\n\";","lastModifiedDate":"2025-08-28T20:03:17","isFullCredit":false},{"lineNumber":17,"author":{"gitId":"Jeweljace"},"content":"","lastModifiedDate":"2025-08-28T20:03:17","isFullCredit":false},{"lineNumber":18,"author":{"gitId":"Jeweljace"},"content":"        Message.greet(logo);","lastModifiedDate":"2025-09-10T23:06:33","isFullCredit":false},{"lineNumber":19,"author":{"gitId":"Jeweljace"},"content":"        Scanner in \u003d new Scanner(System.in);","lastModifiedDate":"2025-08-28T20:03:17","isFullCredit":false},{"lineNumber":20,"author":{"gitId":"Jeweljace"},"content":"","lastModifiedDate":"2025-09-18T02:38:58","isFullCredit":false},{"lineNumber":21,"author":{"gitId":"Jeweljace"},"content":"        while (in.hasNextLine()) {","lastModifiedDate":"2025-09-04T01:21:01","isFullCredit":false},{"lineNumber":22,"author":{"gitId":"Jeweljace"},"content":"            String input \u003d in.nextLine();","lastModifiedDate":"2025-08-28T20:03:17","isFullCredit":false},{"lineNumber":23,"author":{"gitId":"Jeweljace"},"content":"            if (input \u003d\u003d null) {","lastModifiedDate":"2025-09-04T01:21:01","isFullCredit":false},{"lineNumber":24,"author":{"gitId":"Jeweljace"},"content":"                break;","lastModifiedDate":"2025-09-04T01:21:01","isFullCredit":false},{"lineNumber":25,"author":{"gitId":"Jeweljace"},"content":"            }","lastModifiedDate":"2025-09-04T01:21:01","isFullCredit":false},{"lineNumber":26,"author":{"gitId":"Jeweljace"},"content":"            input \u003d input.trim();","lastModifiedDate":"2025-09-04T01:21:01","isFullCredit":false},{"lineNumber":27,"author":{"gitId":"Jeweljace"},"content":"            if (input.isEmpty()) {","lastModifiedDate":"2025-09-04T01:21:01","isFullCredit":false},{"lineNumber":28,"author":{"gitId":"Jeweljace"},"content":"                continue;","lastModifiedDate":"2025-09-04T01:21:01","isFullCredit":false},{"lineNumber":29,"author":{"gitId":"Jeweljace"},"content":"            }","lastModifiedDate":"2025-09-04T01:21:01","isFullCredit":false},{"lineNumber":30,"author":{"gitId":"Jeweljace"},"content":"            Message.showEntered(input);","lastModifiedDate":"2025-09-10T23:06:33","isFullCredit":false},{"lineNumber":31,"author":{"gitId":"Jeweljace"},"content":"            if (input.equals(\"bye\")) {","lastModifiedDate":"2025-08-28T20:03:17","isFullCredit":false},{"lineNumber":32,"author":{"gitId":"Jeweljace"},"content":"                Message.bye();","lastModifiedDate":"2025-09-10T23:06:33","isFullCredit":false},{"lineNumber":33,"author":{"gitId":"Jeweljace"},"content":"                break;","lastModifiedDate":"2025-08-28T20:03:17","isFullCredit":false},{"lineNumber":34,"author":{"gitId":"Jeweljace"},"content":"            } else if (input.equals(\"help\")) {","lastModifiedDate":"2025-09-03T21:44:38","isFullCredit":false},{"lineNumber":35,"author":{"gitId":"Jeweljace"},"content":"                Message.help();","lastModifiedDate":"2025-09-10T23:06:33","isFullCredit":false},{"lineNumber":36,"author":{"gitId":"Jeweljace"},"content":"            } else if (input.equals(\"list\")) {","lastModifiedDate":"2025-08-28T20:45:30","isFullCredit":false},{"lineNumber":37,"author":{"gitId":"Jeweljace"},"content":"                if (userList.isEmpty()) {","lastModifiedDate":"2025-09-18T02:38:58","isFullCredit":false},{"lineNumber":38,"author":{"gitId":"Jeweljace"},"content":"                    Message.emptyList();","lastModifiedDate":"2025-09-10T23:06:33","isFullCredit":false},{"lineNumber":39,"author":{"gitId":"Jeweljace"},"content":"                } else {","lastModifiedDate":"2025-08-28T21:29:41","isFullCredit":false},{"lineNumber":40,"author":{"gitId":"Jeweljace"},"content":"                    Message.listHeader();","lastModifiedDate":"2025-09-10T23:06:33","isFullCredit":false},{"lineNumber":41,"author":{"gitId":"Jeweljace"},"content":"                    for (int i \u003d 0; i \u003c userList.size(); i++) {","lastModifiedDate":"2025-09-18T02:38:58","isFullCredit":false},{"lineNumber":42,"author":{"gitId":"Jeweljace"},"content":"                        System.out.println((i + 1) + \". \" + userList.get(i));","lastModifiedDate":"2025-09-18T02:38:58","isFullCredit":false},{"lineNumber":43,"author":{"gitId":"Jeweljace"},"content":"                    }","lastModifiedDate":"2025-08-28T20:03:17","isFullCredit":false},{"lineNumber":44,"author":{"gitId":"Jeweljace"},"content":"                    Message.listFooter();","lastModifiedDate":"2025-09-10T23:06:33","isFullCredit":false},{"lineNumber":45,"author":{"gitId":"Jeweljace"},"content":"                }","lastModifiedDate":"2025-08-28T20:45:30","isFullCredit":false},{"lineNumber":46,"author":{"gitId":"Jeweljace"},"content":"            } else if (input.startsWith(\"mark \")) {","lastModifiedDate":"2025-08-28T21:29:41","isFullCredit":false},{"lineNumber":47,"author":{"gitId":"Jeweljace"},"content":"                String check \u003d input.substring(5).trim();","lastModifiedDate":"2025-09-10T23:06:33","isFullCredit":false},{"lineNumber":48,"author":{"gitId":"Jeweljace"},"content":"                if (check.isEmpty()) {","lastModifiedDate":"2025-09-03T21:44:38","isFullCredit":false},{"lineNumber":49,"author":{"gitId":"Jeweljace"},"content":"                    Handle.missingTaskNumber();","lastModifiedDate":"2025-09-10T23:06:33","isFullCredit":false},{"lineNumber":50,"author":{"gitId":"Jeweljace"},"content":"                    continue;","lastModifiedDate":"2025-09-10T23:06:33","isFullCredit":false},{"lineNumber":51,"author":{"gitId":"Jeweljace"},"content":"                }","lastModifiedDate":"2025-09-10T23:06:33","isFullCredit":false},{"lineNumber":52,"author":{"gitId":"Jeweljace"},"content":"                int taskNum;","lastModifiedDate":"2025-09-10T23:06:33","isFullCredit":false},{"lineNumber":53,"author":{"gitId":"Jeweljace"},"content":"                try {","lastModifiedDate":"2025-09-10T23:06:33","isFullCredit":false},{"lineNumber":54,"author":{"gitId":"Jeweljace"},"content":"                    taskNum \u003d Integer.parseInt(check.split(\"\\\\s+\")[0]);","lastModifiedDate":"2025-09-10T23:06:33","isFullCredit":false},{"lineNumber":55,"author":{"gitId":"Jeweljace"},"content":"                } catch (NumberFormatException e) {","lastModifiedDate":"2025-09-10T23:06:33","isFullCredit":false},{"lineNumber":56,"author":{"gitId":"Jeweljace"},"content":"                    Handle.invalidTaskNumber();","lastModifiedDate":"2025-09-10T23:06:33","isFullCredit":false},{"lineNumber":57,"author":{"gitId":"Jeweljace"},"content":"                    continue;","lastModifiedDate":"2025-09-03T21:44:38","isFullCredit":false},{"lineNumber":58,"author":{"gitId":"Jeweljace"},"content":"                }","lastModifiedDate":"2025-09-03T21:44:38","isFullCredit":false},{"lineNumber":59,"author":{"gitId":"Jeweljace"},"content":"                if (taskNum \u003c\u003d 0 || taskNum \u003e userList.size()) {","lastModifiedDate":"2025-09-18T02:38:58","isFullCredit":false},{"lineNumber":60,"author":{"gitId":"Jeweljace"},"content":"                    Handle.invalidTaskNumber();","lastModifiedDate":"2025-09-10T23:06:33","isFullCredit":false},{"lineNumber":61,"author":{"gitId":"Jeweljace"},"content":"                    continue;","lastModifiedDate":"2025-09-03T21:44:38","isFullCredit":false},{"lineNumber":62,"author":{"gitId":"Jeweljace"},"content":"                }","lastModifiedDate":"2025-09-03T21:44:38","isFullCredit":false},{"lineNumber":63,"author":{"gitId":"Jeweljace"},"content":"                Task t \u003d userList.get(taskNum - 1);","lastModifiedDate":"2025-09-18T02:38:58","isFullCredit":false},{"lineNumber":64,"author":{"gitId":"Jeweljace"},"content":"                t.markAsDone();","lastModifiedDate":"2025-09-18T02:38:58","isFullCredit":false},{"lineNumber":65,"author":{"gitId":"Jeweljace"},"content":"                Message.markedDone(t.toString());","lastModifiedDate":"2025-09-18T02:38:58","isFullCredit":false},{"lineNumber":66,"author":{"gitId":"Jeweljace"},"content":"                storage.save(userList);","lastModifiedDate":"2025-09-19T02:01:03","isFullCredit":false},{"lineNumber":67,"author":{"gitId":"Jeweljace"},"content":"            } else if (input.startsWith(\"unmark \")) {","lastModifiedDate":"2025-08-28T21:29:41","isFullCredit":false},{"lineNumber":68,"author":{"gitId":"Jeweljace"},"content":"                String check \u003d input.substring(7).trim();","lastModifiedDate":"2025-09-10T23:06:33","isFullCredit":false},{"lineNumber":69,"author":{"gitId":"Jeweljace"},"content":"                if (check.isEmpty()) {","lastModifiedDate":"2025-09-03T21:44:38","isFullCredit":false},{"lineNumber":70,"author":{"gitId":"Jeweljace"},"content":"                    Handle.missingTaskNumber();","lastModifiedDate":"2025-09-10T23:06:33","isFullCredit":false},{"lineNumber":71,"author":{"gitId":"Jeweljace"},"content":"                    continue;","lastModifiedDate":"2025-09-10T23:06:33","isFullCredit":false},{"lineNumber":72,"author":{"gitId":"Jeweljace"},"content":"                }","lastModifiedDate":"2025-09-10T23:06:33","isFullCredit":false},{"lineNumber":73,"author":{"gitId":"Jeweljace"},"content":"                int taskNum;","lastModifiedDate":"2025-09-10T23:06:33","isFullCredit":false},{"lineNumber":74,"author":{"gitId":"Jeweljace"},"content":"                try {","lastModifiedDate":"2025-09-10T23:06:33","isFullCredit":false},{"lineNumber":75,"author":{"gitId":"Jeweljace"},"content":"                    taskNum \u003d Integer.parseInt(check.split(\"\\\\s+\")[0]);","lastModifiedDate":"2025-09-10T23:06:33","isFullCredit":false},{"lineNumber":76,"author":{"gitId":"Jeweljace"},"content":"                } catch (NumberFormatException e) {","lastModifiedDate":"2025-09-10T23:06:33","isFullCredit":false},{"lineNumber":77,"author":{"gitId":"Jeweljace"},"content":"                    Handle.invalidTaskNumber();","lastModifiedDate":"2025-09-10T23:06:33","isFullCredit":false},{"lineNumber":78,"author":{"gitId":"Jeweljace"},"content":"                    continue;","lastModifiedDate":"2025-09-03T21:44:38","isFullCredit":false},{"lineNumber":79,"author":{"gitId":"Jeweljace"},"content":"                }","lastModifiedDate":"2025-09-03T21:44:38","isFullCredit":false},{"lineNumber":80,"author":{"gitId":"Jeweljace"},"content":"                if (taskNum \u003c\u003d 0 || taskNum \u003e userList.size()) {","lastModifiedDate":"2025-09-18T02:38:58","isFullCredit":false},{"lineNumber":81,"author":{"gitId":"Jeweljace"},"content":"                    Handle.invalidTaskNumber();","lastModifiedDate":"2025-09-10T23:06:33","isFullCredit":false},{"lineNumber":82,"author":{"gitId":"Jeweljace"},"content":"                    continue;","lastModifiedDate":"2025-09-03T21:44:38","isFullCredit":false},{"lineNumber":83,"author":{"gitId":"Jeweljace"},"content":"                }","lastModifiedDate":"2025-09-03T21:44:38","isFullCredit":false},{"lineNumber":84,"author":{"gitId":"Jeweljace"},"content":"                Task t \u003d userList.get(taskNum - 1);","lastModifiedDate":"2025-09-18T02:38:58","isFullCredit":false},{"lineNumber":85,"author":{"gitId":"Jeweljace"},"content":"                t.markAsNotDone();","lastModifiedDate":"2025-09-18T02:38:58","isFullCredit":false},{"lineNumber":86,"author":{"gitId":"Jeweljace"},"content":"                Message.markedUndone(t.toString());","lastModifiedDate":"2025-09-18T02:38:58","isFullCredit":false},{"lineNumber":87,"author":{"gitId":"Jeweljace"},"content":"                storage.save(userList);","lastModifiedDate":"2025-09-19T02:01:03","isFullCredit":false},{"lineNumber":88,"author":{"gitId":"Jeweljace"},"content":"            } else if (input.startsWith(\"todo \")) {","lastModifiedDate":"2025-09-03T21:44:38","isFullCredit":false},{"lineNumber":89,"author":{"gitId":"Jeweljace"},"content":"                String description \u003d (input.substring(5));","lastModifiedDate":"2025-09-03T21:44:38","isFullCredit":false},{"lineNumber":90,"author":{"gitId":"Jeweljace"},"content":"                if (description.isEmpty()) {","lastModifiedDate":"2025-09-03T21:44:38","isFullCredit":false},{"lineNumber":91,"author":{"gitId":"Jeweljace"},"content":"                    Handle.emptyTodoDescription();","lastModifiedDate":"2025-09-10T23:06:33","isFullCredit":false},{"lineNumber":92,"author":{"gitId":"Jeweljace"},"content":"                    continue;","lastModifiedDate":"2025-09-03T21:44:38","isFullCredit":false},{"lineNumber":93,"author":{"gitId":"Jeweljace"},"content":"                }","lastModifiedDate":"2025-09-03T21:44:38","isFullCredit":false},{"lineNumber":94,"author":{"gitId":"Jeweljace"},"content":"                Task t \u003d new Todo(description);","lastModifiedDate":"2025-09-18T02:38:58","isFullCredit":false},{"lineNumber":95,"author":{"gitId":"Jeweljace"},"content":"                userList.add(t);","lastModifiedDate":"2025-09-18T02:38:58","isFullCredit":false},{"lineNumber":96,"author":{"gitId":"Jeweljace"},"content":"                Message.addedTask(t.toString(), userList.size());","lastModifiedDate":"2025-09-18T02:38:58","isFullCredit":false},{"lineNumber":97,"author":{"gitId":"Jeweljace"},"content":"                storage.save(userList);","lastModifiedDate":"2025-09-19T02:01:03","isFullCredit":false},{"lineNumber":98,"author":{"gitId":"Jeweljace"},"content":"            } else if (input.startsWith(\"deadline \")) {","lastModifiedDate":"2025-09-03T21:44:38","isFullCredit":false},{"lineNumber":99,"author":{"gitId":"Jeweljace"},"content":"                String[] sections \u003d input.substring(9).split(\" /by \", 2);","lastModifiedDate":"2025-09-18T02:38:58","isFullCredit":false},{"lineNumber":100,"author":{"gitId":"Jeweljace"},"content":"                if (sections.length \u003c 2 || sections[0].isEmpty() || sections[1].isEmpty()) {","lastModifiedDate":"2025-09-18T02:38:58","isFullCredit":false},{"lineNumber":101,"author":{"gitId":"Jeweljace"},"content":"                    Handle.emptyDeadlineParts();","lastModifiedDate":"2025-09-10T23:06:33","isFullCredit":false},{"lineNumber":102,"author":{"gitId":"Jeweljace"},"content":"                    continue;","lastModifiedDate":"2025-09-03T21:44:38","isFullCredit":false},{"lineNumber":103,"author":{"gitId":"Jeweljace"},"content":"                }","lastModifiedDate":"2025-09-03T21:44:38","isFullCredit":false},{"lineNumber":104,"author":{"gitId":"Jeweljace"},"content":"                Task t \u003d new Deadline(sections[0], sections[1]);","lastModifiedDate":"2025-09-18T02:38:58","isFullCredit":false},{"lineNumber":105,"author":{"gitId":"Jeweljace"},"content":"                userList.add(t);","lastModifiedDate":"2025-09-18T02:38:58","isFullCredit":false},{"lineNumber":106,"author":{"gitId":"Jeweljace"},"content":"                Message.addedTask(t.toString(), userList.size());","lastModifiedDate":"2025-09-18T02:38:58","isFullCredit":false},{"lineNumber":107,"author":{"gitId":"Jeweljace"},"content":"                storage.save(userList);","lastModifiedDate":"2025-09-19T02:30:48","isFullCredit":false},{"lineNumber":108,"author":{"gitId":"Jeweljace"},"content":"            } else if (input.startsWith(\"event \")) {","lastModifiedDate":"2025-09-03T21:44:38","isFullCredit":false},{"lineNumber":109,"author":{"gitId":"Jeweljace"},"content":"                String[] sections \u003d input.substring(6).split(\" /from | /to \", 3);","lastModifiedDate":"2025-09-18T02:38:58","isFullCredit":false},{"lineNumber":110,"author":{"gitId":"Jeweljace"},"content":"                if (sections.length \u003c 3 || sections[0].isEmpty() || sections[1].isEmpty() || sections[2].isEmpty()) {","lastModifiedDate":"2025-09-18T02:38:58","isFullCredit":false},{"lineNumber":111,"author":{"gitId":"Jeweljace"},"content":"                    Handle.emptyEventParts();","lastModifiedDate":"2025-09-10T23:06:33","isFullCredit":false},{"lineNumber":112,"author":{"gitId":"Jeweljace"},"content":"                    continue;","lastModifiedDate":"2025-09-03T21:44:38","isFullCredit":false},{"lineNumber":113,"author":{"gitId":"Jeweljace"},"content":"                }","lastModifiedDate":"2025-09-03T21:44:38","isFullCredit":false},{"lineNumber":114,"author":{"gitId":"Jeweljace"},"content":"                String description \u003d sections[0];","lastModifiedDate":"2025-09-03T21:44:38","isFullCredit":false},{"lineNumber":115,"author":{"gitId":"Jeweljace"},"content":"                String from \u003d sections[1];","lastModifiedDate":"2025-09-03T21:44:38","isFullCredit":false},{"lineNumber":116,"author":{"gitId":"Jeweljace"},"content":"                String to \u003d sections[2];","lastModifiedDate":"2025-09-03T21:44:38","isFullCredit":false},{"lineNumber":117,"author":{"gitId":"Jeweljace"},"content":"                Task t \u003d new Event(description, from, to);","lastModifiedDate":"2025-09-18T02:38:58","isFullCredit":false},{"lineNumber":118,"author":{"gitId":"Jeweljace"},"content":"                userList.add(t);","lastModifiedDate":"2025-09-18T02:38:58","isFullCredit":false},{"lineNumber":119,"author":{"gitId":"Jeweljace"},"content":"                Message.addedTask(t.toString(), userList.size());","lastModifiedDate":"2025-09-18T02:38:58","isFullCredit":false},{"lineNumber":120,"author":{"gitId":"Jeweljace"},"content":"                storage.save(userList);","lastModifiedDate":"2025-09-19T02:01:03","isFullCredit":false},{"lineNumber":121,"author":{"gitId":"Jeweljace"},"content":"            } else if (input.startsWith(\"delete \")) {","lastModifiedDate":"2025-09-18T02:38:58","isFullCredit":false},{"lineNumber":122,"author":{"gitId":"Jeweljace"},"content":"                String check \u003d input.substring(7).trim();","lastModifiedDate":"2025-09-18T02:38:58","isFullCredit":false},{"lineNumber":123,"author":{"gitId":"Jeweljace"},"content":"                if (check.isEmpty()) {","lastModifiedDate":"2025-09-18T02:38:58","isFullCredit":false},{"lineNumber":124,"author":{"gitId":"Jeweljace"},"content":"                    Handle.missingTaskNumber();","lastModifiedDate":"2025-09-18T02:38:58","isFullCredit":false},{"lineNumber":125,"author":{"gitId":"Jeweljace"},"content":"                    continue;","lastModifiedDate":"2025-09-18T02:38:58","isFullCredit":false},{"lineNumber":126,"author":{"gitId":"Jeweljace"},"content":"                }","lastModifiedDate":"2025-09-18T02:38:58","isFullCredit":false},{"lineNumber":127,"author":{"gitId":"Jeweljace"},"content":"                int taskNum;","lastModifiedDate":"2025-09-18T02:38:58","isFullCredit":false},{"lineNumber":128,"author":{"gitId":"Jeweljace"},"content":"                try {","lastModifiedDate":"2025-09-18T02:38:58","isFullCredit":false},{"lineNumber":129,"author":{"gitId":"Jeweljace"},"content":"                    taskNum \u003d Integer.parseInt(check.split(\"\\\\s+\")[0]);","lastModifiedDate":"2025-09-18T02:38:58","isFullCredit":false},{"lineNumber":130,"author":{"gitId":"Jeweljace"},"content":"                } catch (NumberFormatException e) {","lastModifiedDate":"2025-09-18T02:38:58","isFullCredit":false},{"lineNumber":131,"author":{"gitId":"Jeweljace"},"content":"                    Handle.invalidTaskNumber();","lastModifiedDate":"2025-09-18T02:38:58","isFullCredit":false},{"lineNumber":132,"author":{"gitId":"Jeweljace"},"content":"                    continue;","lastModifiedDate":"2025-09-18T02:38:58","isFullCredit":false},{"lineNumber":133,"author":{"gitId":"Jeweljace"},"content":"                }","lastModifiedDate":"2025-09-18T02:38:58","isFullCredit":false},{"lineNumber":134,"author":{"gitId":"Jeweljace"},"content":"                if (taskNum \u003c\u003d 0 || taskNum \u003e userList.size()) {","lastModifiedDate":"2025-09-18T02:38:58","isFullCredit":false},{"lineNumber":135,"author":{"gitId":"Jeweljace"},"content":"                    Handle.invalidTaskNumber();","lastModifiedDate":"2025-09-18T02:38:58","isFullCredit":false},{"lineNumber":136,"author":{"gitId":"Jeweljace"},"content":"                    continue;","lastModifiedDate":"2025-09-18T02:38:58","isFullCredit":false},{"lineNumber":137,"author":{"gitId":"Jeweljace"},"content":"                }","lastModifiedDate":"2025-09-18T02:38:58","isFullCredit":false},{"lineNumber":138,"author":{"gitId":"Jeweljace"},"content":"                Task t \u003d userList.get(taskNum - 1);","lastModifiedDate":"2025-09-18T02:38:58","isFullCredit":false},{"lineNumber":139,"author":{"gitId":"Jeweljace"},"content":"                userList.remove(taskNum - 1);","lastModifiedDate":"2025-09-18T02:38:58","isFullCredit":false},{"lineNumber":140,"author":{"gitId":"Jeweljace"},"content":"                Message.removedTask(t, userList.size());","lastModifiedDate":"2025-09-18T02:38:58","isFullCredit":false},{"lineNumber":141,"author":{"gitId":"Jeweljace"},"content":"                storage.save(userList);","lastModifiedDate":"2025-09-19T02:30:48","isFullCredit":false},{"lineNumber":142,"author":{"gitId":"Jeweljace"},"content":"            } else {","lastModifiedDate":"2025-09-03T21:44:38","isFullCredit":false},{"lineNumber":143,"author":{"gitId":"Jeweljace"},"content":"                Handle.invalidCommand();","lastModifiedDate":"2025-09-10T23:06:33","isFullCredit":false},{"lineNumber":144,"author":{"gitId":"Jeweljace"},"content":"            }","lastModifiedDate":"2025-08-28T20:03:17","isFullCredit":false},{"lineNumber":145,"author":{"gitId":"Jeweljace"},"content":"        }","lastModifiedDate":"2025-08-28T20:03:17","isFullCredit":false},{"lineNumber":146,"author":{"gitId":"Jeweljace"},"content":"    }","lastModifiedDate":"2025-08-28T12:35:23","isFullCredit":false},{"lineNumber":147,"author":{"gitId":"Jeweljace"},"content":"}","lastModifiedDate":"2025-08-28T12:35:23","isFullCredit":false}],"authorContributionMap":{"Jeweljace":147}},{"path":"src/main/java/Message.java","fileType":"java","lines":[{"lineNumber":1,"author":{"gitId":"Jeweljace"},"content":"public final class Message {","lastModifiedDate":"2025-09-10T23:06:33","isFullCredit":false},{"lineNumber":2,"author":{"gitId":"Jeweljace"},"content":"    private Message() {","lastModifiedDate":"2025-09-10T23:06:33","isFullCredit":false},{"lineNumber":3,"author":{"gitId":"Jeweljace"},"content":"    }","lastModifiedDate":"2025-09-10T23:06:33","isFullCredit":false},{"lineNumber":4,"author":{"gitId":"Jeweljace"},"content":"","lastModifiedDate":"2025-09-10T23:06:33","isFullCredit":false},{"lineNumber":5,"author":{"gitId":"Jeweljace"},"content":"    private static final String LINE \u003d \"____________________________________________________________\";","lastModifiedDate":"2025-09-10T23:06:33","isFullCredit":false},{"lineNumber":6,"author":{"gitId":"Jeweljace"},"content":"","lastModifiedDate":"2025-09-10T23:06:33","isFullCredit":false},{"lineNumber":7,"author":{"gitId":"Jeweljace"},"content":"    public static void greet(String logo) {","lastModifiedDate":"2025-09-10T23:06:33","isFullCredit":false},{"lineNumber":8,"author":{"gitId":"Jeweljace"},"content":"        System.out.println(LINE);","lastModifiedDate":"2025-09-10T23:06:33","isFullCredit":false},{"lineNumber":9,"author":{"gitId":"Jeweljace"},"content":"        System.out.println(\" Hello... I\u0027m Helio o.o\");","lastModifiedDate":"2025-09-10T23:06:33","isFullCredit":false},{"lineNumber":10,"author":{"gitId":"Jeweljace"},"content":"        System.out.println(logo);","lastModifiedDate":"2025-09-10T23:06:33","isFullCredit":false},{"lineNumber":11,"author":{"gitId":"Jeweljace"},"content":"        System.out.println(\" What can I do for you? ._.\");","lastModifiedDate":"2025-09-10T23:06:33","isFullCredit":false},{"lineNumber":12,"author":{"gitId":"Jeweljace"},"content":"        System.out.println(LINE);","lastModifiedDate":"2025-09-10T23:06:33","isFullCredit":false},{"lineNumber":13,"author":{"gitId":"Jeweljace"},"content":"    }","lastModifiedDate":"2025-09-10T23:06:33","isFullCredit":false},{"lineNumber":14,"author":{"gitId":"Jeweljace"},"content":"","lastModifiedDate":"2025-09-10T23:06:33","isFullCredit":false},{"lineNumber":15,"author":{"gitId":"Jeweljace"},"content":"    public static void bye() {","lastModifiedDate":"2025-09-10T23:06:33","isFullCredit":false},{"lineNumber":16,"author":{"gitId":"Jeweljace"},"content":"        System.out.println(LINE);","lastModifiedDate":"2025-09-10T23:06:33","isFullCredit":false},{"lineNumber":17,"author":{"gitId":"Jeweljace"},"content":"        System.out.println(\" Bye bye! Time for my nap!! \");","lastModifiedDate":"2025-09-10T23:27:48","isFullCredit":false},{"lineNumber":18,"author":{"gitId":"Jeweljace"},"content":"        System.out.println(LINE);","lastModifiedDate":"2025-09-10T23:06:33","isFullCredit":false},{"lineNumber":19,"author":{"gitId":"Jeweljace"},"content":"    }","lastModifiedDate":"2025-09-10T23:06:33","isFullCredit":false},{"lineNumber":20,"author":{"gitId":"Jeweljace"},"content":"","lastModifiedDate":"2025-09-10T23:06:33","isFullCredit":false},{"lineNumber":21,"author":{"gitId":"Jeweljace"},"content":"    public static void help() {","lastModifiedDate":"2025-09-10T23:06:33","isFullCredit":false},{"lineNumber":22,"author":{"gitId":"Jeweljace"},"content":"        System.out.println(LINE);","lastModifiedDate":"2025-09-10T23:06:33","isFullCredit":false},{"lineNumber":23,"author":{"gitId":"Jeweljace"},"content":"        System.out.println(\" List of valid inputs:\");","lastModifiedDate":"2025-09-10T23:06:33","isFullCredit":false},{"lineNumber":24,"author":{"gitId":"Jeweljace"},"content":"        System.out.println(\" 1. list (view current list of tasks)\");","lastModifiedDate":"2025-09-10T23:06:33","isFullCredit":false},{"lineNumber":25,"author":{"gitId":"Jeweljace"},"content":"        System.out.println(\" 2. mark \u003ctask number\u003e (mark a task as done)\");","lastModifiedDate":"2025-09-10T23:06:33","isFullCredit":false},{"lineNumber":26,"author":{"gitId":"Jeweljace"},"content":"        System.out.println(\" 3. unmark \u003ctask number\u003e (mark a task as not done)\");","lastModifiedDate":"2025-09-10T23:06:33","isFullCredit":false},{"lineNumber":27,"author":{"gitId":"Jeweljace"},"content":"        System.out.println(\" 4. todo \u003ctask description\u003e (add a task without any date/time attached to it)\");","lastModifiedDate":"2025-09-10T23:06:33","isFullCredit":false},{"lineNumber":28,"author":{"gitId":"Jeweljace"},"content":"        System.out.println(\" 5. deadline \u003ctask description\u003e /by \u003cdeadline\u003e\");","lastModifiedDate":"2025-09-10T23:06:33","isFullCredit":false},{"lineNumber":29,"author":{"gitId":"Jeweljace"},"content":"        System.out.println(\" 6. event \u003ctask description\u003e /from \u003cdate/time\u003e /to \u003cdate/time\u003e\");","lastModifiedDate":"2025-09-10T23:06:33","isFullCredit":false},{"lineNumber":30,"author":{"gitId":"Jeweljace"},"content":"        System.out.println(\" 7. help (shows list of valid commands)\");","lastModifiedDate":"2025-09-10T23:06:33","isFullCredit":false},{"lineNumber":31,"author":{"gitId":"Jeweljace"},"content":"        System.out.println(\" 8. bye (exits program)\");","lastModifiedDate":"2025-09-10T23:06:33","isFullCredit":false},{"lineNumber":32,"author":{"gitId":"Jeweljace"},"content":"        System.out.println(LINE);","lastModifiedDate":"2025-09-10T23:06:33","isFullCredit":false},{"lineNumber":33,"author":{"gitId":"Jeweljace"},"content":"    }","lastModifiedDate":"2025-09-10T23:06:33","isFullCredit":false},{"lineNumber":34,"author":{"gitId":"Jeweljace"},"content":"","lastModifiedDate":"2025-09-10T23:06:33","isFullCredit":false},{"lineNumber":35,"author":{"gitId":"Jeweljace"},"content":"    public static void listHeader() {","lastModifiedDate":"2025-09-10T23:06:33","isFullCredit":false},{"lineNumber":36,"author":{"gitId":"Jeweljace"},"content":"        System.out.println(LINE);","lastModifiedDate":"2025-09-10T23:06:33","isFullCredit":false},{"lineNumber":37,"author":{"gitId":"Jeweljace"},"content":"        System.out.println(\" Here are the tasks in your list:\");","lastModifiedDate":"2025-09-10T23:06:33","isFullCredit":false},{"lineNumber":38,"author":{"gitId":"Jeweljace"},"content":"    }","lastModifiedDate":"2025-09-10T23:06:33","isFullCredit":false},{"lineNumber":39,"author":{"gitId":"Jeweljace"},"content":"","lastModifiedDate":"2025-09-10T23:06:33","isFullCredit":false},{"lineNumber":40,"author":{"gitId":"Jeweljace"},"content":"    public static void listFooter() {","lastModifiedDate":"2025-09-10T23:06:33","isFullCredit":false},{"lineNumber":41,"author":{"gitId":"Jeweljace"},"content":"        System.out.println(LINE);","lastModifiedDate":"2025-09-10T23:06:33","isFullCredit":false},{"lineNumber":42,"author":{"gitId":"Jeweljace"},"content":"    }","lastModifiedDate":"2025-09-10T23:06:33","isFullCredit":false},{"lineNumber":43,"author":{"gitId":"Jeweljace"},"content":"","lastModifiedDate":"2025-09-10T23:06:33","isFullCredit":false},{"lineNumber":44,"author":{"gitId":"Jeweljace"},"content":"    public static void emptyList() {","lastModifiedDate":"2025-09-10T23:06:33","isFullCredit":false},{"lineNumber":45,"author":{"gitId":"Jeweljace"},"content":"        System.out.println(LINE);","lastModifiedDate":"2025-09-10T23:06:33","isFullCredit":false},{"lineNumber":46,"author":{"gitId":"Jeweljace"},"content":"        System.out.println(\" Nothing for meow ^.^\");","lastModifiedDate":"2025-09-10T23:06:33","isFullCredit":false},{"lineNumber":47,"author":{"gitId":"Jeweljace"},"content":"        System.out.println(LINE);","lastModifiedDate":"2025-09-10T23:06:33","isFullCredit":false},{"lineNumber":48,"author":{"gitId":"Jeweljace"},"content":"    }","lastModifiedDate":"2025-09-10T23:06:33","isFullCredit":false},{"lineNumber":49,"author":{"gitId":"Jeweljace"},"content":"","lastModifiedDate":"2025-09-10T23:06:33","isFullCredit":false},{"lineNumber":50,"author":{"gitId":"Jeweljace"},"content":"    public static void markedDone(String task) {","lastModifiedDate":"2025-09-10T23:06:33","isFullCredit":false},{"lineNumber":51,"author":{"gitId":"Jeweljace"},"content":"        System.out.println(LINE);","lastModifiedDate":"2025-09-10T23:06:33","isFullCredit":false},{"lineNumber":52,"author":{"gitId":"Jeweljace"},"content":"        System.out.println(\" Yay! I\u0027ve meowed this task as done:\");","lastModifiedDate":"2025-09-17T11:23:16","isFullCredit":false},{"lineNumber":53,"author":{"gitId":"Jeweljace"},"content":"        System.out.println(\" \" + task);","lastModifiedDate":"2025-09-10T23:06:33","isFullCredit":false},{"lineNumber":54,"author":{"gitId":"Jeweljace"},"content":"        System.out.println(LINE);","lastModifiedDate":"2025-09-10T23:06:33","isFullCredit":false},{"lineNumber":55,"author":{"gitId":"Jeweljace"},"content":"    }","lastModifiedDate":"2025-09-10T23:06:33","isFullCredit":false},{"lineNumber":56,"author":{"gitId":"Jeweljace"},"content":"","lastModifiedDate":"2025-09-10T23:06:33","isFullCredit":false},{"lineNumber":57,"author":{"gitId":"Jeweljace"},"content":"    public static void markedUndone(String task) {","lastModifiedDate":"2025-09-10T23:06:33","isFullCredit":false},{"lineNumber":58,"author":{"gitId":"Jeweljace"},"content":"        System.out.println(LINE);","lastModifiedDate":"2025-09-10T23:06:33","isFullCredit":false},{"lineNumber":59,"author":{"gitId":"Jeweljace"},"content":"        System.out.println(\" Aww okay... I\u0027ve meowed this task as not done yet:\");","lastModifiedDate":"2025-09-17T11:23:16","isFullCredit":false},{"lineNumber":60,"author":{"gitId":"Jeweljace"},"content":"        System.out.println(\" \" + task);","lastModifiedDate":"2025-09-10T23:06:33","isFullCredit":false},{"lineNumber":61,"author":{"gitId":"Jeweljace"},"content":"        System.out.println(LINE);","lastModifiedDate":"2025-09-10T23:06:33","isFullCredit":false},{"lineNumber":62,"author":{"gitId":"Jeweljace"},"content":"    }","lastModifiedDate":"2025-09-10T23:06:33","isFullCredit":false},{"lineNumber":63,"author":{"gitId":"Jeweljace"},"content":"","lastModifiedDate":"2025-09-10T23:06:33","isFullCredit":false},{"lineNumber":64,"author":{"gitId":"Jeweljace"},"content":"    public static void addedTask(String task, int count) {","lastModifiedDate":"2025-09-10T23:06:33","isFullCredit":false},{"lineNumber":65,"author":{"gitId":"Jeweljace"},"content":"        System.out.println(LINE);","lastModifiedDate":"2025-09-10T23:06:33","isFullCredit":false},{"lineNumber":66,"author":{"gitId":"Jeweljace"},"content":"        System.out.println(\" Got it!! I\u0027ve added this task:\");","lastModifiedDate":"2025-09-10T23:27:48","isFullCredit":false},{"lineNumber":67,"author":{"gitId":"Jeweljace"},"content":"        System.out.println(\"   \" + task);","lastModifiedDate":"2025-09-10T23:06:33","isFullCredit":false},{"lineNumber":68,"author":{"gitId":"Jeweljace"},"content":"        System.out.println(\" Now you have \" + count + \" tasks in your list.\");","lastModifiedDate":"2025-09-10T23:27:48","isFullCredit":false},{"lineNumber":69,"author":{"gitId":"Jeweljace"},"content":"        System.out.println(LINE);","lastModifiedDate":"2025-09-10T23:06:33","isFullCredit":false},{"lineNumber":70,"author":{"gitId":"Jeweljace"},"content":"    }","lastModifiedDate":"2025-09-10T23:06:33","isFullCredit":false},{"lineNumber":71,"author":{"gitId":"Jeweljace"},"content":"","lastModifiedDate":"2025-09-10T23:06:33","isFullCredit":false},{"lineNumber":72,"author":{"gitId":"Jeweljace"},"content":"    public static void removedTask(Task remTask, int listSize) {","lastModifiedDate":"2025-09-18T02:38:58","isFullCredit":false},{"lineNumber":73,"author":{"gitId":"Jeweljace"},"content":"        System.out.println(LINE);","lastModifiedDate":"2025-09-18T02:38:58","isFullCredit":false},{"lineNumber":74,"author":{"gitId":"Jeweljace"},"content":"        System.out.println(\" Meow!! I\u0027ve removed this task:\");","lastModifiedDate":"2025-09-18T02:38:58","isFullCredit":false},{"lineNumber":75,"author":{"gitId":"Jeweljace"},"content":"        System.out.println(\"   \" + remTask);","lastModifiedDate":"2025-09-18T02:38:58","isFullCredit":false},{"lineNumber":76,"author":{"gitId":"Jeweljace"},"content":"        System.out.println(\" Now you have \" + listSize + \" tasks in the list:)\");","lastModifiedDate":"2025-09-18T02:38:58","isFullCredit":false},{"lineNumber":77,"author":{"gitId":"Jeweljace"},"content":"        System.out.println(LINE);","lastModifiedDate":"2025-09-18T02:38:58","isFullCredit":false},{"lineNumber":78,"author":{"gitId":"Jeweljace"},"content":"    }","lastModifiedDate":"2025-09-18T02:38:58","isFullCredit":false},{"lineNumber":79,"author":{"gitId":"Jeweljace"},"content":"","lastModifiedDate":"2025-09-18T02:38:58","isFullCredit":false},{"lineNumber":80,"author":{"gitId":"Jeweljace"},"content":"    public static void showEntered(String input) {","lastModifiedDate":"2025-09-10T23:06:33","isFullCredit":false},{"lineNumber":81,"author":{"gitId":"Jeweljace"},"content":"        System.out.println(\" Command entered: \" + input);","lastModifiedDate":"2025-09-10T23:06:33","isFullCredit":false},{"lineNumber":82,"author":{"gitId":"Jeweljace"},"content":"    }","lastModifiedDate":"2025-09-10T23:06:33","isFullCredit":false},{"lineNumber":83,"author":{"gitId":"Jeweljace"},"content":"}","lastModifiedDate":"2025-09-10T23:06:33","isFullCredit":false}],"authorContributionMap":{"Jeweljace":83}},{"path":"src/main/java/Storage.java","fileType":"java","lines":[{"lineNumber":1,"author":{"gitId":"Jeweljace"},"content":"import java.io.File;","lastModifiedDate":"2025-09-18T23:33:30","isFullCredit":false},{"lineNumber":2,"author":{"gitId":"Jeweljace"},"content":"import java.io.FileWriter;","lastModifiedDate":"2025-09-18T23:33:30","isFullCredit":false},{"lineNumber":3,"author":{"gitId":"Jeweljace"},"content":"import java.io.IOException;","lastModifiedDate":"2025-09-18T23:33:30","isFullCredit":false},{"lineNumber":4,"author":{"gitId":"Jeweljace"},"content":"import java.util.Scanner;","lastModifiedDate":"2025-09-18T23:33:30","isFullCredit":false},{"lineNumber":5,"author":{"gitId":"Jeweljace"},"content":"import java.nio.file.Files;","lastModifiedDate":"2025-09-18T23:33:30","isFullCredit":false},{"lineNumber":6,"author":{"gitId":"Jeweljace"},"content":"import java.nio.file.Path;","lastModifiedDate":"2025-09-18T23:33:30","isFullCredit":false},{"lineNumber":7,"author":{"gitId":"Jeweljace"},"content":"import java.nio.file.Paths;","lastModifiedDate":"2025-09-18T23:33:30","isFullCredit":false},{"lineNumber":8,"author":{"gitId":"Jeweljace"},"content":"import java.util.ArrayList;","lastModifiedDate":"2025-09-19T02:01:03","isFullCredit":false},{"lineNumber":9,"author":{"gitId":"Jeweljace"},"content":"","lastModifiedDate":"2025-09-18T23:33:30","isFullCredit":false},{"lineNumber":10,"author":{"gitId":"Jeweljace"},"content":"public class Storage {","lastModifiedDate":"2025-09-18T23:33:30","isFullCredit":false},{"lineNumber":11,"author":{"gitId":"Jeweljace"},"content":"    private final Path path;","lastModifiedDate":"2025-09-19T02:01:03","isFullCredit":false},{"lineNumber":12,"author":{"gitId":"Jeweljace"},"content":"","lastModifiedDate":"2025-09-18T23:33:30","isFullCredit":false},{"lineNumber":13,"author":{"gitId":"Jeweljace"},"content":"    public Storage(String dir, String fileName) {","lastModifiedDate":"2025-09-19T02:01:03","isFullCredit":false},{"lineNumber":14,"author":{"gitId":"Jeweljace"},"content":"        this.path \u003d Paths.get(dir, fileName);","lastModifiedDate":"2025-09-19T02:01:03","isFullCredit":false},{"lineNumber":15,"author":{"gitId":"Jeweljace"},"content":"    }","lastModifiedDate":"2025-09-19T02:01:03","isFullCredit":false},{"lineNumber":16,"author":{"gitId":"Jeweljace"},"content":"","lastModifiedDate":"2025-09-19T02:01:03","isFullCredit":false},{"lineNumber":17,"author":{"gitId":"Jeweljace"},"content":"    public void load(ArrayList\u003cTask\u003e dest) {","lastModifiedDate":"2025-09-19T02:01:03","isFullCredit":false},{"lineNumber":18,"author":{"gitId":"Jeweljace"},"content":"        int count \u003d 0;","lastModifiedDate":"2025-09-18T23:33:30","isFullCredit":false},{"lineNumber":19,"author":{"gitId":"Jeweljace"},"content":"        try {","lastModifiedDate":"2025-09-18T23:33:30","isFullCredit":false},{"lineNumber":20,"author":{"gitId":"Jeweljace"},"content":"            if (path.getParent() !\u003d null) {","lastModifiedDate":"2025-09-18T23:33:30","isFullCredit":false},{"lineNumber":21,"author":{"gitId":"Jeweljace"},"content":"                Files.createDirectories(path.getParent());","lastModifiedDate":"2025-09-18T23:33:30","isFullCredit":false},{"lineNumber":22,"author":{"gitId":"Jeweljace"},"content":"            }","lastModifiedDate":"2025-09-18T23:33:30","isFullCredit":false},{"lineNumber":23,"author":{"gitId":"Jeweljace"},"content":"            File file \u003d path.toFile();","lastModifiedDate":"2025-09-18T23:33:30","isFullCredit":false},{"lineNumber":24,"author":{"gitId":"Jeweljace"},"content":"            if (!file.exists()) {","lastModifiedDate":"2025-09-18T23:33:30","isFullCredit":false},{"lineNumber":25,"author":{"gitId":"Jeweljace"},"content":"                return;","lastModifiedDate":"2025-09-19T02:01:03","isFullCredit":false},{"lineNumber":26,"author":{"gitId":"Jeweljace"},"content":"            }","lastModifiedDate":"2025-09-18T23:33:30","isFullCredit":false},{"lineNumber":27,"author":{"gitId":"Jeweljace"},"content":"            Scanner sc \u003d new Scanner(file);","lastModifiedDate":"2025-09-18T23:33:30","isFullCredit":false},{"lineNumber":28,"author":{"gitId":"Jeweljace"},"content":"            while (sc.hasNextLine()) {","lastModifiedDate":"2025-09-18T23:33:30","isFullCredit":false},{"lineNumber":29,"author":{"gitId":"Jeweljace"},"content":"                String line \u003d sc.nextLine().trim();","lastModifiedDate":"2025-09-18T23:33:30","isFullCredit":false},{"lineNumber":30,"author":{"gitId":"Jeweljace"},"content":"                if (line.isEmpty()) continue;","lastModifiedDate":"2025-09-18T23:33:30","isFullCredit":false},{"lineNumber":31,"author":{"gitId":"Jeweljace"},"content":"                try {","lastModifiedDate":"2025-09-18T23:33:30","isFullCredit":false},{"lineNumber":32,"author":{"gitId":"Jeweljace"},"content":"                    Task t \u003d parse(line);","lastModifiedDate":"2025-09-18T23:33:30","isFullCredit":false},{"lineNumber":33,"author":{"gitId":"Jeweljace"},"content":"                    dest.add(t);","lastModifiedDate":"2025-09-19T02:01:03","isFullCredit":false},{"lineNumber":34,"author":{"gitId":"Jeweljace"},"content":"                } catch (Exception ex) {","lastModifiedDate":"2025-09-18T23:33:30","isFullCredit":false},{"lineNumber":35,"author":{"gitId":"Jeweljace"},"content":"                    System.out.println(\"Skipping corrupted line: \" + line);","lastModifiedDate":"2025-09-18T23:33:30","isFullCredit":false},{"lineNumber":36,"author":{"gitId":"Jeweljace"},"content":"                }","lastModifiedDate":"2025-09-18T23:33:30","isFullCredit":false},{"lineNumber":37,"author":{"gitId":"Jeweljace"},"content":"            }","lastModifiedDate":"2025-09-18T23:33:30","isFullCredit":false},{"lineNumber":38,"author":{"gitId":"Jeweljace"},"content":"            sc.close();","lastModifiedDate":"2025-09-18T23:33:30","isFullCredit":false},{"lineNumber":39,"author":{"gitId":"Jeweljace"},"content":"        } catch (IOException ioe) {","lastModifiedDate":"2025-09-18T23:33:30","isFullCredit":false},{"lineNumber":40,"author":{"gitId":"Jeweljace"},"content":"            System.out.println(\"Load error: \" + ioe.getMessage());","lastModifiedDate":"2025-09-18T23:33:30","isFullCredit":false},{"lineNumber":41,"author":{"gitId":"Jeweljace"},"content":"        }","lastModifiedDate":"2025-09-18T23:33:30","isFullCredit":false},{"lineNumber":42,"author":{"gitId":"Jeweljace"},"content":"    }","lastModifiedDate":"2025-09-18T23:33:30","isFullCredit":false},{"lineNumber":43,"author":{"gitId":"Jeweljace"},"content":"","lastModifiedDate":"2025-09-18T23:33:30","isFullCredit":false},{"lineNumber":44,"author":{"gitId":"Jeweljace"},"content":"    public void save(ArrayList\u003cTask\u003e src) {","lastModifiedDate":"2025-09-19T02:01:03","isFullCredit":false},{"lineNumber":45,"author":{"gitId":"Jeweljace"},"content":"        try {","lastModifiedDate":"2025-09-18T23:33:30","isFullCredit":false},{"lineNumber":46,"author":{"gitId":"Jeweljace"},"content":"            if (path.getParent() !\u003d null) {","lastModifiedDate":"2025-09-18T23:33:30","isFullCredit":false},{"lineNumber":47,"author":{"gitId":"Jeweljace"},"content":"                Files.createDirectories(path.getParent());","lastModifiedDate":"2025-09-18T23:33:30","isFullCredit":false},{"lineNumber":48,"author":{"gitId":"Jeweljace"},"content":"            }","lastModifiedDate":"2025-09-18T23:33:30","isFullCredit":false},{"lineNumber":49,"author":{"gitId":"Jeweljace"},"content":"            FileWriter fw \u003d new FileWriter(path.toFile());","lastModifiedDate":"2025-09-18T23:33:30","isFullCredit":false},{"lineNumber":50,"author":{"gitId":"Jeweljace"},"content":"            for (Task t : src) {","lastModifiedDate":"2025-09-19T02:01:03","isFullCredit":false},{"lineNumber":51,"author":{"gitId":"Jeweljace"},"content":"                fw.write(t.toSave());","lastModifiedDate":"2025-09-19T02:01:03","isFullCredit":false},{"lineNumber":52,"author":{"gitId":"Jeweljace"},"content":"                fw.write(System.lineSeparator());","lastModifiedDate":"2025-09-18T23:33:30","isFullCredit":false},{"lineNumber":53,"author":{"gitId":"Jeweljace"},"content":"            }","lastModifiedDate":"2025-09-18T23:33:30","isFullCredit":false},{"lineNumber":54,"author":{"gitId":"Jeweljace"},"content":"            fw.close(); // important","lastModifiedDate":"2025-09-18T23:33:30","isFullCredit":false},{"lineNumber":55,"author":{"gitId":"Jeweljace"},"content":"        } catch (IOException ioe) {","lastModifiedDate":"2025-09-18T23:33:30","isFullCredit":false},{"lineNumber":56,"author":{"gitId":"Jeweljace"},"content":"            System.out.println(\"Save error: \" + ioe.getMessage());","lastModifiedDate":"2025-09-18T23:33:30","isFullCredit":false},{"lineNumber":57,"author":{"gitId":"Jeweljace"},"content":"        }","lastModifiedDate":"2025-09-18T23:33:30","isFullCredit":false},{"lineNumber":58,"author":{"gitId":"Jeweljace"},"content":"    }","lastModifiedDate":"2025-09-18T23:33:30","isFullCredit":false},{"lineNumber":59,"author":{"gitId":"Jeweljace"},"content":"","lastModifiedDate":"2025-09-18T23:33:30","isFullCredit":false},{"lineNumber":60,"author":{"gitId":"Jeweljace"},"content":"    private Task parse(String line) {","lastModifiedDate":"2025-09-18T23:33:30","isFullCredit":false},{"lineNumber":61,"author":{"gitId":"Jeweljace"},"content":"        String[] p \u003d line.split(\"\\\\s*\\\\|\\\\s*\");","lastModifiedDate":"2025-09-18T23:33:30","isFullCredit":false},{"lineNumber":62,"author":{"gitId":"Jeweljace"},"content":"        if (p.length \u003c 3) throw new IllegalArgumentException(\"Too few fields\");","lastModifiedDate":"2025-09-18T23:33:30","isFullCredit":false},{"lineNumber":63,"author":{"gitId":"Jeweljace"},"content":"        String type \u003d p[0];","lastModifiedDate":"2025-09-18T23:33:30","isFullCredit":false},{"lineNumber":64,"author":{"gitId":"Jeweljace"},"content":"        boolean done \u003d \"1\".equals(p[1]);","lastModifiedDate":"2025-09-18T23:33:30","isFullCredit":false},{"lineNumber":65,"author":{"gitId":"Jeweljace"},"content":"        String desc \u003d p[2];","lastModifiedDate":"2025-09-18T23:33:30","isFullCredit":false},{"lineNumber":66,"author":{"gitId":"Jeweljace"},"content":"","lastModifiedDate":"2025-09-18T23:33:30","isFullCredit":false},{"lineNumber":67,"author":{"gitId":"Jeweljace"},"content":"        Task t;","lastModifiedDate":"2025-09-18T23:33:30","isFullCredit":false},{"lineNumber":68,"author":{"gitId":"Jeweljace"},"content":"        if (\"T\".equals(type)) {","lastModifiedDate":"2025-09-18T23:33:30","isFullCredit":false},{"lineNumber":69,"author":{"gitId":"Jeweljace"},"content":"            t \u003d new Todo(desc);","lastModifiedDate":"2025-09-18T23:33:30","isFullCredit":false},{"lineNumber":70,"author":{"gitId":"Jeweljace"},"content":"        } else if (\"D\".equals(type)) {","lastModifiedDate":"2025-09-18T23:33:30","isFullCredit":false},{"lineNumber":71,"author":{"gitId":"Jeweljace"},"content":"            if (p.length !\u003d 4) throw new IllegalArgumentException(\"Deadline needs 4 fields\");","lastModifiedDate":"2025-09-18T23:33:30","isFullCredit":false},{"lineNumber":72,"author":{"gitId":"Jeweljace"},"content":"            t \u003d new Deadline(desc, p[3]);","lastModifiedDate":"2025-09-18T23:33:30","isFullCredit":false},{"lineNumber":73,"author":{"gitId":"Jeweljace"},"content":"        } else if (\"E\".equals(type)) {","lastModifiedDate":"2025-09-18T23:33:30","isFullCredit":false},{"lineNumber":74,"author":{"gitId":"Jeweljace"},"content":"            if (p.length !\u003d 5) throw new IllegalArgumentException(\"Event needs 5 fields\");","lastModifiedDate":"2025-09-18T23:33:30","isFullCredit":false},{"lineNumber":75,"author":{"gitId":"Jeweljace"},"content":"            t \u003d new Event(desc, p[3], p[4]);","lastModifiedDate":"2025-09-18T23:33:30","isFullCredit":false},{"lineNumber":76,"author":{"gitId":"Jeweljace"},"content":"        } else {","lastModifiedDate":"2025-09-18T23:33:30","isFullCredit":false},{"lineNumber":77,"author":{"gitId":"Jeweljace"},"content":"            throw new IllegalArgumentException(\"Unknown type: \" + type);","lastModifiedDate":"2025-09-18T23:33:30","isFullCredit":false},{"lineNumber":78,"author":{"gitId":"Jeweljace"},"content":"        }","lastModifiedDate":"2025-09-18T23:33:30","isFullCredit":false},{"lineNumber":79,"author":{"gitId":"Jeweljace"},"content":"        if (done) t.markAsDone();","lastModifiedDate":"2025-09-18T23:33:30","isFullCredit":false},{"lineNumber":80,"author":{"gitId":"Jeweljace"},"content":"        return t;","lastModifiedDate":"2025-09-18T23:33:30","isFullCredit":false},{"lineNumber":81,"author":{"gitId":"Jeweljace"},"content":"    }","lastModifiedDate":"2025-09-18T23:33:30","isFullCredit":false},{"lineNumber":82,"author":{"gitId":"Jeweljace"},"content":"}","lastModifiedDate":"2025-09-18T23:33:30","isFullCredit":false}],"authorContributionMap":{"Jeweljace":82}},{"path":"src/main/java/Task.java","fileType":"java","lines":[{"lineNumber":1,"author":{"gitId":"Jeweljace"},"content":"public class Task {","lastModifiedDate":"2025-08-28T21:29:41","isFullCredit":false},{"lineNumber":2,"author":{"gitId":"Jeweljace"},"content":"    protected String description;","lastModifiedDate":"2025-08-28T21:29:41","isFullCredit":false},{"lineNumber":3,"author":{"gitId":"Jeweljace"},"content":"    protected boolean isDone;","lastModifiedDate":"2025-08-28T21:29:41","isFullCredit":false},{"lineNumber":4,"author":{"gitId":"Jeweljace"},"content":"","lastModifiedDate":"2025-08-28T21:29:41","isFullCredit":false},{"lineNumber":5,"author":{"gitId":"Jeweljace"},"content":"    public Task(String description) {","lastModifiedDate":"2025-08-28T21:29:41","isFullCredit":false},{"lineNumber":6,"author":{"gitId":"Jeweljace"},"content":"        this.description \u003d description;","lastModifiedDate":"2025-08-28T21:29:41","isFullCredit":false},{"lineNumber":7,"author":{"gitId":"Jeweljace"},"content":"        this.isDone \u003d false;","lastModifiedDate":"2025-08-28T21:29:41","isFullCredit":false},{"lineNumber":8,"author":{"gitId":"Jeweljace"},"content":"    }","lastModifiedDate":"2025-08-28T21:29:41","isFullCredit":false},{"lineNumber":9,"author":{"gitId":"Jeweljace"},"content":"","lastModifiedDate":"2025-08-28T21:29:41","isFullCredit":false},{"lineNumber":10,"author":{"gitId":"Jeweljace"},"content":"    public String getStatusIcon() {","lastModifiedDate":"2025-08-28T21:29:41","isFullCredit":false},{"lineNumber":11,"author":{"gitId":"Jeweljace"},"content":"        return (isDone ? \"X\" : \" \"); // mark done task with X","lastModifiedDate":"2025-08-28T21:29:41","isFullCredit":false},{"lineNumber":12,"author":{"gitId":"Jeweljace"},"content":"    }","lastModifiedDate":"2025-08-28T21:29:41","isFullCredit":false},{"lineNumber":13,"author":{"gitId":"Jeweljace"},"content":"","lastModifiedDate":"2025-08-28T21:29:41","isFullCredit":false},{"lineNumber":14,"author":{"gitId":"Jeweljace"},"content":"    public void markAsDone() {","lastModifiedDate":"2025-08-28T21:29:41","isFullCredit":false},{"lineNumber":15,"author":{"gitId":"Jeweljace"},"content":"        isDone \u003d true;","lastModifiedDate":"2025-08-28T21:29:41","isFullCredit":false},{"lineNumber":16,"author":{"gitId":"Jeweljace"},"content":"    }","lastModifiedDate":"2025-08-28T21:29:41","isFullCredit":false},{"lineNumber":17,"author":{"gitId":"Jeweljace"},"content":"","lastModifiedDate":"2025-08-28T21:29:41","isFullCredit":false},{"lineNumber":18,"author":{"gitId":"Jeweljace"},"content":"    public void markAsNotDone() {","lastModifiedDate":"2025-08-28T21:29:41","isFullCredit":false},{"lineNumber":19,"author":{"gitId":"Jeweljace"},"content":"        isDone \u003d false;","lastModifiedDate":"2025-08-28T21:29:41","isFullCredit":false},{"lineNumber":20,"author":{"gitId":"Jeweljace"},"content":"    }","lastModifiedDate":"2025-08-28T21:29:41","isFullCredit":false},{"lineNumber":21,"author":{"gitId":"Jeweljace"},"content":"","lastModifiedDate":"2025-08-28T21:29:41","isFullCredit":false},{"lineNumber":22,"author":{"gitId":"Jeweljace"},"content":"    public String toSave() {","lastModifiedDate":"2025-09-18T23:33:30","isFullCredit":false},{"lineNumber":23,"author":{"gitId":"Jeweljace"},"content":"        return \"T | \" + (isDone ? \"1\" : \"0\") + \" | \" + description;","lastModifiedDate":"2025-09-18T23:33:30","isFullCredit":false},{"lineNumber":24,"author":{"gitId":"Jeweljace"},"content":"    }","lastModifiedDate":"2025-09-18T23:33:30","isFullCredit":false},{"lineNumber":25,"author":{"gitId":"Jeweljace"},"content":"","lastModifiedDate":"2025-09-18T23:33:30","isFullCredit":false},{"lineNumber":26,"author":{"gitId":"Jeweljace"},"content":"    @Override","lastModifiedDate":"2025-08-28T21:29:41","isFullCredit":false},{"lineNumber":27,"author":{"gitId":"Jeweljace"},"content":"    public String toString() {","lastModifiedDate":"2025-08-28T21:29:41","isFullCredit":false},{"lineNumber":28,"author":{"gitId":"Jeweljace"},"content":"        return \"[\" + getStatusIcon() + \"] \" + description;","lastModifiedDate":"2025-08-28T21:29:41","isFullCredit":false},{"lineNumber":29,"author":{"gitId":"Jeweljace"},"content":"    }","lastModifiedDate":"2025-08-28T21:29:41","isFullCredit":false},{"lineNumber":30,"author":{"gitId":"Jeweljace"},"content":"}","lastModifiedDate":"2025-08-28T21:29:41","isFullCredit":false}],"authorContributionMap":{"Jeweljace":30}},{"path":"src/main/java/Todo.java","fileType":"java","lines":[{"lineNumber":1,"author":{"gitId":"Jeweljace"},"content":"public class Todo extends Task {","lastModifiedDate":"2025-09-03T21:44:38","isFullCredit":false},{"lineNumber":2,"author":{"gitId":"Jeweljace"},"content":"    public Todo(String description) {","lastModifiedDate":"2025-09-03T21:44:38","isFullCredit":false},{"lineNumber":3,"author":{"gitId":"Jeweljace"},"content":"        super(description);","lastModifiedDate":"2025-09-03T21:44:38","isFullCredit":false},{"lineNumber":4,"author":{"gitId":"Jeweljace"},"content":"    }","lastModifiedDate":"2025-09-03T21:44:38","isFullCredit":false},{"lineNumber":5,"author":{"gitId":"Jeweljace"},"content":"","lastModifiedDate":"2025-09-03T21:44:38","isFullCredit":false},{"lineNumber":6,"author":{"gitId":"Jeweljace"},"content":"    @Override","lastModifiedDate":"2025-09-03T21:44:38","isFullCredit":false},{"lineNumber":7,"author":{"gitId":"Jeweljace"},"content":"    public String toString() {","lastModifiedDate":"2025-09-03T21:44:38","isFullCredit":false},{"lineNumber":8,"author":{"gitId":"Jeweljace"},"content":"        return \"[T]\" + super.toString();","lastModifiedDate":"2025-09-03T21:44:38","isFullCredit":false},{"lineNumber":9,"author":{"gitId":"Jeweljace"},"content":"    }","lastModifiedDate":"2025-09-03T21:44:38","isFullCredit":false},{"lineNumber":10,"author":{"gitId":"Jeweljace"},"content":"}","lastModifiedDate":"2025-09-03T21:44:38","isFullCredit":false}],"authorContributionMap":{"Jeweljace":10}},{"path":"text-ui-test/input.txt","fileType":"txt","lines":[{"lineNumber":1,"author":{"gitId":"Jeweljace"},"content":"help","lastModifiedDate":"2025-09-04T01:21:01","isFullCredit":false},{"lineNumber":2,"author":{"gitId":"Jeweljace"},"content":"list","lastModifiedDate":"2025-09-04T01:21:01","isFullCredit":false},{"lineNumber":3,"author":{"gitId":"Jeweljace"},"content":"todo borrow book","lastModifiedDate":"2025-09-04T01:21:01","isFullCredit":false},{"lineNumber":4,"author":{"gitId":"Jeweljace"},"content":"deadline return book /by Sunday","lastModifiedDate":"2025-09-04T01:21:01","isFullCredit":false},{"lineNumber":5,"author":{"gitId":"Jeweljace"},"content":"event project meeting /from Mon 2pm /to 4pm","lastModifiedDate":"2025-09-04T01:21:01","isFullCredit":false},{"lineNumber":6,"author":{"gitId":"Jeweljace"},"content":"deadline do homework /by no idea :-p","lastModifiedDate":"2025-09-04T01:21:01","isFullCredit":false},{"lineNumber":7,"author":{"gitId":"Jeweljace"},"content":"list","lastModifiedDate":"2025-09-04T01:21:01","isFullCredit":false},{"lineNumber":8,"author":{"gitId":"Jeweljace"},"content":"mark 1","lastModifiedDate":"2025-09-04T01:21:01","isFullCredit":false},{"lineNumber":9,"author":{"gitId":"Jeweljace"},"content":"mark 2","lastModifiedDate":"2025-09-04T01:21:01","isFullCredit":false},{"lineNumber":10,"author":{"gitId":"Jeweljace"},"content":"unmark 1","lastModifiedDate":"2025-09-04T01:21:01","isFullCredit":false},{"lineNumber":11,"author":{"gitId":"Jeweljace"},"content":"list","lastModifiedDate":"2025-09-04T01:21:01","isFullCredit":false}],"authorContributionMap":{"Jeweljace":11}},{"path":"text-ui-test/runtest.sh","fileType":"sh","lines":[{"lineNumber":1,"author":{"gitId":"-"},"content":"#!/usr/bin/env bash","lastModifiedDate":"2020-05-25T00:03:55","isFullCredit":false},{"lineNumber":2,"author":{"gitId":"-"},"content":"","lastModifiedDate":"2020-05-25T00:03:55","isFullCredit":false},{"lineNumber":3,"author":{"gitId":"-"},"content":"# create bin directory if it doesn\u0027t exist","lastModifiedDate":"2020-05-25T00:03:55","isFullCredit":false},{"lineNumber":4,"author":{"gitId":"-"},"content":"if [ ! -d \"../bin\" ]","lastModifiedDate":"2020-05-25T00:03:55","isFullCredit":false},{"lineNumber":5,"author":{"gitId":"-"},"content":"then","lastModifiedDate":"2020-05-25T00:03:55","isFullCredit":false},{"lineNumber":6,"author":{"gitId":"-"},"content":"    mkdir ../bin","lastModifiedDate":"2020-05-25T00:03:55","isFullCredit":false},{"lineNumber":7,"author":{"gitId":"-"},"content":"fi","lastModifiedDate":"2020-05-25T00:03:55","isFullCredit":false},{"lineNumber":8,"author":{"gitId":"-"},"content":"","lastModifiedDate":"2020-05-25T00:03:55","isFullCredit":false},{"lineNumber":9,"author":{"gitId":"-"},"content":"# delete output from previous run","lastModifiedDate":"2020-05-25T00:03:55","isFullCredit":false},{"lineNumber":10,"author":{"gitId":"-"},"content":"if [ -e \"./ACTUAL.TXT\" ]","lastModifiedDate":"2020-05-25T00:03:55","isFullCredit":false},{"lineNumber":11,"author":{"gitId":"-"},"content":"then","lastModifiedDate":"2020-05-25T00:03:55","isFullCredit":false},{"lineNumber":12,"author":{"gitId":"-"},"content":"    rm ACTUAL.TXT","lastModifiedDate":"2020-05-25T00:03:55","isFullCredit":false},{"lineNumber":13,"author":{"gitId":"-"},"content":"fi","lastModifiedDate":"2020-05-25T00:03:55","isFullCredit":false},{"lineNumber":14,"author":{"gitId":"-"},"content":"","lastModifiedDate":"2020-05-25T00:03:55","isFullCredit":false},{"lineNumber":15,"author":{"gitId":"-"},"content":"# compile the code into the bin folder, terminates if error occurred","lastModifiedDate":"2020-05-25T00:03:55","isFullCredit":false},{"lineNumber":16,"author":{"gitId":"-"},"content":"if ! javac -cp ../src/main/java -Xlint:none -d ../bin ../src/main/java/*.java","lastModifiedDate":"2020-08-25T17:23:26","isFullCredit":false},{"lineNumber":17,"author":{"gitId":"-"},"content":"then","lastModifiedDate":"2020-05-25T00:03:55","isFullCredit":false},{"lineNumber":18,"author":{"gitId":"-"},"content":"    echo \"********** BUILD FAILURE **********\"","lastModifiedDate":"2020-05-25T00:03:55","isFullCredit":false},{"lineNumber":19,"author":{"gitId":"-"},"content":"    exit 1","lastModifiedDate":"2020-05-25T00:03:55","isFullCredit":false},{"lineNumber":20,"author":{"gitId":"-"},"content":"fi","lastModifiedDate":"2020-05-25T00:03:55","isFullCredit":false},{"lineNumber":21,"author":{"gitId":"-"},"content":"","lastModifiedDate":"2020-05-25T00:03:55","isFullCredit":false},{"lineNumber":22,"author":{"gitId":"-"},"content":"# run the program, feed commands from input.txt file and redirect the output to the ACTUAL.TXT","lastModifiedDate":"2020-05-25T00:03:55","isFullCredit":false},{"lineNumber":23,"author":{"gitId":"Jeweljace"},"content":"java -classpath ../bin Helio \u003c input.txt \u003e ACTUAL.TXT","lastModifiedDate":"2025-09-04T01:21:01","isFullCredit":false},{"lineNumber":24,"author":{"gitId":"-"},"content":"","lastModifiedDate":"2020-05-25T00:03:55","isFullCredit":false},{"lineNumber":25,"author":{"gitId":"-"},"content":"# compare the output to the expected output","lastModifiedDate":"2020-05-25T00:03:55","isFullCredit":false},{"lineNumber":26,"author":{"gitId":"Jeweljace"},"content":"diff ACTUAL.TXT EXPECTED.TXT","lastModifiedDate":"2025-09-04T01:21:01","isFullCredit":false},{"lineNumber":27,"author":{"gitId":"-"},"content":"if [ $? -eq 0 ]","lastModifiedDate":"2020-05-25T00:03:55","isFullCredit":false},{"lineNumber":28,"author":{"gitId":"-"},"content":"then","lastModifiedDate":"2020-05-25T00:03:55","isFullCredit":false},{"lineNumber":29,"author":{"gitId":"-"},"content":"    echo \"Test result: PASSED\"","lastModifiedDate":"2020-05-25T00:03:55","isFullCredit":false},{"lineNumber":30,"author":{"gitId":"-"},"content":"    exit 0","lastModifiedDate":"2020-05-25T00:03:55","isFullCredit":false},{"lineNumber":31,"author":{"gitId":"-"},"content":"else","lastModifiedDate":"2020-05-25T00:03:55","isFullCredit":false},{"lineNumber":32,"author":{"gitId":"-"},"content":"    echo \"Test result: FAILED\"","lastModifiedDate":"2020-05-25T00:03:55","isFullCredit":false},{"lineNumber":33,"author":{"gitId":"-"},"content":"    exit 1","lastModifiedDate":"2020-05-25T00:03:55","isFullCredit":false},{"lineNumber":34,"author":{"gitId":"-"},"content":"fi","lastModifiedDate":"2020-05-25T00:03:55","isFullCredit":false}],"authorContributionMap":{"Jeweljace":2,"-":32}}]
