{"authorDailyContributionsMap":{"Jeweljace":[{"date":"2025-08-28T00:00:00","commitResults":[{"hash":"64075a5e33b5493bb6f41e3c1022e4712c496d2c","isMergeCommit":false,"messageTitle":"ip level 0","messageBody":"","tags":["Level-0"],"fileTypesAndContributionMap":{"java":{"insertions":10,"deletions":10}}},{"hash":"f8f0c0c319d31d40fc882ec7f942e771d88dadce","isMergeCommit":false,"messageTitle":"ip level 1 gave helio some personality added echo functionality and bye command","messageBody":"","tags":["Level-1"],"fileTypesAndContributionMap":{"java":{"insertions":28,"deletions":4}}},{"hash":"d9aebba8b31f14b5d273d95e212f744e3c33669b","isMergeCommit":false,"messageTitle":"ip level 2 task","messageBody":"added listing functionality\n","tags":["Level-2"],"fileTypesAndContributionMap":{"java":{"insertions":15,"deletions":8}}},{"hash":"fb9d1584d454a07177fc60f31f77ca90345b7f83","isMergeCommit":false,"messageTitle":"ip level 3","messageBody":"Added Task class to manage list\nAdded \"mark\" and \"unmark\" functionalities\nmark and unmark command has to be in this format: \"mark/unmark\u003cblank\u003e\u003ctask number\u003e\"\n","tags":["Level-3"],"fileTypesAndContributionMap":{"java":{"insertions":58,"deletions":12}}},{"hash":"d6b2f76324d38d06332087d4b0707e2a7e9e86ab","isMergeCommit":false,"messageTitle":"Tweak the code to comply with a coding standard","messageBody":"","tags":["A-CodingStandard"],"fileTypesAndContributionMap":{"java":{"insertions":1,"deletions":2}}}]},{"date":"2025-09-03T00:00:00","commitResults":[{"hash":"454ac2ac3ac52541d28222e6aff4ed70bf6eed37","isMergeCommit":false,"messageTitle":"Added Todo.java, Deadline.java and Event.java","messageBody":"Updated Helio.java to accept new commands: todo, deadline and event\n\nUpdated Helio.java for error handling\n","tags":["Level-4"],"fileTypesAndContributionMap":{"java":{"insertions":126,"deletions":4}}}]},{"date":"2025-09-04T00:00:00","commitResults":[{"hash":"581d71e5abf07bb1925d54468a42e8c97df9889d","isMergeCommit":false,"messageTitle":"Added Automated Text UI Testing","messageBody":"Use the input/output redirection technique to semi-automate the testing of Helio.\n\nAdded input.txt and EXPECTED.txt.\n\nAdded fix to Helio.java so that scanner can work with input.txt properly.\n","tags":["A-TextUiTesting","A-CodeQuality"],"fileTypesAndContributionMap":{"txt":{"insertions":11,"deletions":0},"java":{"insertions":25,"deletions":17},"sh":{"insertions":2,"deletions":6}}}]},{"date":"2025-09-10T00:00:00","commitResults":[{"hash":"c63294d957a91cb9ed04924b130f59aa2d9baf62","isMergeCommit":false,"messageTitle":"Moved custom messages and error handling to separate classes.","messageBody":"","tags":["A-Exceptions"],"fileTypesAndContributionMap":{"java":{"insertions":153,"deletions":75}}},{"hash":"6e44210e52805e3b3b47c88be2d11f92d434a11f","isMergeCommit":false,"messageTitle":"Modified some of the custom messages for more personality.","messageBody":"","tags":["Level-5"],"fileTypesAndContributionMap":{"java":{"insertions":5,"deletions":5}}}]},{"date":"2025-09-11T00:00:00","commitResults":[{"hash":"b9aa1714ff0af49199b309f5565be9223ef186e2","isMergeCommit":false,"messageTitle":"Modified personality message","messageBody":"","fileTypesAndContributionMap":{"java":{"insertions":1,"deletions":1}}}]},{"date":"2025-09-17T00:00:00","commitResults":[{"hash":"f59d217efa7889408e9bb14bdc246dd5e409781c","isMergeCommit":false,"messageTitle":"Made further changes to Helio\u0027s messages","messageBody":"","fileTypesAndContributionMap":{"java":{"insertions":2,"deletions":2}}}]},{"date":"2025-09-18T00:00:00","commitResults":[{"hash":"7ae5af64da1d1eaffe5fd3f28e2556505a598223","isMergeCommit":false,"messageTitle":"Added delete functionality to Helio","messageBody":"Changed array implementation to array list\n\nAdded further error handling for deadline and event\n","tags":["A-Collections"],"fileTypesAndContributionMap":{"java":{"insertions":56,"deletions":24}}},{"hash":"9da31218f4bc6fb2e06e323357100ffabfc180bd","isMergeCommit":false,"messageTitle":"Added storage.java for save function","messageBody":"Tweaked code to enable save to file functionality\n","fileTypesAndContributionMap":{"java":{"insertions":110,"deletions":0}}}]},{"date":"2025-09-19T00:00:00","commitResults":[{"hash":"2b7ba5d8a45457f4ef52aae2fd15fa9d5e27b896","isMergeCommit":true,"messageTitle":"Merge branch \u0027branch-Level-7\u0027","messageBody":"Resolved conflicts in Helio.java\n","fileTypesAndContributionMap":{}},{"hash":"9ef3846c10ed9920c33491e725982a2e14f31904","isMergeCommit":false,"messageTitle":"Fixed errors due to change from Array to java collections ArrayList","messageBody":"","tags":["Level-6"],"fileTypesAndContributionMap":{"java":{"insertions":18,"deletions":19}}},{"hash":"3cd7ea8226dfcd4613deaaf31027f145a239ee9e","isMergeCommit":false,"messageTitle":"Fixed error where deadline and delete commands were not writing to saved file","messageBody":"","tags":["Level-7"],"fileTypesAndContributionMap":{"java":{"insertions":2,"deletions":0}}}]},{"date":"2025-10-03T00:00:00","commitResults":[{"hash":"44d1b997c7b5808f8bced918419366199ea34968","isMergeCommit":false,"messageTitle":"Divided classes into suitable packages","messageBody":"","tags":["A-Packages"],"fileTypesAndContributionMap":{"java":{"insertions":32,"deletions":1}}},{"hash":"c1c08b5da6849c413e601f222216ee68c9fe9978","isMergeCommit":true,"messageTitle":"Merge branch \u0027branch-A-Packages\u0027","messageBody":"","fileTypesAndContributionMap":{}},{"hash":"a40b2bb1ab04d2245732415e869d6bd2ad7ecdac","isMergeCommit":false,"messageTitle":"Added TaskList.java in task package to contain the task list","messageBody":"","fileTypesAndContributionMap":{"java":{"insertions":32,"deletions":0}}},{"hash":"892723121afde348571704c8aac84a1587083f81","isMergeCommit":false,"messageTitle":"Added Ui.java to handle all user interactions and also removed Handle.java and Message.java","messageBody":"","fileTypesAndContributionMap":{"java":{"insertions":111,"deletions":165}}},{"hash":"9675224f77dd3337b7c37fd8df99600d7e4b93a4","isMergeCommit":false,"messageTitle":"Add Parser.java and *Command classes","messageBody":"","fileTypesAndContributionMap":{"java":{"insertions":352,"deletions":38}}},{"hash":"1e3fc6c5edf09a830c53c35c986e8b51c4d97d68","isMergeCommit":false,"messageTitle":"Update Helio.java","messageBody":"Helio.java was updated to make it compatible with the implemented OOP design\n","tags":["A-MoreOOP"],"fileTypesAndContributionMap":{"java":{"insertions":29,"deletions":137}}},{"hash":"2d59cb321e46ff7c1678f1e4a0c3fe67d8118458","isMergeCommit":true,"messageTitle":"Merge branch \u0027branch-A-MoreOOP\u0027","messageBody":"","fileTypesAndContributionMap":{}},{"hash":"7cbcad050d211441be61a795e0b49d6563a32e24","isMergeCommit":false,"messageTitle":"Update AddTodoCommand.java","messageBody":"","fileTypesAndContributionMap":{"java":{"insertions":1,"deletions":1}}},{"hash":"3130c9db8cdc7e58f1b71620e7bc7ff38d2ae1ca","isMergeCommit":false,"messageTitle":"Update AddEventCommand.java","messageBody":"","fileTypesAndContributionMap":{"java":{"insertions":1,"deletions":1}}},{"hash":"a16f29fabf00312a479eacc09ee362564d816f87","isMergeCommit":false,"messageTitle":"Update AddEventCommand.java","messageBody":"","fileTypesAndContributionMap":{"java":{"insertions":1,"deletions":1}}},{"hash":"6c6dacf8bb8fa6bfde5adca7b7b49d880db27f4f","isMergeCommit":false,"messageTitle":"Add DateTimeUtil.java","messageBody":"","fileTypesAndContributionMap":{"java":{"insertions":69,"deletions":0}}},{"hash":"3425b905da4cbf5e405095ca65ec3ea73049b3ff","isMergeCommit":false,"messageTitle":"Update Parser.java and Storage.java","messageBody":"","fileTypesAndContributionMap":{"java":{"insertions":32,"deletions":10}}},{"hash":"552061338551fc9fe52038f43846b1727b166290","isMergeCommit":false,"messageTitle":"Update Deadline.java and Event.java and Task.java","messageBody":"","fileTypesAndContributionMap":{"java":{"insertions":105,"deletions":11}}},{"hash":"d9a470a69c558aeff3334603c45110ed5940ba57","isMergeCommit":false,"messageTitle":"Update AddDeadlineCommand.java and AddEventCommand.java and AddTodoCommand.java","messageBody":"","fileTypesAndContributionMap":{"java":{"insertions":29,"deletions":16}}},{"hash":"3ce78d8a40210e590822053e7af7bb33f021d860","isMergeCommit":false,"messageTitle":"Add OnDateCommand.java","messageBody":"","fileTypesAndContributionMap":{"java":{"insertions":51,"deletions":0}}},{"hash":"0be958cac499d3d3ffdbc6b14650a8f3c8d10b46","isMergeCommit":false,"messageTitle":"Update Helio.java","messageBody":"Chatbot now understands dates and times for deadlines and events\n","tags":["Level-8"],"fileTypesAndContributionMap":{"java":{"insertions":6,"deletions":2}}},{"hash":"539cf1eed134030cb9c678bbacf74d1b60d65e56","isMergeCommit":true,"messageTitle":"Merge branch \u0027branch-Level-8\u0027","messageBody":"","fileTypesAndContributionMap":{}},{"hash":"cfff181a34fd7d40a3f3cfd24506b4f002ac4648","isMergeCommit":false,"messageTitle":"Add FindCommand.java","messageBody":"","fileTypesAndContributionMap":{"java":{"insertions":26,"deletions":0}}},{"hash":"ac82cd44cca26252e962ebfda4ce505607b914d7","isMergeCommit":false,"messageTitle":"Update Ui.java and TaskList.java","messageBody":"","fileTypesAndContributionMap":{"java":{"insertions":28,"deletions":2}}},{"hash":"fc29150624054a6f99a95b060d9fa3c09bb0bee6","isMergeCommit":false,"messageTitle":"Update Parser.java","messageBody":"","tags":["Level-9"],"fileTypesAndContributionMap":{"java":{"insertions":2,"deletions":0}}},{"hash":"77912782e99dbf0b7b2c4a76377d7eab40becc0d","isMergeCommit":true,"messageTitle":"Merge branch \u0027branch-Level-9\u0027","messageBody":"","fileTypesAndContributionMap":{}},{"hash":"5d3818ee8591fb1c82367ee572116c7b5e4ad2d8","isMergeCommit":false,"messageTitle":"Add JavaDoc comments to all classes and non-trivial methods","messageBody":"","tags":["A-JavaDoc"],"fileTypesAndContributionMap":{"java":{"insertions":435,"deletions":9}}}]}]},"authorFileTypeContributionMap":{"Jeweljace":{"java":1381,"md":0,"fxml":0,"sh":2,"bat":0,"gradle":0,"txt":11}},"authorContributionVariance":{"Jeweljace":53273.79},"authorDisplayNameMap":{"Jeweljace":"CS2113-T11-3 JEWE.. LIM"}}
