{"authorDailyContributionsMap":{"Jeweljace":[{"date":"2025-08-28T00:00:00","commitResults":[{"hash":"64075a5e33b5493bb6f41e3c1022e4712c496d2c","isMergeCommit":false,"messageTitle":"ip level 0","messageBody":"","tags":["Level-0"],"fileTypesAndContributionMap":{"java":{"insertions":10,"deletions":10}}},{"hash":"f8f0c0c319d31d40fc882ec7f942e771d88dadce","isMergeCommit":false,"messageTitle":"ip level 1 gave helio some personality added echo functionality and bye command","messageBody":"","tags":["Level-1"],"fileTypesAndContributionMap":{"java":{"insertions":28,"deletions":4}}},{"hash":"d9aebba8b31f14b5d273d95e212f744e3c33669b","isMergeCommit":false,"messageTitle":"ip level 2 task","messageBody":"added listing functionality\n","tags":["Level-2"],"fileTypesAndContributionMap":{"java":{"insertions":15,"deletions":8}}},{"hash":"fb9d1584d454a07177fc60f31f77ca90345b7f83","isMergeCommit":false,"messageTitle":"ip level 3","messageBody":"Added Task class to manage list\nAdded \"mark\" and \"unmark\" functionalities\nmark and unmark command has to be in this format: \"mark/unmark\u003cblank\u003e\u003ctask number\u003e\"\n","tags":["Level-3"],"fileTypesAndContributionMap":{"java":{"insertions":58,"deletions":12}}},{"hash":"d6b2f76324d38d06332087d4b0707e2a7e9e86ab","isMergeCommit":false,"messageTitle":"Tweak the code to comply with a coding standard","messageBody":"","tags":["A-CodingStandard"],"fileTypesAndContributionMap":{"java":{"insertions":1,"deletions":2}}}]}]},"authorFileTypeContributionMap":{"Jeweljace":{"java":86,"md":0,"fxml":0,"sh":0,"bat":0,"gradle":0,"txt":0}},"authorContributionVariance":{"Jeweljace":993.3786},"authorDisplayNameMap":{"Jeweljace":"JEWE.. LIM"}}
