[{"path":"README.md","fileType":"md","lines":[{"lineNumber":1,"author":{"gitId":"goodguyryan"},"content":"# Maltese project template","lastModifiedDate":"2025-08-21T18:50:39","isFullCredit":false},{"lineNumber":2,"author":{"gitId":"-"},"content":"","lastModifiedDate":"2020-05-25T00:03:55","isFullCredit":false},{"lineNumber":3,"author":{"gitId":"goodguyryan"},"content":"This is a project template for a greenfield Java project. It\u0027s named after the Java mascot Maltese. Given below are instructions on how to use it.","lastModifiedDate":"2025-08-21T18:50:39","isFullCredit":false},{"lineNumber":4,"author":{"gitId":"-"},"content":"","lastModifiedDate":"2020-05-25T00:03:55","isFullCredit":false},{"lineNumber":5,"author":{"gitId":"-"},"content":"## Setting up in Intellij","lastModifiedDate":"2020-05-25T00:03:55","isFullCredit":false},{"lineNumber":6,"author":{"gitId":"-"},"content":"","lastModifiedDate":"2020-05-25T00:03:55","isFullCredit":false},{"lineNumber":7,"author":{"gitId":"-"},"content":"Prerequisites: JDK 17, update Intellij to the most recent version.","lastModifiedDate":"2024-07-11T16:50:14","isFullCredit":false},{"lineNumber":8,"author":{"gitId":"-"},"content":"","lastModifiedDate":"2020-05-25T00:03:55","isFullCredit":false},{"lineNumber":9,"author":{"gitId":"-"},"content":"1. Open Intellij (if you are not in the welcome screen, click `File` \u003e `Close Project` to close the existing project first)","lastModifiedDate":"2021-01-17T12:25:53","isFullCredit":false},{"lineNumber":10,"author":{"gitId":"-"},"content":"1. Open the project into Intellij as follows:","lastModifiedDate":"2021-01-17T12:25:53","isFullCredit":false},{"lineNumber":11,"author":{"gitId":"-"},"content":"   1. Click `Open`.","lastModifiedDate":"2021-01-17T12:25:53","isFullCredit":false},{"lineNumber":12,"author":{"gitId":"-"},"content":"   1. Select the project directory, and click `OK`.","lastModifiedDate":"2021-01-17T12:25:53","isFullCredit":false},{"lineNumber":13,"author":{"gitId":"-"},"content":"   1. If there are any further prompts, accept the defaults.","lastModifiedDate":"2020-05-25T00:03:55","isFullCredit":false},{"lineNumber":14,"author":{"gitId":"-"},"content":"1. Configure the project to use **JDK 17** (not other versions) as explained in [here](https://www.jetbrains.com/help/idea/sdk.html#set-up-jdk).\u003cbr\u003e","lastModifiedDate":"2024-07-11T16:50:14","isFullCredit":false},{"lineNumber":15,"author":{"gitId":"-"},"content":"   In the same dialog, set the **Project language level** field to the `SDK default` option.","lastModifiedDate":"2021-07-29T20:29:39","isFullCredit":false},{"lineNumber":16,"author":{"gitId":"goodguyryan"},"content":"1. After that, locate the `src/main/java/Maltese.java` file, right-click it, and choose `Run Maltese.main()` (if the code editor is showing compile errors, try restarting the IDE). If the setup is correct, you should see something like the below as the output:","lastModifiedDate":"2025-08-21T18:50:39","isFullCredit":false},{"lineNumber":17,"author":{"gitId":"-"},"content":"","lastModifiedDate":"2025-01-04T21:44:28","isFullCredit":false},{"lineNumber":18,"author":{"gitId":"-"},"content":"**Warning:** Keep the `src\\main\\java` folder as the root folder for Java files (i.e., don\u0027t rename those folders or move Java files to another folder outside of this folder path), as this is the default location some tools (e.g., Gradle) expect to find Java files.","lastModifiedDate":"2025-01-04T21:44:28","isFullCredit":false}],"authorContributionMap":{"goodguyryan":3,"-":15}},{"path":"docs/README.md","fileType":"md","lines":[{"lineNumber":1,"author":{"gitId":"goodguyryan"},"content":"# Maltese User Guide","lastModifiedDate":"2025-08-21T18:50:39","isFullCredit":false},{"lineNumber":2,"author":{"gitId":"-"},"content":"","lastModifiedDate":"2019-07-29T17:14:46","isFullCredit":false},{"lineNumber":3,"author":{"gitId":"-"},"content":"// Update the title above to match the actual product name","lastModifiedDate":"2024-01-07T18:33:52","isFullCredit":false},{"lineNumber":4,"author":{"gitId":"-"},"content":"","lastModifiedDate":"2019-07-29T17:14:46","isFullCredit":false},{"lineNumber":5,"author":{"gitId":"-"},"content":"// Product screenshot goes here","lastModifiedDate":"2024-01-07T18:33:52","isFullCredit":false},{"lineNumber":6,"author":{"gitId":"-"},"content":"","lastModifiedDate":"2021-07-17T16:49:07","isFullCredit":false},{"lineNumber":7,"author":{"gitId":"-"},"content":"// Product intro goes here","lastModifiedDate":"2024-01-07T18:33:52","isFullCredit":false},{"lineNumber":8,"author":{"gitId":"-"},"content":"","lastModifiedDate":"2021-07-17T16:49:07","isFullCredit":false},{"lineNumber":9,"author":{"gitId":"-"},"content":"## Adding deadlines","lastModifiedDate":"2024-01-07T18:33:52","isFullCredit":false},{"lineNumber":10,"author":{"gitId":"-"},"content":"","lastModifiedDate":"2021-07-17T16:49:07","isFullCredit":false},{"lineNumber":11,"author":{"gitId":"-"},"content":"// Describe the action and its outcome.","lastModifiedDate":"2024-01-07T18:33:52","isFullCredit":false},{"lineNumber":12,"author":{"gitId":"-"},"content":"","lastModifiedDate":"2019-07-29T17:14:46","isFullCredit":false},{"lineNumber":13,"author":{"gitId":"-"},"content":"// Give examples of usage","lastModifiedDate":"2024-01-07T18:33:52","isFullCredit":false},{"lineNumber":14,"author":{"gitId":"-"},"content":"","lastModifiedDate":"2019-07-29T17:14:46","isFullCredit":false},{"lineNumber":15,"author":{"gitId":"-"},"content":"Example: `keyword (optional arguments)`","lastModifiedDate":"2024-01-07T18:33:52","isFullCredit":false},{"lineNumber":16,"author":{"gitId":"-"},"content":"","lastModifiedDate":"2019-07-29T17:14:46","isFullCredit":false},{"lineNumber":17,"author":{"gitId":"-"},"content":"// A description of the expected outcome goes here","lastModifiedDate":"2024-01-07T18:33:52","isFullCredit":false},{"lineNumber":18,"author":{"gitId":"-"},"content":"","lastModifiedDate":"2019-07-29T17:14:46","isFullCredit":false},{"lineNumber":19,"author":{"gitId":"-"},"content":"```","lastModifiedDate":"2024-01-07T18:33:52","isFullCredit":false},{"lineNumber":20,"author":{"gitId":"-"},"content":"expected output","lastModifiedDate":"2024-01-07T18:33:52","isFullCredit":false},{"lineNumber":21,"author":{"gitId":"-"},"content":"```","lastModifiedDate":"2024-01-07T18:33:52","isFullCredit":false},{"lineNumber":22,"author":{"gitId":"-"},"content":"","lastModifiedDate":"2019-07-29T17:14:46","isFullCredit":false},{"lineNumber":23,"author":{"gitId":"-"},"content":"## Feature ABC","lastModifiedDate":"2024-01-07T18:33:52","isFullCredit":false},{"lineNumber":24,"author":{"gitId":"-"},"content":"","lastModifiedDate":"2019-07-29T17:14:46","isFullCredit":false},{"lineNumber":25,"author":{"gitId":"-"},"content":"// Feature details","lastModifiedDate":"2024-01-07T18:33:52","isFullCredit":false},{"lineNumber":26,"author":{"gitId":"-"},"content":"","lastModifiedDate":"2019-07-29T17:14:46","isFullCredit":false},{"lineNumber":27,"author":{"gitId":"-"},"content":"","lastModifiedDate":"2021-07-17T16:49:07","isFullCredit":false},{"lineNumber":28,"author":{"gitId":"-"},"content":"## Feature XYZ","lastModifiedDate":"2024-01-07T18:33:52","isFullCredit":false},{"lineNumber":29,"author":{"gitId":"-"},"content":"","lastModifiedDate":"2024-01-07T18:33:52","isFullCredit":false},{"lineNumber":30,"author":{"gitId":"-"},"content":"// Feature details","lastModifiedDate":"2024-01-07T18:33:52","isFullCredit":false}],"authorContributionMap":{"goodguyryan":1,"-":29}},{"path":"src/main/java/maltese/Maltese.java","fileType":"java","lines":[{"lineNumber":1,"author":{"gitId":"goodguyryan"},"content":"package maltese;","lastModifiedDate":"2025-09-06T01:39:37","isFullCredit":false},{"lineNumber":2,"author":{"gitId":"goodguyryan"},"content":"import java.io.File;","lastModifiedDate":"2025-09-13T23:59:43","isFullCredit":false},{"lineNumber":3,"author":{"gitId":"goodguyryan"},"content":"import java.io.FileNotFoundException;","lastModifiedDate":"2025-09-13T23:59:43","isFullCredit":false},{"lineNumber":4,"author":{"gitId":"goodguyryan"},"content":"import java.io.FileWriter;","lastModifiedDate":"2025-09-13T23:59:43","isFullCredit":false},{"lineNumber":5,"author":{"gitId":"goodguyryan"},"content":"import java.io.IOException;","lastModifiedDate":"2025-09-13T23:59:43","isFullCredit":false},{"lineNumber":6,"author":{"gitId":"goodguyryan"},"content":"import maltese.task.Deadline;","lastModifiedDate":"2025-09-06T01:39:37","isFullCredit":false},{"lineNumber":7,"author":{"gitId":"goodguyryan"},"content":"import maltese.task.Event;","lastModifiedDate":"2025-09-06T01:39:37","isFullCredit":false},{"lineNumber":8,"author":{"gitId":"goodguyryan"},"content":"import maltese.task.Task;","lastModifiedDate":"2025-09-06T01:39:37","isFullCredit":false},{"lineNumber":9,"author":{"gitId":"goodguyryan"},"content":"import maltese.task.Todo;","lastModifiedDate":"2025-09-06T01:39:37","isFullCredit":false},{"lineNumber":10,"author":{"gitId":"goodguyryan"},"content":"","lastModifiedDate":"2025-09-13T21:50:33","isFullCredit":false},{"lineNumber":11,"author":{"gitId":"goodguyryan"},"content":"import java.util.Scanner;","lastModifiedDate":"2025-08-27T11:12:03","isFullCredit":false},{"lineNumber":12,"author":{"gitId":"goodguyryan"},"content":"import java.util.ArrayList;","lastModifiedDate":"2025-09-13T21:50:33","isFullCredit":false},{"lineNumber":13,"author":{"gitId":"goodguyryan"},"content":"","lastModifiedDate":"2025-08-27T11:12:03","isFullCredit":false},{"lineNumber":14,"author":{"gitId":"goodguyryan"},"content":"public class Maltese {","lastModifiedDate":"2025-08-21T18:50:39","isFullCredit":false},{"lineNumber":15,"author":{"gitId":"goodguyryan"},"content":"    static ArrayList\u003cTask\u003e tasks \u003d new ArrayList\u003c\u003e();","lastModifiedDate":"2025-09-13T21:50:33","isFullCredit":false},{"lineNumber":16,"author":{"gitId":"goodguyryan"},"content":"    static String filePath \u003d \"src/main/java/maltese/tasks.txt\";","lastModifiedDate":"2025-09-13T23:59:43","isFullCredit":false},{"lineNumber":17,"author":{"gitId":"goodguyryan"},"content":"    static int tasksLength \u003d 0;","lastModifiedDate":"2025-08-28T16:43:07","isFullCredit":false},{"lineNumber":18,"author":{"gitId":"goodguyryan"},"content":"","lastModifiedDate":"2025-08-28T16:43:07","isFullCredit":false},{"lineNumber":19,"author":{"gitId":"goodguyryan"},"content":"    public static void printBootupMessage() {","lastModifiedDate":"2025-08-28T17:06:53","isFullCredit":false},{"lineNumber":20,"author":{"gitId":"goodguyryan"},"content":"        System.out.println(\"Hello I\u0027m Maltese, your personal chatbot!\");","lastModifiedDate":"2025-08-21T18:50:39","isFullCredit":false},{"lineNumber":21,"author":{"gitId":"goodguyryan"},"content":"        System.out.println(\"What can I do for you\");","lastModifiedDate":"2025-08-21T18:50:39","isFullCredit":false},{"lineNumber":22,"author":{"gitId":"goodguyryan"},"content":"    }","lastModifiedDate":"2025-08-27T11:12:03","isFullCredit":false},{"lineNumber":23,"author":{"gitId":"goodguyryan"},"content":"","lastModifiedDate":"2025-08-27T11:12:03","isFullCredit":false},{"lineNumber":24,"author":{"gitId":"goodguyryan"},"content":"    public static void addTask(Task task) {","lastModifiedDate":"2025-08-30T22:08:18","isFullCredit":false},{"lineNumber":25,"author":{"gitId":"goodguyryan"},"content":"        tasks.add(task);","lastModifiedDate":"2025-09-13T21:50:33","isFullCredit":false},{"lineNumber":26,"author":{"gitId":"goodguyryan"},"content":"        tasksLength++;","lastModifiedDate":"2025-08-28T16:43:07","isFullCredit":false},{"lineNumber":27,"author":{"gitId":"goodguyryan"},"content":"        updateFile();","lastModifiedDate":"2025-09-13T23:59:43","isFullCredit":false},{"lineNumber":28,"author":{"gitId":"goodguyryan"},"content":"    }","lastModifiedDate":"2025-08-28T16:43:07","isFullCredit":false},{"lineNumber":29,"author":{"gitId":"goodguyryan"},"content":"","lastModifiedDate":"2025-08-28T16:43:07","isFullCredit":false},{"lineNumber":30,"author":{"gitId":"goodguyryan"},"content":"    public static void addTaskFromFile(String s) {","lastModifiedDate":"2025-09-13T23:59:43","isFullCredit":false},{"lineNumber":31,"author":{"gitId":"goodguyryan"},"content":"        char taskType \u003d s.charAt(1);","lastModifiedDate":"2025-09-13T23:59:43","isFullCredit":false},{"lineNumber":32,"author":{"gitId":"goodguyryan"},"content":"        char taskIsDone \u003d s.charAt(4);","lastModifiedDate":"2025-09-13T23:59:43","isFullCredit":false},{"lineNumber":33,"author":{"gitId":"goodguyryan"},"content":"        String taskDescription \u003d s.substring(7);","lastModifiedDate":"2025-09-13T23:59:43","isFullCredit":false},{"lineNumber":34,"author":{"gitId":"goodguyryan"},"content":"","lastModifiedDate":"2025-09-13T23:59:43","isFullCredit":false},{"lineNumber":35,"author":{"gitId":"goodguyryan"},"content":"        switch (taskType) {","lastModifiedDate":"2025-09-13T23:59:43","isFullCredit":false},{"lineNumber":36,"author":{"gitId":"goodguyryan"},"content":"        case \u0027T\u0027:","lastModifiedDate":"2025-09-13T23:59:43","isFullCredit":false},{"lineNumber":37,"author":{"gitId":"goodguyryan"},"content":"            processTodo(taskDescription);","lastModifiedDate":"2025-09-13T23:59:43","isFullCredit":false},{"lineNumber":38,"author":{"gitId":"goodguyryan"},"content":"            break;","lastModifiedDate":"2025-09-13T23:59:43","isFullCredit":false},{"lineNumber":39,"author":{"gitId":"goodguyryan"},"content":"        case \u0027D\u0027:","lastModifiedDate":"2025-09-13T23:59:43","isFullCredit":false},{"lineNumber":40,"author":{"gitId":"goodguyryan"},"content":"            processDeadline(taskDescription);","lastModifiedDate":"2025-09-13T23:59:43","isFullCredit":false},{"lineNumber":41,"author":{"gitId":"goodguyryan"},"content":"            break;","lastModifiedDate":"2025-09-13T23:59:43","isFullCredit":false},{"lineNumber":42,"author":{"gitId":"goodguyryan"},"content":"        case \u0027E\u0027:","lastModifiedDate":"2025-09-13T23:59:43","isFullCredit":false},{"lineNumber":43,"author":{"gitId":"goodguyryan"},"content":"            processEvent(taskDescription);","lastModifiedDate":"2025-09-13T23:59:43","isFullCredit":false},{"lineNumber":44,"author":{"gitId":"goodguyryan"},"content":"            break;","lastModifiedDate":"2025-09-13T23:59:43","isFullCredit":false},{"lineNumber":45,"author":{"gitId":"goodguyryan"},"content":"        default:","lastModifiedDate":"2025-09-13T23:59:43","isFullCredit":false},{"lineNumber":46,"author":{"gitId":"goodguyryan"},"content":"            return;","lastModifiedDate":"2025-09-13T23:59:43","isFullCredit":false},{"lineNumber":47,"author":{"gitId":"goodguyryan"},"content":"        }","lastModifiedDate":"2025-09-13T23:59:43","isFullCredit":false},{"lineNumber":48,"author":{"gitId":"goodguyryan"},"content":"","lastModifiedDate":"2025-09-13T23:59:43","isFullCredit":false},{"lineNumber":49,"author":{"gitId":"goodguyryan"},"content":"        if (taskIsDone \u003d\u003d \u0027X\u0027) {","lastModifiedDate":"2025-09-13T23:59:43","isFullCredit":false},{"lineNumber":50,"author":{"gitId":"goodguyryan"},"content":"            processMark(Integer.toString(tasksLength), true);","lastModifiedDate":"2025-09-13T23:59:43","isFullCredit":false},{"lineNumber":51,"author":{"gitId":"goodguyryan"},"content":"        }","lastModifiedDate":"2025-09-13T23:59:43","isFullCredit":false},{"lineNumber":52,"author":{"gitId":"goodguyryan"},"content":"    }","lastModifiedDate":"2025-09-13T23:59:43","isFullCredit":false},{"lineNumber":53,"author":{"gitId":"goodguyryan"},"content":"","lastModifiedDate":"2025-09-13T23:59:43","isFullCredit":false},{"lineNumber":54,"author":{"gitId":"goodguyryan"},"content":"    public static void updateFile() {","lastModifiedDate":"2025-09-13T23:59:43","isFullCredit":false},{"lineNumber":55,"author":{"gitId":"goodguyryan"},"content":"        try {","lastModifiedDate":"2025-09-13T23:59:43","isFullCredit":false},{"lineNumber":56,"author":{"gitId":"goodguyryan"},"content":"            FileWriter fw \u003d new FileWriter(filePath);","lastModifiedDate":"2025-09-13T23:59:43","isFullCredit":false},{"lineNumber":57,"author":{"gitId":"goodguyryan"},"content":"            for (Task task : tasks) {","lastModifiedDate":"2025-09-13T23:59:43","isFullCredit":false},{"lineNumber":58,"author":{"gitId":"goodguyryan"},"content":"                if (task \u003d\u003d null) {","lastModifiedDate":"2025-09-13T23:59:43","isFullCredit":false},{"lineNumber":59,"author":{"gitId":"goodguyryan"},"content":"                    break;","lastModifiedDate":"2025-09-13T23:59:43","isFullCredit":false},{"lineNumber":60,"author":{"gitId":"goodguyryan"},"content":"                }","lastModifiedDate":"2025-09-13T23:59:43","isFullCredit":false},{"lineNumber":61,"author":{"gitId":"goodguyryan"},"content":"                fw.write(task.getTask());","lastModifiedDate":"2025-09-13T23:59:43","isFullCredit":false},{"lineNumber":62,"author":{"gitId":"goodguyryan"},"content":"                fw.write(System.lineSeparator());","lastModifiedDate":"2025-09-13T23:59:43","isFullCredit":false},{"lineNumber":63,"author":{"gitId":"goodguyryan"},"content":"            }","lastModifiedDate":"2025-09-13T23:59:43","isFullCredit":false},{"lineNumber":64,"author":{"gitId":"goodguyryan"},"content":"            fw.close();","lastModifiedDate":"2025-09-13T23:59:43","isFullCredit":false},{"lineNumber":65,"author":{"gitId":"goodguyryan"},"content":"        } catch (IOException e) {","lastModifiedDate":"2025-09-13T23:59:43","isFullCredit":false},{"lineNumber":66,"author":{"gitId":"goodguyryan"},"content":"            System.out.println(\"Error writing to file\" + e.getMessage());","lastModifiedDate":"2025-09-13T23:59:43","isFullCredit":false},{"lineNumber":67,"author":{"gitId":"goodguyryan"},"content":"        }","lastModifiedDate":"2025-09-13T23:59:43","isFullCredit":false},{"lineNumber":68,"author":{"gitId":"goodguyryan"},"content":"    }","lastModifiedDate":"2025-09-13T23:59:43","isFullCredit":false},{"lineNumber":69,"author":{"gitId":"goodguyryan"},"content":"    public static void processMark(String taskNumber, boolean doneStatus) {","lastModifiedDate":"2025-08-28T17:02:37","isFullCredit":false},{"lineNumber":70,"author":{"gitId":"goodguyryan"},"content":"        try {","lastModifiedDate":"2025-09-06T00:53:32","isFullCredit":false},{"lineNumber":71,"author":{"gitId":"goodguyryan"},"content":"            int actualNumber \u003d Integer.parseInt(taskNumber);","lastModifiedDate":"2025-08-28T17:02:37","isFullCredit":false},{"lineNumber":72,"author":{"gitId":"goodguyryan"},"content":"            if (actualNumber - 1 \u003e\u003d tasksLength) {","lastModifiedDate":"2025-08-28T17:02:37","isFullCredit":false},{"lineNumber":73,"author":{"gitId":"goodguyryan"},"content":"                System.out.println(\"my list does not have so many tasks\");","lastModifiedDate":"2025-08-28T17:02:37","isFullCredit":false},{"lineNumber":74,"author":{"gitId":"goodguyryan"},"content":"            } else if (actualNumber - 1 \u003c 0) {","lastModifiedDate":"2025-08-28T17:02:37","isFullCredit":false},{"lineNumber":75,"author":{"gitId":"goodguyryan"},"content":"                System.out.println(\"negative task??\");","lastModifiedDate":"2025-08-28T17:02:37","isFullCredit":false},{"lineNumber":76,"author":{"gitId":"goodguyryan"},"content":"            } else {","lastModifiedDate":"2025-08-28T17:02:37","isFullCredit":false},{"lineNumber":77,"author":{"gitId":"goodguyryan"},"content":"                tasks.get(actualNumber - 1).setDone(doneStatus);","lastModifiedDate":"2025-09-13T21:50:33","isFullCredit":false},{"lineNumber":78,"author":{"gitId":"goodguyryan"},"content":"                System.out.println(doneStatus ? \"okie this task is done\" : \"okie this task is still doing\");","lastModifiedDate":"2025-09-13T22:27:35","isFullCredit":false},{"lineNumber":79,"author":{"gitId":"goodguyryan"},"content":"            }","lastModifiedDate":"2025-08-28T17:02:37","isFullCredit":false},{"lineNumber":80,"author":{"gitId":"goodguyryan"},"content":"        }","lastModifiedDate":"2025-08-28T17:02:37","isFullCredit":false},{"lineNumber":81,"author":{"gitId":"goodguyryan"},"content":"        catch (NumberFormatException e) {","lastModifiedDate":"2025-09-06T00:53:32","isFullCredit":false},{"lineNumber":82,"author":{"gitId":"goodguyryan"},"content":"            System.out.println(\"this task does not exist?\");","lastModifiedDate":"2025-08-28T17:02:37","isFullCredit":false},{"lineNumber":83,"author":{"gitId":"goodguyryan"},"content":"        }","lastModifiedDate":"2025-08-28T17:02:37","isFullCredit":false},{"lineNumber":84,"author":{"gitId":"goodguyryan"},"content":"        updateFile();","lastModifiedDate":"2025-09-13T23:59:43","isFullCredit":false},{"lineNumber":85,"author":{"gitId":"goodguyryan"},"content":"    }","lastModifiedDate":"2025-08-28T17:02:37","isFullCredit":false},{"lineNumber":86,"author":{"gitId":"goodguyryan"},"content":"","lastModifiedDate":"2025-08-28T17:02:37","isFullCredit":false},{"lineNumber":87,"author":{"gitId":"goodguyryan"},"content":"    public static void printList() {","lastModifiedDate":"2025-08-28T16:43:07","isFullCredit":false},{"lineNumber":88,"author":{"gitId":"goodguyryan"},"content":"        if (tasksLength \u003c\u003d 0) {","lastModifiedDate":"2025-08-28T17:02:37","isFullCredit":false},{"lineNumber":89,"author":{"gitId":"goodguyryan"},"content":"            System.out.println(\"List is empty yippee\");","lastModifiedDate":"2025-08-28T17:02:37","isFullCredit":false},{"lineNumber":90,"author":{"gitId":"goodguyryan"},"content":"        }","lastModifiedDate":"2025-08-28T17:02:37","isFullCredit":false},{"lineNumber":91,"author":{"gitId":"goodguyryan"},"content":"        for (int i \u003d 0; i \u003c tasksLength; i++) {","lastModifiedDate":"2025-08-28T16:43:07","isFullCredit":false},{"lineNumber":92,"author":{"gitId":"goodguyryan"},"content":"            System.out.println((i + 1) + \".\" + tasks.get(i).getTask());","lastModifiedDate":"2025-09-13T21:50:33","isFullCredit":false},{"lineNumber":93,"author":{"gitId":"goodguyryan"},"content":"        }","lastModifiedDate":"2025-08-28T16:43:07","isFullCredit":false},{"lineNumber":94,"author":{"gitId":"goodguyryan"},"content":"    }","lastModifiedDate":"2025-08-28T16:43:07","isFullCredit":false},{"lineNumber":95,"author":{"gitId":"goodguyryan"},"content":"","lastModifiedDate":"2025-08-28T16:43:07","isFullCredit":false},{"lineNumber":96,"author":{"gitId":"goodguyryan"},"content":"    public static void processTodo(String todoTask) {","lastModifiedDate":"2025-08-30T22:08:18","isFullCredit":false},{"lineNumber":97,"author":{"gitId":"goodguyryan"},"content":"        if (todoTask.isBlank()) {","lastModifiedDate":"2025-08-30T22:08:18","isFullCredit":false},{"lineNumber":98,"author":{"gitId":"goodguyryan"},"content":"            System.out.println(\"no todo found pls todo something\");","lastModifiedDate":"2025-08-30T22:08:18","isFullCredit":false},{"lineNumber":99,"author":{"gitId":"goodguyryan"},"content":"            return;","lastModifiedDate":"2025-08-30T22:08:18","isFullCredit":false},{"lineNumber":100,"author":{"gitId":"goodguyryan"},"content":"        }","lastModifiedDate":"2025-08-30T22:08:18","isFullCredit":false},{"lineNumber":101,"author":{"gitId":"goodguyryan"},"content":"","lastModifiedDate":"2025-08-30T22:13:31","isFullCredit":false},{"lineNumber":102,"author":{"gitId":"goodguyryan"},"content":"        Todo newTodo \u003d new Todo(todoTask);","lastModifiedDate":"2025-08-30T22:08:18","isFullCredit":false},{"lineNumber":103,"author":{"gitId":"goodguyryan"},"content":"        addTask(newTodo);","lastModifiedDate":"2025-08-30T22:08:18","isFullCredit":false},{"lineNumber":104,"author":{"gitId":"goodguyryan"},"content":"        System.out.println(\"Added the following todo:\");","lastModifiedDate":"2025-08-30T22:08:18","isFullCredit":false},{"lineNumber":105,"author":{"gitId":"goodguyryan"},"content":"        System.out.println(newTodo.getTask());","lastModifiedDate":"2025-08-30T22:08:18","isFullCredit":false},{"lineNumber":106,"author":{"gitId":"goodguyryan"},"content":"    }","lastModifiedDate":"2025-08-30T22:08:18","isFullCredit":false},{"lineNumber":107,"author":{"gitId":"goodguyryan"},"content":"","lastModifiedDate":"2025-08-27T11:12:03","isFullCredit":false},{"lineNumber":108,"author":{"gitId":"goodguyryan"},"content":"    public static void processDeadline(String deadlineTask) {","lastModifiedDate":"2025-08-30T22:08:18","isFullCredit":false},{"lineNumber":109,"author":{"gitId":"goodguyryan"},"content":"        int byIndex\u003d deadlineTask.indexOf(\" /by \");","lastModifiedDate":"2025-08-30T22:08:18","isFullCredit":false},{"lineNumber":110,"author":{"gitId":"goodguyryan"},"content":"        if (byIndex \u003d\u003d -1) {","lastModifiedDate":"2025-08-30T22:08:18","isFullCredit":false},{"lineNumber":111,"author":{"gitId":"goodguyryan"},"content":"            System.out.println(\"invalid deadline format pls do task /by deadline\");","lastModifiedDate":"2025-08-30T22:08:18","isFullCredit":false},{"lineNumber":112,"author":{"gitId":"goodguyryan"},"content":"            return;","lastModifiedDate":"2025-08-30T22:08:18","isFullCredit":false},{"lineNumber":113,"author":{"gitId":"goodguyryan"},"content":"        }","lastModifiedDate":"2025-08-30T22:08:18","isFullCredit":false},{"lineNumber":114,"author":{"gitId":"goodguyryan"},"content":"","lastModifiedDate":"2025-08-30T22:08:18","isFullCredit":false},{"lineNumber":115,"author":{"gitId":"goodguyryan"},"content":"        String task \u003d deadlineTask.substring(0, byIndex);","lastModifiedDate":"2025-08-30T22:08:18","isFullCredit":false},{"lineNumber":116,"author":{"gitId":"goodguyryan"},"content":"        String deadline \u003d deadlineTask.substring(byIndex + 5);","lastModifiedDate":"2025-08-30T22:08:18","isFullCredit":false},{"lineNumber":117,"author":{"gitId":"goodguyryan"},"content":"        if (task.isBlank() || deadline.isBlank()) {","lastModifiedDate":"2025-08-30T22:08:18","isFullCredit":false},{"lineNumber":118,"author":{"gitId":"goodguyryan"},"content":"            System.out.println(\"invalid deadline format pls do task /by deadline\");","lastModifiedDate":"2025-08-30T22:08:18","isFullCredit":false},{"lineNumber":119,"author":{"gitId":"goodguyryan"},"content":"            return;","lastModifiedDate":"2025-08-30T22:08:18","isFullCredit":false},{"lineNumber":120,"author":{"gitId":"goodguyryan"},"content":"        }","lastModifiedDate":"2025-08-30T22:08:18","isFullCredit":false},{"lineNumber":121,"author":{"gitId":"goodguyryan"},"content":"","lastModifiedDate":"2025-08-30T22:08:18","isFullCredit":false},{"lineNumber":122,"author":{"gitId":"goodguyryan"},"content":"        Deadline newDeadline \u003d new Deadline(task, deadline);","lastModifiedDate":"2025-08-30T22:08:18","isFullCredit":false},{"lineNumber":123,"author":{"gitId":"goodguyryan"},"content":"        addTask(newDeadline);","lastModifiedDate":"2025-08-30T22:08:18","isFullCredit":false},{"lineNumber":124,"author":{"gitId":"goodguyryan"},"content":"        System.out.println(\"Added the following deadline:\");","lastModifiedDate":"2025-08-30T22:08:18","isFullCredit":false},{"lineNumber":125,"author":{"gitId":"goodguyryan"},"content":"        System.out.println(newDeadline.getTask());","lastModifiedDate":"2025-08-30T22:08:18","isFullCredit":false},{"lineNumber":126,"author":{"gitId":"goodguyryan"},"content":"    }","lastModifiedDate":"2025-08-30T22:08:18","isFullCredit":false},{"lineNumber":127,"author":{"gitId":"goodguyryan"},"content":"","lastModifiedDate":"2025-08-30T22:08:18","isFullCredit":false},{"lineNumber":128,"author":{"gitId":"goodguyryan"},"content":"    public static void processEvent(String eventTask) {","lastModifiedDate":"2025-08-30T22:08:18","isFullCredit":false},{"lineNumber":129,"author":{"gitId":"goodguyryan"},"content":"        int fromIndex \u003d eventTask.indexOf(\" /from \");","lastModifiedDate":"2025-08-30T22:08:18","isFullCredit":false},{"lineNumber":130,"author":{"gitId":"goodguyryan"},"content":"        int toIndex \u003d eventTask.indexOf(\" /to \");","lastModifiedDate":"2025-08-30T22:08:18","isFullCredit":false},{"lineNumber":131,"author":{"gitId":"goodguyryan"},"content":"        if (fromIndex \u003d\u003d -1 || toIndex \u003d\u003d -1) {","lastModifiedDate":"2025-08-30T22:08:18","isFullCredit":false},{"lineNumber":132,"author":{"gitId":"goodguyryan"},"content":"            System.out.println(\"fake event pls put event task /from from /to to\");","lastModifiedDate":"2025-08-30T22:08:18","isFullCredit":false},{"lineNumber":133,"author":{"gitId":"goodguyryan"},"content":"            return;","lastModifiedDate":"2025-08-30T22:08:18","isFullCredit":false},{"lineNumber":134,"author":{"gitId":"goodguyryan"},"content":"        }","lastModifiedDate":"2025-08-30T22:08:18","isFullCredit":false},{"lineNumber":135,"author":{"gitId":"goodguyryan"},"content":"","lastModifiedDate":"2025-08-30T22:08:18","isFullCredit":false},{"lineNumber":136,"author":{"gitId":"goodguyryan"},"content":"        String task \u003d  eventTask.substring(0, fromIndex);","lastModifiedDate":"2025-08-30T22:08:18","isFullCredit":false},{"lineNumber":137,"author":{"gitId":"goodguyryan"},"content":"        String from \u003d eventTask.substring(fromIndex + 7, toIndex);","lastModifiedDate":"2025-08-30T22:08:18","isFullCredit":false},{"lineNumber":138,"author":{"gitId":"goodguyryan"},"content":"        String to \u003d eventTask.substring(toIndex + 5);","lastModifiedDate":"2025-08-30T22:08:18","isFullCredit":false},{"lineNumber":139,"author":{"gitId":"goodguyryan"},"content":"        if (task.isBlank() || from.isBlank() || to.isBlank()) {","lastModifiedDate":"2025-08-30T22:08:18","isFullCredit":false},{"lineNumber":140,"author":{"gitId":"goodguyryan"},"content":"            System.out.println(\"fake event pls put event task /from from /to to\");","lastModifiedDate":"2025-08-30T22:08:18","isFullCredit":false},{"lineNumber":141,"author":{"gitId":"goodguyryan"},"content":"            return;","lastModifiedDate":"2025-08-30T22:08:18","isFullCredit":false},{"lineNumber":142,"author":{"gitId":"goodguyryan"},"content":"        }","lastModifiedDate":"2025-08-30T22:08:18","isFullCredit":false},{"lineNumber":143,"author":{"gitId":"goodguyryan"},"content":"","lastModifiedDate":"2025-08-30T22:08:18","isFullCredit":false},{"lineNumber":144,"author":{"gitId":"goodguyryan"},"content":"        Event newEvent \u003d new Event(task, from, to);","lastModifiedDate":"2025-08-30T22:08:18","isFullCredit":false},{"lineNumber":145,"author":{"gitId":"goodguyryan"},"content":"        addTask(newEvent);","lastModifiedDate":"2025-08-30T22:08:18","isFullCredit":false},{"lineNumber":146,"author":{"gitId":"goodguyryan"},"content":"        System.out.println(\"Added the following event:\");","lastModifiedDate":"2025-08-30T22:08:18","isFullCredit":false},{"lineNumber":147,"author":{"gitId":"goodguyryan"},"content":"        System.out.println(newEvent.getTask());","lastModifiedDate":"2025-08-30T22:08:18","isFullCredit":false},{"lineNumber":148,"author":{"gitId":"goodguyryan"},"content":"    }","lastModifiedDate":"2025-08-30T22:08:18","isFullCredit":false},{"lineNumber":149,"author":{"gitId":"goodguyryan"},"content":"","lastModifiedDate":"2025-08-30T22:08:18","isFullCredit":false},{"lineNumber":150,"author":{"gitId":"goodguyryan"},"content":"    public static void processDelete(String deleteID) {","lastModifiedDate":"2025-09-13T22:27:35","isFullCredit":false},{"lineNumber":151,"author":{"gitId":"goodguyryan"},"content":"        try{","lastModifiedDate":"2025-09-13T22:27:35","isFullCredit":false},{"lineNumber":152,"author":{"gitId":"goodguyryan"},"content":"            int deleteInt \u003d Integer.parseInt(deleteID);","lastModifiedDate":"2025-09-13T22:27:35","isFullCredit":false},{"lineNumber":153,"author":{"gitId":"goodguyryan"},"content":"            if (deleteInt - 1 \u003e\u003d tasksLength) {","lastModifiedDate":"2025-09-13T22:27:35","isFullCredit":false},{"lineNumber":154,"author":{"gitId":"goodguyryan"},"content":"                System.out.println(\"I do not have that many tasks!\");","lastModifiedDate":"2025-09-13T22:27:35","isFullCredit":false},{"lineNumber":155,"author":{"gitId":"goodguyryan"},"content":"                return;","lastModifiedDate":"2025-09-13T22:27:35","isFullCredit":false},{"lineNumber":156,"author":{"gitId":"goodguyryan"},"content":"            }","lastModifiedDate":"2025-09-13T22:27:35","isFullCredit":false},{"lineNumber":157,"author":{"gitId":"goodguyryan"},"content":"            if (deleteInt - 1\u003c 0) {","lastModifiedDate":"2025-09-13T22:27:35","isFullCredit":false},{"lineNumber":158,"author":{"gitId":"goodguyryan"},"content":"                System.out.println(\"Negative tasks!?\");","lastModifiedDate":"2025-09-13T22:27:35","isFullCredit":false},{"lineNumber":159,"author":{"gitId":"goodguyryan"},"content":"                return;","lastModifiedDate":"2025-09-13T22:27:35","isFullCredit":false},{"lineNumber":160,"author":{"gitId":"goodguyryan"},"content":"            }","lastModifiedDate":"2025-09-13T22:27:35","isFullCredit":false},{"lineNumber":161,"author":{"gitId":"goodguyryan"},"content":"","lastModifiedDate":"2025-09-13T22:27:35","isFullCredit":false},{"lineNumber":162,"author":{"gitId":"goodguyryan"},"content":"            System.out.println(\"Deleting the following task:\");","lastModifiedDate":"2025-09-13T22:27:35","isFullCredit":false},{"lineNumber":163,"author":{"gitId":"goodguyryan"},"content":"            System.out.println(tasks.get(deleteInt - 1).getTask());","lastModifiedDate":"2025-09-13T22:27:35","isFullCredit":false},{"lineNumber":164,"author":{"gitId":"goodguyryan"},"content":"            tasks.remove(deleteInt - 1);","lastModifiedDate":"2025-09-13T22:27:35","isFullCredit":false},{"lineNumber":165,"author":{"gitId":"goodguyryan"},"content":"            tasksLength--;","lastModifiedDate":"2025-09-13T22:27:35","isFullCredit":false},{"lineNumber":166,"author":{"gitId":"goodguyryan"},"content":"            System.out.println(\"You have \" + tasksLength + \" tasks left\");","lastModifiedDate":"2025-09-13T22:27:35","isFullCredit":false},{"lineNumber":167,"author":{"gitId":"goodguyryan"},"content":"        } catch (NumberFormatException e) {","lastModifiedDate":"2025-09-13T22:27:35","isFullCredit":false},{"lineNumber":168,"author":{"gitId":"goodguyryan"},"content":"            System.out.println(\"That is not a number\");","lastModifiedDate":"2025-09-13T22:27:35","isFullCredit":false},{"lineNumber":169,"author":{"gitId":"goodguyryan"},"content":"        }","lastModifiedDate":"2025-09-13T22:27:35","isFullCredit":false},{"lineNumber":170,"author":{"gitId":"goodguyryan"},"content":"    }","lastModifiedDate":"2025-09-13T22:27:35","isFullCredit":false},{"lineNumber":171,"author":{"gitId":"goodguyryan"},"content":"","lastModifiedDate":"2025-09-13T22:27:35","isFullCredit":false},{"lineNumber":172,"author":{"gitId":"goodguyryan"},"content":"    public static void processCommand(String command) {","lastModifiedDate":"2025-08-30T22:08:18","isFullCredit":false},{"lineNumber":173,"author":{"gitId":"goodguyryan"},"content":"        if (command \u003d\u003d null || command.isBlank()) {","lastModifiedDate":"2025-08-30T22:08:18","isFullCredit":false},{"lineNumber":174,"author":{"gitId":"goodguyryan"},"content":"            System.out.println(\"write something plssssss\");","lastModifiedDate":"2025-08-30T22:08:18","isFullCredit":false},{"lineNumber":175,"author":{"gitId":"goodguyryan"},"content":"            return;","lastModifiedDate":"2025-08-30T22:08:18","isFullCredit":false},{"lineNumber":176,"author":{"gitId":"goodguyryan"},"content":"        }","lastModifiedDate":"2025-08-27T11:12:03","isFullCredit":false},{"lineNumber":177,"author":{"gitId":"goodguyryan"},"content":"","lastModifiedDate":"2025-08-28T17:02:37","isFullCredit":false},{"lineNumber":178,"author":{"gitId":"goodguyryan"},"content":"        int firstSpace \u003d command.indexOf(\u0027 \u0027);","lastModifiedDate":"2025-08-30T22:08:18","isFullCredit":false},{"lineNumber":179,"author":{"gitId":"goodguyryan"},"content":"        String action \u003d (firstSpace \u003d\u003d -1) ? command : command.substring(0, firstSpace);","lastModifiedDate":"2025-08-31T16:07:06","isFullCredit":false},{"lineNumber":180,"author":{"gitId":"goodguyryan"},"content":"        String args   \u003d (firstSpace \u003d\u003d -1) ? \"\" : command.substring(firstSpace + 1);","lastModifiedDate":"2025-09-06T00:45:50","isFullCredit":false},{"lineNumber":181,"author":{"gitId":"goodguyryan"},"content":"","lastModifiedDate":"2025-08-30T22:08:18","isFullCredit":false},{"lineNumber":182,"author":{"gitId":"goodguyryan"},"content":"        switch (action) {","lastModifiedDate":"2025-08-30T22:08:18","isFullCredit":false},{"lineNumber":183,"author":{"gitId":"goodguyryan"},"content":"        case \"list\":","lastModifiedDate":"2025-08-30T22:08:18","isFullCredit":false},{"lineNumber":184,"author":{"gitId":"goodguyryan"},"content":"            printList();","lastModifiedDate":"2025-08-28T16:43:07","isFullCredit":false},{"lineNumber":185,"author":{"gitId":"goodguyryan"},"content":"            break;","lastModifiedDate":"2025-08-30T22:08:18","isFullCredit":false},{"lineNumber":186,"author":{"gitId":"goodguyryan"},"content":"        case \"mark\":","lastModifiedDate":"2025-08-30T22:08:18","isFullCredit":false},{"lineNumber":187,"author":{"gitId":"goodguyryan"},"content":"            processMark(args, true);","lastModifiedDate":"2025-08-30T22:08:18","isFullCredit":false},{"lineNumber":188,"author":{"gitId":"goodguyryan"},"content":"            break;","lastModifiedDate":"2025-08-30T22:08:18","isFullCredit":false},{"lineNumber":189,"author":{"gitId":"goodguyryan"},"content":"        case \"unmark\":","lastModifiedDate":"2025-08-30T22:08:18","isFullCredit":false},{"lineNumber":190,"author":{"gitId":"goodguyryan"},"content":"            processMark(args, false);","lastModifiedDate":"2025-08-30T22:08:18","isFullCredit":false},{"lineNumber":191,"author":{"gitId":"goodguyryan"},"content":"            break;","lastModifiedDate":"2025-08-30T22:08:18","isFullCredit":false},{"lineNumber":192,"author":{"gitId":"goodguyryan"},"content":"        case \"todo\":","lastModifiedDate":"2025-08-30T22:08:18","isFullCredit":false},{"lineNumber":193,"author":{"gitId":"goodguyryan"},"content":"            processTodo(args);","lastModifiedDate":"2025-08-30T22:08:18","isFullCredit":false},{"lineNumber":194,"author":{"gitId":"goodguyryan"},"content":"            break;","lastModifiedDate":"2025-08-30T22:08:18","isFullCredit":false},{"lineNumber":195,"author":{"gitId":"goodguyryan"},"content":"        case \"deadline\":","lastModifiedDate":"2025-08-30T22:08:18","isFullCredit":false},{"lineNumber":196,"author":{"gitId":"goodguyryan"},"content":"            processDeadline(args);","lastModifiedDate":"2025-08-30T22:08:18","isFullCredit":false},{"lineNumber":197,"author":{"gitId":"goodguyryan"},"content":"            break;","lastModifiedDate":"2025-08-30T22:08:18","isFullCredit":false},{"lineNumber":198,"author":{"gitId":"goodguyryan"},"content":"        case \"event\":","lastModifiedDate":"2025-08-30T22:08:18","isFullCredit":false},{"lineNumber":199,"author":{"gitId":"goodguyryan"},"content":"            processEvent(args);","lastModifiedDate":"2025-08-30T22:08:18","isFullCredit":false},{"lineNumber":200,"author":{"gitId":"goodguyryan"},"content":"            break;","lastModifiedDate":"2025-08-30T22:08:18","isFullCredit":false},{"lineNumber":201,"author":{"gitId":"goodguyryan"},"content":"        case \"delete\":","lastModifiedDate":"2025-09-13T22:27:35","isFullCredit":false},{"lineNumber":202,"author":{"gitId":"goodguyryan"},"content":"            processDelete(args);","lastModifiedDate":"2025-09-13T22:27:35","isFullCredit":false},{"lineNumber":203,"author":{"gitId":"goodguyryan"},"content":"            break;","lastModifiedDate":"2025-09-13T22:27:35","isFullCredit":false},{"lineNumber":204,"author":{"gitId":"goodguyryan"},"content":"        default:","lastModifiedDate":"2025-08-30T22:08:18","isFullCredit":false},{"lineNumber":205,"author":{"gitId":"goodguyryan"},"content":"            System.out.println(\"i don\u0027t recognise this at all\");","lastModifiedDate":"2025-08-30T22:08:18","isFullCredit":false},{"lineNumber":206,"author":{"gitId":"goodguyryan"},"content":"        }","lastModifiedDate":"2025-08-30T22:08:18","isFullCredit":false},{"lineNumber":207,"author":{"gitId":"goodguyryan"},"content":"    }","lastModifiedDate":"2025-08-30T22:08:18","isFullCredit":false},{"lineNumber":208,"author":{"gitId":"goodguyryan"},"content":"","lastModifiedDate":"2025-08-30T22:08:18","isFullCredit":false},{"lineNumber":209,"author":{"gitId":"goodguyryan"},"content":"    public static void initProcessLoop() {","lastModifiedDate":"2025-08-30T22:08:18","isFullCredit":false},{"lineNumber":210,"author":{"gitId":"goodguyryan"},"content":"        String command;","lastModifiedDate":"2025-08-30T22:08:18","isFullCredit":false},{"lineNumber":211,"author":{"gitId":"goodguyryan"},"content":"        Scanner in \u003d new Scanner(System.in);","lastModifiedDate":"2025-08-30T22:08:18","isFullCredit":false},{"lineNumber":212,"author":{"gitId":"goodguyryan"},"content":"","lastModifiedDate":"2025-08-30T22:08:18","isFullCredit":false},{"lineNumber":213,"author":{"gitId":"goodguyryan"},"content":"        while (true) {","lastModifiedDate":"2025-08-30T22:08:18","isFullCredit":false},{"lineNumber":214,"author":{"gitId":"goodguyryan"},"content":"            System.out.print(\"Enter: \");","lastModifiedDate":"2025-08-30T22:08:18","isFullCredit":false},{"lineNumber":215,"author":{"gitId":"goodguyryan"},"content":"            command \u003d in.nextLine();","lastModifiedDate":"2025-08-30T22:08:18","isFullCredit":false},{"lineNumber":216,"author":{"gitId":"goodguyryan"},"content":"            if (command.equals(\"bye\")) {","lastModifiedDate":"2025-08-30T22:08:18","isFullCredit":false},{"lineNumber":217,"author":{"gitId":"goodguyryan"},"content":"                break;","lastModifiedDate":"2025-08-30T22:08:18","isFullCredit":false},{"lineNumber":218,"author":{"gitId":"goodguyryan"},"content":"            }","lastModifiedDate":"2025-08-27T11:12:03","isFullCredit":false},{"lineNumber":219,"author":{"gitId":"goodguyryan"},"content":"             processCommand(command);","lastModifiedDate":"2025-08-30T22:08:18","isFullCredit":false},{"lineNumber":220,"author":{"gitId":"goodguyryan"},"content":"        }","lastModifiedDate":"2025-08-28T16:43:07","isFullCredit":false},{"lineNumber":221,"author":{"gitId":"goodguyryan"},"content":"","lastModifiedDate":"2025-08-28T17:02:37","isFullCredit":false},{"lineNumber":222,"author":{"gitId":"goodguyryan"},"content":"        System.out.println(\"NOOOOOOOOOOOOO. See you soon o.0!\");","lastModifiedDate":"2025-08-21T18:50:39","isFullCredit":false},{"lineNumber":223,"author":{"gitId":"goodguyryan"},"content":"    }","lastModifiedDate":"2025-08-21T18:50:39","isFullCredit":false},{"lineNumber":224,"author":{"gitId":"goodguyryan"},"content":"","lastModifiedDate":"2025-08-28T17:02:37","isFullCredit":false},{"lineNumber":225,"author":{"gitId":"goodguyryan"},"content":"    public static void loadTasksFromFile() {","lastModifiedDate":"2025-09-13T23:59:43","isFullCredit":false},{"lineNumber":226,"author":{"gitId":"goodguyryan"},"content":"        try {","lastModifiedDate":"2025-09-13T23:59:43","isFullCredit":false},{"lineNumber":227,"author":{"gitId":"goodguyryan"},"content":"            File f \u003d new File(filePath);","lastModifiedDate":"2025-09-13T23:59:43","isFullCredit":false},{"lineNumber":228,"author":{"gitId":"goodguyryan"},"content":"            Scanner s \u003d new Scanner(f);","lastModifiedDate":"2025-09-13T23:59:43","isFullCredit":false},{"lineNumber":229,"author":{"gitId":"goodguyryan"},"content":"            while (s.hasNext()) {","lastModifiedDate":"2025-09-13T23:59:43","isFullCredit":false},{"lineNumber":230,"author":{"gitId":"goodguyryan"},"content":"                addTaskFromFile(s.nextLine());","lastModifiedDate":"2025-09-13T23:59:43","isFullCredit":false},{"lineNumber":231,"author":{"gitId":"goodguyryan"},"content":"            }","lastModifiedDate":"2025-09-13T23:59:43","isFullCredit":false},{"lineNumber":232,"author":{"gitId":"goodguyryan"},"content":"            for (int i \u003d 0; i \u003c 20; i++) {","lastModifiedDate":"2025-09-13T23:59:43","isFullCredit":false},{"lineNumber":233,"author":{"gitId":"goodguyryan"},"content":"                System.out.println();","lastModifiedDate":"2025-09-13T23:59:43","isFullCredit":false},{"lineNumber":234,"author":{"gitId":"goodguyryan"},"content":"            }","lastModifiedDate":"2025-09-13T23:59:43","isFullCredit":false},{"lineNumber":235,"author":{"gitId":"goodguyryan"},"content":"        } catch (FileNotFoundException e)  {","lastModifiedDate":"2025-09-13T23:59:43","isFullCredit":false},{"lineNumber":236,"author":{"gitId":"goodguyryan"},"content":"            System.out.println(\"File does not exist\" + e.getMessage());","lastModifiedDate":"2025-09-13T23:59:43","isFullCredit":false},{"lineNumber":237,"author":{"gitId":"goodguyryan"},"content":"        }","lastModifiedDate":"2025-09-13T23:59:43","isFullCredit":false},{"lineNumber":238,"author":{"gitId":"goodguyryan"},"content":"    }","lastModifiedDate":"2025-09-13T23:59:43","isFullCredit":false},{"lineNumber":239,"author":{"gitId":"goodguyryan"},"content":"","lastModifiedDate":"2025-09-13T23:59:43","isFullCredit":false},{"lineNumber":240,"author":{"gitId":"goodguyryan"},"content":"    public static void main(String[] args) {","lastModifiedDate":"2025-08-21T18:50:39","isFullCredit":false},{"lineNumber":241,"author":{"gitId":"goodguyryan"},"content":"        loadTasksFromFile();","lastModifiedDate":"2025-09-13T23:59:43","isFullCredit":false},{"lineNumber":242,"author":{"gitId":"goodguyryan"},"content":"        printBootupMessage();","lastModifiedDate":"2025-08-28T17:06:53","isFullCredit":false},{"lineNumber":243,"author":{"gitId":"goodguyryan"},"content":"        try {","lastModifiedDate":"2025-09-06T00:53:32","isFullCredit":false},{"lineNumber":244,"author":{"gitId":"goodguyryan"},"content":"            initProcessLoop();","lastModifiedDate":"2025-08-30T22:08:18","isFullCredit":false},{"lineNumber":245,"author":{"gitId":"goodguyryan"},"content":"        } catch (RuntimeException e) {","lastModifiedDate":"2025-09-06T00:53:32","isFullCredit":false},{"lineNumber":246,"author":{"gitId":"goodguyryan"},"content":"            System.out.println(\"Oh no i suddenly dieded :(\");","lastModifiedDate":"2025-09-06T00:53:32","isFullCredit":false},{"lineNumber":247,"author":{"gitId":"goodguyryan"},"content":"        }","lastModifiedDate":"2025-09-06T00:53:32","isFullCredit":false},{"lineNumber":248,"author":{"gitId":"goodguyryan"},"content":"    }","lastModifiedDate":"2025-08-21T18:50:39","isFullCredit":false},{"lineNumber":249,"author":{"gitId":"goodguyryan"},"content":"}","lastModifiedDate":"2025-08-21T18:50:39","isFullCredit":false}],"authorContributionMap":{"goodguyryan":249}},{"path":"src/main/java/maltese/task/Deadline.java","fileType":"java","lines":[{"lineNumber":1,"author":{"gitId":"goodguyryan"},"content":"package maltese.task;","lastModifiedDate":"2025-09-06T01:39:37","isFullCredit":false},{"lineNumber":2,"author":{"gitId":"goodguyryan"},"content":"","lastModifiedDate":"2025-09-06T01:39:37","isFullCredit":false},{"lineNumber":3,"author":{"gitId":"goodguyryan"},"content":"public class Deadline extends Task {","lastModifiedDate":"2025-08-30T16:58:03","isFullCredit":false},{"lineNumber":4,"author":{"gitId":"goodguyryan"},"content":"    protected String by;","lastModifiedDate":"2025-08-30T16:58:03","isFullCredit":false},{"lineNumber":5,"author":{"gitId":"goodguyryan"},"content":"","lastModifiedDate":"2025-08-30T16:58:03","isFullCredit":false},{"lineNumber":6,"author":{"gitId":"goodguyryan"},"content":"    public Deadline(String description, String by) {","lastModifiedDate":"2025-08-30T16:58:03","isFullCredit":false},{"lineNumber":7,"author":{"gitId":"goodguyryan"},"content":"        super(description);","lastModifiedDate":"2025-08-30T16:58:03","isFullCredit":false},{"lineNumber":8,"author":{"gitId":"goodguyryan"},"content":"        this.by \u003d by;","lastModifiedDate":"2025-08-30T16:58:03","isFullCredit":false},{"lineNumber":9,"author":{"gitId":"goodguyryan"},"content":"    }","lastModifiedDate":"2025-08-30T16:58:03","isFullCredit":false},{"lineNumber":10,"author":{"gitId":"goodguyryan"},"content":"","lastModifiedDate":"2025-08-30T16:58:03","isFullCredit":false},{"lineNumber":11,"author":{"gitId":"goodguyryan"},"content":"    @Override","lastModifiedDate":"2025-08-30T16:58:03","isFullCredit":false},{"lineNumber":12,"author":{"gitId":"goodguyryan"},"content":"    public String getStatusIcon() {","lastModifiedDate":"2025-08-30T22:08:18","isFullCredit":false},{"lineNumber":13,"author":{"gitId":"goodguyryan"},"content":"        return \"[D]\" + super.getStatusIcon();","lastModifiedDate":"2025-08-30T22:08:18","isFullCredit":false},{"lineNumber":14,"author":{"gitId":"goodguyryan"},"content":"    }","lastModifiedDate":"2025-08-30T22:08:18","isFullCredit":false},{"lineNumber":15,"author":{"gitId":"goodguyryan"},"content":"","lastModifiedDate":"2025-08-30T22:08:18","isFullCredit":false},{"lineNumber":16,"author":{"gitId":"goodguyryan"},"content":"    @Override","lastModifiedDate":"2025-08-30T22:08:18","isFullCredit":false},{"lineNumber":17,"author":{"gitId":"goodguyryan"},"content":"    public String getTask() {","lastModifiedDate":"2025-08-30T22:08:18","isFullCredit":false},{"lineNumber":18,"author":{"gitId":"goodguyryan"},"content":"        return super.getTask() + \" /by \" + this.by;","lastModifiedDate":"2025-09-13T23:59:43","isFullCredit":false},{"lineNumber":19,"author":{"gitId":"goodguyryan"},"content":"    }","lastModifiedDate":"2025-08-30T16:58:03","isFullCredit":false},{"lineNumber":20,"author":{"gitId":"goodguyryan"},"content":"}","lastModifiedDate":"2025-08-30T16:58:03","isFullCredit":false}],"authorContributionMap":{"goodguyryan":20}},{"path":"src/main/java/maltese/task/Event.java","fileType":"java","lines":[{"lineNumber":1,"author":{"gitId":"goodguyryan"},"content":"package maltese.task;","lastModifiedDate":"2025-09-06T01:39:37","isFullCredit":false},{"lineNumber":2,"author":{"gitId":"goodguyryan"},"content":"","lastModifiedDate":"2025-09-06T01:39:37","isFullCredit":false},{"lineNumber":3,"author":{"gitId":"goodguyryan"},"content":"public class Event extends Task {","lastModifiedDate":"2025-08-30T16:58:03","isFullCredit":false},{"lineNumber":4,"author":{"gitId":"goodguyryan"},"content":"    protected String from;","lastModifiedDate":"2025-08-30T16:58:03","isFullCredit":false},{"lineNumber":5,"author":{"gitId":"goodguyryan"},"content":"    protected String to;","lastModifiedDate":"2025-08-30T16:58:03","isFullCredit":false},{"lineNumber":6,"author":{"gitId":"goodguyryan"},"content":"","lastModifiedDate":"2025-08-30T16:58:03","isFullCredit":false},{"lineNumber":7,"author":{"gitId":"goodguyryan"},"content":"    public Event(String description, String from, String to) {","lastModifiedDate":"2025-08-30T16:58:03","isFullCredit":false},{"lineNumber":8,"author":{"gitId":"goodguyryan"},"content":"        super(description);","lastModifiedDate":"2025-08-30T16:58:03","isFullCredit":false},{"lineNumber":9,"author":{"gitId":"goodguyryan"},"content":"        this.from \u003d from;","lastModifiedDate":"2025-08-30T16:58:03","isFullCredit":false},{"lineNumber":10,"author":{"gitId":"goodguyryan"},"content":"        this.to \u003d to;","lastModifiedDate":"2025-08-30T16:58:03","isFullCredit":false},{"lineNumber":11,"author":{"gitId":"goodguyryan"},"content":"    }","lastModifiedDate":"2025-08-30T16:58:03","isFullCredit":false},{"lineNumber":12,"author":{"gitId":"goodguyryan"},"content":"","lastModifiedDate":"2025-08-30T22:08:18","isFullCredit":false},{"lineNumber":13,"author":{"gitId":"goodguyryan"},"content":"    @Override","lastModifiedDate":"2025-08-30T22:08:18","isFullCredit":false},{"lineNumber":14,"author":{"gitId":"goodguyryan"},"content":"    public String getStatusIcon() {","lastModifiedDate":"2025-08-30T22:08:18","isFullCredit":false},{"lineNumber":15,"author":{"gitId":"goodguyryan"},"content":"        return \"[E]\" + super.getStatusIcon();","lastModifiedDate":"2025-08-30T22:08:18","isFullCredit":false},{"lineNumber":16,"author":{"gitId":"goodguyryan"},"content":"    }","lastModifiedDate":"2025-08-30T22:08:18","isFullCredit":false},{"lineNumber":17,"author":{"gitId":"goodguyryan"},"content":"","lastModifiedDate":"2025-08-30T22:08:18","isFullCredit":false},{"lineNumber":18,"author":{"gitId":"goodguyryan"},"content":"    @Override","lastModifiedDate":"2025-08-30T22:08:18","isFullCredit":false},{"lineNumber":19,"author":{"gitId":"goodguyryan"},"content":"    public String getTask() {","lastModifiedDate":"2025-08-30T22:08:18","isFullCredit":false},{"lineNumber":20,"author":{"gitId":"goodguyryan"},"content":"        return super.getTask() + \" /from \" + this.from + \" /to \" + this.to;","lastModifiedDate":"2025-09-13T23:59:43","isFullCredit":false},{"lineNumber":21,"author":{"gitId":"goodguyryan"},"content":"    }","lastModifiedDate":"2025-08-30T22:08:18","isFullCredit":false},{"lineNumber":22,"author":{"gitId":"goodguyryan"},"content":"}","lastModifiedDate":"2025-08-30T16:58:03","isFullCredit":false}],"authorContributionMap":{"goodguyryan":22}},{"path":"src/main/java/maltese/task/Task.java","fileType":"java","lines":[{"lineNumber":1,"author":{"gitId":"goodguyryan"},"content":"package maltese.task;","lastModifiedDate":"2025-09-06T01:39:37","isFullCredit":false},{"lineNumber":2,"author":{"gitId":"goodguyryan"},"content":"","lastModifiedDate":"2025-09-06T01:39:37","isFullCredit":false},{"lineNumber":3,"author":{"gitId":"goodguyryan"},"content":"public class Task {","lastModifiedDate":"2025-08-28T16:57:45","isFullCredit":false},{"lineNumber":4,"author":{"gitId":"goodguyryan"},"content":"    protected String description;","lastModifiedDate":"2025-08-28T16:57:45","isFullCredit":false},{"lineNumber":5,"author":{"gitId":"goodguyryan"},"content":"    protected boolean isDone;","lastModifiedDate":"2025-08-28T16:57:45","isFullCredit":false},{"lineNumber":6,"author":{"gitId":"goodguyryan"},"content":"","lastModifiedDate":"2025-08-28T16:57:45","isFullCredit":false},{"lineNumber":7,"author":{"gitId":"goodguyryan"},"content":"    public Task(String description) {","lastModifiedDate":"2025-08-28T16:57:45","isFullCredit":false},{"lineNumber":8,"author":{"gitId":"goodguyryan"},"content":"        this.description \u003d description;","lastModifiedDate":"2025-08-28T16:57:45","isFullCredit":false},{"lineNumber":9,"author":{"gitId":"goodguyryan"},"content":"        this.isDone \u003d false;","lastModifiedDate":"2025-08-28T16:57:45","isFullCredit":false},{"lineNumber":10,"author":{"gitId":"goodguyryan"},"content":"    }","lastModifiedDate":"2025-08-28T16:57:45","isFullCredit":false},{"lineNumber":11,"author":{"gitId":"goodguyryan"},"content":"","lastModifiedDate":"2025-08-28T16:57:45","isFullCredit":false},{"lineNumber":12,"author":{"gitId":"goodguyryan"},"content":"    public String getDescription() {","lastModifiedDate":"2025-08-28T16:57:45","isFullCredit":false},{"lineNumber":13,"author":{"gitId":"goodguyryan"},"content":"        return this.description;","lastModifiedDate":"2025-08-28T16:57:45","isFullCredit":false},{"lineNumber":14,"author":{"gitId":"goodguyryan"},"content":"    }","lastModifiedDate":"2025-08-28T16:57:45","isFullCredit":false},{"lineNumber":15,"author":{"gitId":"goodguyryan"},"content":"","lastModifiedDate":"2025-08-28T16:57:45","isFullCredit":false},{"lineNumber":16,"author":{"gitId":"goodguyryan"},"content":"    public String getStatusIcon() {","lastModifiedDate":"2025-08-28T16:57:45","isFullCredit":false},{"lineNumber":17,"author":{"gitId":"goodguyryan"},"content":"        return (isDone ? \"[X]\" : \"[ ]\"); // mark done task with X","lastModifiedDate":"2025-08-28T16:57:45","isFullCredit":false},{"lineNumber":18,"author":{"gitId":"goodguyryan"},"content":"    }","lastModifiedDate":"2025-08-28T16:57:45","isFullCredit":false},{"lineNumber":19,"author":{"gitId":"goodguyryan"},"content":"","lastModifiedDate":"2025-08-28T16:57:45","isFullCredit":false},{"lineNumber":20,"author":{"gitId":"goodguyryan"},"content":"    public void setDone(boolean isDone) {","lastModifiedDate":"2025-08-30T22:08:18","isFullCredit":false},{"lineNumber":21,"author":{"gitId":"goodguyryan"},"content":"        this.isDone \u003d isDone;","lastModifiedDate":"2025-08-30T22:08:18","isFullCredit":false},{"lineNumber":22,"author":{"gitId":"goodguyryan"},"content":"    }","lastModifiedDate":"2025-08-30T22:08:18","isFullCredit":false},{"lineNumber":23,"author":{"gitId":"goodguyryan"},"content":"","lastModifiedDate":"2025-08-30T22:08:18","isFullCredit":false},{"lineNumber":24,"author":{"gitId":"goodguyryan"},"content":"    public String getTask() {","lastModifiedDate":"2025-08-30T22:08:18","isFullCredit":false},{"lineNumber":25,"author":{"gitId":"goodguyryan"},"content":"        return this.getStatusIcon() + \" \" + this.getDescription();","lastModifiedDate":"2025-08-30T22:08:18","isFullCredit":false},{"lineNumber":26,"author":{"gitId":"goodguyryan"},"content":"    }","lastModifiedDate":"2025-08-28T16:57:45","isFullCredit":false},{"lineNumber":27,"author":{"gitId":"goodguyryan"},"content":"}","lastModifiedDate":"2025-08-28T16:57:45","isFullCredit":false}],"authorContributionMap":{"goodguyryan":27}},{"path":"src/main/java/maltese/task/Todo.java","fileType":"java","lines":[{"lineNumber":1,"author":{"gitId":"goodguyryan"},"content":"package maltese.task;","lastModifiedDate":"2025-09-06T01:39:37","isFullCredit":false},{"lineNumber":2,"author":{"gitId":"goodguyryan"},"content":"","lastModifiedDate":"2025-09-06T01:39:37","isFullCredit":false},{"lineNumber":3,"author":{"gitId":"goodguyryan"},"content":"public class Todo extends Task {","lastModifiedDate":"2025-08-30T16:58:03","isFullCredit":false},{"lineNumber":4,"author":{"gitId":"goodguyryan"},"content":"","lastModifiedDate":"2025-08-30T16:58:03","isFullCredit":false},{"lineNumber":5,"author":{"gitId":"goodguyryan"},"content":"    public Todo(String description) {","lastModifiedDate":"2025-08-30T16:58:03","isFullCredit":false},{"lineNumber":6,"author":{"gitId":"goodguyryan"},"content":"        super(description);","lastModifiedDate":"2025-08-30T16:58:03","isFullCredit":false},{"lineNumber":7,"author":{"gitId":"goodguyryan"},"content":"    }","lastModifiedDate":"2025-08-30T16:58:03","isFullCredit":false},{"lineNumber":8,"author":{"gitId":"goodguyryan"},"content":"","lastModifiedDate":"2025-08-30T16:58:03","isFullCredit":false},{"lineNumber":9,"author":{"gitId":"goodguyryan"},"content":"    @Override","lastModifiedDate":"2025-08-30T16:58:03","isFullCredit":false},{"lineNumber":10,"author":{"gitId":"goodguyryan"},"content":"    public String getStatusIcon() {","lastModifiedDate":"2025-08-30T16:58:03","isFullCredit":false},{"lineNumber":11,"author":{"gitId":"goodguyryan"},"content":"        return \"[T]\" + super.getStatusIcon();","lastModifiedDate":"2025-08-30T16:58:03","isFullCredit":false},{"lineNumber":12,"author":{"gitId":"goodguyryan"},"content":"    }","lastModifiedDate":"2025-08-30T16:58:03","isFullCredit":false},{"lineNumber":13,"author":{"gitId":"goodguyryan"},"content":"","lastModifiedDate":"2025-08-30T22:08:18","isFullCredit":false},{"lineNumber":14,"author":{"gitId":"goodguyryan"},"content":"    @Override","lastModifiedDate":"2025-08-30T22:08:18","isFullCredit":false},{"lineNumber":15,"author":{"gitId":"goodguyryan"},"content":"    public String getTask() {","lastModifiedDate":"2025-08-30T22:08:18","isFullCredit":false},{"lineNumber":16,"author":{"gitId":"goodguyryan"},"content":"        return super.getTask();","lastModifiedDate":"2025-08-30T22:08:18","isFullCredit":false},{"lineNumber":17,"author":{"gitId":"goodguyryan"},"content":"    }","lastModifiedDate":"2025-08-30T22:08:18","isFullCredit":false},{"lineNumber":18,"author":{"gitId":"goodguyryan"},"content":"}","lastModifiedDate":"2025-08-30T16:58:03","isFullCredit":false}],"authorContributionMap":{"goodguyryan":18}},{"path":"src/main/java/maltese/tasks.txt","fileType":"txt","lines":[{"lineNumber":1,"author":{"gitId":"goodguyryan"},"content":"[T][X] homework","lastModifiedDate":"2025-09-13T23:59:43","isFullCredit":false},{"lineNumber":2,"author":{"gitId":"goodguyryan"},"content":"[D][ ] lab /by 2359","lastModifiedDate":"2025-09-13T23:59:43","isFullCredit":false},{"lineNumber":3,"author":{"gitId":"goodguyryan"},"content":"[E][X] birthday /from 2pm /to 3pm","lastModifiedDate":"2025-09-13T23:59:43","isFullCredit":false}],"authorContributionMap":{"goodguyryan":3}},{"path":"text-ui-test/input.txt","fileType":"txt","lines":[{"lineNumber":1,"author":{"gitId":"goodguyryan"},"content":"list","lastModifiedDate":"2025-08-31T16:07:06","isFullCredit":false},{"lineNumber":2,"author":{"gitId":"goodguyryan"},"content":"mark 1","lastModifiedDate":"2025-08-31T16:07:06","isFullCredit":false},{"lineNumber":3,"author":{"gitId":"goodguyryan"},"content":"todo","lastModifiedDate":"2025-08-31T16:07:06","isFullCredit":false},{"lineNumber":4,"author":{"gitId":"goodguyryan"},"content":"todo do stuff","lastModifiedDate":"2025-08-31T16:07:06","isFullCredit":false},{"lineNumber":5,"author":{"gitId":"goodguyryan"},"content":"list","lastModifiedDate":"2025-08-31T16:07:06","isFullCredit":false},{"lineNumber":6,"author":{"gitId":"goodguyryan"},"content":"mark -1","lastModifiedDate":"2025-09-06T01:15:02","isFullCredit":false},{"lineNumber":7,"author":{"gitId":"goodguyryan"},"content":"unmark 1","lastModifiedDate":"2025-08-31T16:07:06","isFullCredit":false},{"lineNumber":8,"author":{"gitId":"goodguyryan"},"content":"deadline do more stuff /by tuesday","lastModifiedDate":"2025-08-31T16:07:06","isFullCredit":false},{"lineNumber":9,"author":{"gitId":"goodguyryan"},"content":"list","lastModifiedDate":"2025-08-31T16:07:06","isFullCredit":false},{"lineNumber":10,"author":{"gitId":"goodguyryan"},"content":"deadline do more stuff /by","lastModifiedDate":"2025-08-31T16:07:06","isFullCredit":false},{"lineNumber":11,"author":{"gitId":"goodguyryan"},"content":"deadline     /by by sunday","lastModifiedDate":"2025-08-31T16:07:06","isFullCredit":false},{"lineNumber":12,"author":{"gitId":"goodguyryan"},"content":"list","lastModifiedDate":"2025-08-31T16:07:06","isFullCredit":false},{"lineNumber":13,"author":{"gitId":"goodguyryan"},"content":"event do even more stuff /from monday /to tuesday","lastModifiedDate":"2025-08-31T16:07:06","isFullCredit":false},{"lineNumber":14,"author":{"gitId":"goodguyryan"},"content":"event do even more stuff /frommonday /totuesday","lastModifiedDate":"2025-08-31T16:07:06","isFullCredit":false},{"lineNumber":15,"author":{"gitId":"goodguyryan"},"content":"list","lastModifiedDate":"2025-08-31T16:07:06","isFullCredit":false},{"lineNumber":16,"author":{"gitId":"goodguyryan"},"content":"mark 2","lastModifiedDate":"2025-08-31T16:07:06","isFullCredit":false},{"lineNumber":17,"author":{"gitId":"goodguyryan"},"content":"list","lastModifiedDate":"2025-08-31T16:07:06","isFullCredit":false},{"lineNumber":18,"author":{"gitId":"goodguyryan"},"content":"mark 3","lastModifiedDate":"2025-08-31T16:07:06","isFullCredit":false},{"lineNumber":19,"author":{"gitId":"goodguyryan"},"content":"unmark 2","lastModifiedDate":"2025-08-31T16:07:06","isFullCredit":false},{"lineNumber":20,"author":{"gitId":"goodguyryan"},"content":"list","lastModifiedDate":"2025-08-31T16:07:06","isFullCredit":false},{"lineNumber":21,"author":{"gitId":"goodguyryan"},"content":"bye","lastModifiedDate":"2025-08-31T16:07:06","isFullCredit":false}],"authorContributionMap":{"goodguyryan":21}},{"path":"text-ui-test/runtest.bat","fileType":"bat","lines":[{"lineNumber":1,"author":{"gitId":"-"},"content":"@ECHO OFF","lastModifiedDate":"2020-05-25T00:03:55","isFullCredit":false},{"lineNumber":2,"author":{"gitId":"-"},"content":"","lastModifiedDate":"2020-05-25T00:03:55","isFullCredit":false},{"lineNumber":3,"author":{"gitId":"-"},"content":"REM create bin directory if it doesn\u0027t exist","lastModifiedDate":"2020-05-25T00:03:55","isFullCredit":false},{"lineNumber":4,"author":{"gitId":"-"},"content":"if not exist ..\\bin mkdir ..\\bin","lastModifiedDate":"2020-05-25T00:03:55","isFullCredit":false},{"lineNumber":5,"author":{"gitId":"-"},"content":"","lastModifiedDate":"2020-05-25T00:03:55","isFullCredit":false},{"lineNumber":6,"author":{"gitId":"-"},"content":"REM delete output from previous run","lastModifiedDate":"2020-05-25T00:03:55","isFullCredit":false},{"lineNumber":7,"author":{"gitId":"-"},"content":"if exist ACTUAL.TXT del ACTUAL.TXT","lastModifiedDate":"2020-08-25T17:23:26","isFullCredit":false},{"lineNumber":8,"author":{"gitId":"-"},"content":"","lastModifiedDate":"2020-05-25T00:03:55","isFullCredit":false},{"lineNumber":9,"author":{"gitId":"-"},"content":"REM compile the code into the bin folder","lastModifiedDate":"2020-05-25T00:03:55","isFullCredit":false},{"lineNumber":10,"author":{"gitId":"goodguyryan"},"content":"dir /s /b ..\\src\\main\\java\\*.java \u003e sources.txt","lastModifiedDate":"2025-09-06T01:39:37","isFullCredit":false},{"lineNumber":11,"author":{"gitId":"goodguyryan"},"content":"javac -cp ..\\src\\main\\java -Xlint:none -d ..\\bin @sources.txt","lastModifiedDate":"2025-09-06T01:39:37","isFullCredit":false},{"lineNumber":12,"author":{"gitId":"-"},"content":"IF ERRORLEVEL 1 (","lastModifiedDate":"2020-05-25T00:03:55","isFullCredit":false},{"lineNumber":13,"author":{"gitId":"-"},"content":"    echo ********** BUILD FAILURE **********","lastModifiedDate":"2020-05-25T00:03:55","isFullCredit":false},{"lineNumber":14,"author":{"gitId":"-"},"content":"    exit /b 1","lastModifiedDate":"2020-05-25T00:03:55","isFullCredit":false},{"lineNumber":15,"author":{"gitId":"-"},"content":")","lastModifiedDate":"2020-05-25T00:03:55","isFullCredit":false},{"lineNumber":16,"author":{"gitId":"-"},"content":"REM no error here, errorlevel \u003d\u003d 0","lastModifiedDate":"2020-05-25T00:03:55","isFullCredit":false},{"lineNumber":17,"author":{"gitId":"-"},"content":"","lastModifiedDate":"2020-05-25T00:03:55","isFullCredit":false},{"lineNumber":18,"author":{"gitId":"-"},"content":"REM run the program, feed commands from input.txt file and redirect the output to the ACTUAL.TXT","lastModifiedDate":"2020-05-25T00:03:55","isFullCredit":false},{"lineNumber":19,"author":{"gitId":"goodguyryan"},"content":"java -classpath ..\\bin maltese.Maltese \u003c input.txt \u003e ACTUAL.TXT","lastModifiedDate":"2025-09-06T01:39:37","isFullCredit":false},{"lineNumber":20,"author":{"gitId":"-"},"content":"","lastModifiedDate":"2020-05-25T00:03:55","isFullCredit":false},{"lineNumber":21,"author":{"gitId":"-"},"content":"REM compare the output to the expected output","lastModifiedDate":"2020-05-25T00:03:55","isFullCredit":false},{"lineNumber":22,"author":{"gitId":"-"},"content":"FC ACTUAL.TXT EXPECTED.TXT","lastModifiedDate":"2020-05-25T00:03:55","isFullCredit":false}],"authorContributionMap":{"goodguyryan":3,"-":19}},{"path":"text-ui-test/runtest.sh","fileType":"sh","lines":[{"lineNumber":1,"author":{"gitId":"-"},"content":"#!/usr/bin/env bash","lastModifiedDate":"2020-05-25T00:03:55","isFullCredit":false},{"lineNumber":2,"author":{"gitId":"-"},"content":"","lastModifiedDate":"2020-05-25T00:03:55","isFullCredit":false},{"lineNumber":3,"author":{"gitId":"-"},"content":"# create bin directory if it doesn\u0027t exist","lastModifiedDate":"2020-05-25T00:03:55","isFullCredit":false},{"lineNumber":4,"author":{"gitId":"-"},"content":"if [ ! -d \"../bin\" ]","lastModifiedDate":"2020-05-25T00:03:55","isFullCredit":false},{"lineNumber":5,"author":{"gitId":"-"},"content":"then","lastModifiedDate":"2020-05-25T00:03:55","isFullCredit":false},{"lineNumber":6,"author":{"gitId":"-"},"content":"    mkdir ../bin","lastModifiedDate":"2020-05-25T00:03:55","isFullCredit":false},{"lineNumber":7,"author":{"gitId":"-"},"content":"fi","lastModifiedDate":"2020-05-25T00:03:55","isFullCredit":false},{"lineNumber":8,"author":{"gitId":"-"},"content":"","lastModifiedDate":"2020-05-25T00:03:55","isFullCredit":false},{"lineNumber":9,"author":{"gitId":"-"},"content":"# delete output from previous run","lastModifiedDate":"2020-05-25T00:03:55","isFullCredit":false},{"lineNumber":10,"author":{"gitId":"-"},"content":"if [ -e \"./ACTUAL.TXT\" ]","lastModifiedDate":"2020-05-25T00:03:55","isFullCredit":false},{"lineNumber":11,"author":{"gitId":"-"},"content":"then","lastModifiedDate":"2020-05-25T00:03:55","isFullCredit":false},{"lineNumber":12,"author":{"gitId":"-"},"content":"    rm ACTUAL.TXT","lastModifiedDate":"2020-05-25T00:03:55","isFullCredit":false},{"lineNumber":13,"author":{"gitId":"-"},"content":"fi","lastModifiedDate":"2020-05-25T00:03:55","isFullCredit":false},{"lineNumber":14,"author":{"gitId":"-"},"content":"","lastModifiedDate":"2020-05-25T00:03:55","isFullCredit":false},{"lineNumber":15,"author":{"gitId":"-"},"content":"# compile the code into the bin folder, terminates if error occurred","lastModifiedDate":"2020-05-25T00:03:55","isFullCredit":false},{"lineNumber":16,"author":{"gitId":"-"},"content":"if ! javac -cp ../src/main/java -Xlint:none -d ../bin ../src/main/java/*.java","lastModifiedDate":"2020-08-25T17:23:26","isFullCredit":false},{"lineNumber":17,"author":{"gitId":"-"},"content":"then","lastModifiedDate":"2020-05-25T00:03:55","isFullCredit":false},{"lineNumber":18,"author":{"gitId":"-"},"content":"    echo \"********** BUILD FAILURE **********\"","lastModifiedDate":"2020-05-25T00:03:55","isFullCredit":false},{"lineNumber":19,"author":{"gitId":"-"},"content":"    exit 1","lastModifiedDate":"2020-05-25T00:03:55","isFullCredit":false},{"lineNumber":20,"author":{"gitId":"-"},"content":"fi","lastModifiedDate":"2020-05-25T00:03:55","isFullCredit":false},{"lineNumber":21,"author":{"gitId":"-"},"content":"","lastModifiedDate":"2020-05-25T00:03:55","isFullCredit":false},{"lineNumber":22,"author":{"gitId":"-"},"content":"# run the program, feed commands from input.txt file and redirect the output to the ACTUAL.TXT","lastModifiedDate":"2020-05-25T00:03:55","isFullCredit":false},{"lineNumber":23,"author":{"gitId":"goodguyryan"},"content":"java -classpath ../bin Maltese \u003c input.txt \u003e ACTUAL.TXT","lastModifiedDate":"2025-08-21T18:50:39","isFullCredit":false},{"lineNumber":24,"author":{"gitId":"-"},"content":"","lastModifiedDate":"2020-05-25T00:03:55","isFullCredit":false},{"lineNumber":25,"author":{"gitId":"-"},"content":"# convert to UNIX format","lastModifiedDate":"2020-05-25T00:03:55","isFullCredit":false},{"lineNumber":26,"author":{"gitId":"-"},"content":"cp EXPECTED.TXT EXPECTED-UNIX.TXT","lastModifiedDate":"2020-05-25T00:03:55","isFullCredit":false},{"lineNumber":27,"author":{"gitId":"-"},"content":"dos2unix ACTUAL.TXT EXPECTED-UNIX.TXT","lastModifiedDate":"2020-05-25T00:03:55","isFullCredit":false},{"lineNumber":28,"author":{"gitId":"-"},"content":"","lastModifiedDate":"2020-05-25T00:03:55","isFullCredit":false},{"lineNumber":29,"author":{"gitId":"-"},"content":"# compare the output to the expected output","lastModifiedDate":"2020-05-25T00:03:55","isFullCredit":false},{"lineNumber":30,"author":{"gitId":"-"},"content":"diff ACTUAL.TXT EXPECTED-UNIX.TXT","lastModifiedDate":"2020-05-25T00:03:55","isFullCredit":false},{"lineNumber":31,"author":{"gitId":"-"},"content":"if [ $? -eq 0 ]","lastModifiedDate":"2020-05-25T00:03:55","isFullCredit":false},{"lineNumber":32,"author":{"gitId":"-"},"content":"then","lastModifiedDate":"2020-05-25T00:03:55","isFullCredit":false},{"lineNumber":33,"author":{"gitId":"-"},"content":"    echo \"Test result: PASSED\"","lastModifiedDate":"2020-05-25T00:03:55","isFullCredit":false},{"lineNumber":34,"author":{"gitId":"-"},"content":"    exit 0","lastModifiedDate":"2020-05-25T00:03:55","isFullCredit":false},{"lineNumber":35,"author":{"gitId":"-"},"content":"else","lastModifiedDate":"2020-05-25T00:03:55","isFullCredit":false},{"lineNumber":36,"author":{"gitId":"-"},"content":"    echo \"Test result: FAILED\"","lastModifiedDate":"2020-05-25T00:03:55","isFullCredit":false},{"lineNumber":37,"author":{"gitId":"-"},"content":"    exit 1","lastModifiedDate":"2020-05-25T00:03:55","isFullCredit":false},{"lineNumber":38,"author":{"gitId":"-"},"content":"fi","lastModifiedDate":"2020-05-25T00:03:55","isFullCredit":false}],"authorContributionMap":{"goodguyryan":1,"-":37}}]
