{"authorDailyContributionsMap":{"goodguyryan":[{"date":"2025-08-24T00:00:00","commitResults":[{"hash":"cf78f9ca6d996ed2729f28ef46c64808e88fcee9","isMergeCommit":false,"messageTitle":"Change all Duke to Maltese and Add bootup message","messageBody":"","tags":["Level-0"],"fileTypesAndContributionMap":{"java":{"insertions":12,"deletions":10},"bat":{"insertions":1,"deletions":1},"sh":{"insertions":1,"deletions":1},"md":{"insertions":4,"deletions":12}}}]},{"date":"2025-08-27T00:00:00","commitResults":[{"hash":"a06b844287f5d28fd3bd340f57023562d39c43d6","isMergeCommit":false,"messageTitle":"Maltese.java: Add echoLoop function","messageBody":"","tags":["Level-1"],"fileTypesAndContributionMap":{"java":{"insertions":20,"deletions":0}}}]},{"date":"2025-08-28T00:00:00","commitResults":[{"hash":"5ebc9313079eadb2467b03e562c33ace1f9f3f66","isMergeCommit":false,"messageTitle":"Maltese.java: Add Add Task and List function","messageBody":"","tags":["Level-2"],"fileTypesAndContributionMap":{"java":{"insertions":22,"deletions":3}}},{"hash":"e9ca2dd848e6dd378c2bebe29611bd177a3ace09","isMergeCommit":false,"messageTitle":"Add Task.java","messageBody":"","tags":["A-Classes"],"fileTypesAndContributionMap":{"java":{"insertions":21,"deletions":0}}},{"hash":"6baf0329af229796a403ec9c484592fd481a0188","isMergeCommit":false,"messageTitle":"Add Mark as Done feature","messageBody":"","tags":["Level-3"],"fileTypesAndContributionMap":{"java":{"insertions":31,"deletions":10}}},{"hash":"9b238c49240cbf73136425cdd0fe525b6f80ca0d","isMergeCommit":false,"messageTitle":"Edit code to comply with coding standard","messageBody":"","tags":["A-CodingStandard"],"fileTypesAndContributionMap":{"java":{"insertions":4,"deletions":4}}}]},{"date":"2025-08-30T00:00:00","commitResults":[{"hash":"e04df3505f93b6c9bd6985f46e2bc62b22934186","isMergeCommit":false,"messageTitle":"Implement Deadline, Event and Todo class as inherited class from Task","messageBody":"","tags":["A-Inheritance"],"fileTypesAndContributionMap":{"java":{"insertions":34,"deletions":0}}},{"hash":"89ebc62be2a5a595eabbd72de670410e1a81f5b4","isMergeCommit":false,"messageTitle":"Implement Todo, Deadline and Event feature","messageBody":"","tags":["Level-4"],"fileTypesAndContributionMap":{"java":{"insertions":131,"deletions":24}}},{"hash":"09525c68cf910d99aa05cae97e9fa69682e0024a","isMergeCommit":false,"messageTitle":"Update code to fit coding standards","messageBody":"","tags":["A-CodeQuality"],"fileTypesAndContributionMap":{"java":{"insertions":1,"deletions":0}}}]},{"date":"2025-08-31T00:00:00","commitResults":[{"hash":"d9ef4742c3377e95b45b3775117b8788bf38e71c","isMergeCommit":false,"messageTitle":"Implement automated testing and Fix bug after testing","messageBody":"","tags":["A-TextUiTesting"],"fileTypesAndContributionMap":{"txt":{"insertions":21,"deletions":0},"java":{"insertions":2,"deletions":7}}}]},{"date":"2025-09-06T00:00:00","commitResults":[{"hash":"4cbe089defbfdb22ad37a8758a6692bef9cb5ce2","isMergeCommit":false,"messageTitle":"Update error handling for Todo feature","messageBody":"","fileTypesAndContributionMap":{"java":{"insertions":1,"deletions":1}}},{"hash":"1129ed4f744488ff50aa494b9318e56bfed3c38d","isMergeCommit":false,"messageTitle":"Implement exceptions to handle errors","messageBody":"","tags":["A-Exceptions"],"fileTypesAndContributionMap":{"java":{"insertions":7,"deletions":3}}},{"hash":"de24ecc580c5d0e934b11e09f03e1b2701f3d030","isMergeCommit":false,"messageTitle":"Update input.txt and EXPECTED.txt","messageBody":"","fileTypesAndContributionMap":{"txt":{"insertions":1,"deletions":1}}},{"hash":"e89e37b98da29aaa50a923b512253c8c155ff2e2","isMergeCommit":true,"messageTitle":"Merge branch \u0027branch-Level-5\u0027","messageBody":"","tags":["Level-5"],"fileTypesAndContributionMap":{}},{"hash":"86185e5898c68b8a179ba9d96fa940bb97c3b9b5","isMergeCommit":false,"messageTitle":"Organize classes into maltese.task package","messageBody":"","tags":["A-Packages"],"fileTypesAndContributionMap":{"java":{"insertions":17,"deletions":3},"bat":{"insertions":3,"deletions":2}}}]},{"date":"2025-09-13T00:00:00","commitResults":[{"hash":"8dced5de7bb20cd16345ab5d5356d0d7d5e750e1","isMergeCommit":false,"messageTitle":"Update tasks array to array list","messageBody":"","tags":["A-Collections"],"fileTypesAndContributionMap":{"java":{"insertions":6,"deletions":5}}},{"hash":"b8825966b9b2a90814c3d56d8736ab569a388ed0","isMergeCommit":false,"messageTitle":"Implement delete feature","messageBody":"","fileTypesAndContributionMap":{"java":{"insertions":26,"deletions":1}}},{"hash":"040b3e877e374f80bb10d4cd76dd2c3d697e4624","isMergeCommit":false,"messageTitle":"Implement save on file feature","messageBody":"","fileTypesAndContributionMap":{"txt":{"insertions":3,"deletions":0},"java":{"insertions":64,"deletions":2}}}]},{"date":"2025-09-14T00:00:00","commitResults":[{"hash":"659cd8513ac1149d3dec2a67af9d245f6ca31ba9","isMergeCommit":true,"messageTitle":"Merge branch \u0027branch-Level-6\u0027","messageBody":"","tags":["Level-6"],"fileTypesAndContributionMap":{}},{"hash":"74e379174cab6852e98d4e6e4f0cb886334af271","isMergeCommit":true,"messageTitle":"Merge branch \u0027branch-Level-7\u0027","messageBody":"","tags":["Level-7"],"fileTypesAndContributionMap":{}},{"hash":"33e5b717ddc3225072c83e5d7112f069e2a070d3","isMergeCommit":false,"messageTitle":"Maltese.java: Update file to fix mistake from git merge","messageBody":"","tags":["A-Jar"],"fileTypesAndContributionMap":{"java":{"insertions":0,"deletions":1}}}]},{"date":"2025-09-20T00:00:00","commitResults":[{"hash":"465f0fbc5cb0e5858c36edfe10756cc625daee38","isMergeCommit":false,"messageTitle":"Add new classes to support more OOP","messageBody":"","tags":["A-MoreOOP"],"fileTypesAndContributionMap":{"java":{"insertions":272,"deletions":240}}},{"hash":"f3e62803b90f4cc110e4f3e8ff24b230e054f7f4","isMergeCommit":false,"messageTitle":"Add find feature","messageBody":"","fileTypesAndContributionMap":{"java":{"insertions":26,"deletions":0}}},{"hash":"8164370b06abb478d52f89663c60a68fea27e566","isMergeCommit":true,"messageTitle":"Merge pull request #1 from goodguyryan/branch-Level-9","messageBody":"Add find feature","tags":["Level-9"],"fileTypesAndContributionMap":{}}]}]},"authorFileTypeContributionMap":{"goodguyryan":{"java":394,"md":4,"fxml":0,"sh":1,"bat":3,"gradle":0,"txt":24}},"authorContributionVariance":{"goodguyryan":7385.708},"authorDisplayNameMap":{"goodguyryan":"CS2113-W12-4 RYAN..GKAI"}}
