[{"path":"README.md","fileType":"md","lines":[{"lineNumber":1,"author":{"gitId":"xelisce"},"content":"# Espresso project template","lastModifiedDate":"2025-08-22T01:21:11","isFullCredit":false},{"lineNumber":2,"author":{"gitId":"-"},"content":"","lastModifiedDate":"2020-05-25T00:03:55","isFullCredit":false},{"lineNumber":3,"author":{"gitId":"-"},"content":"This is a project template for a greenfield Java project. It\u0027s named after the Java mascot _Duke_. Given below are instructions on how to use it.","lastModifiedDate":"2020-05-25T00:03:55","isFullCredit":false},{"lineNumber":4,"author":{"gitId":"-"},"content":"","lastModifiedDate":"2020-05-25T00:03:55","isFullCredit":false},{"lineNumber":5,"author":{"gitId":"-"},"content":"## Setting up in Intellij","lastModifiedDate":"2020-05-25T00:03:55","isFullCredit":false},{"lineNumber":6,"author":{"gitId":"-"},"content":"","lastModifiedDate":"2020-05-25T00:03:55","isFullCredit":false},{"lineNumber":7,"author":{"gitId":"-"},"content":"Prerequisites: JDK 17, update Intellij to the most recent version.","lastModifiedDate":"2024-07-11T16:50:14","isFullCredit":false},{"lineNumber":8,"author":{"gitId":"-"},"content":"","lastModifiedDate":"2020-05-25T00:03:55","isFullCredit":false},{"lineNumber":9,"author":{"gitId":"-"},"content":"1. Open Intellij (if you are not in the welcome screen, click `File` \u003e `Close Project` to close the existing project first)","lastModifiedDate":"2021-01-17T12:25:53","isFullCredit":false},{"lineNumber":10,"author":{"gitId":"-"},"content":"1. Open the project into Intellij as follows:","lastModifiedDate":"2021-01-17T12:25:53","isFullCredit":false},{"lineNumber":11,"author":{"gitId":"-"},"content":"   1. Click `Open`.","lastModifiedDate":"2021-01-17T12:25:53","isFullCredit":false},{"lineNumber":12,"author":{"gitId":"-"},"content":"   1. Select the project directory, and click `OK`.","lastModifiedDate":"2021-01-17T12:25:53","isFullCredit":false},{"lineNumber":13,"author":{"gitId":"-"},"content":"   1. If there are any further prompts, accept the defaults.","lastModifiedDate":"2020-05-25T00:03:55","isFullCredit":false},{"lineNumber":14,"author":{"gitId":"-"},"content":"1. Configure the project to use **JDK 17** (not other versions) as explained in [here](https://www.jetbrains.com/help/idea/sdk.html#set-up-jdk).\u003cbr\u003e","lastModifiedDate":"2024-07-11T16:50:14","isFullCredit":false},{"lineNumber":15,"author":{"gitId":"-"},"content":"   In the same dialog, set the **Project language level** field to the `SDK default` option.","lastModifiedDate":"2021-07-29T20:29:39","isFullCredit":false},{"lineNumber":16,"author":{"gitId":"xelisce"},"content":"1. After that, locate the `src/main/java/Espresso.java` file, right-click it, and choose `Run Espresso.main()` (if the code editor is showing compile errors, try restarting the IDE). If the setup is correct, you should see something like the below as the output:","lastModifiedDate":"2025-08-22T01:21:11","isFullCredit":false},{"lineNumber":17,"author":{"gitId":"-"},"content":"   ```","lastModifiedDate":"2020-05-25T00:03:55","isFullCredit":false},{"lineNumber":18,"author":{"gitId":"-"},"content":"   Hello from","lastModifiedDate":"2020-05-25T00:03:55","isFullCredit":false},{"lineNumber":19,"author":{"gitId":"xelisce"},"content":"   .·:\u0027\u0027\u0027\u0027\u0027\u0027\u0027\u0027\u0027\u0027\u0027\u0027\u0027\u0027\u0027\u0027\u0027\u0027\u0027\u0027\u0027\u0027\u0027\u0027\u0027\u0027\u0027\u0027\u0027\u0027\u0027\u0027\u0027\u0027\u0027\u0027\u0027\u0027\u0027\u0027\u0027\u0027\u0027\u0027\u0027\u0027\u0027\u0027\u0027\u0027\u0027\u0027\u0027\u0027\u0027\u0027\u0027\u0027\u0027\u0027\u0027\u0027\u0027\u0027\u0027\u0027\u0027:·.","lastModifiedDate":"2025-08-22T01:21:11","isFullCredit":false},{"lineNumber":20,"author":{"gitId":"xelisce"},"content":"   : : ███████╗███████╗██████╗ ██████╗ ███████╗███████╗███████╗ ██████╗  : :","lastModifiedDate":"2025-08-22T01:21:11","isFullCredit":false},{"lineNumber":21,"author":{"gitId":"xelisce"},"content":"   : : ██╔════╝██╔════╝██╔══██╗██╔══██╗██╔════╝██╔════╝██╔════╝██╔═══██╗ : :","lastModifiedDate":"2025-08-22T01:21:11","isFullCredit":false},{"lineNumber":22,"author":{"gitId":"xelisce"},"content":"   : : █████╗  ███████╗██████╔╝██████╔╝█████╗  ███████╗███████╗██║   ██║ : :","lastModifiedDate":"2025-08-22T01:21:11","isFullCredit":false},{"lineNumber":23,"author":{"gitId":"xelisce"},"content":"   : : ██╔══╝  ╚════██║██╔═══╝ ██╔══██╗██╔══╝  ╚════██║╚════██║██║   ██║ : :","lastModifiedDate":"2025-08-22T01:21:11","isFullCredit":false},{"lineNumber":24,"author":{"gitId":"xelisce"},"content":"   : : ███████╗███████║██║     ██║  ██║███████╗███████║███████║╚██████╔╝ : :","lastModifiedDate":"2025-08-22T01:21:11","isFullCredit":false},{"lineNumber":25,"author":{"gitId":"xelisce"},"content":"   : : ╚══════╝╚══════╝╚═╝     ╚═╝  ╚═╝╚══════╝╚══════╝╚══════╝ ╚═════╝  : :","lastModifiedDate":"2025-08-22T01:21:11","isFullCredit":false},{"lineNumber":26,"author":{"gitId":"xelisce"},"content":"   \u0027·:...................................................................:·\u0027","lastModifiedDate":"2025-08-22T01:21:11","isFullCredit":false},{"lineNumber":27,"author":{"gitId":"-"},"content":"   ```","lastModifiedDate":"2020-05-25T00:03:55","isFullCredit":false},{"lineNumber":28,"author":{"gitId":"-"},"content":"","lastModifiedDate":"2025-01-04T21:44:28","isFullCredit":false},{"lineNumber":29,"author":{"gitId":"-"},"content":"**Warning:** Keep the `src\\main\\java` folder as the root folder for Java files (i.e., don\u0027t rename those folders or move Java files to another folder outside of this folder path), as this is the default location some tools (e.g., Gradle) expect to find Java files.","lastModifiedDate":"2025-01-04T21:44:28","isFullCredit":false}],"authorContributionMap":{"xelisce":10,"-":19}},{"path":"docs/README.md","fileType":"md","lines":[{"lineNumber":1,"author":{"gitId":"xelisce"},"content":"# Espresso User Guide","lastModifiedDate":"2025-08-22T01:20:24","isFullCredit":false},{"lineNumber":2,"author":{"gitId":"-"},"content":"","lastModifiedDate":"2019-07-29T17:14:46","isFullCredit":false},{"lineNumber":3,"author":{"gitId":"-"},"content":"// Update the title above to match the actual product name","lastModifiedDate":"2024-01-07T18:33:52","isFullCredit":false},{"lineNumber":4,"author":{"gitId":"-"},"content":"","lastModifiedDate":"2019-07-29T17:14:46","isFullCredit":false},{"lineNumber":5,"author":{"gitId":"-"},"content":"// Product screenshot goes here","lastModifiedDate":"2024-01-07T18:33:52","isFullCredit":false},{"lineNumber":6,"author":{"gitId":"-"},"content":"","lastModifiedDate":"2021-07-17T16:49:07","isFullCredit":false},{"lineNumber":7,"author":{"gitId":"-"},"content":"// Product intro goes here","lastModifiedDate":"2024-01-07T18:33:52","isFullCredit":false},{"lineNumber":8,"author":{"gitId":"-"},"content":"","lastModifiedDate":"2021-07-17T16:49:07","isFullCredit":false},{"lineNumber":9,"author":{"gitId":"-"},"content":"## Adding deadlines","lastModifiedDate":"2024-01-07T18:33:52","isFullCredit":false},{"lineNumber":10,"author":{"gitId":"-"},"content":"","lastModifiedDate":"2021-07-17T16:49:07","isFullCredit":false},{"lineNumber":11,"author":{"gitId":"-"},"content":"// Describe the action and its outcome.","lastModifiedDate":"2024-01-07T18:33:52","isFullCredit":false},{"lineNumber":12,"author":{"gitId":"-"},"content":"","lastModifiedDate":"2019-07-29T17:14:46","isFullCredit":false},{"lineNumber":13,"author":{"gitId":"-"},"content":"// Give examples of usage","lastModifiedDate":"2024-01-07T18:33:52","isFullCredit":false},{"lineNumber":14,"author":{"gitId":"-"},"content":"","lastModifiedDate":"2019-07-29T17:14:46","isFullCredit":false},{"lineNumber":15,"author":{"gitId":"-"},"content":"Example: `keyword (optional arguments)`","lastModifiedDate":"2024-01-07T18:33:52","isFullCredit":false},{"lineNumber":16,"author":{"gitId":"-"},"content":"","lastModifiedDate":"2019-07-29T17:14:46","isFullCredit":false},{"lineNumber":17,"author":{"gitId":"-"},"content":"// A description of the expected outcome goes here","lastModifiedDate":"2024-01-07T18:33:52","isFullCredit":false},{"lineNumber":18,"author":{"gitId":"-"},"content":"","lastModifiedDate":"2019-07-29T17:14:46","isFullCredit":false},{"lineNumber":19,"author":{"gitId":"-"},"content":"```","lastModifiedDate":"2024-01-07T18:33:52","isFullCredit":false},{"lineNumber":20,"author":{"gitId":"-"},"content":"expected output","lastModifiedDate":"2024-01-07T18:33:52","isFullCredit":false},{"lineNumber":21,"author":{"gitId":"-"},"content":"```","lastModifiedDate":"2024-01-07T18:33:52","isFullCredit":false},{"lineNumber":22,"author":{"gitId":"-"},"content":"","lastModifiedDate":"2019-07-29T17:14:46","isFullCredit":false},{"lineNumber":23,"author":{"gitId":"-"},"content":"## Feature ABC","lastModifiedDate":"2024-01-07T18:33:52","isFullCredit":false},{"lineNumber":24,"author":{"gitId":"-"},"content":"","lastModifiedDate":"2019-07-29T17:14:46","isFullCredit":false},{"lineNumber":25,"author":{"gitId":"-"},"content":"// Feature details","lastModifiedDate":"2024-01-07T18:33:52","isFullCredit":false},{"lineNumber":26,"author":{"gitId":"-"},"content":"","lastModifiedDate":"2019-07-29T17:14:46","isFullCredit":false},{"lineNumber":27,"author":{"gitId":"-"},"content":"","lastModifiedDate":"2021-07-17T16:49:07","isFullCredit":false},{"lineNumber":28,"author":{"gitId":"-"},"content":"## Feature XYZ","lastModifiedDate":"2024-01-07T18:33:52","isFullCredit":false},{"lineNumber":29,"author":{"gitId":"-"},"content":"","lastModifiedDate":"2024-01-07T18:33:52","isFullCredit":false},{"lineNumber":30,"author":{"gitId":"-"},"content":"// Feature details","lastModifiedDate":"2024-01-07T18:33:52","isFullCredit":false}],"authorContributionMap":{"xelisce":1,"-":29}},{"path":"src/main/java/ActionManager.java","fileType":"java","lines":[{"lineNumber":1,"author":{"gitId":"xelisce"},"content":"import java.util.Scanner;","lastModifiedDate":"2025-08-29T16:57:10","isFullCredit":false},{"lineNumber":2,"author":{"gitId":"xelisce"},"content":"","lastModifiedDate":"2025-08-29T16:57:10","isFullCredit":false},{"lineNumber":3,"author":{"gitId":"xelisce"},"content":"public class ActionManager {","lastModifiedDate":"2025-08-29T16:57:10","isFullCredit":false},{"lineNumber":4,"author":{"gitId":"xelisce"},"content":"","lastModifiedDate":"2025-08-29T16:57:10","isFullCredit":false},{"lineNumber":5,"author":{"gitId":"xelisce"},"content":"    public static void mainLoop() {","lastModifiedDate":"2025-08-29T16:57:10","isFullCredit":false},{"lineNumber":6,"author":{"gitId":"xelisce"},"content":"        Scanner in \u003d new Scanner(System.in);","lastModifiedDate":"2025-08-29T16:57:10","isFullCredit":false},{"lineNumber":7,"author":{"gitId":"xelisce"},"content":"        String userInput; // how do i get rid of this line","lastModifiedDate":"2025-08-29T17:24:06","isFullCredit":false},{"lineNumber":8,"author":{"gitId":"xelisce"},"content":"        while (true) {","lastModifiedDate":"2025-08-29T17:24:06","isFullCredit":false},{"lineNumber":9,"author":{"gitId":"xelisce"},"content":"            userInput \u003d in.nextLine();","lastModifiedDate":"2025-08-29T16:57:10","isFullCredit":false},{"lineNumber":10,"author":{"gitId":"xelisce"},"content":"            if (userInput.equals(\"bye\")) {","lastModifiedDate":"2025-08-29T17:24:06","isFullCredit":false},{"lineNumber":11,"author":{"gitId":"xelisce"},"content":"                return;","lastModifiedDate":"2025-08-29T17:24:06","isFullCredit":false},{"lineNumber":12,"author":{"gitId":"xelisce"},"content":"            }","lastModifiedDate":"2025-08-29T16:57:10","isFullCredit":false},{"lineNumber":13,"author":{"gitId":"xelisce"},"content":"            doAction(userInput);","lastModifiedDate":"2025-08-29T17:24:06","isFullCredit":false},{"lineNumber":14,"author":{"gitId":"xelisce"},"content":"        }","lastModifiedDate":"2025-08-29T16:57:10","isFullCredit":false},{"lineNumber":15,"author":{"gitId":"xelisce"},"content":"    }","lastModifiedDate":"2025-08-29T16:57:10","isFullCredit":false},{"lineNumber":16,"author":{"gitId":"xelisce"},"content":"","lastModifiedDate":"2025-08-29T17:24:06","isFullCredit":false},{"lineNumber":17,"author":{"gitId":"xelisce"},"content":"    public static void doAction(String userInput) {","lastModifiedDate":"2025-08-29T17:24:06","isFullCredit":false},{"lineNumber":18,"author":{"gitId":"xelisce"},"content":"        Parser.parseInput(userInput);","lastModifiedDate":"2025-08-29T17:24:06","isFullCredit":false},{"lineNumber":19,"author":{"gitId":"xelisce"},"content":"    }","lastModifiedDate":"2025-08-29T16:57:10","isFullCredit":false},{"lineNumber":20,"author":{"gitId":"xelisce"},"content":"}","lastModifiedDate":"2025-08-29T16:57:10","isFullCredit":false}],"authorContributionMap":{"xelisce":20}},{"path":"src/main/java/Display.java","fileType":"java","lines":[{"lineNumber":1,"author":{"gitId":"xelisce"},"content":"public class Display {","lastModifiedDate":"2025-08-28T17:40:45","isFullCredit":false},{"lineNumber":2,"author":{"gitId":"xelisce"},"content":"    private static final String DIVIDER \u003d \"\\t____________________________________________________________\";","lastModifiedDate":"2025-08-29T15:21:51","isFullCredit":false},{"lineNumber":3,"author":{"gitId":"xelisce"},"content":"    private static final String LOGO \u003d \"\"\"","lastModifiedDate":"2025-08-29T15:21:51","isFullCredit":false},{"lineNumber":4,"author":{"gitId":"xelisce"},"content":"            .·:\u0027\u0027\u0027\u0027\u0027\u0027\u0027\u0027\u0027\u0027\u0027\u0027\u0027\u0027\u0027\u0027\u0027\u0027\u0027\u0027\u0027\u0027\u0027\u0027\u0027\u0027\u0027\u0027\u0027\u0027\u0027\u0027\u0027\u0027\u0027\u0027\u0027\u0027\u0027\u0027\u0027\u0027\u0027\u0027\u0027\u0027\u0027\u0027\u0027\u0027\u0027\u0027\u0027\u0027\u0027\u0027\u0027\u0027\u0027\u0027\u0027\u0027\u0027\u0027\u0027\u0027\u0027:·.","lastModifiedDate":"2025-08-28T17:40:45","isFullCredit":false},{"lineNumber":5,"author":{"gitId":"xelisce"},"content":"            : : ███████╗███████╗██████╗ ██████╗ ███████╗███████╗███████╗ ██████╗  : :","lastModifiedDate":"2025-08-28T17:40:45","isFullCredit":false},{"lineNumber":6,"author":{"gitId":"xelisce"},"content":"            : : ██╔════╝██╔════╝██╔══██╗██╔══██╗██╔════╝██╔════╝██╔════╝██╔═══██╗ : :","lastModifiedDate":"2025-08-28T17:40:45","isFullCredit":false},{"lineNumber":7,"author":{"gitId":"xelisce"},"content":"            : : █████╗  ███████╗██████╔╝██████╔╝█████╗  ███████╗███████╗██║   ██║ : :","lastModifiedDate":"2025-08-28T17:40:45","isFullCredit":false},{"lineNumber":8,"author":{"gitId":"xelisce"},"content":"            : : ██╔══╝  ╚════██║██╔═══╝ ██╔══██╗██╔══╝  ╚════██║╚════██║██║   ██║ : :","lastModifiedDate":"2025-08-28T17:40:45","isFullCredit":false},{"lineNumber":9,"author":{"gitId":"xelisce"},"content":"            : : ███████╗███████║██║     ██║  ██║███████╗███████║███████║╚██████╔╝ : :","lastModifiedDate":"2025-08-28T17:40:45","isFullCredit":false},{"lineNumber":10,"author":{"gitId":"xelisce"},"content":"            : : ╚══════╝╚══════╝╚═╝     ╚═╝  ╚═╝╚══════╝╚══════╝╚══════╝ ╚═════╝  : :","lastModifiedDate":"2025-08-28T17:40:45","isFullCredit":false},{"lineNumber":11,"author":{"gitId":"xelisce"},"content":"            \u0027·:...................................................................:·\u0027","lastModifiedDate":"2025-08-28T17:40:45","isFullCredit":false},{"lineNumber":12,"author":{"gitId":"xelisce"},"content":"            \"\"\";","lastModifiedDate":"2025-08-28T17:40:45","isFullCredit":false},{"lineNumber":13,"author":{"gitId":"xelisce"},"content":"","lastModifiedDate":"2025-08-28T17:40:45","isFullCredit":false},{"lineNumber":14,"author":{"gitId":"xelisce"},"content":"    private static void printBanner() {","lastModifiedDate":"2025-08-29T15:21:51","isFullCredit":false},{"lineNumber":15,"author":{"gitId":"xelisce"},"content":"        System.out.println(\"\\n\" + LOGO);","lastModifiedDate":"2025-08-29T15:21:51","isFullCredit":false},{"lineNumber":16,"author":{"gitId":"xelisce"},"content":"    }","lastModifiedDate":"2025-08-29T15:21:51","isFullCredit":false},{"lineNumber":17,"author":{"gitId":"xelisce"},"content":"","lastModifiedDate":"2025-08-29T15:21:51","isFullCredit":false},{"lineNumber":18,"author":{"gitId":"xelisce"},"content":"    public static void printHelloMessage() {","lastModifiedDate":"2025-08-29T17:24:06","isFullCredit":false},{"lineNumber":19,"author":{"gitId":"xelisce"},"content":"        printBanner();","lastModifiedDate":"2025-08-29T15:21:51","isFullCredit":false},{"lineNumber":20,"author":{"gitId":"xelisce"},"content":"        printMessage(\"Hello! I\u0027m ESPRESSO\", \"What can I do for you today?\");","lastModifiedDate":"2025-08-29T15:21:51","isFullCredit":false},{"lineNumber":21,"author":{"gitId":"xelisce"},"content":"    }","lastModifiedDate":"2025-08-29T15:21:51","isFullCredit":false},{"lineNumber":22,"author":{"gitId":"xelisce"},"content":"","lastModifiedDate":"2025-08-29T15:21:51","isFullCredit":false},{"lineNumber":23,"author":{"gitId":"xelisce"},"content":"    public static void printByeMessage() {","lastModifiedDate":"2025-08-29T17:24:06","isFullCredit":false},{"lineNumber":24,"author":{"gitId":"xelisce"},"content":"        printMessage(\"Bye. Hope to see you again soon!\");","lastModifiedDate":"2025-08-29T15:21:51","isFullCredit":false},{"lineNumber":25,"author":{"gitId":"xelisce"},"content":"    }","lastModifiedDate":"2025-08-29T15:21:51","isFullCredit":false},{"lineNumber":26,"author":{"gitId":"xelisce"},"content":"","lastModifiedDate":"2025-08-29T15:21:51","isFullCredit":false},{"lineNumber":27,"author":{"gitId":"xelisce"},"content":"    public static void printMessage(String... message) {","lastModifiedDate":"2025-08-29T14:43:12","isFullCredit":false},{"lineNumber":28,"author":{"gitId":"xelisce"},"content":"        System.out.println(DIVIDER);","lastModifiedDate":"2025-08-29T15:21:51","isFullCredit":false},{"lineNumber":29,"author":{"gitId":"xelisce"},"content":"        for (String s : message) {","lastModifiedDate":"2025-08-29T14:43:12","isFullCredit":false},{"lineNumber":30,"author":{"gitId":"xelisce"},"content":"            System.out.println(\"\\t\" + s);","lastModifiedDate":"2025-08-28T17:40:45","isFullCredit":false},{"lineNumber":31,"author":{"gitId":"xelisce"},"content":"        }","lastModifiedDate":"2025-08-28T17:40:45","isFullCredit":false},{"lineNumber":32,"author":{"gitId":"xelisce"},"content":"        System.out.println(DIVIDER);","lastModifiedDate":"2025-08-29T15:21:51","isFullCredit":false},{"lineNumber":33,"author":{"gitId":"xelisce"},"content":"    }","lastModifiedDate":"2025-08-28T17:40:45","isFullCredit":false},{"lineNumber":34,"author":{"gitId":"xelisce"},"content":"}","lastModifiedDate":"2025-08-28T17:40:45","isFullCredit":false}],"authorContributionMap":{"xelisce":34}},{"path":"src/main/java/Espresso.java","fileType":"java","lines":[{"lineNumber":1,"author":{"gitId":"xelisce"},"content":"public class Espresso {","lastModifiedDate":"2025-08-22T01:20:24","isFullCredit":false},{"lineNumber":2,"author":{"gitId":"xelisce"},"content":"","lastModifiedDate":"2025-08-28T17:40:45","isFullCredit":false},{"lineNumber":3,"author":{"gitId":"xelisce"},"content":"    public static void main(String[] args) {","lastModifiedDate":"2025-08-22T01:20:24","isFullCredit":false},{"lineNumber":4,"author":{"gitId":"xelisce"},"content":"        Display.printHelloMessage();","lastModifiedDate":"2025-08-29T17:24:06","isFullCredit":false},{"lineNumber":5,"author":{"gitId":"xelisce"},"content":"        ActionManager.mainLoop();","lastModifiedDate":"2025-08-29T16:57:10","isFullCredit":false},{"lineNumber":6,"author":{"gitId":"xelisce"},"content":"        Display.printByeMessage();","lastModifiedDate":"2025-08-29T17:24:06","isFullCredit":false},{"lineNumber":7,"author":{"gitId":"xelisce"},"content":"    }","lastModifiedDate":"2025-08-22T01:20:24","isFullCredit":false},{"lineNumber":8,"author":{"gitId":"xelisce"},"content":"}","lastModifiedDate":"2025-08-22T01:20:24","isFullCredit":false}],"authorContributionMap":{"xelisce":8}},{"path":"src/main/java/Parser.java","fileType":"java","lines":[{"lineNumber":1,"author":{"gitId":"xelisce"},"content":"public class Parser {","lastModifiedDate":"2025-08-29T17:24:06","isFullCredit":false},{"lineNumber":2,"author":{"gitId":"xelisce"},"content":"","lastModifiedDate":"2025-08-29T17:24:06","isFullCredit":false},{"lineNumber":3,"author":{"gitId":"xelisce"},"content":"    public static void parseInput(String userInput) {","lastModifiedDate":"2025-08-29T17:24:06","isFullCredit":false},{"lineNumber":4,"author":{"gitId":"xelisce"},"content":"        String[] dividerIndex \u003d userInput.split(\" \");","lastModifiedDate":"2025-08-29T17:24:06","isFullCredit":false},{"lineNumber":5,"author":{"gitId":"xelisce"},"content":"        String command \u003d dividerIndex[0];","lastModifiedDate":"2025-08-29T17:24:06","isFullCredit":false},{"lineNumber":6,"author":{"gitId":"xelisce"},"content":"        if (!validateInput(command, userInput)) {","lastModifiedDate":"2025-08-29T17:24:06","isFullCredit":false},{"lineNumber":7,"author":{"gitId":"xelisce"},"content":"            return;","lastModifiedDate":"2025-08-29T17:24:06","isFullCredit":false},{"lineNumber":8,"author":{"gitId":"xelisce"},"content":"        }","lastModifiedDate":"2025-08-29T17:24:06","isFullCredit":false},{"lineNumber":9,"author":{"gitId":"xelisce"},"content":"","lastModifiedDate":"2025-08-29T17:24:06","isFullCredit":false},{"lineNumber":10,"author":{"gitId":"xelisce"},"content":"        switch (command) {","lastModifiedDate":"2025-08-29T17:24:06","isFullCredit":false},{"lineNumber":11,"author":{"gitId":"xelisce"},"content":"        case \"list\":","lastModifiedDate":"2025-08-29T17:24:06","isFullCredit":false},{"lineNumber":12,"author":{"gitId":"xelisce"},"content":"            TaskManager.printTasks();","lastModifiedDate":"2025-08-29T17:24:06","isFullCredit":false},{"lineNumber":13,"author":{"gitId":"xelisce"},"content":"            break;","lastModifiedDate":"2025-08-29T17:24:06","isFullCredit":false},{"lineNumber":14,"author":{"gitId":"xelisce"},"content":"        case \"mark\":","lastModifiedDate":"2025-08-29T17:24:06","isFullCredit":false},{"lineNumber":15,"author":{"gitId":"xelisce"},"content":"        case \"unmark\":","lastModifiedDate":"2025-08-29T17:24:06","isFullCredit":false},{"lineNumber":16,"author":{"gitId":"xelisce"},"content":"            int taskIndex \u003d Integer.parseInt(dividerIndex[1]);","lastModifiedDate":"2025-08-29T17:24:06","isFullCredit":false},{"lineNumber":17,"author":{"gitId":"xelisce"},"content":"            boolean toMarkDone \u003d command.equals(\"mark\");","lastModifiedDate":"2025-08-29T17:24:06","isFullCredit":false},{"lineNumber":18,"author":{"gitId":"xelisce"},"content":"            TaskManager.markTask(toMarkDone, taskIndex - 1);","lastModifiedDate":"2025-08-29T17:24:06","isFullCredit":false},{"lineNumber":19,"author":{"gitId":"xelisce"},"content":"            break;","lastModifiedDate":"2025-08-29T17:24:06","isFullCredit":false},{"lineNumber":20,"author":{"gitId":"xelisce"},"content":"        default:","lastModifiedDate":"2025-08-29T17:24:06","isFullCredit":false},{"lineNumber":21,"author":{"gitId":"xelisce"},"content":"            TaskManager.addTask(userInput);","lastModifiedDate":"2025-08-29T17:24:06","isFullCredit":false},{"lineNumber":22,"author":{"gitId":"xelisce"},"content":"            break;","lastModifiedDate":"2025-08-29T17:24:06","isFullCredit":false},{"lineNumber":23,"author":{"gitId":"xelisce"},"content":"        }","lastModifiedDate":"2025-08-29T17:24:06","isFullCredit":false},{"lineNumber":24,"author":{"gitId":"xelisce"},"content":"","lastModifiedDate":"2025-08-29T17:24:06","isFullCredit":false},{"lineNumber":25,"author":{"gitId":"xelisce"},"content":"    }","lastModifiedDate":"2025-08-29T17:24:06","isFullCredit":false},{"lineNumber":26,"author":{"gitId":"xelisce"},"content":"","lastModifiedDate":"2025-08-29T17:24:06","isFullCredit":false},{"lineNumber":27,"author":{"gitId":"xelisce"},"content":"    public static boolean validateInput(String command, String userInput) {","lastModifiedDate":"2025-08-29T17:24:06","isFullCredit":false},{"lineNumber":28,"author":{"gitId":"xelisce"},"content":"        //TODO","lastModifiedDate":"2025-08-29T17:24:06","isFullCredit":false},{"lineNumber":29,"author":{"gitId":"xelisce"},"content":"        return true;","lastModifiedDate":"2025-08-29T17:24:06","isFullCredit":false},{"lineNumber":30,"author":{"gitId":"xelisce"},"content":"    }","lastModifiedDate":"2025-08-29T17:24:06","isFullCredit":false},{"lineNumber":31,"author":{"gitId":"xelisce"},"content":"}","lastModifiedDate":"2025-08-29T17:24:06","isFullCredit":false}],"authorContributionMap":{"xelisce":31}},{"path":"src/main/java/Task.java","fileType":"java","lines":[{"lineNumber":1,"author":{"gitId":"xelisce"},"content":"public class Task {","lastModifiedDate":"2025-08-29T14:43:12","isFullCredit":false},{"lineNumber":2,"author":{"gitId":"xelisce"},"content":"    private String description;","lastModifiedDate":"2025-08-29T15:06:28","isFullCredit":false},{"lineNumber":3,"author":{"gitId":"xelisce"},"content":"    private boolean isDone;","lastModifiedDate":"2025-08-29T15:06:28","isFullCredit":false},{"lineNumber":4,"author":{"gitId":"xelisce"},"content":"","lastModifiedDate":"2025-08-29T14:43:12","isFullCredit":false},{"lineNumber":5,"author":{"gitId":"xelisce"},"content":"    Task(String description) {","lastModifiedDate":"2025-08-29T14:43:12","isFullCredit":false},{"lineNumber":6,"author":{"gitId":"xelisce"},"content":"        this.description \u003d description;","lastModifiedDate":"2025-08-29T14:43:12","isFullCredit":false},{"lineNumber":7,"author":{"gitId":"xelisce"},"content":"        this.isDone \u003d false;","lastModifiedDate":"2025-08-29T15:06:28","isFullCredit":false},{"lineNumber":8,"author":{"gitId":"xelisce"},"content":"    }","lastModifiedDate":"2025-08-29T14:43:12","isFullCredit":false},{"lineNumber":9,"author":{"gitId":"xelisce"},"content":"","lastModifiedDate":"2025-08-29T14:43:12","isFullCredit":false},{"lineNumber":10,"author":{"gitId":"xelisce"},"content":"    public String getDescription() {","lastModifiedDate":"2025-08-29T15:06:28","isFullCredit":false},{"lineNumber":11,"author":{"gitId":"xelisce"},"content":"        return this.description;","lastModifiedDate":"2025-08-29T15:06:28","isFullCredit":false},{"lineNumber":12,"author":{"gitId":"xelisce"},"content":"    }","lastModifiedDate":"2025-08-29T14:43:12","isFullCredit":false},{"lineNumber":13,"author":{"gitId":"xelisce"},"content":"","lastModifiedDate":"2025-08-29T14:43:12","isFullCredit":false},{"lineNumber":14,"author":{"gitId":"xelisce"},"content":"    public void setIsDone(boolean isDone) {","lastModifiedDate":"2025-08-29T15:06:28","isFullCredit":false},{"lineNumber":15,"author":{"gitId":"xelisce"},"content":"        this.isDone \u003d isDone;","lastModifiedDate":"2025-08-29T15:06:28","isFullCredit":false},{"lineNumber":16,"author":{"gitId":"xelisce"},"content":"    }","lastModifiedDate":"2025-08-29T15:06:28","isFullCredit":false},{"lineNumber":17,"author":{"gitId":"xelisce"},"content":"","lastModifiedDate":"2025-08-29T15:06:28","isFullCredit":false},{"lineNumber":18,"author":{"gitId":"xelisce"},"content":"    public boolean getIsDone() {","lastModifiedDate":"2025-08-29T15:06:28","isFullCredit":false},{"lineNumber":19,"author":{"gitId":"xelisce"},"content":"        return this.isDone;","lastModifiedDate":"2025-08-29T15:06:28","isFullCredit":false},{"lineNumber":20,"author":{"gitId":"xelisce"},"content":"    }","lastModifiedDate":"2025-08-29T15:06:28","isFullCredit":false},{"lineNumber":21,"author":{"gitId":"xelisce"},"content":"","lastModifiedDate":"2025-08-29T15:06:28","isFullCredit":false},{"lineNumber":22,"author":{"gitId":"xelisce"},"content":"    private String getStatusIcon() {","lastModifiedDate":"2025-08-29T16:57:10","isFullCredit":false},{"lineNumber":23,"author":{"gitId":"xelisce"},"content":"        return (this.isDone ? \"X\" : \" \"); // mark done task with X","lastModifiedDate":"2025-08-29T15:06:28","isFullCredit":false},{"lineNumber":24,"author":{"gitId":"xelisce"},"content":"    }","lastModifiedDate":"2025-08-29T14:43:12","isFullCredit":false},{"lineNumber":25,"author":{"gitId":"xelisce"},"content":"","lastModifiedDate":"2025-08-29T15:21:51","isFullCredit":false},{"lineNumber":26,"author":{"gitId":"xelisce"},"content":"    public String getStatusLine() {","lastModifiedDate":"2025-08-29T15:21:51","isFullCredit":false},{"lineNumber":27,"author":{"gitId":"xelisce"},"content":"         return \"[\" + this.getStatusIcon() + \"] \" + this.getDescription();","lastModifiedDate":"2025-08-29T15:21:51","isFullCredit":false},{"lineNumber":28,"author":{"gitId":"xelisce"},"content":"    }","lastModifiedDate":"2025-08-29T15:21:51","isFullCredit":false},{"lineNumber":29,"author":{"gitId":"xelisce"},"content":"}","lastModifiedDate":"2025-08-29T14:43:12","isFullCredit":false}],"authorContributionMap":{"xelisce":29}},{"path":"src/main/java/TaskManager.java","fileType":"java","lines":[{"lineNumber":1,"author":{"gitId":"xelisce"},"content":"public class TaskManager {","lastModifiedDate":"2025-08-29T14:43:12","isFullCredit":false},{"lineNumber":2,"author":{"gitId":"xelisce"},"content":"    public static Task[] taskList \u003d new Task[100];","lastModifiedDate":"2025-08-29T14:43:12","isFullCredit":false},{"lineNumber":3,"author":{"gitId":"xelisce"},"content":"    public static int taskListSize \u003d 0;","lastModifiedDate":"2025-08-29T14:43:12","isFullCredit":false},{"lineNumber":4,"author":{"gitId":"xelisce"},"content":"","lastModifiedDate":"2025-08-29T14:43:12","isFullCredit":false},{"lineNumber":5,"author":{"gitId":"xelisce"},"content":"    public static void addTask(String description) {","lastModifiedDate":"2025-08-29T14:43:12","isFullCredit":false},{"lineNumber":6,"author":{"gitId":"xelisce"},"content":"        Task t \u003d new Task(description);","lastModifiedDate":"2025-08-29T14:43:12","isFullCredit":false},{"lineNumber":7,"author":{"gitId":"xelisce"},"content":"        taskList[taskListSize] \u003d t;","lastModifiedDate":"2025-08-29T14:43:12","isFullCredit":false},{"lineNumber":8,"author":{"gitId":"xelisce"},"content":"        taskListSize++;","lastModifiedDate":"2025-08-29T14:43:12","isFullCredit":false},{"lineNumber":9,"author":{"gitId":"xelisce"},"content":"        Display.printMessage(\"Added task: \" + description);","lastModifiedDate":"2025-08-29T14:43:12","isFullCredit":false},{"lineNumber":10,"author":{"gitId":"xelisce"},"content":"    }","lastModifiedDate":"2025-08-29T14:43:12","isFullCredit":false},{"lineNumber":11,"author":{"gitId":"xelisce"},"content":"","lastModifiedDate":"2025-08-29T14:43:12","isFullCredit":false},{"lineNumber":12,"author":{"gitId":"xelisce"},"content":"    public static void printTasks() {","lastModifiedDate":"2025-08-29T14:43:12","isFullCredit":false},{"lineNumber":13,"author":{"gitId":"xelisce"},"content":"        String[] taskDescriptions \u003d new String[taskListSize];","lastModifiedDate":"2025-08-29T14:43:12","isFullCredit":false},{"lineNumber":14,"author":{"gitId":"xelisce"},"content":"        Task currentTask;","lastModifiedDate":"2025-08-29T15:06:28","isFullCredit":false},{"lineNumber":15,"author":{"gitId":"xelisce"},"content":"        for (int i \u003d 0; i \u003c taskListSize; i++) {","lastModifiedDate":"2025-08-29T14:43:12","isFullCredit":false},{"lineNumber":16,"author":{"gitId":"xelisce"},"content":"            currentTask \u003d taskList[i];","lastModifiedDate":"2025-08-29T15:06:28","isFullCredit":false},{"lineNumber":17,"author":{"gitId":"xelisce"},"content":"            taskDescriptions[i] \u003d (i + 1) + \". \"  + currentTask.getStatusLine();","lastModifiedDate":"2025-08-29T15:21:51","isFullCredit":false},{"lineNumber":18,"author":{"gitId":"xelisce"},"content":"        }","lastModifiedDate":"2025-08-29T14:43:12","isFullCredit":false},{"lineNumber":19,"author":{"gitId":"xelisce"},"content":"        Display.printMessage(taskDescriptions);","lastModifiedDate":"2025-08-29T14:43:12","isFullCredit":false},{"lineNumber":20,"author":{"gitId":"xelisce"},"content":"    }","lastModifiedDate":"2025-08-29T14:43:12","isFullCredit":false},{"lineNumber":21,"author":{"gitId":"xelisce"},"content":"","lastModifiedDate":"2025-08-29T15:06:28","isFullCredit":false},{"lineNumber":22,"author":{"gitId":"xelisce"},"content":"    public static void markTask(boolean markDone, int index) {","lastModifiedDate":"2025-08-29T16:57:10","isFullCredit":false},{"lineNumber":23,"author":{"gitId":"xelisce"},"content":"        Task task \u003d taskList[index];","lastModifiedDate":"2025-08-29T15:21:51","isFullCredit":false},{"lineNumber":24,"author":{"gitId":"xelisce"},"content":"        task.setIsDone(markDone);","lastModifiedDate":"2025-08-29T16:57:10","isFullCredit":false},{"lineNumber":25,"author":{"gitId":"xelisce"},"content":"        Display.printMessage(\"Nice! I\u0027ve marked this task as done\",","lastModifiedDate":"2025-08-29T15:06:28","isFullCredit":false},{"lineNumber":26,"author":{"gitId":"xelisce"},"content":"                \"   \" + task.getStatusLine());","lastModifiedDate":"2025-08-29T15:21:51","isFullCredit":false},{"lineNumber":27,"author":{"gitId":"xelisce"},"content":"    }","lastModifiedDate":"2025-08-29T15:06:28","isFullCredit":false},{"lineNumber":28,"author":{"gitId":"xelisce"},"content":"}","lastModifiedDate":"2025-08-29T14:43:12","isFullCredit":false}],"authorContributionMap":{"xelisce":28}},{"path":"text-ui-test/runtest.bat","fileType":"bat","lines":[{"lineNumber":1,"author":{"gitId":"-"},"content":"@ECHO OFF","lastModifiedDate":"2020-05-25T00:03:55","isFullCredit":false},{"lineNumber":2,"author":{"gitId":"-"},"content":"","lastModifiedDate":"2020-05-25T00:03:55","isFullCredit":false},{"lineNumber":3,"author":{"gitId":"-"},"content":"REM create bin directory if it doesn\u0027t exist","lastModifiedDate":"2020-05-25T00:03:55","isFullCredit":false},{"lineNumber":4,"author":{"gitId":"-"},"content":"if not exist ..\\bin mkdir ..\\bin","lastModifiedDate":"2020-05-25T00:03:55","isFullCredit":false},{"lineNumber":5,"author":{"gitId":"-"},"content":"","lastModifiedDate":"2020-05-25T00:03:55","isFullCredit":false},{"lineNumber":6,"author":{"gitId":"-"},"content":"REM delete output from previous run","lastModifiedDate":"2020-05-25T00:03:55","isFullCredit":false},{"lineNumber":7,"author":{"gitId":"-"},"content":"if exist ACTUAL.TXT del ACTUAL.TXT","lastModifiedDate":"2020-08-25T17:23:26","isFullCredit":false},{"lineNumber":8,"author":{"gitId":"-"},"content":"","lastModifiedDate":"2020-05-25T00:03:55","isFullCredit":false},{"lineNumber":9,"author":{"gitId":"-"},"content":"REM compile the code into the bin folder","lastModifiedDate":"2020-05-25T00:03:55","isFullCredit":false},{"lineNumber":10,"author":{"gitId":"-"},"content":"javac  -cp ..\\src\\main\\java -Xlint:none -d ..\\bin ..\\src\\main\\java\\*.java","lastModifiedDate":"2020-08-25T17:23:26","isFullCredit":false},{"lineNumber":11,"author":{"gitId":"-"},"content":"IF ERRORLEVEL 1 (","lastModifiedDate":"2020-05-25T00:03:55","isFullCredit":false},{"lineNumber":12,"author":{"gitId":"-"},"content":"    echo ********** BUILD FAILURE **********","lastModifiedDate":"2020-05-25T00:03:55","isFullCredit":false},{"lineNumber":13,"author":{"gitId":"-"},"content":"    exit /b 1","lastModifiedDate":"2020-05-25T00:03:55","isFullCredit":false},{"lineNumber":14,"author":{"gitId":"-"},"content":")","lastModifiedDate":"2020-05-25T00:03:55","isFullCredit":false},{"lineNumber":15,"author":{"gitId":"-"},"content":"REM no error here, errorlevel \u003d\u003d 0","lastModifiedDate":"2020-05-25T00:03:55","isFullCredit":false},{"lineNumber":16,"author":{"gitId":"-"},"content":"","lastModifiedDate":"2020-05-25T00:03:55","isFullCredit":false},{"lineNumber":17,"author":{"gitId":"-"},"content":"REM run the program, feed commands from input.txt file and redirect the output to the ACTUAL.TXT","lastModifiedDate":"2020-05-25T00:03:55","isFullCredit":false},{"lineNumber":18,"author":{"gitId":"xelisce"},"content":"java -classpath ..\\bin Espresso \u003c input.txt \u003e ACTUAL.TXT","lastModifiedDate":"2025-08-22T01:21:11","isFullCredit":false},{"lineNumber":19,"author":{"gitId":"-"},"content":"","lastModifiedDate":"2020-05-25T00:03:55","isFullCredit":false},{"lineNumber":20,"author":{"gitId":"-"},"content":"REM compare the output to the expected output","lastModifiedDate":"2020-05-25T00:03:55","isFullCredit":false},{"lineNumber":21,"author":{"gitId":"-"},"content":"FC ACTUAL.TXT EXPECTED.TXT","lastModifiedDate":"2020-05-25T00:03:55","isFullCredit":false}],"authorContributionMap":{"xelisce":1,"-":20}}]
