{"authorDailyContributionsMap":{"xelisce":[{"date":"2025-08-22T00:00:00","commitResults":[{"hash":"fd024d3b604c852742b2ca0047797ec74e583de9","isMergeCommit":false,"messageTitle":"Rename all instances of Duke to Espresso in source code and docs","messageBody":"","fileTypesAndContributionMap":{"java":{"insertions":13,"deletions":10},"md":{"insertions":1,"deletions":1}}},{"hash":"33a661a09bffeda0b052f799cf6186add7eae135","isMergeCommit":false,"messageTitle":"Rename all instances of Duke to Espresso in tests and README","messageBody":"","tags":["Level-0"],"fileTypesAndContributionMap":{"bat":{"insertions":1,"deletions":1},"md":{"insertions":10,"deletions":7}}}]},{"date":"2025-08-28T00:00:00","commitResults":[{"hash":"5d90a04af2153fae7335df6aaa795f1a56d65221","isMergeCommit":false,"messageTitle":"Add message to echo the user input","messageBody":"Add class Display to print messages\n","tags":["Level-1"],"fileTypesAndContributionMap":{"java":{"insertions":49,"deletions":9}}}]},{"date":"2025-08-29T00:00:00","commitResults":[{"hash":"84547de36fa1be154162da69273d1cf78e524fa4","isMergeCommit":false,"messageTitle":"Add task adding and print list functions","messageBody":"","tags":["Level-2"],"fileTypesAndContributionMap":{"java":{"insertions":48,"deletions":5}}},{"hash":"533ad52f6f31f5067768b9cb33d62dbac7bc8238","isMergeCommit":false,"messageTitle":"Add mark and unmark functions for tasks","messageBody":"","tags":["Level-3"],"fileTypesAndContributionMap":{"java":{"insertions":48,"deletions":13}}},{"hash":"c6e72a6f2420601c53827f7305df046d8dc520a0","isMergeCommit":false,"messageTitle":"Update Display class and Task class","messageBody":"","tags":["A-CodingStandard"],"fileTypesAndContributionMap":{"java":{"insertions":30,"deletions":31}}},{"hash":"dff47d05e1498b592fce991704d3c0445b911bb5","isMergeCommit":false,"messageTitle":"Add ActionManager class","messageBody":"","fileTypesAndContributionMap":{"java":{"insertions":35,"deletions":35}}},{"hash":"1d4648d6b42b8aa3e616ee7425bb7b9c8dc4bcc9","isMergeCommit":false,"messageTitle":"Add Parser class","messageBody":"","fileTypesAndContributionMap":{"java":{"insertions":44,"deletions":24}}}]},{"date":"2025-09-03T00:00:00","commitResults":[{"hash":"a4969085a23673b485ad42d8846d9e379ee27a3a","isMergeCommit":false,"messageTitle":"Add Todo, Event and Deadline classes","messageBody":"","tags":["Level-4","A-CodeQuality"],"fileTypesAndContributionMap":{"java":{"insertions":231,"deletions":25}}}]},{"date":"2025-09-05T00:00:00","commitResults":[{"hash":"ce0a795287432a74694bcfe083c09014632f09c6","isMergeCommit":false,"messageTitle":"Add Validator and Messages classes for invalid event messages","messageBody":"","fileTypesAndContributionMap":{"java":{"insertions":48,"deletions":7}}},{"hash":"5d3910f7875eb07b97a43ca0a47416d8daf3f485","isMergeCommit":false,"messageTitle":"Messages and Validator class: Add deadline input validation","messageBody":"","fileTypesAndContributionMap":{"java":{"insertions":23,"deletions":5}}},{"hash":"0c5eeb9904725006e046c725356a906cef9fff41","isMergeCommit":false,"messageTitle":"Messages and Validator class: Add todo and mark input validation","messageBody":"","fileTypesAndContributionMap":{"java":{"insertions":44,"deletions":16}}},{"hash":"76d621a2bec21d8d612be26f163ecf21f615af37","isMergeCommit":true,"messageTitle":"Merge branch \u0027branch-Level-5\u0027","messageBody":"","tags":["Level-5","A-Exceptions"],"fileTypesAndContributionMap":{}},{"hash":"a93d89bf6328b194bca1972e9441b0cc8569144b","isMergeCommit":false,"messageTitle":"Refactor all classes into packages","messageBody":"","tags":["A-Packages"],"fileTypesAndContributionMap":{"java":{"insertions":38,"deletions":4}}}]},{"date":"2025-09-16T00:00:00","commitResults":[{"hash":"a81513ba189359173aea71ff319714d8f6ed668f","isMergeCommit":false,"messageTitle":"Add delete task command","messageBody":"","fileTypesAndContributionMap":{"java":{"insertions":39,"deletions":32},"bat":{"insertions":1,"deletions":1}}},{"hash":"96d8733946a0d28b51cd0ad334b5b8f44171989a","isMergeCommit":true,"messageTitle":"Merge branch \u0027branch-Level-5\u0027","messageBody":"","fileTypesAndContributionMap":{}}]},{"date":"2025-09-17T00:00:00","commitResults":[{"hash":"d2e0c909b752a9e8333396c20e56540c45730888","isMergeCommit":false,"messageTitle":"Add FileManager, FileReader, LineParser to read and validate tasks from the file espresso.txt","messageBody":"","fileTypesAndContributionMap":{"txt":{"insertions":0,"deletions":0},"java":{"insertions":316,"deletions":4}}},{"hash":"20afdc7fe26e94a0dea116498797140ea85da781","isMergeCommit":false,"messageTitle":"Add FileWriter to write to file when adding tasks","messageBody":"","fileTypesAndContributionMap":{"txt":{"insertions":4,"deletions":0},"java":{"insertions":96,"deletions":8}}},{"hash":"c89d554a12b9a71e72860c100d7f935771d93447","isMergeCommit":false,"messageTitle":"Modify FilePrinter to change the file when mark and unmarking tasks","messageBody":"","fileTypesAndContributionMap":{"txt":{"insertions":5,"deletions":4},"java":{"insertions":20,"deletions":13}}},{"hash":"5880b020f028aabe8f4dcc54678e8b70c5db4a41","isMergeCommit":true,"messageTitle":"Merge branch \u0027branch-Level-6\u0027","messageBody":"","tags":["Level-6"],"fileTypesAndContributionMap":{}},{"hash":"79e53c64044cdedb198c4f61826b3d80aad329ef","isMergeCommit":true,"messageTitle":"Merge branch \u0027branch-Level-7\u0027","messageBody":"","tags":["Level-7"],"fileTypesAndContributionMap":{}},{"hash":"e90415227e45be473041b6da46e2b24ee258edea","isMergeCommit":false,"messageTitle":"Add file storage for deletion","messageBody":"","tags":["A-MoreOOP","A-Jar","A-Collections"],"fileTypesAndContributionMap":{"txt":{"insertions":0,"deletions":5},"java":{"insertions":1,"deletions":0}}}]},{"date":"2025-09-24T00:00:00","commitResults":[{"hash":"584bb78e8a0643865a8316da621c2295a678fb5a","isMergeCommit":false,"messageTitle":"Add Find Command","messageBody":"","fileTypesAndContributionMap":{"txt":{"insertions":4,"deletions":0},"java":{"insertions":46,"deletions":1}}},{"hash":"1456d5ee5d6fade292858b0b4b732788b882ebbb","isMergeCommit":true,"messageTitle":"Merge branch \u0027branch-Level-9\u0027","messageBody":"","tags":["branch-Level-9"],"fileTypesAndContributionMap":{}}]}]},"authorFileTypeContributionMap":{"xelisce":{"java":934,"md":11,"fxml":0,"sh":0,"bat":2,"gradle":0,"txt":4}},"authorContributionVariance":{"xelisce":8195.224},"authorDisplayNameMap":{"xelisce":"CS2113-W13-3 CELE.. TAN"}}
