[{"path":"README.md","fileType":"md","lines":[{"lineNumber":1,"author":{"gitId":"BenyAlbatross"},"content":"# Octoplush project template","lastModifiedDate":"2025-08-29T00:12:04","isFullCredit":false},{"lineNumber":2,"author":{"gitId":"-"},"content":"","lastModifiedDate":"2020-05-25T00:03:55","isFullCredit":false},{"lineNumber":3,"author":{"gitId":"-"},"content":"This is a project template for a greenfield Java project. It\u0027s named after the Java mascot _Duke_. Given below are instructions on how to use it.","lastModifiedDate":"2020-05-25T00:03:55","isFullCredit":false},{"lineNumber":4,"author":{"gitId":"-"},"content":"","lastModifiedDate":"2020-05-25T00:03:55","isFullCredit":false},{"lineNumber":5,"author":{"gitId":"-"},"content":"## Setting up in Intellij","lastModifiedDate":"2020-05-25T00:03:55","isFullCredit":false},{"lineNumber":6,"author":{"gitId":"-"},"content":"","lastModifiedDate":"2020-05-25T00:03:55","isFullCredit":false},{"lineNumber":7,"author":{"gitId":"-"},"content":"Prerequisites: JDK 17, update Intellij to the most recent version.","lastModifiedDate":"2024-07-11T16:50:14","isFullCredit":false},{"lineNumber":8,"author":{"gitId":"-"},"content":"","lastModifiedDate":"2020-05-25T00:03:55","isFullCredit":false},{"lineNumber":9,"author":{"gitId":"-"},"content":"1. Open Intellij (if you are not in the welcome screen, click `File` \u003e `Close Project` to close the existing project first)","lastModifiedDate":"2021-01-17T12:25:53","isFullCredit":false},{"lineNumber":10,"author":{"gitId":"-"},"content":"1. Open the project into Intellij as follows:","lastModifiedDate":"2021-01-17T12:25:53","isFullCredit":false},{"lineNumber":11,"author":{"gitId":"-"},"content":"   1. Click `Open`.","lastModifiedDate":"2021-01-17T12:25:53","isFullCredit":false},{"lineNumber":12,"author":{"gitId":"-"},"content":"   1. Select the project directory, and click `OK`.","lastModifiedDate":"2021-01-17T12:25:53","isFullCredit":false},{"lineNumber":13,"author":{"gitId":"-"},"content":"   1. If there are any further prompts, accept the defaults.","lastModifiedDate":"2020-05-25T00:03:55","isFullCredit":false},{"lineNumber":14,"author":{"gitId":"-"},"content":"1. Configure the project to use **JDK 17** (not other versions) as explained in [here](https://www.jetbrains.com/help/idea/sdk.html#set-up-jdk).\u003cbr\u003e","lastModifiedDate":"2024-07-11T16:50:14","isFullCredit":false},{"lineNumber":15,"author":{"gitId":"-"},"content":"   In the same dialog, set the **Project language level** field to the `SDK default` option.","lastModifiedDate":"2021-07-29T20:29:39","isFullCredit":false},{"lineNumber":16,"author":{"gitId":"BenyAlbatross"},"content":"1. After that, locate the `src/main/java/Octoplush.java` file, right-click it, and choose `Run Octoplush.main()` (if the code editor is showing compile errors, try restarting the IDE). If the setup is correct, you should see something like the below as the output:","lastModifiedDate":"2025-08-29T00:12:04","isFullCredit":false},{"lineNumber":17,"author":{"gitId":"-"},"content":"   ```","lastModifiedDate":"2020-05-25T00:03:55","isFullCredit":false},{"lineNumber":18,"author":{"gitId":"-"},"content":"   Hello from","lastModifiedDate":"2020-05-25T00:03:55","isFullCredit":false},{"lineNumber":19,"author":{"gitId":"-"},"content":"    ____        _        ","lastModifiedDate":"2020-05-25T00:03:55","isFullCredit":false},{"lineNumber":20,"author":{"gitId":"-"},"content":"   |  _ \\ _   _| | _____ ","lastModifiedDate":"2020-05-25T00:03:55","isFullCredit":false},{"lineNumber":21,"author":{"gitId":"-"},"content":"   | | | | | | | |/ / _ \\","lastModifiedDate":"2020-05-25T00:03:55","isFullCredit":false},{"lineNumber":22,"author":{"gitId":"-"},"content":"   | |_| | |_| |   \u003c  __/","lastModifiedDate":"2020-05-25T00:03:55","isFullCredit":false},{"lineNumber":23,"author":{"gitId":"-"},"content":"   |____/ \\__,_|_|\\_\\___|","lastModifiedDate":"2020-05-25T00:03:55","isFullCredit":false},{"lineNumber":24,"author":{"gitId":"-"},"content":"   ```","lastModifiedDate":"2020-05-25T00:03:55","isFullCredit":false},{"lineNumber":25,"author":{"gitId":"-"},"content":"","lastModifiedDate":"2025-01-04T21:44:28","isFullCredit":false},{"lineNumber":26,"author":{"gitId":"-"},"content":"**Warning:** Keep the `src\\main\\java` folder as the root folder for Java files (i.e., don\u0027t rename those folders or move Java files to another folder outside of this folder path), as this is the default location some tools (e.g., Gradle) expect to find Java files.","lastModifiedDate":"2025-01-04T21:44:28","isFullCredit":false}],"authorContributionMap":{"-":24,"BenyAlbatross":2}},{"path":"docs/README.md","fileType":"md","lines":[{"lineNumber":1,"author":{"gitId":"BenyAlbatross"},"content":"# Octoplush User Guide","lastModifiedDate":"2025-08-29T00:12:04","isFullCredit":false},{"lineNumber":2,"author":{"gitId":"-"},"content":"","lastModifiedDate":"2019-07-29T17:14:46","isFullCredit":false},{"lineNumber":3,"author":{"gitId":"-"},"content":"// Update the title above to match the actual product name","lastModifiedDate":"2024-01-07T18:33:52","isFullCredit":false},{"lineNumber":4,"author":{"gitId":"-"},"content":"","lastModifiedDate":"2019-07-29T17:14:46","isFullCredit":false},{"lineNumber":5,"author":{"gitId":"-"},"content":"// Product screenshot goes here","lastModifiedDate":"2024-01-07T18:33:52","isFullCredit":false},{"lineNumber":6,"author":{"gitId":"-"},"content":"","lastModifiedDate":"2021-07-17T16:49:07","isFullCredit":false},{"lineNumber":7,"author":{"gitId":"-"},"content":"// Product intro goes here","lastModifiedDate":"2024-01-07T18:33:52","isFullCredit":false},{"lineNumber":8,"author":{"gitId":"-"},"content":"","lastModifiedDate":"2021-07-17T16:49:07","isFullCredit":false},{"lineNumber":9,"author":{"gitId":"-"},"content":"## Adding deadlines","lastModifiedDate":"2024-01-07T18:33:52","isFullCredit":false},{"lineNumber":10,"author":{"gitId":"-"},"content":"","lastModifiedDate":"2021-07-17T16:49:07","isFullCredit":false},{"lineNumber":11,"author":{"gitId":"-"},"content":"// Describe the action and its outcome.","lastModifiedDate":"2024-01-07T18:33:52","isFullCredit":false},{"lineNumber":12,"author":{"gitId":"-"},"content":"","lastModifiedDate":"2019-07-29T17:14:46","isFullCredit":false},{"lineNumber":13,"author":{"gitId":"-"},"content":"// Give examples of usage","lastModifiedDate":"2024-01-07T18:33:52","isFullCredit":false},{"lineNumber":14,"author":{"gitId":"-"},"content":"","lastModifiedDate":"2019-07-29T17:14:46","isFullCredit":false},{"lineNumber":15,"author":{"gitId":"-"},"content":"Example: `keyword (optional arguments)`","lastModifiedDate":"2024-01-07T18:33:52","isFullCredit":false},{"lineNumber":16,"author":{"gitId":"-"},"content":"","lastModifiedDate":"2019-07-29T17:14:46","isFullCredit":false},{"lineNumber":17,"author":{"gitId":"-"},"content":"// A description of the expected outcome goes here","lastModifiedDate":"2024-01-07T18:33:52","isFullCredit":false},{"lineNumber":18,"author":{"gitId":"-"},"content":"","lastModifiedDate":"2019-07-29T17:14:46","isFullCredit":false},{"lineNumber":19,"author":{"gitId":"-"},"content":"```","lastModifiedDate":"2024-01-07T18:33:52","isFullCredit":false},{"lineNumber":20,"author":{"gitId":"-"},"content":"expected output","lastModifiedDate":"2024-01-07T18:33:52","isFullCredit":false},{"lineNumber":21,"author":{"gitId":"-"},"content":"```","lastModifiedDate":"2024-01-07T18:33:52","isFullCredit":false},{"lineNumber":22,"author":{"gitId":"-"},"content":"","lastModifiedDate":"2019-07-29T17:14:46","isFullCredit":false},{"lineNumber":23,"author":{"gitId":"-"},"content":"## Feature ABC","lastModifiedDate":"2024-01-07T18:33:52","isFullCredit":false},{"lineNumber":24,"author":{"gitId":"-"},"content":"","lastModifiedDate":"2019-07-29T17:14:46","isFullCredit":false},{"lineNumber":25,"author":{"gitId":"-"},"content":"// Feature details","lastModifiedDate":"2024-01-07T18:33:52","isFullCredit":false},{"lineNumber":26,"author":{"gitId":"-"},"content":"","lastModifiedDate":"2019-07-29T17:14:46","isFullCredit":false},{"lineNumber":27,"author":{"gitId":"-"},"content":"","lastModifiedDate":"2021-07-17T16:49:07","isFullCredit":false},{"lineNumber":28,"author":{"gitId":"-"},"content":"## Feature XYZ","lastModifiedDate":"2024-01-07T18:33:52","isFullCredit":false},{"lineNumber":29,"author":{"gitId":"-"},"content":"","lastModifiedDate":"2024-01-07T18:33:52","isFullCredit":false},{"lineNumber":30,"author":{"gitId":"-"},"content":"// Feature details","lastModifiedDate":"2024-01-07T18:33:52","isFullCredit":false}],"authorContributionMap":{"-":29,"BenyAlbatross":1}},{"path":"src/main/java/Octoplush.java","fileType":"java","lines":[{"lineNumber":1,"author":{"gitId":"BenyAlbatross"},"content":"import java.util.Scanner;","lastModifiedDate":"2025-08-29T00:27:20","isFullCredit":false},{"lineNumber":2,"author":{"gitId":"BenyAlbatross"},"content":"","lastModifiedDate":"2025-08-29T00:27:20","isFullCredit":false},{"lineNumber":3,"author":{"gitId":"BenyAlbatross"},"content":"public class Octoplush {","lastModifiedDate":"2025-08-29T00:12:04","isFullCredit":false},{"lineNumber":4,"author":{"gitId":"BenyAlbatross"},"content":"    private static final String SEP \u003d \"    ____________________________________________________________\";","lastModifiedDate":"2025-08-29T00:27:20","isFullCredit":false},{"lineNumber":5,"author":{"gitId":"BenyAlbatross"},"content":"    private static final String IND \u003d \"     \";","lastModifiedDate":"2025-08-29T00:27:20","isFullCredit":false},{"lineNumber":6,"author":{"gitId":"BenyAlbatross"},"content":"","lastModifiedDate":"2025-08-29T00:27:20","isFullCredit":false},{"lineNumber":7,"author":{"gitId":"BenyAlbatross"},"content":"    // Task class","lastModifiedDate":"2025-08-29T00:52:27","isFullCredit":false},{"lineNumber":8,"author":{"gitId":"BenyAlbatross"},"content":"    private static class Task {","lastModifiedDate":"2025-08-29T00:52:27","isFullCredit":false},{"lineNumber":9,"author":{"gitId":"BenyAlbatross"},"content":"        private final String description;","lastModifiedDate":"2025-08-29T00:52:27","isFullCredit":false},{"lineNumber":10,"author":{"gitId":"BenyAlbatross"},"content":"        private boolean done;","lastModifiedDate":"2025-08-29T00:52:27","isFullCredit":false},{"lineNumber":11,"author":{"gitId":"BenyAlbatross"},"content":"","lastModifiedDate":"2025-08-29T00:52:27","isFullCredit":false},{"lineNumber":12,"author":{"gitId":"BenyAlbatross"},"content":"        Task(String description) {","lastModifiedDate":"2025-08-29T00:52:27","isFullCredit":false},{"lineNumber":13,"author":{"gitId":"BenyAlbatross"},"content":"            this.description \u003d description;","lastModifiedDate":"2025-08-29T00:52:27","isFullCredit":false},{"lineNumber":14,"author":{"gitId":"BenyAlbatross"},"content":"            this.done \u003d false;","lastModifiedDate":"2025-08-29T00:52:27","isFullCredit":false},{"lineNumber":15,"author":{"gitId":"BenyAlbatross"},"content":"        }","lastModifiedDate":"2025-08-29T00:52:27","isFullCredit":false},{"lineNumber":16,"author":{"gitId":"BenyAlbatross"},"content":"","lastModifiedDate":"2025-08-29T00:52:27","isFullCredit":false},{"lineNumber":17,"author":{"gitId":"BenyAlbatross"},"content":"        void mark() {","lastModifiedDate":"2025-08-29T00:52:27","isFullCredit":false},{"lineNumber":18,"author":{"gitId":"BenyAlbatross"},"content":"            this.done \u003d true;","lastModifiedDate":"2025-08-29T00:52:27","isFullCredit":false},{"lineNumber":19,"author":{"gitId":"BenyAlbatross"},"content":"        }","lastModifiedDate":"2025-08-29T00:52:27","isFullCredit":false},{"lineNumber":20,"author":{"gitId":"BenyAlbatross"},"content":"        void unmark() {","lastModifiedDate":"2025-08-29T00:52:27","isFullCredit":false},{"lineNumber":21,"author":{"gitId":"BenyAlbatross"},"content":"            this.done \u003d false;","lastModifiedDate":"2025-08-29T00:52:27","isFullCredit":false},{"lineNumber":22,"author":{"gitId":"BenyAlbatross"},"content":"        }","lastModifiedDate":"2025-08-29T00:52:27","isFullCredit":false},{"lineNumber":23,"author":{"gitId":"BenyAlbatross"},"content":"","lastModifiedDate":"2025-08-29T00:52:27","isFullCredit":false},{"lineNumber":24,"author":{"gitId":"BenyAlbatross"},"content":"        @Override","lastModifiedDate":"2025-08-29T00:52:27","isFullCredit":false},{"lineNumber":25,"author":{"gitId":"BenyAlbatross"},"content":"        public String toString() {","lastModifiedDate":"2025-08-29T00:52:27","isFullCredit":false},{"lineNumber":26,"author":{"gitId":"BenyAlbatross"},"content":"            return \"[\" + (done ? \"X\" : \" \") + \"] \" + description;","lastModifiedDate":"2025-08-29T00:52:27","isFullCredit":false},{"lineNumber":27,"author":{"gitId":"BenyAlbatross"},"content":"        }","lastModifiedDate":"2025-08-29T00:52:27","isFullCredit":false},{"lineNumber":28,"author":{"gitId":"BenyAlbatross"},"content":"    }","lastModifiedDate":"2025-08-29T00:52:27","isFullCredit":false},{"lineNumber":29,"author":{"gitId":"BenyAlbatross"},"content":"","lastModifiedDate":"2025-08-29T00:52:27","isFullCredit":false},{"lineNumber":30,"author":{"gitId":"BenyAlbatross"},"content":"    public static void main(String[] args) {","lastModifiedDate":"2025-08-29T00:12:04","isFullCredit":false},{"lineNumber":31,"author":{"gitId":"BenyAlbatross"},"content":"        Scanner sc \u003d new Scanner(System.in);","lastModifiedDate":"2025-08-29T00:27:20","isFullCredit":false},{"lineNumber":32,"author":{"gitId":"BenyAlbatross"},"content":"","lastModifiedDate":"2025-08-29T00:27:20","isFullCredit":false},{"lineNumber":33,"author":{"gitId":"BenyAlbatross"},"content":"        Task[] tasks \u003d new Task[100];","lastModifiedDate":"2025-08-29T00:52:27","isFullCredit":false},{"lineNumber":34,"author":{"gitId":"BenyAlbatross"},"content":"        int count \u003d 0;","lastModifiedDate":"2025-08-29T00:46:19","isFullCredit":false},{"lineNumber":35,"author":{"gitId":"BenyAlbatross"},"content":"","lastModifiedDate":"2025-08-29T00:46:19","isFullCredit":false},{"lineNumber":36,"author":{"gitId":"BenyAlbatross"},"content":"        // Greeting","lastModifiedDate":"2025-08-29T00:27:20","isFullCredit":false},{"lineNumber":37,"author":{"gitId":"BenyAlbatross"},"content":"        System.out.println(SEP);","lastModifiedDate":"2025-08-29T00:27:20","isFullCredit":false},{"lineNumber":38,"author":{"gitId":"BenyAlbatross"},"content":"        System.out.println(IND + \"Hello! I\u0027m Octoplush\");","lastModifiedDate":"2025-08-29T00:27:20","isFullCredit":false},{"lineNumber":39,"author":{"gitId":"BenyAlbatross"},"content":"        System.out.println(IND + \"What can I do for you?\");","lastModifiedDate":"2025-08-29T00:27:20","isFullCredit":false},{"lineNumber":40,"author":{"gitId":"BenyAlbatross"},"content":"        System.out.println(SEP);","lastModifiedDate":"2025-08-29T00:27:20","isFullCredit":false},{"lineNumber":41,"author":{"gitId":"BenyAlbatross"},"content":"","lastModifiedDate":"2025-08-29T00:12:04","isFullCredit":false},{"lineNumber":42,"author":{"gitId":"BenyAlbatross"},"content":"        while (true) {","lastModifiedDate":"2025-08-29T00:27:20","isFullCredit":false},{"lineNumber":43,"author":{"gitId":"BenyAlbatross"},"content":"            String line \u003d sc.nextLine().trim();","lastModifiedDate":"2025-08-29T00:46:19","isFullCredit":false},{"lineNumber":44,"author":{"gitId":"BenyAlbatross"},"content":"","lastModifiedDate":"2025-08-29T00:46:19","isFullCredit":false},{"lineNumber":45,"author":{"gitId":"BenyAlbatross"},"content":"            if (line.equals(\"bye\")) {","lastModifiedDate":"2025-08-29T00:27:20","isFullCredit":false},{"lineNumber":46,"author":{"gitId":"BenyAlbatross"},"content":"                System.out.println(SEP);","lastModifiedDate":"2025-08-29T00:27:20","isFullCredit":false},{"lineNumber":47,"author":{"gitId":"BenyAlbatross"},"content":"                System.out.println(IND + \"Bye. Hope to see you again soon!\");","lastModifiedDate":"2025-08-29T00:27:20","isFullCredit":false},{"lineNumber":48,"author":{"gitId":"BenyAlbatross"},"content":"                System.out.println(SEP);","lastModifiedDate":"2025-08-29T00:27:20","isFullCredit":false},{"lineNumber":49,"author":{"gitId":"BenyAlbatross"},"content":"                break;","lastModifiedDate":"2025-08-29T00:27:20","isFullCredit":false},{"lineNumber":50,"author":{"gitId":"BenyAlbatross"},"content":"            } else if (line.equals(\"list\")) {","lastModifiedDate":"2025-08-29T00:46:19","isFullCredit":false},{"lineNumber":51,"author":{"gitId":"BenyAlbatross"},"content":"                System.out.println(SEP);","lastModifiedDate":"2025-08-29T00:46:19","isFullCredit":false},{"lineNumber":52,"author":{"gitId":"BenyAlbatross"},"content":"                System.out.println(IND + \"Here are the tasks in your list:\");","lastModifiedDate":"2025-08-29T00:52:27","isFullCredit":false},{"lineNumber":53,"author":{"gitId":"BenyAlbatross"},"content":"                for (int i \u003d 0; i \u003c count; i++) {","lastModifiedDate":"2025-08-29T00:46:19","isFullCredit":false},{"lineNumber":54,"author":{"gitId":"BenyAlbatross"},"content":"                    System.out.println(IND + (i + 1) + \". \" + tasks[i]);","lastModifiedDate":"2025-08-29T00:46:19","isFullCredit":false},{"lineNumber":55,"author":{"gitId":"BenyAlbatross"},"content":"                }","lastModifiedDate":"2025-08-29T00:46:19","isFullCredit":false},{"lineNumber":56,"author":{"gitId":"BenyAlbatross"},"content":"                System.out.println(SEP);","lastModifiedDate":"2025-08-29T00:46:19","isFullCredit":false},{"lineNumber":57,"author":{"gitId":"BenyAlbatross"},"content":"            } else if (line.startsWith(\"mark \")) {","lastModifiedDate":"2025-08-29T00:52:27","isFullCredit":false},{"lineNumber":58,"author":{"gitId":"BenyAlbatross"},"content":"                Integer idx \u003d parseIndex(line.substring(5));","lastModifiedDate":"2025-08-29T00:52:27","isFullCredit":false},{"lineNumber":59,"author":{"gitId":"BenyAlbatross"},"content":"                if (idx \u003d\u003d null || idx \u003c 1 || idx \u003e count) {","lastModifiedDate":"2025-08-29T00:52:27","isFullCredit":false},{"lineNumber":60,"author":{"gitId":"BenyAlbatross"},"content":"                    // simple guard; spec doesn\u0027t require error text","lastModifiedDate":"2025-08-29T00:52:27","isFullCredit":false},{"lineNumber":61,"author":{"gitId":"BenyAlbatross"},"content":"                    System.out.println(SEP);","lastModifiedDate":"2025-08-29T00:52:27","isFullCredit":false},{"lineNumber":62,"author":{"gitId":"BenyAlbatross"},"content":"                    System.out.println(IND + \"Invalid task number\");","lastModifiedDate":"2025-08-29T00:52:27","isFullCredit":false},{"lineNumber":63,"author":{"gitId":"BenyAlbatross"},"content":"                    System.out.println(SEP);","lastModifiedDate":"2025-08-29T00:52:27","isFullCredit":false},{"lineNumber":64,"author":{"gitId":"BenyAlbatross"},"content":"                } else {","lastModifiedDate":"2025-08-29T00:52:27","isFullCredit":false},{"lineNumber":65,"author":{"gitId":"BenyAlbatross"},"content":"                    tasks[idx - 1].mark();","lastModifiedDate":"2025-08-29T00:52:27","isFullCredit":false},{"lineNumber":66,"author":{"gitId":"BenyAlbatross"},"content":"                    System.out.println(SEP);","lastModifiedDate":"2025-08-29T00:52:27","isFullCredit":false},{"lineNumber":67,"author":{"gitId":"BenyAlbatross"},"content":"                    System.out.println(IND + \"Nice! I\u0027ve marked this task as done:\");","lastModifiedDate":"2025-08-29T00:52:27","isFullCredit":false},{"lineNumber":68,"author":{"gitId":"BenyAlbatross"},"content":"                    System.out.println(IND + \"  \" + tasks[idx - 1]);","lastModifiedDate":"2025-08-29T00:52:27","isFullCredit":false},{"lineNumber":69,"author":{"gitId":"BenyAlbatross"},"content":"                    System.out.println(SEP);","lastModifiedDate":"2025-08-29T00:52:27","isFullCredit":false},{"lineNumber":70,"author":{"gitId":"BenyAlbatross"},"content":"                }","lastModifiedDate":"2025-08-29T00:52:27","isFullCredit":false},{"lineNumber":71,"author":{"gitId":"BenyAlbatross"},"content":"            } else if (line.startsWith(\"unmark \")) {","lastModifiedDate":"2025-08-29T00:52:27","isFullCredit":false},{"lineNumber":72,"author":{"gitId":"BenyAlbatross"},"content":"                Integer idx \u003d parseIndex(line.substring(7));","lastModifiedDate":"2025-08-29T00:52:27","isFullCredit":false},{"lineNumber":73,"author":{"gitId":"BenyAlbatross"},"content":"                if (idx \u003d\u003d null || idx \u003c 1 || idx \u003e count) {","lastModifiedDate":"2025-08-29T00:52:27","isFullCredit":false},{"lineNumber":74,"author":{"gitId":"BenyAlbatross"},"content":"                    System.out.println(SEP);","lastModifiedDate":"2025-08-29T00:52:27","isFullCredit":false},{"lineNumber":75,"author":{"gitId":"BenyAlbatross"},"content":"                    System.out.println(IND + \"Invalid task number\");","lastModifiedDate":"2025-08-29T00:52:27","isFullCredit":false},{"lineNumber":76,"author":{"gitId":"BenyAlbatross"},"content":"                    System.out.println(SEP);","lastModifiedDate":"2025-08-29T00:52:27","isFullCredit":false},{"lineNumber":77,"author":{"gitId":"BenyAlbatross"},"content":"                } else {","lastModifiedDate":"2025-08-29T00:52:27","isFullCredit":false},{"lineNumber":78,"author":{"gitId":"BenyAlbatross"},"content":"                    tasks[idx - 1].unmark();","lastModifiedDate":"2025-08-29T00:52:27","isFullCredit":false},{"lineNumber":79,"author":{"gitId":"BenyAlbatross"},"content":"                    System.out.println(SEP);","lastModifiedDate":"2025-08-29T00:52:27","isFullCredit":false},{"lineNumber":80,"author":{"gitId":"BenyAlbatross"},"content":"                    System.out.println(IND + \"OK, I\u0027ve marked this task as not done yet:\");","lastModifiedDate":"2025-08-29T00:52:27","isFullCredit":false},{"lineNumber":81,"author":{"gitId":"BenyAlbatross"},"content":"                    System.out.println(IND + \"  \" + tasks[idx - 1]);","lastModifiedDate":"2025-08-29T00:52:27","isFullCredit":false},{"lineNumber":82,"author":{"gitId":"BenyAlbatross"},"content":"                    System.out.println(SEP);","lastModifiedDate":"2025-08-29T00:52:27","isFullCredit":false},{"lineNumber":83,"author":{"gitId":"BenyAlbatross"},"content":"                }","lastModifiedDate":"2025-08-29T00:52:27","isFullCredit":false},{"lineNumber":84,"author":{"gitId":"BenyAlbatross"},"content":"            } else if (!line.isEmpty()) {","lastModifiedDate":"2025-08-29T00:46:19","isFullCredit":false},{"lineNumber":85,"author":{"gitId":"BenyAlbatross"},"content":"                // Treat any other non-empty line as a new task","lastModifiedDate":"2025-08-29T00:52:27","isFullCredit":false},{"lineNumber":86,"author":{"gitId":"BenyAlbatross"},"content":"                if (count \u003c tasks.length) {","lastModifiedDate":"2025-08-29T00:52:27","isFullCredit":false},{"lineNumber":87,"author":{"gitId":"BenyAlbatross"},"content":"                    tasks[count++] \u003d new Task(line);","lastModifiedDate":"2025-08-29T00:52:27","isFullCredit":false},{"lineNumber":88,"author":{"gitId":"BenyAlbatross"},"content":"                    System.out.println(SEP);","lastModifiedDate":"2025-08-29T00:46:19","isFullCredit":false},{"lineNumber":89,"author":{"gitId":"BenyAlbatross"},"content":"                    System.out.println(IND + \"added: \" + line);","lastModifiedDate":"2025-08-29T00:46:19","isFullCredit":false},{"lineNumber":90,"author":{"gitId":"BenyAlbatross"},"content":"                    System.out.println(SEP);","lastModifiedDate":"2025-08-29T00:46:19","isFullCredit":false},{"lineNumber":91,"author":{"gitId":"BenyAlbatross"},"content":"                } else {","lastModifiedDate":"2025-08-29T00:27:20","isFullCredit":false},{"lineNumber":92,"author":{"gitId":"BenyAlbatross"},"content":"                    System.out.println(SEP);","lastModifiedDate":"2025-08-29T00:52:27","isFullCredit":false},{"lineNumber":93,"author":{"gitId":"BenyAlbatross"},"content":"                    System.out.println(IND + \"Task list is full\");","lastModifiedDate":"2025-08-29T00:52:27","isFullCredit":false},{"lineNumber":94,"author":{"gitId":"BenyAlbatross"},"content":"                    System.out.println(SEP);","lastModifiedDate":"2025-08-29T00:52:27","isFullCredit":false},{"lineNumber":95,"author":{"gitId":"BenyAlbatross"},"content":"                }","lastModifiedDate":"2025-08-29T00:52:27","isFullCredit":false},{"lineNumber":96,"author":{"gitId":"BenyAlbatross"},"content":"            } else {","lastModifiedDate":"2025-08-29T00:52:27","isFullCredit":false},{"lineNumber":97,"author":{"gitId":"BenyAlbatross"},"content":"                // empty input -\u003e print empty block to match style","lastModifiedDate":"2025-08-29T00:52:27","isFullCredit":false},{"lineNumber":98,"author":{"gitId":"BenyAlbatross"},"content":"                System.out.println(SEP);","lastModifiedDate":"2025-08-29T00:27:20","isFullCredit":false},{"lineNumber":99,"author":{"gitId":"BenyAlbatross"},"content":"                System.out.println(IND);","lastModifiedDate":"2025-08-29T00:46:19","isFullCredit":false},{"lineNumber":100,"author":{"gitId":"BenyAlbatross"},"content":"                System.out.println(SEP);","lastModifiedDate":"2025-08-29T00:27:20","isFullCredit":false},{"lineNumber":101,"author":{"gitId":"BenyAlbatross"},"content":"            }","lastModifiedDate":"2025-08-29T00:27:20","isFullCredit":false},{"lineNumber":102,"author":{"gitId":"BenyAlbatross"},"content":"        }","lastModifiedDate":"2025-08-29T00:27:20","isFullCredit":false},{"lineNumber":103,"author":{"gitId":"BenyAlbatross"},"content":"","lastModifiedDate":"2025-08-29T00:12:04","isFullCredit":false},{"lineNumber":104,"author":{"gitId":"BenyAlbatross"},"content":"        sc.close();","lastModifiedDate":"2025-08-29T00:27:20","isFullCredit":false},{"lineNumber":105,"author":{"gitId":"BenyAlbatross"},"content":"    }","lastModifiedDate":"2025-08-29T00:12:04","isFullCredit":false},{"lineNumber":106,"author":{"gitId":"BenyAlbatross"},"content":"","lastModifiedDate":"2025-08-29T00:52:27","isFullCredit":false},{"lineNumber":107,"author":{"gitId":"BenyAlbatross"},"content":"    private static Integer parseIndex(String s) {","lastModifiedDate":"2025-08-29T00:52:27","isFullCredit":false},{"lineNumber":108,"author":{"gitId":"BenyAlbatross"},"content":"        try {","lastModifiedDate":"2025-08-29T00:52:27","isFullCredit":false},{"lineNumber":109,"author":{"gitId":"BenyAlbatross"},"content":"            return Integer.parseInt(s.trim());","lastModifiedDate":"2025-08-29T00:52:27","isFullCredit":false},{"lineNumber":110,"author":{"gitId":"BenyAlbatross"},"content":"        } catch (NumberFormatException e) {","lastModifiedDate":"2025-08-29T00:52:27","isFullCredit":false},{"lineNumber":111,"author":{"gitId":"BenyAlbatross"},"content":"            return null;","lastModifiedDate":"2025-08-29T00:52:27","isFullCredit":false},{"lineNumber":112,"author":{"gitId":"BenyAlbatross"},"content":"        }","lastModifiedDate":"2025-08-29T00:52:27","isFullCredit":false},{"lineNumber":113,"author":{"gitId":"BenyAlbatross"},"content":"    }","lastModifiedDate":"2025-08-29T00:52:27","isFullCredit":false},{"lineNumber":114,"author":{"gitId":"BenyAlbatross"},"content":"}","lastModifiedDate":"2025-08-29T00:12:04","isFullCredit":false}],"authorContributionMap":{"BenyAlbatross":114}},{"path":"text-ui-test/runtest.bat","fileType":"bat","lines":[{"lineNumber":1,"author":{"gitId":"-"},"content":"@ECHO OFF","lastModifiedDate":"2020-05-25T00:03:55","isFullCredit":false},{"lineNumber":2,"author":{"gitId":"-"},"content":"","lastModifiedDate":"2020-05-25T00:03:55","isFullCredit":false},{"lineNumber":3,"author":{"gitId":"-"},"content":"REM create bin directory if it doesn\u0027t exist","lastModifiedDate":"2020-05-25T00:03:55","isFullCredit":false},{"lineNumber":4,"author":{"gitId":"-"},"content":"if not exist ..\\bin mkdir ..\\bin","lastModifiedDate":"2020-05-25T00:03:55","isFullCredit":false},{"lineNumber":5,"author":{"gitId":"-"},"content":"","lastModifiedDate":"2020-05-25T00:03:55","isFullCredit":false},{"lineNumber":6,"author":{"gitId":"-"},"content":"REM delete output from previous run","lastModifiedDate":"2020-05-25T00:03:55","isFullCredit":false},{"lineNumber":7,"author":{"gitId":"-"},"content":"if exist ACTUAL.TXT del ACTUAL.TXT","lastModifiedDate":"2020-08-25T17:23:26","isFullCredit":false},{"lineNumber":8,"author":{"gitId":"-"},"content":"","lastModifiedDate":"2020-05-25T00:03:55","isFullCredit":false},{"lineNumber":9,"author":{"gitId":"-"},"content":"REM compile the code into the bin folder","lastModifiedDate":"2020-05-25T00:03:55","isFullCredit":false},{"lineNumber":10,"author":{"gitId":"-"},"content":"javac  -cp ..\\src\\main\\java -Xlint:none -d ..\\bin ..\\src\\main\\java\\*.java","lastModifiedDate":"2020-08-25T17:23:26","isFullCredit":false},{"lineNumber":11,"author":{"gitId":"-"},"content":"IF ERRORLEVEL 1 (","lastModifiedDate":"2020-05-25T00:03:55","isFullCredit":false},{"lineNumber":12,"author":{"gitId":"-"},"content":"    echo ********** BUILD FAILURE **********","lastModifiedDate":"2020-05-25T00:03:55","isFullCredit":false},{"lineNumber":13,"author":{"gitId":"-"},"content":"    exit /b 1","lastModifiedDate":"2020-05-25T00:03:55","isFullCredit":false},{"lineNumber":14,"author":{"gitId":"-"},"content":")","lastModifiedDate":"2020-05-25T00:03:55","isFullCredit":false},{"lineNumber":15,"author":{"gitId":"-"},"content":"REM no error here, errorlevel \u003d\u003d 0","lastModifiedDate":"2020-05-25T00:03:55","isFullCredit":false},{"lineNumber":16,"author":{"gitId":"-"},"content":"","lastModifiedDate":"2020-05-25T00:03:55","isFullCredit":false},{"lineNumber":17,"author":{"gitId":"-"},"content":"REM run the program, feed commands from input.txt file and redirect the output to the ACTUAL.TXT","lastModifiedDate":"2020-05-25T00:03:55","isFullCredit":false},{"lineNumber":18,"author":{"gitId":"BenyAlbatross"},"content":"java -classpath ..\\bin Octoplush \u003c input.txt \u003e ACTUAL.TXT","lastModifiedDate":"2025-08-29T00:12:04","isFullCredit":false},{"lineNumber":19,"author":{"gitId":"-"},"content":"","lastModifiedDate":"2020-05-25T00:03:55","isFullCredit":false},{"lineNumber":20,"author":{"gitId":"-"},"content":"REM compare the output to the expected output","lastModifiedDate":"2020-05-25T00:03:55","isFullCredit":false},{"lineNumber":21,"author":{"gitId":"-"},"content":"FC ACTUAL.TXT EXPECTED.TXT","lastModifiedDate":"2020-05-25T00:03:55","isFullCredit":false}],"authorContributionMap":{"-":20,"BenyAlbatross":1}}]
