[{"path":"README.md","fileType":"md","lines":[{"lineNumber":1,"author":{"gitId":"muadzyamani"},"content":"# Anis project template","lastModifiedDate":"2025-08-19T22:03:46","isFullCredit":false},{"lineNumber":2,"author":{"gitId":"-"},"content":"","lastModifiedDate":"2020-05-25T00:03:55","isFullCredit":false},{"lineNumber":3,"author":{"gitId":"-"},"content":"This is a project template for a greenfield Java project. It\u0027s named after the Java mascot _Duke_. Given below are instructions on how to use it.","lastModifiedDate":"2020-05-25T00:03:55","isFullCredit":false},{"lineNumber":4,"author":{"gitId":"-"},"content":"","lastModifiedDate":"2020-05-25T00:03:55","isFullCredit":false},{"lineNumber":5,"author":{"gitId":"-"},"content":"## Setting up in Intellij","lastModifiedDate":"2020-05-25T00:03:55","isFullCredit":false},{"lineNumber":6,"author":{"gitId":"-"},"content":"","lastModifiedDate":"2020-05-25T00:03:55","isFullCredit":false},{"lineNumber":7,"author":{"gitId":"-"},"content":"Prerequisites: JDK 17, update Intellij to the most recent version.","lastModifiedDate":"2024-07-11T16:50:14","isFullCredit":false},{"lineNumber":8,"author":{"gitId":"-"},"content":"","lastModifiedDate":"2020-05-25T00:03:55","isFullCredit":false},{"lineNumber":9,"author":{"gitId":"-"},"content":"1. Open Intellij (if you are not in the welcome screen, click `File` \u003e `Close Project` to close the existing project first)","lastModifiedDate":"2021-01-17T12:25:53","isFullCredit":false},{"lineNumber":10,"author":{"gitId":"-"},"content":"1. Open the project into Intellij as follows:","lastModifiedDate":"2021-01-17T12:25:53","isFullCredit":false},{"lineNumber":11,"author":{"gitId":"-"},"content":"   1. Click `Open`.","lastModifiedDate":"2021-01-17T12:25:53","isFullCredit":false},{"lineNumber":12,"author":{"gitId":"-"},"content":"   1. Select the project directory, and click `OK`.","lastModifiedDate":"2021-01-17T12:25:53","isFullCredit":false},{"lineNumber":13,"author":{"gitId":"-"},"content":"   1. If there are any further prompts, accept the defaults.","lastModifiedDate":"2020-05-25T00:03:55","isFullCredit":false},{"lineNumber":14,"author":{"gitId":"-"},"content":"1. Configure the project to use **JDK 17** (not other versions) as explained in [here](https://www.jetbrains.com/help/idea/sdk.html#set-up-jdk).\u003cbr\u003e","lastModifiedDate":"2024-07-11T16:50:14","isFullCredit":false},{"lineNumber":15,"author":{"gitId":"-"},"content":"   In the same dialog, set the **Project language level** field to the `SDK default` option.","lastModifiedDate":"2021-07-29T20:29:39","isFullCredit":false},{"lineNumber":16,"author":{"gitId":"muadzyamani"},"content":"1. After that, locate the `src/main/java/Anis.java` file, right-click it, and choose `Run Anis.main()` (if the code editor is showing compile errors, try restarting the IDE). If the setup is correct, you should see something like the below as the output:","lastModifiedDate":"2025-08-19T22:03:46","isFullCredit":false},{"lineNumber":17,"author":{"gitId":"-"},"content":"   ```","lastModifiedDate":"2020-05-25T00:03:55","isFullCredit":false},{"lineNumber":18,"author":{"gitId":"-"},"content":"   Hello from","lastModifiedDate":"2020-05-25T00:03:55","isFullCredit":false},{"lineNumber":19,"author":{"gitId":"-"},"content":"    ____        _        ","lastModifiedDate":"2020-05-25T00:03:55","isFullCredit":false},{"lineNumber":20,"author":{"gitId":"-"},"content":"   |  _ \\ _   _| | _____ ","lastModifiedDate":"2020-05-25T00:03:55","isFullCredit":false},{"lineNumber":21,"author":{"gitId":"-"},"content":"   | | | | | | | |/ / _ \\","lastModifiedDate":"2020-05-25T00:03:55","isFullCredit":false},{"lineNumber":22,"author":{"gitId":"-"},"content":"   | |_| | |_| |   \u003c  __/","lastModifiedDate":"2020-05-25T00:03:55","isFullCredit":false},{"lineNumber":23,"author":{"gitId":"-"},"content":"   |____/ \\__,_|_|\\_\\___|","lastModifiedDate":"2020-05-25T00:03:55","isFullCredit":false},{"lineNumber":24,"author":{"gitId":"-"},"content":"   ```","lastModifiedDate":"2020-05-25T00:03:55","isFullCredit":false},{"lineNumber":25,"author":{"gitId":"-"},"content":"","lastModifiedDate":"2025-01-04T21:44:28","isFullCredit":false},{"lineNumber":26,"author":{"gitId":"-"},"content":"**Warning:** Keep the `src\\main\\java` folder as the root folder for Java files (i.e., don\u0027t rename those folders or move Java files to another folder outside of this folder path), as this is the default location some tools (e.g., Gradle) expect to find Java files.","lastModifiedDate":"2025-01-04T21:44:28","isFullCredit":false}],"authorContributionMap":{"muadzyamani":2,"-":24}},{"path":"docs/README.md","fileType":"md","lines":[{"lineNumber":1,"author":{"gitId":"muadzyamani"},"content":"# Anis User Guide","lastModifiedDate":"2025-08-19T22:03:46","isFullCredit":false},{"lineNumber":2,"author":{"gitId":"-"},"content":"","lastModifiedDate":"2019-07-29T17:14:46","isFullCredit":false},{"lineNumber":3,"author":{"gitId":"-"},"content":"// Update the title above to match the actual product name","lastModifiedDate":"2024-01-07T18:33:52","isFullCredit":false},{"lineNumber":4,"author":{"gitId":"-"},"content":"","lastModifiedDate":"2019-07-29T17:14:46","isFullCredit":false},{"lineNumber":5,"author":{"gitId":"-"},"content":"// Product screenshot goes here","lastModifiedDate":"2024-01-07T18:33:52","isFullCredit":false},{"lineNumber":6,"author":{"gitId":"-"},"content":"","lastModifiedDate":"2021-07-17T16:49:07","isFullCredit":false},{"lineNumber":7,"author":{"gitId":"-"},"content":"// Product intro goes here","lastModifiedDate":"2024-01-07T18:33:52","isFullCredit":false},{"lineNumber":8,"author":{"gitId":"-"},"content":"","lastModifiedDate":"2021-07-17T16:49:07","isFullCredit":false},{"lineNumber":9,"author":{"gitId":"-"},"content":"## Adding deadlines","lastModifiedDate":"2024-01-07T18:33:52","isFullCredit":false},{"lineNumber":10,"author":{"gitId":"-"},"content":"","lastModifiedDate":"2021-07-17T16:49:07","isFullCredit":false},{"lineNumber":11,"author":{"gitId":"-"},"content":"// Describe the action and its outcome.","lastModifiedDate":"2024-01-07T18:33:52","isFullCredit":false},{"lineNumber":12,"author":{"gitId":"-"},"content":"","lastModifiedDate":"2019-07-29T17:14:46","isFullCredit":false},{"lineNumber":13,"author":{"gitId":"-"},"content":"// Give examples of usage","lastModifiedDate":"2024-01-07T18:33:52","isFullCredit":false},{"lineNumber":14,"author":{"gitId":"-"},"content":"","lastModifiedDate":"2019-07-29T17:14:46","isFullCredit":false},{"lineNumber":15,"author":{"gitId":"-"},"content":"Example: `keyword (optional arguments)`","lastModifiedDate":"2024-01-07T18:33:52","isFullCredit":false},{"lineNumber":16,"author":{"gitId":"-"},"content":"","lastModifiedDate":"2019-07-29T17:14:46","isFullCredit":false},{"lineNumber":17,"author":{"gitId":"-"},"content":"// A description of the expected outcome goes here","lastModifiedDate":"2024-01-07T18:33:52","isFullCredit":false},{"lineNumber":18,"author":{"gitId":"-"},"content":"","lastModifiedDate":"2019-07-29T17:14:46","isFullCredit":false},{"lineNumber":19,"author":{"gitId":"-"},"content":"```","lastModifiedDate":"2024-01-07T18:33:52","isFullCredit":false},{"lineNumber":20,"author":{"gitId":"-"},"content":"expected output","lastModifiedDate":"2024-01-07T18:33:52","isFullCredit":false},{"lineNumber":21,"author":{"gitId":"-"},"content":"```","lastModifiedDate":"2024-01-07T18:33:52","isFullCredit":false},{"lineNumber":22,"author":{"gitId":"-"},"content":"","lastModifiedDate":"2019-07-29T17:14:46","isFullCredit":false},{"lineNumber":23,"author":{"gitId":"-"},"content":"## Feature ABC","lastModifiedDate":"2024-01-07T18:33:52","isFullCredit":false},{"lineNumber":24,"author":{"gitId":"-"},"content":"","lastModifiedDate":"2019-07-29T17:14:46","isFullCredit":false},{"lineNumber":25,"author":{"gitId":"-"},"content":"// Feature details","lastModifiedDate":"2024-01-07T18:33:52","isFullCredit":false},{"lineNumber":26,"author":{"gitId":"-"},"content":"","lastModifiedDate":"2019-07-29T17:14:46","isFullCredit":false},{"lineNumber":27,"author":{"gitId":"-"},"content":"","lastModifiedDate":"2021-07-17T16:49:07","isFullCredit":false},{"lineNumber":28,"author":{"gitId":"-"},"content":"## Feature XYZ","lastModifiedDate":"2024-01-07T18:33:52","isFullCredit":false},{"lineNumber":29,"author":{"gitId":"-"},"content":"","lastModifiedDate":"2024-01-07T18:33:52","isFullCredit":false},{"lineNumber":30,"author":{"gitId":"-"},"content":"// Feature details","lastModifiedDate":"2024-01-07T18:33:52","isFullCredit":false}],"authorContributionMap":{"muadzyamani":1,"-":29}},{"path":"src/main/java/Anis.java","fileType":"java","lines":[{"lineNumber":1,"author":{"gitId":"muadzyamani"},"content":"import java.util.Scanner;","lastModifiedDate":"2025-08-28T14:03:07","isFullCredit":false},{"lineNumber":2,"author":{"gitId":"muadzyamani"},"content":"","lastModifiedDate":"2025-08-28T14:03:07","isFullCredit":false},{"lineNumber":3,"author":{"gitId":"muadzyamani"},"content":"public class Anis {","lastModifiedDate":"2025-08-19T22:03:46","isFullCredit":false},{"lineNumber":4,"author":{"gitId":"muadzyamani"},"content":"    private static final String BORDER \u003d \"    ____________________________________________________________\";","lastModifiedDate":"2025-08-28T13:31:05","isFullCredit":false},{"lineNumber":5,"author":{"gitId":"muadzyamani"},"content":"    private static final String LOGO \u003d","lastModifiedDate":"2025-08-28T13:31:05","isFullCredit":false},{"lineNumber":6,"author":{"gitId":"muadzyamani"},"content":"            \"\"\"","lastModifiedDate":"2025-08-28T13:31:05","isFullCredit":false},{"lineNumber":7,"author":{"gitId":"muadzyamani"},"content":"                    ░███               ░██","lastModifiedDate":"2025-08-19T22:45:08","isFullCredit":false},{"lineNumber":8,"author":{"gitId":"muadzyamani"},"content":"                   ░██░██","lastModifiedDate":"2025-08-19T22:45:08","isFullCredit":false},{"lineNumber":9,"author":{"gitId":"muadzyamani"},"content":"                  ░██  ░██  ░████████  ░██ ░███████","lastModifiedDate":"2025-08-19T22:45:08","isFullCredit":false},{"lineNumber":10,"author":{"gitId":"muadzyamani"},"content":"                 ░█████████ ░██    ░██ ░██░██","lastModifiedDate":"2025-08-19T22:45:08","isFullCredit":false},{"lineNumber":11,"author":{"gitId":"muadzyamani"},"content":"                 ░██    ░██ ░██    ░██ ░██ ░███████","lastModifiedDate":"2025-08-19T22:45:08","isFullCredit":false},{"lineNumber":12,"author":{"gitId":"muadzyamani"},"content":"                 ░██    ░██ ░██    ░██ ░██       ░██","lastModifiedDate":"2025-08-19T22:45:08","isFullCredit":false},{"lineNumber":13,"author":{"gitId":"muadzyamani"},"content":"                 ░██    ░██ ░██    ░██ ░██ ░███████","lastModifiedDate":"2025-08-19T22:45:08","isFullCredit":false},{"lineNumber":14,"author":{"gitId":"muadzyamani"},"content":"            \"\"\";","lastModifiedDate":"2025-08-19T22:45:08","isFullCredit":false},{"lineNumber":15,"author":{"gitId":"muadzyamani"},"content":"","lastModifiedDate":"2025-08-28T13:31:05","isFullCredit":false},{"lineNumber":16,"author":{"gitId":"muadzyamani"},"content":"    private static final int MAX_TASKS \u003d 100;","lastModifiedDate":"2025-09-01T19:26:58","isFullCredit":false},{"lineNumber":17,"author":{"gitId":"muadzyamani"},"content":"    private static final Task[] tasks \u003d new Task[MAX_TASKS];","lastModifiedDate":"2025-09-01T19:26:58","isFullCredit":false},{"lineNumber":18,"author":{"gitId":"muadzyamani"},"content":"    private static int taskCount \u003d 0;","lastModifiedDate":"2025-08-28T14:27:14","isFullCredit":false},{"lineNumber":19,"author":{"gitId":"muadzyamani"},"content":"","lastModifiedDate":"2025-08-28T14:27:14","isFullCredit":false},{"lineNumber":20,"author":{"gitId":"muadzyamani"},"content":"    static void printBorder() {","lastModifiedDate":"2025-08-28T14:27:14","isFullCredit":false},{"lineNumber":21,"author":{"gitId":"muadzyamani"},"content":"        System.out.println(BORDER);","lastModifiedDate":"2025-08-28T13:31:05","isFullCredit":false},{"lineNumber":22,"author":{"gitId":"muadzyamani"},"content":"    }","lastModifiedDate":"2025-08-28T13:31:05","isFullCredit":false},{"lineNumber":23,"author":{"gitId":"muadzyamani"},"content":"","lastModifiedDate":"2025-08-28T13:31:05","isFullCredit":false},{"lineNumber":24,"author":{"gitId":"muadzyamani"},"content":"    public static void printLogo() {","lastModifiedDate":"2025-08-28T13:31:05","isFullCredit":false},{"lineNumber":25,"author":{"gitId":"muadzyamani"},"content":"        System.out.print(LOGO);","lastModifiedDate":"2025-08-28T13:31:05","isFullCredit":false},{"lineNumber":26,"author":{"gitId":"muadzyamani"},"content":"    }","lastModifiedDate":"2025-08-28T13:31:05","isFullCredit":false},{"lineNumber":27,"author":{"gitId":"muadzyamani"},"content":"","lastModifiedDate":"2025-08-28T13:31:05","isFullCredit":false},{"lineNumber":28,"author":{"gitId":"muadzyamani"},"content":"    public static void displayWelcome() {","lastModifiedDate":"2025-08-28T13:31:05","isFullCredit":false},{"lineNumber":29,"author":{"gitId":"muadzyamani"},"content":"        printLogo();","lastModifiedDate":"2025-08-28T13:31:05","isFullCredit":false},{"lineNumber":30,"author":{"gitId":"muadzyamani"},"content":"        printBorder();","lastModifiedDate":"2025-08-28T13:31:05","isFullCredit":false},{"lineNumber":31,"author":{"gitId":"muadzyamani"},"content":"        System.out.println(\"\\t Hi! My name is Anis, and I\u0027m here to help.\");","lastModifiedDate":"2025-08-28T14:03:07","isFullCredit":false},{"lineNumber":32,"author":{"gitId":"muadzyamani"},"content":"        System.out.println(\"\\t What\u0027s on your mind?\");","lastModifiedDate":"2025-08-28T14:03:07","isFullCredit":false},{"lineNumber":33,"author":{"gitId":"muadzyamani"},"content":"        printBorder();","lastModifiedDate":"2025-08-28T13:31:05","isFullCredit":false},{"lineNumber":34,"author":{"gitId":"muadzyamani"},"content":"    }","lastModifiedDate":"2025-08-28T13:31:05","isFullCredit":false},{"lineNumber":35,"author":{"gitId":"muadzyamani"},"content":"","lastModifiedDate":"2025-08-28T13:31:05","isFullCredit":false},{"lineNumber":36,"author":{"gitId":"muadzyamani"},"content":"    public static void displayGoodbye() {","lastModifiedDate":"2025-08-28T13:31:05","isFullCredit":false},{"lineNumber":37,"author":{"gitId":"muadzyamani"},"content":"        System.out.println(\"\\t Glad I could assist! Have a wonderful day.\");","lastModifiedDate":"2025-08-28T14:03:07","isFullCredit":false},{"lineNumber":38,"author":{"gitId":"muadzyamani"},"content":"        System.out.println(\"\\t Feel free to reach out anytime.\");","lastModifiedDate":"2025-08-28T14:03:07","isFullCredit":false},{"lineNumber":39,"author":{"gitId":"muadzyamani"},"content":"        printBorder();","lastModifiedDate":"2025-08-28T14:03:07","isFullCredit":false},{"lineNumber":40,"author":{"gitId":"muadzyamani"},"content":"    }","lastModifiedDate":"2025-08-28T14:03:07","isFullCredit":false},{"lineNumber":41,"author":{"gitId":"muadzyamani"},"content":"","lastModifiedDate":"2025-08-28T14:03:07","isFullCredit":false},{"lineNumber":42,"author":{"gitId":"muadzyamani"},"content":"    public static void addTask(String description) {","lastModifiedDate":"2025-08-28T15:46:11","isFullCredit":false},{"lineNumber":43,"author":{"gitId":"muadzyamani"},"content":"        if (taskCount \u003e\u003d tasks.length) {","lastModifiedDate":"2025-08-28T14:42:35","isFullCredit":false},{"lineNumber":44,"author":{"gitId":"muadzyamani"},"content":"            printBorder();","lastModifiedDate":"2025-08-28T14:27:14","isFullCredit":false},{"lineNumber":45,"author":{"gitId":"muadzyamani"},"content":"            System.out.println(\"\\t Task list is full. Cannot add more tasks.\");","lastModifiedDate":"2025-08-28T14:27:14","isFullCredit":false},{"lineNumber":46,"author":{"gitId":"muadzyamani"},"content":"            printBorder();","lastModifiedDate":"2025-08-28T14:27:14","isFullCredit":false},{"lineNumber":47,"author":{"gitId":"muadzyamani"},"content":"            return;","lastModifiedDate":"2025-08-28T14:27:14","isFullCredit":false},{"lineNumber":48,"author":{"gitId":"muadzyamani"},"content":"        }","lastModifiedDate":"2025-08-28T14:27:14","isFullCredit":false},{"lineNumber":49,"author":{"gitId":"muadzyamani"},"content":"","lastModifiedDate":"2025-08-28T14:27:14","isFullCredit":false},{"lineNumber":50,"author":{"gitId":"muadzyamani"},"content":"        tasks[taskCount] \u003d new Task(description);","lastModifiedDate":"2025-08-28T15:46:11","isFullCredit":false},{"lineNumber":51,"author":{"gitId":"muadzyamani"},"content":"        taskCount++;","lastModifiedDate":"2025-08-28T14:27:14","isFullCredit":false},{"lineNumber":52,"author":{"gitId":"muadzyamani"},"content":"","lastModifiedDate":"2025-08-28T15:46:11","isFullCredit":false},{"lineNumber":53,"author":{"gitId":"muadzyamani"},"content":"        printBorder();","lastModifiedDate":"2025-08-28T15:46:11","isFullCredit":false},{"lineNumber":54,"author":{"gitId":"muadzyamani"},"content":"        System.out.println(\"\\t added: \" + description);","lastModifiedDate":"2025-08-28T15:46:11","isFullCredit":false},{"lineNumber":55,"author":{"gitId":"muadzyamani"},"content":"        printBorder();","lastModifiedDate":"2025-08-28T14:42:35","isFullCredit":false},{"lineNumber":56,"author":{"gitId":"muadzyamani"},"content":"    }","lastModifiedDate":"2025-08-28T14:42:35","isFullCredit":false},{"lineNumber":57,"author":{"gitId":"muadzyamani"},"content":"","lastModifiedDate":"2025-08-28T14:42:35","isFullCredit":false},{"lineNumber":58,"author":{"gitId":"muadzyamani"},"content":"    public static void listTasks() {","lastModifiedDate":"2025-08-28T14:42:35","isFullCredit":false},{"lineNumber":59,"author":{"gitId":"muadzyamani"},"content":"        printBorder();","lastModifiedDate":"2025-08-28T14:42:35","isFullCredit":false},{"lineNumber":60,"author":{"gitId":"muadzyamani"},"content":"        for (int i \u003d 0; i \u003c taskCount; i++) {","lastModifiedDate":"2025-08-28T14:42:35","isFullCredit":false},{"lineNumber":61,"author":{"gitId":"muadzyamani"},"content":"            System.out.println(\"\\t \" + (i + 1) + \". \" + tasks[i]);","lastModifiedDate":"2025-08-28T14:42:35","isFullCredit":false},{"lineNumber":62,"author":{"gitId":"muadzyamani"},"content":"        }","lastModifiedDate":"2025-08-28T14:42:35","isFullCredit":false},{"lineNumber":63,"author":{"gitId":"muadzyamani"},"content":"        printBorder();","lastModifiedDate":"2025-08-28T14:27:14","isFullCredit":false},{"lineNumber":64,"author":{"gitId":"muadzyamani"},"content":"    }","lastModifiedDate":"2025-08-28T14:27:14","isFullCredit":false},{"lineNumber":65,"author":{"gitId":"muadzyamani"},"content":"","lastModifiedDate":"2025-08-28T14:27:14","isFullCredit":false},{"lineNumber":66,"author":{"gitId":"muadzyamani"},"content":"    public static void markTask(int taskNumber) {","lastModifiedDate":"2025-08-28T15:46:11","isFullCredit":false},{"lineNumber":67,"author":{"gitId":"muadzyamani"},"content":"        if (taskNumber \u003c\u003d 0 || taskNumber \u003e taskCount) {","lastModifiedDate":"2025-08-28T15:46:11","isFullCredit":false},{"lineNumber":68,"author":{"gitId":"muadzyamani"},"content":"            printBorder();","lastModifiedDate":"2025-08-28T15:46:11","isFullCredit":false},{"lineNumber":69,"author":{"gitId":"muadzyamani"},"content":"            System.out.println(\"\\t Invalid task number.\");","lastModifiedDate":"2025-08-28T15:46:11","isFullCredit":false},{"lineNumber":70,"author":{"gitId":"muadzyamani"},"content":"            printBorder();","lastModifiedDate":"2025-08-28T15:46:11","isFullCredit":false},{"lineNumber":71,"author":{"gitId":"muadzyamani"},"content":"            return;","lastModifiedDate":"2025-08-28T15:46:11","isFullCredit":false},{"lineNumber":72,"author":{"gitId":"muadzyamani"},"content":"        }","lastModifiedDate":"2025-08-28T15:46:11","isFullCredit":false},{"lineNumber":73,"author":{"gitId":"muadzyamani"},"content":"","lastModifiedDate":"2025-08-28T15:46:11","isFullCredit":false},{"lineNumber":74,"author":{"gitId":"muadzyamani"},"content":"        int taskIndex \u003d taskNumber - 1;","lastModifiedDate":"2025-08-28T15:46:11","isFullCredit":false},{"lineNumber":75,"author":{"gitId":"muadzyamani"},"content":"        tasks[taskIndex].markAsDone();","lastModifiedDate":"2025-08-28T15:46:11","isFullCredit":false},{"lineNumber":76,"author":{"gitId":"muadzyamani"},"content":"","lastModifiedDate":"2025-08-28T15:46:11","isFullCredit":false},{"lineNumber":77,"author":{"gitId":"muadzyamani"},"content":"        printBorder();","lastModifiedDate":"2025-08-28T15:46:11","isFullCredit":false},{"lineNumber":78,"author":{"gitId":"muadzyamani"},"content":"        System.out.println(\"\\t Nice! I\u0027ve marked this task as done:\");","lastModifiedDate":"2025-08-28T15:46:11","isFullCredit":false},{"lineNumber":79,"author":{"gitId":"muadzyamani"},"content":"        System.out.println(\"\\t   \" + tasks[taskIndex]);","lastModifiedDate":"2025-08-28T15:46:11","isFullCredit":false},{"lineNumber":80,"author":{"gitId":"muadzyamani"},"content":"        printBorder();","lastModifiedDate":"2025-08-28T15:46:11","isFullCredit":false},{"lineNumber":81,"author":{"gitId":"muadzyamani"},"content":"    }","lastModifiedDate":"2025-08-28T15:46:11","isFullCredit":false},{"lineNumber":82,"author":{"gitId":"muadzyamani"},"content":"","lastModifiedDate":"2025-08-28T15:46:11","isFullCredit":false},{"lineNumber":83,"author":{"gitId":"muadzyamani"},"content":"    public static void unmarkTask(int taskNumber) {","lastModifiedDate":"2025-08-28T15:46:11","isFullCredit":false},{"lineNumber":84,"author":{"gitId":"muadzyamani"},"content":"        if (taskNumber \u003c\u003d 0 || taskNumber \u003e taskCount) {","lastModifiedDate":"2025-08-28T15:46:11","isFullCredit":false},{"lineNumber":85,"author":{"gitId":"muadzyamani"},"content":"            printBorder();","lastModifiedDate":"2025-08-28T15:46:11","isFullCredit":false},{"lineNumber":86,"author":{"gitId":"muadzyamani"},"content":"            System.out.println(\"\\t Invalid task number.\");","lastModifiedDate":"2025-08-28T15:46:11","isFullCredit":false},{"lineNumber":87,"author":{"gitId":"muadzyamani"},"content":"            printBorder();","lastModifiedDate":"2025-08-28T15:46:11","isFullCredit":false},{"lineNumber":88,"author":{"gitId":"muadzyamani"},"content":"            return;","lastModifiedDate":"2025-08-28T15:46:11","isFullCredit":false},{"lineNumber":89,"author":{"gitId":"muadzyamani"},"content":"        }","lastModifiedDate":"2025-08-28T15:46:11","isFullCredit":false},{"lineNumber":90,"author":{"gitId":"muadzyamani"},"content":"","lastModifiedDate":"2025-08-28T15:46:11","isFullCredit":false},{"lineNumber":91,"author":{"gitId":"muadzyamani"},"content":"        int taskIndex \u003d taskNumber - 1;","lastModifiedDate":"2025-08-28T15:46:11","isFullCredit":false},{"lineNumber":92,"author":{"gitId":"muadzyamani"},"content":"        tasks[taskIndex].unmarkAsDone();","lastModifiedDate":"2025-08-28T15:46:11","isFullCredit":false},{"lineNumber":93,"author":{"gitId":"muadzyamani"},"content":"","lastModifiedDate":"2025-08-28T15:46:11","isFullCredit":false},{"lineNumber":94,"author":{"gitId":"muadzyamani"},"content":"        printBorder();","lastModifiedDate":"2025-08-28T15:46:11","isFullCredit":false},{"lineNumber":95,"author":{"gitId":"muadzyamani"},"content":"        System.out.println(\"\\t OK, I\u0027ve marked this task as not done yet:\");","lastModifiedDate":"2025-08-28T15:46:11","isFullCredit":false},{"lineNumber":96,"author":{"gitId":"muadzyamani"},"content":"        System.out.println(\"\\t   \" + tasks[taskIndex]);","lastModifiedDate":"2025-08-28T15:46:11","isFullCredit":false},{"lineNumber":97,"author":{"gitId":"muadzyamani"},"content":"        printBorder();","lastModifiedDate":"2025-08-28T15:46:11","isFullCredit":false},{"lineNumber":98,"author":{"gitId":"muadzyamani"},"content":"    }","lastModifiedDate":"2025-08-28T15:46:11","isFullCredit":false},{"lineNumber":99,"author":{"gitId":"muadzyamani"},"content":"","lastModifiedDate":"2025-08-28T15:46:11","isFullCredit":false},{"lineNumber":100,"author":{"gitId":"muadzyamani"},"content":"    public static void main(String[] args) {","lastModifiedDate":"2025-08-28T13:31:05","isFullCredit":false},{"lineNumber":101,"author":{"gitId":"muadzyamani"},"content":"        displayWelcome();","lastModifiedDate":"2025-08-28T13:31:05","isFullCredit":false},{"lineNumber":102,"author":{"gitId":"muadzyamani"},"content":"","lastModifiedDate":"2025-08-28T14:03:07","isFullCredit":false},{"lineNumber":103,"author":{"gitId":"muadzyamani"},"content":"        Scanner scanner \u003d new Scanner(System.in);","lastModifiedDate":"2025-08-28T15:04:25","isFullCredit":false},{"lineNumber":104,"author":{"gitId":"muadzyamani"},"content":"        String userInput;","lastModifiedDate":"2025-08-28T14:42:35","isFullCredit":false},{"lineNumber":105,"author":{"gitId":"muadzyamani"},"content":"","lastModifiedDate":"2025-08-28T15:04:25","isFullCredit":false},{"lineNumber":106,"author":{"gitId":"muadzyamani"},"content":"        while (true) {","lastModifiedDate":"2025-08-28T14:03:07","isFullCredit":false},{"lineNumber":107,"author":{"gitId":"muadzyamani"},"content":"            userInput \u003d scanner.nextLine().trim();","lastModifiedDate":"2025-08-28T14:42:35","isFullCredit":false},{"lineNumber":108,"author":{"gitId":"muadzyamani"},"content":"            String[] words \u003d userInput.split(\" \", 2);","lastModifiedDate":"2025-08-28T15:04:25","isFullCredit":false},{"lineNumber":109,"author":{"gitId":"muadzyamani"},"content":"            String command \u003d words[0].toLowerCase();","lastModifiedDate":"2025-08-28T15:04:25","isFullCredit":false},{"lineNumber":110,"author":{"gitId":"muadzyamani"},"content":"","lastModifiedDate":"2025-08-28T15:04:25","isFullCredit":false},{"lineNumber":111,"author":{"gitId":"muadzyamani"},"content":"            switch (command) {","lastModifiedDate":"2025-08-28T15:04:25","isFullCredit":false},{"lineNumber":112,"author":{"gitId":"muadzyamani"},"content":"            case \"bye\":","lastModifiedDate":"2025-08-28T15:04:25","isFullCredit":false},{"lineNumber":113,"author":{"gitId":"muadzyamani"},"content":"                displayGoodbye();","lastModifiedDate":"2025-08-28T13:31:05","isFullCredit":false},{"lineNumber":114,"author":{"gitId":"muadzyamani"},"content":"                scanner.close();","lastModifiedDate":"2025-08-28T15:04:25","isFullCredit":false},{"lineNumber":115,"author":{"gitId":"muadzyamani"},"content":"                return;","lastModifiedDate":"2025-08-28T15:04:25","isFullCredit":false},{"lineNumber":116,"author":{"gitId":"muadzyamani"},"content":"            case \"list\":","lastModifiedDate":"2025-08-28T15:04:25","isFullCredit":false},{"lineNumber":117,"author":{"gitId":"muadzyamani"},"content":"                listTasks();","lastModifiedDate":"2025-08-28T14:42:35","isFullCredit":false},{"lineNumber":118,"author":{"gitId":"muadzyamani"},"content":"                break;","lastModifiedDate":"2025-08-28T15:04:25","isFullCredit":false},{"lineNumber":119,"author":{"gitId":"muadzyamani"},"content":"            case \"mark\":","lastModifiedDate":"2025-08-28T15:46:11","isFullCredit":false},{"lineNumber":120,"author":{"gitId":"muadzyamani"},"content":"            case \"unmark\":","lastModifiedDate":"2025-08-28T15:46:11","isFullCredit":false},{"lineNumber":121,"author":{"gitId":"muadzyamani"},"content":"                try {","lastModifiedDate":"2025-08-28T15:46:11","isFullCredit":false},{"lineNumber":122,"author":{"gitId":"muadzyamani"},"content":"                    if (words.length \u003c 2) {","lastModifiedDate":"2025-08-28T15:46:11","isFullCredit":false},{"lineNumber":123,"author":{"gitId":"muadzyamani"},"content":"                        printBorder();","lastModifiedDate":"2025-08-28T15:46:11","isFullCredit":false},{"lineNumber":124,"author":{"gitId":"muadzyamani"},"content":"                        System.out.println(\"\\t Please specify which task to \" + command + \".\");","lastModifiedDate":"2025-08-28T15:46:11","isFullCredit":false},{"lineNumber":125,"author":{"gitId":"muadzyamani"},"content":"                        printBorder();","lastModifiedDate":"2025-08-28T15:46:11","isFullCredit":false},{"lineNumber":126,"author":{"gitId":"muadzyamani"},"content":"                        break;","lastModifiedDate":"2025-08-28T15:46:11","isFullCredit":false},{"lineNumber":127,"author":{"gitId":"muadzyamani"},"content":"                    }","lastModifiedDate":"2025-08-28T15:46:11","isFullCredit":false},{"lineNumber":128,"author":{"gitId":"muadzyamani"},"content":"","lastModifiedDate":"2025-08-28T15:46:11","isFullCredit":false},{"lineNumber":129,"author":{"gitId":"muadzyamani"},"content":"                    int taskNumber \u003d Integer.parseInt(words[1]);","lastModifiedDate":"2025-08-28T15:46:11","isFullCredit":false},{"lineNumber":130,"author":{"gitId":"muadzyamani"},"content":"                    if (command.equals(\"mark\")) {","lastModifiedDate":"2025-08-28T15:46:11","isFullCredit":false},{"lineNumber":131,"author":{"gitId":"muadzyamani"},"content":"                        markTask(taskNumber);","lastModifiedDate":"2025-08-28T15:46:11","isFullCredit":false},{"lineNumber":132,"author":{"gitId":"muadzyamani"},"content":"                    } else {","lastModifiedDate":"2025-08-28T15:46:11","isFullCredit":false},{"lineNumber":133,"author":{"gitId":"muadzyamani"},"content":"                        unmarkTask(taskNumber);","lastModifiedDate":"2025-08-28T15:46:11","isFullCredit":false},{"lineNumber":134,"author":{"gitId":"muadzyamani"},"content":"                    }","lastModifiedDate":"2025-08-28T15:46:11","isFullCredit":false},{"lineNumber":135,"author":{"gitId":"muadzyamani"},"content":"                } catch (NumberFormatException e) {","lastModifiedDate":"2025-08-28T15:46:11","isFullCredit":false},{"lineNumber":136,"author":{"gitId":"muadzyamani"},"content":"                    printBorder();","lastModifiedDate":"2025-08-28T15:46:11","isFullCredit":false},{"lineNumber":137,"author":{"gitId":"muadzyamani"},"content":"                    System.out.println(\"\\t Please enter a valid task number after \u0027mark\u0027 or \u0027unmark\u0027.\");","lastModifiedDate":"2025-08-28T15:46:11","isFullCredit":false},{"lineNumber":138,"author":{"gitId":"muadzyamani"},"content":"                    printBorder();","lastModifiedDate":"2025-08-28T15:46:11","isFullCredit":false},{"lineNumber":139,"author":{"gitId":"muadzyamani"},"content":"                }","lastModifiedDate":"2025-08-28T15:46:11","isFullCredit":false},{"lineNumber":140,"author":{"gitId":"muadzyamani"},"content":"                break;","lastModifiedDate":"2025-08-28T15:46:11","isFullCredit":false},{"lineNumber":141,"author":{"gitId":"muadzyamani"},"content":"","lastModifiedDate":"2025-08-28T15:46:11","isFullCredit":false},{"lineNumber":142,"author":{"gitId":"muadzyamani"},"content":"            default:","lastModifiedDate":"2025-08-28T15:04:25","isFullCredit":false},{"lineNumber":143,"author":{"gitId":"muadzyamani"},"content":"                addTask(userInput);","lastModifiedDate":"2025-08-28T14:42:35","isFullCredit":false},{"lineNumber":144,"author":{"gitId":"muadzyamani"},"content":"                break;","lastModifiedDate":"2025-08-28T15:04:25","isFullCredit":false},{"lineNumber":145,"author":{"gitId":"muadzyamani"},"content":"            }","lastModifiedDate":"2025-08-28T14:03:07","isFullCredit":false},{"lineNumber":146,"author":{"gitId":"muadzyamani"},"content":"        }","lastModifiedDate":"2025-08-28T14:03:07","isFullCredit":false},{"lineNumber":147,"author":{"gitId":"-"},"content":"    }","lastModifiedDate":"2019-07-29T17:14:46","isFullCredit":false},{"lineNumber":148,"author":{"gitId":"-"},"content":"}","lastModifiedDate":"2019-07-29T17:14:46","isFullCredit":false}],"authorContributionMap":{"muadzyamani":146,"-":2}},{"path":"src/main/java/Task.java","fileType":"java","lines":[{"lineNumber":1,"author":{"gitId":"muadzyamani"},"content":"public class Task {","lastModifiedDate":"2025-08-28T15:06:52","isFullCredit":false},{"lineNumber":2,"author":{"gitId":"muadzyamani"},"content":"    protected String description;","lastModifiedDate":"2025-08-28T15:14:46","isFullCredit":false},{"lineNumber":3,"author":{"gitId":"muadzyamani"},"content":"    protected boolean isDone;","lastModifiedDate":"2025-08-28T15:14:46","isFullCredit":false},{"lineNumber":4,"author":{"gitId":"muadzyamani"},"content":"","lastModifiedDate":"2025-08-28T15:14:46","isFullCredit":false},{"lineNumber":5,"author":{"gitId":"muadzyamani"},"content":"    public Task (String description) {","lastModifiedDate":"2025-08-28T15:14:46","isFullCredit":false},{"lineNumber":6,"author":{"gitId":"muadzyamani"},"content":"        this.description \u003d description;","lastModifiedDate":"2025-08-28T15:14:46","isFullCredit":false},{"lineNumber":7,"author":{"gitId":"muadzyamani"},"content":"        this.isDone \u003d false;","lastModifiedDate":"2025-08-28T15:14:46","isFullCredit":false},{"lineNumber":8,"author":{"gitId":"muadzyamani"},"content":"    }","lastModifiedDate":"2025-08-28T15:14:46","isFullCredit":false},{"lineNumber":9,"author":{"gitId":"muadzyamani"},"content":"","lastModifiedDate":"2025-08-28T15:14:46","isFullCredit":false},{"lineNumber":10,"author":{"gitId":"muadzyamani"},"content":"    public String getDescription() {","lastModifiedDate":"2025-08-28T15:14:46","isFullCredit":false},{"lineNumber":11,"author":{"gitId":"muadzyamani"},"content":"        return this.description;","lastModifiedDate":"2025-08-28T15:14:46","isFullCredit":false},{"lineNumber":12,"author":{"gitId":"muadzyamani"},"content":"    }","lastModifiedDate":"2025-08-28T15:14:46","isFullCredit":false},{"lineNumber":13,"author":{"gitId":"muadzyamani"},"content":"","lastModifiedDate":"2025-08-28T15:14:46","isFullCredit":false},{"lineNumber":14,"author":{"gitId":"muadzyamani"},"content":"    public String getStatusIcon() {","lastModifiedDate":"2025-08-28T15:14:46","isFullCredit":false},{"lineNumber":15,"author":{"gitId":"muadzyamani"},"content":"        return (isDone ? \"X\" : \" \"); // mark done task with X","lastModifiedDate":"2025-08-28T15:14:46","isFullCredit":false},{"lineNumber":16,"author":{"gitId":"muadzyamani"},"content":"    }","lastModifiedDate":"2025-08-28T15:14:46","isFullCredit":false},{"lineNumber":17,"author":{"gitId":"muadzyamani"},"content":"","lastModifiedDate":"2025-08-28T15:14:46","isFullCredit":false},{"lineNumber":18,"author":{"gitId":"muadzyamani"},"content":"    public void markAsDone() {","lastModifiedDate":"2025-08-28T15:14:46","isFullCredit":false},{"lineNumber":19,"author":{"gitId":"muadzyamani"},"content":"        this.isDone \u003d true;","lastModifiedDate":"2025-08-28T15:14:46","isFullCredit":false},{"lineNumber":20,"author":{"gitId":"muadzyamani"},"content":"    }","lastModifiedDate":"2025-08-28T15:14:46","isFullCredit":false},{"lineNumber":21,"author":{"gitId":"muadzyamani"},"content":"","lastModifiedDate":"2025-08-28T15:14:46","isFullCredit":false},{"lineNumber":22,"author":{"gitId":"muadzyamani"},"content":"    public void unmarkAsDone() {","lastModifiedDate":"2025-08-28T15:14:46","isFullCredit":false},{"lineNumber":23,"author":{"gitId":"muadzyamani"},"content":"        this.isDone \u003d false;","lastModifiedDate":"2025-08-28T15:14:46","isFullCredit":false},{"lineNumber":24,"author":{"gitId":"muadzyamani"},"content":"    }","lastModifiedDate":"2025-08-28T15:14:46","isFullCredit":false},{"lineNumber":25,"author":{"gitId":"muadzyamani"},"content":"","lastModifiedDate":"2025-08-28T15:14:46","isFullCredit":false},{"lineNumber":26,"author":{"gitId":"muadzyamani"},"content":"    @Override","lastModifiedDate":"2025-08-28T15:14:46","isFullCredit":false},{"lineNumber":27,"author":{"gitId":"muadzyamani"},"content":"    public String toString() {","lastModifiedDate":"2025-08-28T15:14:46","isFullCredit":false},{"lineNumber":28,"author":{"gitId":"muadzyamani"},"content":"        return \"[\" + this.getStatusIcon() + \"] \" + this.description;","lastModifiedDate":"2025-08-28T15:14:46","isFullCredit":false},{"lineNumber":29,"author":{"gitId":"muadzyamani"},"content":"    }","lastModifiedDate":"2025-08-28T15:14:46","isFullCredit":false},{"lineNumber":30,"author":{"gitId":"muadzyamani"},"content":"}","lastModifiedDate":"2025-08-28T15:06:52","isFullCredit":false}],"authorContributionMap":{"muadzyamani":30}},{"path":"text-ui-test/runtest.bat","fileType":"bat","lines":[{"lineNumber":1,"author":{"gitId":"-"},"content":"@ECHO OFF","lastModifiedDate":"2020-05-25T00:03:55","isFullCredit":false},{"lineNumber":2,"author":{"gitId":"-"},"content":"","lastModifiedDate":"2020-05-25T00:03:55","isFullCredit":false},{"lineNumber":3,"author":{"gitId":"-"},"content":"REM create bin directory if it doesn\u0027t exist","lastModifiedDate":"2020-05-25T00:03:55","isFullCredit":false},{"lineNumber":4,"author":{"gitId":"-"},"content":"if not exist ..\\bin mkdir ..\\bin","lastModifiedDate":"2020-05-25T00:03:55","isFullCredit":false},{"lineNumber":5,"author":{"gitId":"-"},"content":"","lastModifiedDate":"2020-05-25T00:03:55","isFullCredit":false},{"lineNumber":6,"author":{"gitId":"-"},"content":"REM delete output from previous run","lastModifiedDate":"2020-05-25T00:03:55","isFullCredit":false},{"lineNumber":7,"author":{"gitId":"-"},"content":"if exist ACTUAL.TXT del ACTUAL.TXT","lastModifiedDate":"2020-08-25T17:23:26","isFullCredit":false},{"lineNumber":8,"author":{"gitId":"-"},"content":"","lastModifiedDate":"2020-05-25T00:03:55","isFullCredit":false},{"lineNumber":9,"author":{"gitId":"-"},"content":"REM compile the code into the bin folder","lastModifiedDate":"2020-05-25T00:03:55","isFullCredit":false},{"lineNumber":10,"author":{"gitId":"-"},"content":"javac  -cp ..\\src\\main\\java -Xlint:none -d ..\\bin ..\\src\\main\\java\\*.java","lastModifiedDate":"2020-08-25T17:23:26","isFullCredit":false},{"lineNumber":11,"author":{"gitId":"-"},"content":"IF ERRORLEVEL 1 (","lastModifiedDate":"2020-05-25T00:03:55","isFullCredit":false},{"lineNumber":12,"author":{"gitId":"-"},"content":"    echo ********** BUILD FAILURE **********","lastModifiedDate":"2020-05-25T00:03:55","isFullCredit":false},{"lineNumber":13,"author":{"gitId":"-"},"content":"    exit /b 1","lastModifiedDate":"2020-05-25T00:03:55","isFullCredit":false},{"lineNumber":14,"author":{"gitId":"-"},"content":")","lastModifiedDate":"2020-05-25T00:03:55","isFullCredit":false},{"lineNumber":15,"author":{"gitId":"-"},"content":"REM no error here, errorlevel \u003d\u003d 0","lastModifiedDate":"2020-05-25T00:03:55","isFullCredit":false},{"lineNumber":16,"author":{"gitId":"-"},"content":"","lastModifiedDate":"2020-05-25T00:03:55","isFullCredit":false},{"lineNumber":17,"author":{"gitId":"-"},"content":"REM run the program, feed commands from input.txt file and redirect the output to the ACTUAL.TXT","lastModifiedDate":"2020-05-25T00:03:55","isFullCredit":false},{"lineNumber":18,"author":{"gitId":"muadzyamani"},"content":"java -classpath ..\\bin Anis \u003c input.txt \u003e ACTUAL.TXT","lastModifiedDate":"2025-08-19T22:03:46","isFullCredit":false},{"lineNumber":19,"author":{"gitId":"-"},"content":"","lastModifiedDate":"2020-05-25T00:03:55","isFullCredit":false},{"lineNumber":20,"author":{"gitId":"-"},"content":"REM compare the output to the expected output","lastModifiedDate":"2020-05-25T00:03:55","isFullCredit":false},{"lineNumber":21,"author":{"gitId":"-"},"content":"FC ACTUAL.TXT EXPECTED.TXT","lastModifiedDate":"2020-05-25T00:03:55","isFullCredit":false}],"authorContributionMap":{"muadzyamani":1,"-":20}}]
