{"authorDailyContributionsMap":{"muadzyamani":[{"date":"2025-08-19T00:00:00","commitResults":[{"hash":"b3d8137cb533e4e85fe890a8a7fee0f86e50e7e4","isMergeCommit":false,"messageTitle":"Rename file to new chatbot name Anis","messageBody":"","fileTypesAndContributionMap":{"java":{"insertions":1,"deletions":1},"bat":{"insertions":1,"deletions":1},"md":{"insertions":3,"deletions":3}}},{"hash":"b06bd067e404d447df72f2a0de1cde3ea9a20477","isMergeCommit":false,"messageTitle":"Change greeting messages to suit to chatbot","messageBody":"","tags":["Level-0"],"fileTypesAndContributionMap":{"java":{"insertions":21,"deletions":7}}}]},{"date":"2025-08-28T00:00:00","commitResults":[{"hash":"e435ecc80c942fe7aadcaeb425c63c6f1eed1d7d","isMergeCommit":false,"messageTitle":"Refactor Anis class to improve logo and border display methods","messageBody":"","fileTypesAndContributionMap":{"java":{"insertions":24,"deletions":8}}},{"hash":"f4fcf7c52debbfa96589d0cba010c3f09a818a4d","isMergeCommit":false,"messageTitle":"Enhance Anis class with improved user interaction and echoing","messageBody":"","tags":["Level-1"],"fileTypesAndContributionMap":{"java":{"insertions":34,"deletions":13}}},{"hash":"3a3848b9897512b352f6a231ccdf2b3f13ec8328","isMergeCommit":false,"messageTitle":"Include add task functionality method","messageBody":"","fileTypesAndContributionMap":{"java":{"insertions":26,"deletions":8}}},{"hash":"925c1ad12cb99035ceb2ea83ce68d352fb885ae4","isMergeCommit":false,"messageTitle":"Enhance task management by adding task listing functionality","messageBody":"","fileTypesAndContributionMap":{"java":{"insertions":18,"deletions":9}}},{"hash":"6ee3b5a1a1da6bd4d730134c501f269b4a8a08f8","isMergeCommit":false,"messageTitle":"Remove unused echoCommand method from Anis class","messageBody":"","tags":["Level-2"],"fileTypesAndContributionMap":{"java":{"insertions":0,"deletions":6}}},{"hash":"7983980c1057ece738b1278bf22342943d1b19a0","isMergeCommit":false,"messageTitle":"Refactor main method to use switch case","messageBody":"","fileTypesAndContributionMap":{"java":{"insertions":13,"deletions":7}}},{"hash":"3723a1e02c47dda606eb25fe6c49babd8d8f9740","isMergeCommit":false,"messageTitle":"Create Task class","messageBody":"","fileTypesAndContributionMap":{"java":{"insertions":2,"deletions":0}}},{"hash":"bf0dd08da6df4a374f7da4bbb09f3e9683425ca0","isMergeCommit":false,"messageTitle":"Add Task properties and methods for task management","messageBody":"","fileTypesAndContributionMap":{"java":{"insertions":28,"deletions":0}}},{"hash":"6f9e316040400d73cf351223e47af23b2a2acd7a","isMergeCommit":false,"messageTitle":"Add task marking and unmarking functionality","messageBody":"","tags":["Level-3"],"fileTypesAndContributionMap":{"java":{"insertions":63,"deletions":4}}}]},{"date":"2025-09-01T00:00:00","commitResults":[{"hash":"7fbabc77f946486975f11364998ef3fdf5953d3a","isMergeCommit":false,"messageTitle":"Define constant for maximum tasks","messageBody":"","tags":["A-CodingStandard"],"fileTypesAndContributionMap":{"java":{"insertions":2,"deletions":1}}}]},{"date":"2025-09-04T00:00:00","commitResults":[{"hash":"1edd9ff426767e9935e495f4a1096a5bf73f0a1b","isMergeCommit":false,"messageTitle":"Refactor task storage to use ArrayList for dynamic task management","messageBody":"","fileTypesAndContributionMap":{"java":{"insertions":15,"deletions":21}}},{"hash":"02ddfbc0cb905ace96ff3061cfa33f1440fe5328","isMergeCommit":false,"messageTitle":"Refactor command processing to improve task marking functionality","messageBody":"","fileTypesAndContributionMap":{"java":{"insertions":56,"deletions":43}}},{"hash":"ac4735e799da383ef79bf2825fd7ef028d7571f7","isMergeCommit":false,"messageTitle":"Add task number validation for marking and unmarking tasks","messageBody":"","fileTypesAndContributionMap":{"java":{"insertions":9,"deletions":5}}},{"hash":"b50d02224547b9c6b9c393167eb39505af864898","isMergeCommit":false,"messageTitle":"Add Deadline, Event, and Todo task classes for task management","messageBody":"","fileTypesAndContributionMap":{"java":{"insertions":48,"deletions":0}}},{"hash":"70af946442263c00e8062f90e1b7ec9c63def8ec","isMergeCommit":false,"messageTitle":"Refactor Task class to be abstract","messageBody":"","fileTypesAndContributionMap":{"java":{"insertions":4,"deletions":2}}},{"hash":"58f2f13ae441a712a03a21fb8034d4bdeead37db","isMergeCommit":false,"messageTitle":"Implement task addition handling and improve task listing feedback","messageBody":"","fileTypesAndContributionMap":{"java":{"insertions":67,"deletions":4}}},{"hash":"a05bd534daaa88c9c52b081f8ab3eb3f725fe971","isMergeCommit":false,"messageTitle":"Refactor task addition methods to improve code organization and clarity","messageBody":"","fileTypesAndContributionMap":{"java":{"insertions":39,"deletions":35}}},{"hash":"74d548155c2e5bcf0fed33effb349ac025fb708e","isMergeCommit":false,"messageTitle":"Add Ui class for user interface handling and task display","messageBody":"","tags":["Level-4"],"fileTypesAndContributionMap":{"java":{"insertions":99,"deletions":0}}},{"hash":"5eb09df4f4acd7fb7cb17b1e5fffbfd9e775227b","isMergeCommit":false,"messageTitle":"Add TaskManager class for task management functionality","messageBody":"","fileTypesAndContributionMap":{"java":{"insertions":26,"deletions":0}}},{"hash":"27763b25c4686a31f13f4c69c5455423166ba29f","isMergeCommit":false,"messageTitle":"Add CommandHandler class for processing user commands","messageBody":"","fileTypesAndContributionMap":{"java":{"insertions":101,"deletions":0}}},{"hash":"0f43e6fdcd1bdf5239118169d1968f04a1fd907b","isMergeCommit":false,"messageTitle":"Refactor Anis class to integrate TaskManager, Ui, and CommandHandler for improved command processing","messageBody":"","tags":["A-CodeQuality"],"fileTypesAndContributionMap":{"java":{"insertions":12,"deletions":212}}}]},{"date":"2025-09-05T00:00:00","commitResults":[{"hash":"cc8c298f666c78a51999b6e9274b4692d1bc4a1f","isMergeCommit":false,"messageTitle":"Update automated text UI testing in input.txt and EXPECTED.TXT","messageBody":"","tags":["A-TextUiTesting"],"fileTypesAndContributionMap":{"txt":{"insertions":7,"deletions":0}}}]},{"date":"2025-09-07T00:00:00","commitResults":[{"hash":"26d10b0f517547794d36365cea747101aa891ca1","isMergeCommit":false,"messageTitle":"Refactor task icon retrieval to use TaskType enum for consistency","messageBody":"","fileTypesAndContributionMap":{"java":{"insertions":17,"deletions":3}}},{"hash":"017848f212eeccfe79bac5913153667a580ad95f","isMergeCommit":false,"messageTitle":"Refactor CommandHandler to improve error handling","messageBody":"","fileTypesAndContributionMap":{"java":{"insertions":39,"deletions":40}}},{"hash":"1ade3018ca082b9bd14b76a0b85bace42943f5b4","isMergeCommit":false,"messageTitle":"Add custom exception classes for improved error handling","messageBody":"","tags":["A-Exceptions"],"fileTypesAndContributionMap":{"java":{"insertions":30,"deletions":0}}},{"hash":"e69fb3f351e1d252e5c074dd5759b55a1ed8abbb","isMergeCommit":true,"messageTitle":"Merge Level-5","messageBody":"","tags":["Level-5"],"fileTypesAndContributionMap":{}}]},{"date":"2025-09-08T00:00:00","commitResults":[{"hash":"3c3e693c036c463d2d9ebc8c9777da2d479bf02f","isMergeCommit":false,"messageTitle":"Refactor package structure for better organization","messageBody":"","fileTypesAndContributionMap":{"java":{"insertions":49,"deletions":0}}},{"hash":"5c2b359770492f448ba595d0c833c4c1890f2ec0","isMergeCommit":false,"messageTitle":"Update runtest.bat to compile specific package files for improved build accuracy","messageBody":"","fileTypesAndContributionMap":{"bat":{"insertions":1,"deletions":1}}},{"hash":"d081e99c48cd026f18682b4917ff84326249adda","isMergeCommit":true,"messageTitle":"Merge A-Packages increment","messageBody":"","tags":["A-Packages"],"fileTypesAndContributionMap":{}},{"hash":"2df4956707efe167b7e9050b5672422cb79cafad","isMergeCommit":false,"messageTitle":"Remove unused Ui class methods after implementing exceptions","messageBody":"","fileTypesAndContributionMap":{"java":{"insertions":0,"deletions":24}}}]}]},"authorFileTypeContributionMap":{"muadzyamani":{"java":398,"md":3,"fxml":0,"sh":0,"bat":2,"gradle":0,"txt":7}},"authorContributionVariance":{"muadzyamani":21120.842},"authorDisplayNameMap":{"muadzyamani":"CS2113-T11-2 MUAD..TAFA"}}
