{"authorDailyContributionsMap":{"mukhtarcal":[{"date":"2025-08-25T00:00:00","commitResults":[{"hash":"6d8ed827906bbc238ab3cd8329d20acccd634b77","isMergeCommit":false,"messageTitle":"Add welcome message and Remove placeholder","messageBody":"","tags":["Level-0"],"fileTypesAndContributionMap":{"java":{"insertions":12,"deletions":10},"bat":{"insertions":1,"deletions":1},"md":{"insertions":3,"deletions":3}}}]},{"date":"2025-09-02T00:00:00","commitResults":[{"hash":"9d836b7e628e8ee6fff52552abc99c7b8f739499","isMergeCommit":false,"messageTitle":"Add user input and echo it","messageBody":"","tags":["Level-1"],"fileTypesAndContributionMap":{"java":{"insertions":14,"deletions":8}}},{"hash":"69a38ee704270433f3158f9b2b70c72de6677dd0","isMergeCommit":false,"messageTitle":"Add list","messageBody":"","tags":["Level-2"],"fileTypesAndContributionMap":{"java":{"insertions":23,"deletions":3}}},{"hash":"8ff2e8a93b89b48c51eb518f932fca38fd4cae2f","isMergeCommit":false,"messageTitle":"Add mark and unmark functionality","messageBody":"","tags":["Level-3","A-Classes"],"fileTypesAndContributionMap":{"java":{"insertions":75,"deletions":8}}},{"hash":"d3519f0c780ea129189c04ab74dddb3c8bf8bd45","isMergeCommit":false,"messageTitle":"Correct coding standard","messageBody":"","tags":["A-CodingStandard"],"fileTypesAndContributionMap":{"java":{"insertions":10,"deletions":9}}}]},{"date":"2025-09-04T00:00:00","commitResults":[{"hash":"6cccaf0f5aa6042203f3e553e30550f82162e2c6","isMergeCommit":false,"messageTitle":"Add todos, deadlines, and events","messageBody":"","tags":["Level-4"],"fileTypesAndContributionMap":{"java":{"insertions":179,"deletions":83}}}]},{"date":"2025-09-05T00:00:00","commitResults":[{"hash":"ae32edc9f3dcc29de04db17c9d61084b5a2b8275","isMergeCommit":false,"messageTitle":"Add tests and Fix code quality","messageBody":"","tags":["A-TextUiTesting","A-CodeQuality"],"fileTypesAndContributionMap":{"txt":{"insertions":9,"deletions":0},"java":{"insertions":6,"deletions":8},"sh":{"insertions":1,"deletions":1}}}]},{"date":"2025-09-10T00:00:00","commitResults":[{"hash":"00eaf1b8a7e105b44cbde519100dadf045fe8be6","isMergeCommit":false,"messageTitle":"Add error handling for all cases","messageBody":"","fileTypesAndContributionMap":{"java":{"insertions":124,"deletions":22}}},{"hash":"23d26a949d444cfb9e90b367e0b0277bbcfd69ac","isMergeCommit":true,"messageTitle":"Merge branch-Level-5","messageBody":"","tags":["Level-5"],"fileTypesAndContributionMap":{}},{"hash":"df28270b236b8517b4c74b2250856cd717671119","isMergeCommit":false,"messageTitle":"Divide into packages","messageBody":"","fileTypesAndContributionMap":{"java":{"insertions":13,"deletions":0},"bat":{"insertions":1,"deletions":1},"sh":{"insertions":1,"deletions":1},"md":{"insertions":3,"deletions":3}}},{"hash":"6a8cfcb36b5e744a44d38bb474188a64a1bbd472","isMergeCommit":true,"messageTitle":"Merge branch-A-Packages","messageBody":"","tags":["A-Packages"],"fileTypesAndContributionMap":{}}]},{"date":"2025-09-12T00:00:00","commitResults":[{"hash":"c80badf1c8bd72ad85a1f871b8adec931020ff62","isMergeCommit":false,"messageTitle":"Add delete functionality","messageBody":"","tags":["Level-6"],"fileTypesAndContributionMap":{"java":{"insertions":52,"deletions":18}}},{"hash":"420f1608e1323995efb8145719693a076d35806a","isMergeCommit":false,"messageTitle":"Save list to .txt file","messageBody":"","tags":["Level-7"],"fileTypesAndContributionMap":{"txt":{"insertions":1,"deletions":0},"java":{"insertions":43,"deletions":1}}},{"hash":"1eeda86f09e7e30f79ac9756a9bc9371038faac7","isMergeCommit":true,"messageTitle":"Merge branch-Level-6","messageBody":"","fileTypesAndContributionMap":{}},{"hash":"140f52cd8b8470d54ab26b45419eb63cc686246c","isMergeCommit":true,"messageTitle":"Resolve merge conflicts","messageBody":"","fileTypesAndContributionMap":{}},{"hash":"d576b9a42ed18e5343386df0280e5846a0d7716f","isMergeCommit":false,"messageTitle":"Package the App as a JAR file","messageBody":"","tags":["A-Jar"],"fileTypesAndContributionMap":{"txt":{"insertions":0,"deletions":0},"java":{"insertions":39,"deletions":3}}}]},{"date":"2025-10-01T00:00:00","commitResults":[{"hash":"56904e6a3e1c37dab1eb6aa654ae8f2817720f84","isMergeCommit":false,"messageTitle":"Add load in","messageBody":"","fileTypesAndContributionMap":{"txt":{"insertions":4,"deletions":0},"java":{"insertions":49,"deletions":0}}}]},{"date":"2025-10-02T00:00:00","commitResults":[{"hash":"11b6df60d460e44a3c9ad3b763e40fd13fa290e7","isMergeCommit":false,"messageTitle":"Add more OOP","messageBody":"","fileTypesAndContributionMap":{"txt":{"insertions":1,"deletions":2},"java":{"insertions":644,"deletions":394},"bat":{"insertions":1,"deletions":1},"md":{"insertions":3,"deletions":3}}},{"hash":"d0ba31f43b37971be0df2313be12bdf64bb5231c","isMergeCommit":false,"messageTitle":"Debug code","messageBody":"","tags":["A-MoreOOP"],"fileTypesAndContributionMap":{"txt":{"insertions":0,"deletions":2},"java":{"insertions":22,"deletions":30}}}]}]},"authorFileTypeContributionMap":{"mukhtarcal":{"java":722,"md":3,"fxml":0,"sh":2,"bat":1,"gradle":0,"txt":10}},"authorContributionVariance":{"mukhtarcal":23169.012},"authorDisplayNameMap":{"mukhtarcal":"CS2113-T11-1 MUKH.. ISA"}}
