{"authorDailyContributionsMap":{"jyx0615":[{"date":"2025-08-19T00:00:00","commitResults":[{"hash":"5f90d69829d27002a9a634a62f182eca909adca1","isMergeCommit":false,"messageTitle":"Imlement simple greeting and exit","messageBody":"","tags":["Level-0"],"fileTypesAndContributionMap":{"java":{"insertions":13,"deletions":10},"bat":{"insertions":1,"deletions":1},"sh":{"insertions":1,"deletions":1},"md":{"insertions":4,"deletions":4}}},{"hash":"60ce0d52e4bf65e9af316c234394f80fc34e46fd","isMergeCommit":false,"messageTitle":"Implement echo and exit methods","messageBody":"","tags":["Level-1"],"fileTypesAndContributionMap":{"java":{"insertions":26,"deletions":0}}},{"hash":"607bf14964b294cba24f683d70fc626fba835d65","isMergeCommit":false,"messageTitle":"Implement add and list methods","messageBody":"","tags":["Level-2"],"fileTypesAndContributionMap":{"java":{"insertions":26,"deletions":2}}},{"hash":"8623a2d2d21d885c79f8a47c5255038f33424075","isMergeCommit":false,"messageTitle":"Implement mark and unmark methods and wrap task into a class","messageBody":"","tags":["Level-3","A-Classes"],"fileTypesAndContributionMap":{"java":{"insertions":96,"deletions":16}}}]},{"date":"2025-08-22T00:00:00","commitResults":[{"hash":"fc0b028d9c34a5a1623eb5cf8ef2d767ab77cde5","isMergeCommit":false,"messageTitle":"Refactor task management: integrate TaskManager for task operations and encapsulate task properties","messageBody":"","tags":["A-CodingStandard"],"fileTypesAndContributionMap":{"java":{"insertions":73,"deletions":80}}}]},{"date":"2025-08-29T00:00:00","commitResults":[{"hash":"65ced1c548752c2ddf4d02c06d8ed099507176a4","isMergeCommit":false,"messageTitle":"Enhance task management: implement methods for adding todo, event, and deadline tasks with improved task representation","messageBody":"","tags":["Level-4"],"fileTypesAndContributionMap":{"java":{"insertions":101,"deletions":13}}},{"hash":"f097859a1e4ab3361715d738c30671a45c61812b","isMergeCommit":false,"messageTitle":"Refactor task representation: simplify Task class and introduce Todo, Deadline, and Event subclasses for better task management","messageBody":"","tags":["A-Inheritance"],"fileTypesAndContributionMap":{"java":{"insertions":54,"deletions":60}}},{"hash":"1963544c88726e49ccdaae42ee70cdda5cf0bbc9","isMergeCommit":false,"messageTitle":"Enhance user interaction: update greeting message and switch to Scanner for input handling","messageBody":"","fileTypesAndContributionMap":{"java":{"insertions":10,"deletions":1}}},{"hash":"afab76fb07489a9c7e0496ac25a4c6a4a6a6b063","isMergeCommit":false,"messageTitle":"Update test files: enhance expected output and input commands for task management functionality","messageBody":"","tags":["A-TextUiTesting"],"fileTypesAndContributionMap":{"txt":{"insertions":15,"deletions":0},"sh":{"insertions":0,"deletions":0}}}]},{"date":"2025-08-30T00:00:00","commitResults":[{"hash":"2ffd2f49faef8c262ef94adbd2d36b91a92ce7c4","isMergeCommit":false,"messageTitle":"Refactor command handling: implement Parser class for improved command parsing and validation","messageBody":"","tags":["A-CodeQuality"],"fileTypesAndContributionMap":{"java":{"insertions":114,"deletions":82}}}]},{"date":"2025-09-03T00:00:00","commitResults":[{"hash":"491aef57002fbe4a9aaf4560afe6b9ed4d715028","isMergeCommit":false,"messageTitle":"Refactor chatbot name handling and improve task addition messages in TaskManager","messageBody":"","fileTypesAndContributionMap":{"java":{"insertions":25,"deletions":25}}}]},{"date":"2025-09-05T00:00:00","commitResults":[{"hash":"1e12c4f5969c87dbcd43ee01e548d254946a1871","isMergeCommit":false,"messageTitle":"Implement JacksonException for error handling and enhance command parsing with detailed exceptions","messageBody":"","fileTypesAndContributionMap":{"java":{"insertions":68,"deletions":30}}},{"hash":"e0f981bac9d613b650e8dc2465617fde69cff12c","isMergeCommit":false,"messageTitle":"Add task limit validation in TaskManager and update test data","messageBody":"","fileTypesAndContributionMap":{"txt":{"insertions":8,"deletions":0},"java":{"insertions":18,"deletions":5}}},{"hash":"d009b57d927f4c6d35d48eec5ebba223c579d4d6","isMergeCommit":false,"messageTitle":"divide classes into jackson.task and jackson.command packages","messageBody":"","fileTypesAndContributionMap":{"java":{"insertions":20,"deletions":0}}},{"hash":"0d0077b7c8bb4ae9800b979c4427384c30a22d9b","isMergeCommit":true,"messageTitle":"Merge branch \u0027branch-Level-5\u0027","messageBody":"","tags":["Level-5","A-Exceptions"],"fileTypesAndContributionMap":{}}]},{"date":"2025-09-10T00:00:00","commitResults":[{"hash":"fbabddc043622bf14cdc3b555c3cdb72529d0519","isMergeCommit":false,"messageTitle":"Fix event task parameters order and update test outputs for consistency. Update the runtest script to run package","messageBody":"","fileTypesAndContributionMap":{"java":{"insertions":1,"deletions":1},"bat":{"insertions":2,"deletions":2},"sh":{"insertions":2,"deletions":2}}},{"hash":"ad162aa20702024785ce1eaef26d01571bdc6eea","isMergeCommit":true,"messageTitle":"Merge branch \u0027branch-Level-7\u0027","messageBody":"","tags":["A-Packages"],"fileTypesAndContributionMap":{}}]}]},"authorFileTypeContributionMap":{"jyx0615":{"java":330,"md":4,"fxml":0,"sh":2,"bat":2,"gradle":0,"txt":23}},"authorContributionVariance":{"jyx0615":4745.9277},"authorDisplayNameMap":{"jyx0615":"CS2113-W10-1 JIAN..XUAN"}}
